{
  "N": 112800,
  "usage": [
    0.2327156960964203,
    0.40500548481941223,
    0.36227884888648987
  ],
  "entropy_mean": 0.7514649033546448,
  "entropy_std": 0.2252577394247055,
  "top1_share": [
    0.17479610443115234,
    0.46072694659233093,
    0.3644769489765167
  ],
  "P_expert_given_class": [
    [
      0.10068267583847046,
      0.7226028442382812,
      0.17671482264995575
    ],
    [
      0.11703678220510483,
      0.26410236954689026,
      0.6188605427742004
    ],
    [
      0.1610064059495926,
      0.6447790265083313,
      0.19421489536762238
    ],
    [
      0.1899362951517105,
      0.5892146229743958,
      0.2208496630191803
    ],
    [
      0.09762952476739883,
      0.13391192257404327,
      0.7684584259986877
    ],
    [
      0.2723231017589569,
      0.5680422782897949,
      0.15963464975357056
    ],
    [
      0.08521593362092972,
      0.7601146697998047,
      0.15466949343681335
    ],
    [
      0.6561296582221985,
      0.07975796610116959,
      0.26411253213882446
    ],
    [
      0.14351493120193481,
      0.5441610217094421,
      0.312324196100235
    ],
    [
      0.2688608467578888,
      0.06666219979524612,
      0.6644769310951233
    ],
    [
      0.1558576375246048,
      0.1990133821964264,
      0.6451293230056763
    ],
    [
      0.34719961881637573,
      0.4918301999568939,
      0.16097025573253632
    ],
    [
      0.15332894027233124,
      0.7307977080345154,
      0.11587268859148026
    ],
    [
      0.14486974477767944,
      0.7148269414901733,
      0.14030325412750244
    ],
    [
      0.1917017102241516,
      0.6720030307769775,
      0.136294886469841
    ],
    [
      0.31812387704849243,
      0.17775748670101166,
      0.5041196346282959
    ],
    [
      0.2137492150068283,
      0.6089866757392883,
      0.1772642582654953
    ],
    [
      0.08292146772146225,
      0.1949261724948883,
      0.7221530079841614
    ],
    [
      0.16396304965019226,
      0.2963176369667053,
      0.5397188663482666
    ],
    [
      0.2868395745754242,
      0.6201003789901733,
      0.09305942058563232
    ],
    [
      0.07278115302324295,
      0.47456806898117065,
      0.4526504576206207
    ],
    [
      0.11780335754156113,
      0.41008999943733215,
      0.4721068739891052
    ],
    [
      0.7415527701377869,
      0.02397880144417286,
      0.23446904122829437
    ],
    [
      0.27354344725608826,
      0.2613474130630493,
      0.4651089012622833
    ],
    [
      0.13355085253715515,
      0.6179766654968262,
      0.24847297370433807
    ],
    [
      0.27761098742485046,
      0.08184158056974411,
      0.6405489444732666
    ],
    [
      0.27027812600135803,
      0.4467830955982208,
      0.2829386591911316
    ],
    [
      0.1579737663269043,
      0.4152737557888031,
      0.4267517626285553
    ],
    [
      0.21241407096385956,
      0.6224409341812134,
      0.16514427959918976
    ],
    [
      0.835053026676178,
      0.03079109452664852,
      0.1341569572687149
    ],
    [
      0.11774104833602905,
      0.5998449325561523,
      0.28241458535194397
    ],
    [
      0.1339709758758545,
      0.4377378821372986,
      0.42829060554504395
    ],
    [
      0.42326289415359497,
      0.22043263912200928,
      0.35630524158477783
    ],
    [
      0.1129649206995964,
      0.3721640408039093,
      0.5148710012435913
    ],
    [
      0.22478194534778595,
      0.12726134061813354,
      0.6479570269584656
    ],
    [
      0.2524045705795288,
      0.6303722858428955,
      0.11722276359796524
    ],
    [
      0.24233856797218323,
      0.42921194434165955,
      0.32845014333724976
    ],
    [
      0.06110278517007828,
      0.7901414632797241,
      0.14875508844852448
    ],
    [
      0.10253337770700455,
      0.6868943572044373,
      0.21057219803333282
    ],
    [
      0.17683090269565582,
      0.586453378200531,
      0.23671592772006989
    ],
    [
      0.21566332876682281,
      0.2326432764530182,
      0.5516931414604187
    ],
    [
      0.2024766206741333,
      0.3751894235610962,
      0.4223337471485138
    ],
    [
      0.08312072604894638,
      0.41469937562942505,
      0.502179741859436
    ],
    [
      0.3624328076839447,
      0.13478876650333405,
      0.5027788877487183
    ],
    [
      0.19571255147457123,
      0.2593638002872467,
      0.5449230074882507
    ],
    [
      0.579583466053009,
      0.050685349851846695,
      0.3697310984134674
    ],
    [
      0.20726509392261505,
      0.22237277030944824,
      0.570362389087677
    ]
  ],