{
  "N": 112800,
  "usage": [
    0.18261060118675232,
    0.51060950756073,
    0.3067799210548401
  ],
  "entropy_mean": 0.665868878364563,
  "entropy_std": 0.2962722182273865,
  "top1_share": [
    0.14805850386619568,
    0.5473936200141907,
    0.30454787611961365
  ],
  "P_expert_given_class": [
    [
      0.08442768454551697,
      0.7461569309234619,
      0.169415682554245
    ],
    [
      0.12424474209547043,
      0.303272008895874,
      0.5724831819534302
    ],
    [
      0.03776153549551964,
      0.8927387595176697,
      0.06949931383132935
    ],
    [
      0.08772583305835724,
      0.8228721618652344,
      0.08940177410840988
    ],
    [
      0.11875487118959427,
      0.217009499669075,
      0.6642366051673889
    ],
    [
      0.1475352644920349,
      0.7241438031196594,
      0.12832018733024597
    ],
    [
      0.037947192788124084,
      0.854857861995697,
      0.10719459503889084
    ],
    [
      0.6161407828330994,
      0.12534868717193604,
      0.2585105001926422
    ],
    [
      0.10442883521318436,
      0.7052424550056458,
      0.1903291642665863
    ],
    [
      0.36202624440193176,
      0.11335145682096481,
      0.5246222615242004
    ],
    [
      0.1178697943687439,
      0.404549241065979,
      0.4775810241699219
    ],
    [
      0.32370588183403015,
      0.5549480319023132,
      0.12134675681591034
    ],
    [
      0.10275331139564514,
      0.7819796800613403,
      0.11526703834533691
    ],
    [
      0.0676545724272728,
      0.8226664066314697,
      0.10967773199081421
    ],
    [
      0.12204956263303757,
      0.7510877251625061,
      0.1268625259399414
    ],
    [
      0.2777022123336792,
      0.2341698706150055,
      0.4881279468536377
    ],
    [
      0.1475818157196045,
      0.7100686430931091,
      0.14234933257102966
    ],
    [
      0.06507305800914764,
      0.41899240016937256,
      0.5159344673156738
    ],
    [
      0.1260935664176941,
      0.35571298003196716,
      0.518193781375885
    ],
    [
      0.11997688561677933,
      0.8017504215240479,
      0.07827267795801163
    ],
    [
      0.03077523224055767,
      0.6274827122688293,
      0.3417418599128723
    ],
    [
      0.10218402743339539,
      0.46227777004241943,
      0.4355373680591583
    ],
    [
      0.6658070087432861,
      0.07162240147590637,
      0.2625696063041687
    ],
    [
      0.1557117998600006,
      0.43855759501457214,
      0.4057307243347168
    ],
    [
      0.1122489646077156,
      0.6490393877029419,
      0.23871274292469025
    ],
    [
      0.3176288604736328,
      0.15682411193847656,
      0.5255467295646667
    ],
    [
      0.2541143596172333,
      0.49578922986984253,
      0.25009623169898987
    ],
    [
      0.11053751409053802,
      0.5378949642181396,
      0.3515675663948059
    ],
    [
      0.07385086268186569,
      0.8265998959541321,
      0.09954901039600372
    ],
    [
      0.803850531578064,
      0.048359017819166183,
      0.1477898210287094
    ],
    [
      0.06324144452810287,
      0.6787673830986023,
      0.25799062848091125
    ],
    [
      0.0785113126039505,
      0.5152504444122314,
      0.4062391519546509
    ],
    [
      0.3090493679046631,
      0.3343105614185333,
      0.35664084553718567
    ],
    [
      0.03142428770661354,
      0.6314952373504639,
      0.3370801508426666
    ],
    [
      0.1418468952178955,
      0.21144549548625946,
      0.6467075347900391
    ],
    [
      0.09572993963956833,
      0.7958122491836548,
      0.10845771431922913
    ],
    [
      0.18118096888065338,
      0.5325201153755188,
      0.2862987220287323
    ],
    [
      0.02505144663155079,
      0.8552735447883606,
      0.11967473477125168
    ],
    [
      0.027886196970939636,
      0.8486278057098389,
      0.1234872043132782
    ],
    [
      0.1845119446516037,
      0.5432755947113037,
      0.27221253514289856
    ],
    [
      0.18692810833454132,
      0.2990969717502594,
      0.513974666595459
    ],
    [
      0.2027377337217331,
      0.4890269339084625,
      0.3082351088523865
    ],
    [
      0.03514084964990616,
      0.6300135850906372,
      0.33484551310539246
    ],
    [
      0.2592689096927643,
      0.27316930890083313,
      0.46756163239479065
    ],
    [
      0.2437119334936142,
      0.3442046344280243,
      0.41208305954933167
    ],
    [
      0.5029147863388062,
      0.08146590739488602,
      0.4156189560890198
    ],
    [
      0.19539792835712433,
      0.2795233130455017,
      0.5250791311264038
    ]
  ],