{
  "N": 112800,
  "usage": [
    0.18713706731796265,
    0.503781795501709,
    0.30908116698265076
  ],
  "entropy_mean": 0.6698052883148193,
  "entropy_std": 0.29187920689582825,
  "top1_share": [
    0.1535283625125885,
    0.5420567393302917,
    0.30441489815711975
  ],
  "P_expert_given_class": [
    [
      0.08878759294748306,
      0.7265245914459229,
      0.18468792736530304
    ],
    [
      0.1072104275226593,
      0.3035981357097626,
      0.5891915559768677
    ],
    [
      0.0400615818798542,
      0.8855549097061157,
      0.07438333332538605
    ],
    [
      0.0879962295293808,
      0.8210591077804565,
      0.09094595909118652
    ],
    [
      0.13348129391670227,
      0.20521928369998932,
      0.6613001823425293
    ],
    [
      0.14937084913253784,
      0.7192465662956238,
      0.13138212263584137
    ],
    [
      0.038873836398124695,
      0.8517714142799377,
      0.10935430973768234
    ],
    [
      0.6287636160850525,
      0.12157589942216873,
      0.2496606409549713
    ],
    [
      0.10159256309270859,
      0.706477701663971,
      0.19192974269390106
    ],
    [
      0.3792482018470764,
      0.10699594020843506,
      0.5137550234794617
    ],
    [
      0.12146878242492676,
      0.3860674202442169,
      0.4924635887145996
    ],
    [
      0.32462671399116516,
      0.5566030740737915,
      0.11876992881298065
    ],
    [
      0.10766691714525223,
      0.7708162069320679,
      0.12151685357093811
    ],
    [
      0.069073885679245,
      0.8152401447296143,
      0.11568519473075867
    ],
    [
      0.12302974611520767,
      0.7487888336181641,
      0.12818211317062378
    ],
    [
      0.2834010720252991,
      0.2371031641960144,
      0.47949644923210144
    ],
    [
      0.1486891359090805,
      0.7078577876091003,
      0.1434529572725296
    ],
    [
      0.06894677877426147,
      0.3979542553424835,
      0.533098578453064
    ],
    [
      0.11245013028383255,
      0.35513100028038025,
      0.532419741153717
    ],
    [
      0.12145254760980606,
      0.7964111566543579,
      0.08213689178228378
    ],
    [
      0.032845597714185715,
      0.6149337291717529,
      0.35222116112709045
    ],
    [
      0.09180426597595215,
      0.4619002342224121,
      0.44629576802253723
    ],
    [
      0.6809341311454773,
      0.0658254474401474,
      0.2532406747341156
    ],
    [
      0.1712866574525833,
      0.42387670278549194,
      0.4048365652561188
    ],
    [
      0.11503547430038452,
      0.6383073925971985,
      0.2466563731431961
    ],
    [
      0.3281608521938324,
      0.1528095304965973,
      0.5190290212631226
    ],
    [
      0.2600080668926239,
      0.4813741445541382,
      0.25861692428588867
    ],
    [
      0.11430896818637848,
      0.5328266620635986,
      0.35286417603492737
    ],
    [
      0.07405046373605728,
      0.8261653184890747,
      0.09978478401899338
    ],
    [
      0.806818962097168,
      0.04654436931014061,
      0.14663739502429962
    ],
    [
      0.06886736303567886,
      0.673111617565155,
      0.2580203115940094
    ],
    [
      0.08971694856882095,
      0.49909859895706177,
      0.41118431091308594
    ],
    [
      0.3201591372489929,
      0.3290669620037079,
      0.3507734537124634
    ],
    [
      0.03145613521337509,
      0.6226198673248291,
      0.34592458605766296
    ],
    [
      0.14384694397449493,
      0.21582145988941193,
      0.6403314471244812
    ],
    [
      0.10220640152692795,
      0.79234778881073,
      0.10544601827859879
    ],
    [
      0.18931922316551208,
      0.5287355184555054,
      0.28194499015808105
    ],
    [
      0.027072623372077942,
      0.8532097339630127,
      0.11971734464168549
    ],
    [
      0.03287774696946144,
      0.8375263810157776,
      0.1295955777168274
    ],
    [
      0.1892448216676712,
      0.5398334264755249,
      0.27092111110687256
    ],
    [
      0.190047487616539,
      0.30212002992630005,
      0.5078326463699341
    ],
    [
      0.2048657387495041,
      0.48818811774253845,
      0.3069459795951843
    ],
    [
      0.04311636462807655,
      0.597348690032959,
      0.359534353017807
    ],
    [
      0.2690759003162384,
      0.25182607769966125,
      0.47909796237945557
    ],
    [
      0.25158369541168213,
      0.3401005268096924,
      0.408316433429718
    ],
    [
      0.5220749974250793,
      0.07387103140354156,
      0.40405386686325073
    ],
    [
      0.2084648758172989,
      0.2683562636375427,
      0.5231789946556091
    ]
  ],