{
  "N": 112800,
  "usage": [
    0.24065834283828735,
    0.3965415954589844,
    0.3628000319004059
  ],
  "entropy_mean": 0.7475367784500122,
  "entropy_std": 0.2290070354938507,
  "top1_share": [
    0.18110816180706024,
    0.45133864879608154,
    0.3675532042980194
  ],
  "P_expert_given_class": [
    [
      0.11634878814220428,
      0.7311555743217468,
      0.15249596536159515
    ],
    [
      0.10946322232484818,
      0.2508014738559723,
      0.6397366523742676
    ],
    [
      0.17644135653972626,
      0.6419126987457275,
      0.18164564669132233
    ],
    [
      0.1488872617483139,
      0.6095528602600098,
      0.24156051874160767
    ],
    [
      0.10587748140096664,
      0.11258848756551743,
      0.7815340757369995
    ],
    [
      0.28282591700553894,
      0.5464843511581421,
      0.17068949341773987
    ],
    [
      0.09464907646179199,
      0.7526165246963501,
      0.15273417532444
    ],
    [
      0.6751775145530701,
      0.06686025857925415,
      0.2579614818096161
    ],
    [
      0.10656511783599854,
      0.5590642690658569,
      0.3343709707260132
    ],
    [
      0.24210065603256226,
      0.054796796292066574,
      0.7031025886535645
    ],
    [
      0.17345283925533295,
      0.1778789460659027,
      0.6486685276031494
    ],
    [
      0.35715195536613464,
      0.46510061621665955,
      0.1777479350566864
    ],
    [
      0.13986000418663025,
      0.7570479512214661,
      0.10309155285358429
    ],
    [
      0.18160057067871094,
      0.6832752227783203,
      0.1351238340139389
    ],
    [
      0.2155783623456955,
      0.6509349942207336,
      0.1334872841835022
    ],
    [
      0.3089376389980316,
      0.17321671545505524,
      0.5178459286689758
    ],
    [
      0.2641303837299347,
      0.5412777066230774,
      0.19459207355976105
    ],
    [
      0.09189950674772263,
      0.17705601453781128,
      0.7310444116592407
    ],
    [
      0.14970697462558746,
      0.279813677072525,
      0.5704782605171204
    ],
    [
      0.2857338786125183,
      0.6231139898300171,
      0.09115227311849594
    ],
    [
      0.08473951369524002,
      0.4724113941192627,
      0.4428490698337555
    ],
    [
      0.10005100071430206,
      0.407070130109787,
      0.49287837743759155
    ],
    [
      0.7736958265304565,
      0.01932137832045555,
      0.2069828063249588
    ],
    [
      0.26320409774780273,
      0.25880786776542664,
      0.477988600730896
    ],
    [
      0.15331383049488068,
      0.6282206177711487,
      0.21846593916416168
    ],
    [
      0.2701840400695801,
      0.07804163545370102,
      0.6517735123634338
    ],
    [
      0.3210359215736389,
      0.3781803548336029,
      0.30078408122062683
    ],
    [
      0.15986604988574982,
      0.4123742878437042,
      0.42775899171829224
    ],
    [
      0.2136707752943039,
      0.616676926612854,
      0.16965258121490479
    ],
    [
      0.8300869464874268,
      0.025064118206501007,
      0.1448489874601364
    ],
    [
      0.1063920110464096,
      0.6010624766349792,
      0.2925459146499634
    ],
    [
      0.15339794754981995,
      0.4182615280151367,
      0.428340345621109
    ],
    [
      0.4139823019504547,
      0.2058042287826538,
      0.38021349906921387
    ],
    [
      0.11969978362321854,
      0.3808933198451996,
      0.4994068443775177
    ],
    [
      0.24558573961257935,
      0.11712946742773056,
      0.6372846961021423
    ],
    [
      0.2650601267814636,
      0.6449750661849976,
      0.08996469527482986
    ],
    [
      0.2558205723762512,
      0.4240593910217285,
      0.32011958956718445
    ],
    [
      0.10126164555549622,
      0.7526792287826538,
      0.14605985581874847
    ],
    [
      0.08745681494474411,
      0.7244044542312622,
      0.1881391704082489
    ],
    [
      0.17223277688026428,
      0.6021990776062012,
      0.225568950176239
    ],
    [
      0.20424872636795044,
      0.22902995347976685,
      0.5667215585708618
    ],
    [
      0.19456449151039124,
      0.3554075062274933,
      0.4500276744365692
    ],
    [
      0.16201509535312653,
      0.3790081739425659,
      0.45897752046585083
    ],
    [
      0.43661102652549744,
      0.12454745918512344,
      0.4388417601585388
    ],
    [
      0.17842814326286316,
      0.2534123957157135,
      0.5681590437889099
    ],
    [
      0.602391242980957,
      0.05083249881863594,
      0.3467766046524048
    ],
    [
      0.2155570685863495,
      0.22303307056427002,
      0.5614098906517029
    ]
  ],