{
  "N": 112800,
  "usage": [
    0.20452895760536194,
    0.4601789116859436,
    0.33529210090637207
  ],
  "entropy_mean": 0.6966323852539062,
  "entropy_std": 0.2599031627178192,
  "top1_share": [
    0.17062056064605713,
    0.49809396266937256,
    0.3312854468822479
  ],
  "P_expert_given_class": [
    [
      0.091942697763443,
      0.7017815113067627,
      0.206276074051857
    ],
    [
      0.09990986436605453,
      0.26676324009895325,
      0.6333266496658325
    ],
    [
      0.066996730864048,
      0.8162240386009216,
      0.11677875369787216
    ],
    [
      0.1290980875492096,
      0.7452771067619324,
      0.125623881816864
    ],
    [
      0.14335483312606812,
      0.1582009345293045,
      0.698444128036499
    ],
    [
      0.1858431100845337,
      0.6494544744491577,
      0.1647016406059265
    ],
    [
      0.04585273936390877,
      0.8340694308280945,
      0.12007828801870346
    ],
    [
      0.6120926737785339,
      0.10961001366376877,
      0.27829697728157043
    ],
    [
      0.11405021697282791,
      0.6486287117004395,
      0.23732058703899384
    ],
    [
      0.37265250086784363,
      0.08771396428346634,
      0.5396337509155273
    ],
    [
      0.15505897998809814,
      0.3200778663158417,
      0.5248632431030273
    ],
    [
      0.3370765745639801,
      0.5272548794746399,
      0.13566827774047852
    ],
    [
      0.12921546399593353,
      0.7235243320465088,
      0.14726091921329498
    ],
    [
      0.09257198125123978,
      0.7706370949745178,
      0.13679011166095734
    ],
    [
      0.1409325748682022,
      0.7049221992492676,
      0.15414556860923767
    ],
    [
      0.2729314863681793,
      0.1940876841545105,
      0.5329803228378296
    ],
    [
      0.15983472764492035,
      0.6749237179756165,
      0.1652412712574005
    ],
    [
      0.08304579555988312,
      0.3165363073348999,
      0.6004171967506409
    ],
    [
      0.1041286289691925,
      0.31860587000846863,
      0.577265739440918
    ],
    [
      0.16961193084716797,
      0.7374576330184937,
      0.09293060749769211
    ],
    [
      0.047270406037569046,
      0.5685398578643799,
      0.3841902017593384
    ],
    [
      0.08987188339233398,
      0.42850086092948914,
      0.48162785172462463
    ],
    [
      0.7231102585792542,
      0.04523371532559395,
      0.231655552983284
    ],
    [
      0.23219026625156403,
      0.35659509897232056,
      0.411215215921402
    ],
    [
      0.1170961856842041,
      0.6072237491607666,
      0.27567994594573975
    ],
    [
      0.30250445008277893,
      0.11920912563800812,
      0.5782876014709473
    ],
    [
      0.2789306938648224,
      0.4402320981025696,
      0.2808363437652588
    ],
    [
      0.1450730413198471,
      0.47968369722366333,
      0.3752437233924866
    ],
    [
      0.10595796257257462,
      0.7647868990898132,
      0.12925615906715393
    ],
    [
      0.7865442037582397,
      0.049286387860774994,
      0.1641697734594345
    ],
    [
      0.0884212777018547,
      0.6432888507843018,
      0.26828932762145996
    ],
    [
      0.10920702666044235,
      0.45654061436653137,
      0.43425253033638
    ],
    [
      0.3781682550907135,
      0.27078792452812195,
      0.35104337334632874
    ],
    [
      0.04751821607351303,
      0.563781201839447,
      0.388700932264328
    ],
    [
      0.16638121008872986,
      0.18073570728302002,
      0.6528828740119934
    ],
    [
      0.13940073549747467,
      0.7396990656852722,
      0.12090000510215759
    ],
    [
      0.2223794311285019,
      0.4772776663303375,
      0.3003433346748352
    ],
    [
      0.03298361226916313,
      0.8382733464241028,
      0.12874364852905273
    ],
    [
      0.059183694422245026,
      0.7905413508415222,
      0.15027454495429993
    ],
    [
      0.20259065926074982,
      0.5061333775520325,
      0.29127606749534607
    ],
    [
      0.17675811052322388,
      0.2534298896789551,
      0.5698113441467285
    ],
    [
      0.22212249040603638,
      0.4318327307701111,
      0.34604454040527344
    ],
    [
      0.055855050683021545,
      0.5270935893058777,
      0.41705137491226196
    ],
    [
      0.3346903324127197,
      0.20028427243232727,
      0.4650251269340515
    ],
    [
      0.2534664571285248,
      0.3029630184173584,
      0.4435701072216034
    ],
    [
      0.5510955452919006,
      0.05977339297533035,
      0.3891308307647705
    ],
    [
      0.2378871887922287,
      0.2209317982196808,
      0.5411807298660278
    ]
  ],