{
  "N": 112800,
  "usage": [
    0.1996418684720993,
    0.46876564621925354,
    0.3315924406051636
  ],
  "entropy_mean": 0.6959858536720276,
  "entropy_std": 0.26608628034591675,
  "top1_share": [
    0.16698580980300903,
    0.5048670172691345,
    0.32814717292785645
  ],
  "P_expert_given_class": [
    [
      0.09242567420005798,
      0.6988644003868103,
      0.20871035754680634
    ],
    [
      0.09269046783447266,
      0.26892825961112976,
      0.6383811235427856
    ],
    [
      0.06088830903172493,
      0.8339925408363342,
      0.1051192507147789
    ],
    [
      0.1164749413728714,
      0.7676372528076172,
      0.11588765680789948
    ],
    [
      0.14389565587043762,
      0.16352428495883942,
      0.6925800442695618
    ],
    [
      0.17387208342552185,
      0.668369710445404,
      0.15775857865810394
    ],
    [
      0.049798231571912766,
      0.8320938944816589,
      0.11810752749443054
    ],
    [
      0.6162656545639038,
      0.11525441706180573,
      0.2684808075428009
    ],
    [
      0.10643276572227478,
      0.66144198179245,
      0.23212523758411407
    ],
    [
      0.36951664090156555,
      0.09634602814912796,
      0.5341373085975647
    ],
    [
      0.14767566323280334,
      0.33466610312461853,
      0.5176583528518677
    ],
    [
      0.33469295501708984,
      0.5315698981285095,
      0.13373726606369019
    ],
    [
      0.13117139041423798,
      0.7265583276748657,
      0.14226962625980377
    ],
    [
      0.08933524042367935,
      0.7718507647514343,
      0.13881434500217438
    ],
    [
      0.13431164622306824,
      0.7185450196266174,
      0.1471431851387024
    ],
    [
      0.26393571496009827,
      0.20829994976520538,
      0.5277648568153381
    ],
    [
      0.15940922498703003,
      0.6784458160400391,
      0.16214513778686523
    ],
    [
      0.08146019279956818,
      0.32756996154785156,
      0.5909706354141235
    ],
    [
      0.10108473151922226,
      0.3233145773410797,
      0.5756012201309204
    ],
    [
      0.15255703032016754,
      0.7549988031387329,
      0.09244376420974731
    ],
    [
      0.04265253245830536,
      0.5811769366264343,
      0.3761700987815857
    ],
    [
      0.0844692513346672,
      0.4331147372722626,
      0.48241639137268066
    ],
    [
      0.6972569823265076,
      0.05258551612496376,
      0.25015780329704285
    ],
    [
      0.22769589722156525,
      0.35922709107398987,
      0.41307687759399414
    ],
    [
      0.11965100467205048,
      0.6081485748291016,
      0.27219998836517334
    ],
    [
      0.29940539598464966,
      0.1312587559223175,
      0.5693364143371582
    ],
    [
      0.27979886531829834,
      0.4341571629047394,
      0.28604409098625183
    ],
    [
      0.1351131647825241,
      0.49350470304489136,
      0.3713817000389099
    ],
    [
      0.09651830047369003,
      0.780150830745697,
      0.12333090603351593
    ],
    [
      0.7877843379974365,
      0.051683854311704636,
      0.1605314314365387
    ],
    [
      0.08707685768604279,
      0.6447713971138,
      0.26815181970596313
    ],
    [
      0.10806954652070999,
      0.47062814235687256,
      0.42130184173583984
    ],
    [
      0.37333738803863525,
      0.2738390564918518,
      0.3528231680393219
    ],
    [
      0.040337253361940384,
      0.584197998046875,
      0.37546491622924805
    ],
    [
      0.1538880467414856,
      0.19715586304664612,
      0.6489566564559937
    ],
    [
      0.13261562585830688,
      0.7525129914283752,
      0.11487138271331787
    ],
    [
      0.22201164066791534,
      0.4827994406223297,
      0.2951892912387848
    ],
    [
      0.033767081797122955,
      0.83718341588974,
      0.12904876470565796
    ],
    [
      0.05132181942462921,
      0.7972443699836731,
      0.15143418312072754
    ],
    [
      0.20231880247592926,
      0.5103257298469543,
      0.2873552143573761
    ],
    [
      0.17287974059581757,
      0.26568132638931274,
      0.5614380836486816
    ],
    [
      0.21626996994018555,
      0.4462353587150574,
      0.3374945819377899
    ],
    [
      0.05643166974186897,
      0.5345828533172607,
      0.4089859426021576
    ],
    [
      0.3154257833957672,
      0.2139827162027359,
      0.47059154510498047
    ],
    [
      0.25087594985961914,
      0.3109956383705139,
      0.4381280541419983
    ],
    [
      0.5458564162254333,
      0.06754586845636368,
      0.38659778237342834
    ],
    [
      0.23244473338127136,
      0.23502129316329956,
      0.5325341820716858
    ]
  ],