{
  "N": 112800,
  "usage": [
    0.24131804704666138,
    0.3973811864852905,
    0.3613007962703705
  ],
  "entropy_mean": 0.7496421933174133,
  "entropy_std": 0.23050962388515472,
  "top1_share": [
    0.1857624053955078,
    0.4466932713985443,
    0.3675443232059479
  ],
  "P_expert_given_class": [
    [
      0.1178450658917427,
      0.7290357947349548,
      0.15311923623085022
    ],
    [
      0.10916207730770111,
      0.25025615096092224,
      0.6405811309814453
    ],
    [
      0.18022333085536957,
      0.6324144005775452,
      0.18736201524734497
    ],
    [
      0.14983932673931122,
      0.6034138202667236,
      0.2467477172613144
    ],
    [
      0.10060501098632812,
      0.12404049932956696,
      0.7753549218177795
    ],
    [
      0.2868608832359314,
      0.5410618185997009,
      0.17207758128643036
    ],
    [
      0.09470795094966888,
      0.7569050192832947,
      0.1483868658542633
    ],
    [
      0.6703868508338928,
      0.07693295925855637,
      0.25267964601516724
    ],
    [
      0.10664375871419907,
      0.553894579410553,
      0.33946195244789124
    ],
    [
      0.2426704615354538,
      0.06239766255021095,
      0.6949315071105957
    ],
    [
      0.17401905357837677,
      0.19002364575862885,
      0.6359569430351257
    ],
    [
      0.35649344325065613,
      0.4682871103286743,
      0.1752195507287979
    ],
    [
      0.14730112254619598,
      0.7480150461196899,
      0.10468292236328125
    ],
    [
      0.17976631224155426,
      0.6877331733703613,
      0.13250017166137695
    ],
    [
      0.2171648144721985,
      0.6532107591629028,
      0.12962473928928375
    ],
    [
      0.3107687830924988,
      0.17545849084854126,
      0.5137723684310913
    ],
    [
      0.2624250054359436,
      0.54551100730896,
      0.19206403195858002
    ],
    [
      0.09332440048456192,
      0.1855437159538269,
      0.7211315631866455
    ],
    [
      0.1488279551267624,
      0.28098154067993164,
      0.5701907873153687
    ],
    [
      0.2853914499282837,
      0.6231595277786255,
      0.09144927561283112
    ],
    [
      0.08634255826473236,
      0.47097060084342957,
      0.4426869750022888
    ],
    [
      0.10190477967262268,
      0.40651676058769226,
      0.49157845973968506
    ],
    [
      0.7761787176132202,
      0.01886986941099167,
      0.20495204627513885
    ],
    [
      0.26899072527885437,
      0.25709018111228943,
      0.47391870617866516
    ],
    [
      0.1532260775566101,
      0.6272407174110413,
      0.2195332646369934
    ],
    [
      0.2709234058856964,
      0.08061933517456055,
      0.6484572887420654
    ],
    [
      0.3223489820957184,
      0.3884545862674713,
      0.2891966700553894
    ],
    [
      0.15861816704273224,
      0.4162156283855438,
      0.4251658618450165
    ],
    [
      0.2269430309534073,
      0.6085773706436157,
      0.16447904706001282
    ],
    [
      0.835664689540863,
      0.029435014352202415,
      0.13490033149719238
    ],
    [
      0.10652917623519897,
      0.6071270704269409,
      0.2863437533378601
    ],
    [
      0.14654450118541718,
      0.42388448119163513,
      0.4295710325241089
    ],
    [
      0.42494481801986694,
      0.2018350511789322,
      0.3732198476791382
    ],
    [
      0.1203046515583992,
      0.3795028030872345,
      0.5001922249794006
    ],
    [
      0.22892671823501587,
      0.12280043214559555,
      0.6482723355293274
    ],
    [
      0.27099356055259705,
      0.6348627209663391,
      0.09414409101009369
    ],
    [
      0.26018041372299194,
      0.41997796297073364,
      0.3198409080505371
    ],
    [
      0.10142740607261658,
      0.7529618144035339,
      0.14561040699481964
    ],
    [
      0.09914569556713104,
      0.7103219628334045,
      0.1905311644077301
    ],
    [
      0.1721930354833603,
      0.6070501804351807,
      0.2207563817501068
    ],
    [
      0.2044927477836609,
      0.23235122859477997,
      0.5631557106971741
    ],
    [
      0.19371731579303741,
      0.36135873198509216,
      0.4449232518672943
    ],
    [
      0.1615976244211197,
      0.37496963143348694,
      0.4634324610233307
    ],
    [
      0.43340256810188293,
      0.12286968529224396,
      0.4437275826931
    ],
    [
      0.1777811348438263,
      0.257755309343338,
      0.5644633769989014
    ],
    [
      0.5924161672592163,
      0.05422123521566391,
      0.35336270928382874
    ],
    [
      0.2117818146944046,
      0.2207951545715332,
      0.5674241185188293
    ]
  ],