{
  "N": 112800,
  "usage": [
    0.23990857601165771,
    0.39469966292381287,
    0.3653917610645294
  ],
  "entropy_mean": 0.7459131479263306,
  "entropy_std": 0.2313930094242096,
  "top1_share": [
    0.18022163212299347,
    0.45147162675857544,
    0.3683067262172699
  ],
  "P_expert_given_class": [
    [
      0.11947917938232422,
      0.7248485684394836,
      0.15567216277122498
    ],
    [
      0.10742562264204025,
      0.24840030074119568,
      0.6441742777824402
    ],
    [
      0.1700892448425293,
      0.6505275368690491,
      0.179383784532547
    ],
    [
      0.14170537889003754,
      0.6113691926002502,
      0.2469252496957779
    ],
    [
      0.10205031931400299,
      0.10322408378124237,
      0.7947244048118591
    ],
    [
      0.2748819887638092,
      0.5510860085487366,
      0.17403189837932587
    ],
    [
      0.10802754759788513,
      0.7385496497154236,
      0.15342211723327637
    ],
    [
      0.6790819764137268,
      0.07055234163999557,
      0.25036609172821045
    ],
    [
      0.10637474805116653,
      0.5538661479949951,
      0.33975937962532043
    ],
    [
      0.2268473505973816,
      0.05021245777606964,
      0.7229404449462891
    ],
    [
      0.17495518922805786,
      0.16771361231803894,
      0.6573313474655151
    ],
    [
      0.3567887842655182,
      0.4591907858848572,
      0.1840207725763321
    ],
    [
      0.13835597038269043,
      0.7576031684875488,
      0.10404117405414581
    ],
    [
      0.18448993563652039,
      0.6767600774765015,
      0.138749897480011
    ],
    [
      0.21305261552333832,
      0.6521643400192261,
      0.13478361070156097
    ],
    [
      0.30636581778526306,
      0.17469803988933563,
      0.518936812877655
    ],
    [
      0.26813796162605286,
      0.5362222790718079,
      0.1956394910812378
    ],
    [
      0.0902014896273613,
      0.16887374222278595,
      0.7409250140190125
    ],
    [
      0.15107153356075287,
      0.27870386838912964,
      0.570224940776825
    ],
    [
      0.28731873631477356,
      0.6244404315948486,
      0.08824010193347931
    ],
    [
      0.0837298184633255,
      0.4729065001010895,
      0.4433632493019104
    ],
    [
      0.09947384148836136,
      0.4068017303943634,
      0.49372416734695435
    ],
    [
      0.7796384692192078,
      0.01858961023390293,
      0.2017722874879837
    ],
    [
      0.2688620686531067,
      0.26114994287490845,
      0.4699876010417938
    ],
    [
      0.15562492609024048,
      0.6285309195518494,
      0.21584384143352509
    ],
    [
      0.26673465967178345,
      0.07537887990474701,
      0.6578860282897949
    ],
    [
      0.32150667905807495,
      0.37117981910705566,
      0.3073137700557709
    ],
    [
      0.16126412153244019,
      0.409625381231308,
      0.42911046743392944
    ],
    [
      0.2045985758304596,
      0.6196328401565552,
      0.1757696121931076
    ],
    [
      0.8271331191062927,
      0.027435461059212685,
      0.1454319804906845
    ],
    [
      0.1050996333360672,
      0.5974531769752502,
      0.29744642972946167
    ],
    [
      0.1617985963821411,
      0.4065466523170471,
      0.43165501952171326
    ],
    [
      0.4133071005344391,
      0.20899221301078796,
      0.3776998817920685
    ],
    [
      0.11887744814157486,
      0.384676069021225,
      0.4964463412761688
    ],
    [
      0.24261263012886047,
      0.11103753745555878,
      0.6463500261306763
    ],
    [
      0.2554738223552704,
      0.6564577221870422,
      0.08806848526000977
    ],
    [
      0.2544172704219818,
      0.42566049098968506,
      0.3199222683906555
    ],
    [
      0.10894934087991714,
      0.7465815544128418,
      0.14447025954723358
    ],
    [
      0.08569175750017166,
      0.7307858467102051,
      0.18352261185646057
    ],
    [
      0.17264899611473083,
      0.5965335369110107,
      0.23081766068935394
    ],
    [
      0.20303919911384583,
      0.23205223679542542,
      0.5649087429046631
    ],
    [
      0.18750227987766266,
      0.3526299297809601,
      0.45986810326576233
    ],
    [
      0.16271208226680756,
      0.3709607422351837,
      0.4663272500038147
    ],
    [
      0.45091262459754944,
      0.11896977573633194,
      0.4301168918609619
    ],
    [
      0.17031851410865784,
      0.24810798466205597,
      0.5815750360488892
    ],
    [
      0.6022544503211975,
      0.051942482590675354,
      0.34580227732658386
    ],
    [
      0.20482033491134644,
      0.22126007080078125,
      0.5739194750785828
    ]
  ],