{
  "N": 112800,
  "usage": [
    0.22590985894203186,
    0.4252406358718872,
    0.34884950518608093
  ],
  "entropy_mean": 0.7348425984382629,
  "entropy_std": 0.23951594531536102,
  "top1_share": [
    0.18781915307044983,
    0.45825353264808655,
    0.3539273142814636
  ],
  "P_expert_given_class": [
    [
      0.11570997536182404,
      0.6914995908737183,
      0.19279003143310547
    ],
    [
      0.10678417235612869,
      0.28582048416137695,
      0.6073950529098511
    ],
    [
      0.1291472464799881,
      0.7048868536949158,
      0.16596657037734985
    ],
    [
      0.17194241285324097,
      0.6995055675506592,
      0.12855195999145508
    ],
    [
      0.11630459129810333,
      0.15082120895385742,
      0.7328742742538452
    ],
    [
      0.2484649121761322,
      0.6040708422660828,
      0.14746405184268951
    ],
    [
      0.07368788123130798,
      0.7867769598960876,
      0.1395353227853775
    ],
    [
      0.6211612820625305,
      0.10993043333292007,
      0.26890817284584045
    ],
    [
      0.13370636105537415,
      0.624782145023346,
      0.24151121079921722
    ],
    [
      0.31625768542289734,
      0.08833294361829758,
      0.595409095287323
    ],
    [
      0.16180996596813202,
      0.257344514131546,
      0.5808449983596802
    ],
    [
      0.3542758822441101,
      0.5013734698295593,
      0.14435018599033356
    ],
    [
      0.1733872890472412,
      0.6839596033096313,
      0.14265355467796326
    ],
    [
      0.13739798963069916,
      0.7129771709442139,
      0.1496252417564392
    ],
    [
      0.196574866771698,
      0.646684467792511,
      0.15674100816249847
    ],
    [
      0.2936782240867615,
      0.1917070895433426,
      0.5146146416664124
    ],
    [
      0.18319077789783478,
      0.6400713324546814,
      0.1767381876707077
    ],
    [
      0.09142374992370605,
      0.2520603835582733,
      0.6565154194831848
    ],
    [
      0.1361713856458664,
      0.3065549433231354,
      0.5572727918624878
    ],
    [
      0.2510647475719452,
      0.6578025221824646,
      0.09113293886184692
    ],
    [
      0.06071629375219345,
      0.49542856216430664,
      0.44385573267936707
    ],
    [
      0.10809537023305893,
      0.4276266396045685,
      0.46427804231643677
    ],
    [
      0.7308021783828735,
      0.038897689431905746,
      0.23029902577400208
    ],
    [
      0.2883024513721466,
      0.2726251184940338,
      0.4390724301338196
    ],
    [
      0.14485983550548553,
      0.589293897151947,
      0.2658463418483734
    ],
    [
      0.2938844859600067,
      0.11376512795686722,
      0.5923512578010559
    ],
    [
      0.3005060851573944,
      0.4047243297100067,
      0.2947704792022705
    ],
    [
      0.16296420991420746,
      0.41387996077537537,
      0.4231555759906769
    ],
    [
      0.1594642549753189,
      0.701213538646698,
      0.1393229216337204
    ],
    [
      0.8063673973083496,
      0.05261055380105972,
      0.14102143049240112
    ],
    [
      0.12339415401220322,
      0.5806055068969727,
      0.29599976539611816
    ],
    [
      0.11423186212778091,
      0.4433102309703827,
      0.44245803356170654
    ],
    [
      0.4302184581756592,
      0.21604517102241516,
      0.3537362813949585
    ],
    [
      0.06295552849769592,
      0.4550589919090271,
      0.48198553919792175
    ],
    [
      0.16982661187648773,
      0.1639840006828308,
      0.666189432144165
    ],
    [
      0.2239164263010025,
      0.6376224160194397,
      0.13846111297607422
    ],
    [
      0.2674885094165802,
      0.41307228803634644,
      0.31943923234939575
    ],
    [
      0.04862374812364578,
      0.8179427981376648,
      0.13343356549739838
    ],
    [
      0.07613994926214218,
      0.7520822882652283,
      0.17177794873714447
    ],
    [
      0.22738182544708252,
      0.49370574951171875,
      0.2789131999015808
    ],
    [
      0.18333718180656433,
      0.24220941960811615,
      0.5744538903236389
    ],
    [
      0.21027721464633942,
      0.42230910062789917,
      0.36741381883621216
    ],
    [
      0.07519056648015976,
      0.47844651341438293,
      0.4463633596897125
    ],
    [
      0.33053576946258545,
      0.18090754747390747,
      0.48855656385421753
    ],
    [
      0.2236238569021225,
      0.2887003421783447,
      0.4876754879951477
    ],
    [
      0.5597817897796631,
      0.06180949509143829,
      0.378408819437027
    ],
    [
      0.2227354645729065,
      0.23147353529930115,
      0.5457906723022461
    ]
  ],