{
  "N": 112800,
  "usage": [
    0.2340572029352188,
    0.41134005784988403,
    0.35460272431373596
  ],
  "entropy_mean": 0.7519084811210632,
  "entropy_std": 0.22533267736434937,
  "top1_share": [
    0.1801418513059616,
    0.4563297927379608,
    0.36352837085723877
  ],
  "P_expert_given_class": [
    [
      0.11284162849187851,
      0.7099502682685852,
      0.1772080808877945
    ],
    [
      0.11865248531103134,
      0.29062363505363464,
      0.590724527835846
    ],
    [
      0.15820381045341492,
      0.6591857671737671,
      0.18261070549488068
    ],
    [
      0.1839457005262375,
      0.6483263969421387,
      0.16772840917110443
    ],
    [
      0.09495396912097931,
      0.13791997730731964,
      0.7671257853507996
    ],
    [
      0.2577134370803833,
      0.598564863204956,
      0.1437217891216278
    ],
    [
      0.07703308761119843,
      0.7746925354003906,
      0.1482754647731781
    ],
    [
      0.6694858074188232,
      0.08607740700244904,
      0.24443626403808594
    ],
    [
      0.15372464060783386,
      0.5632200241088867,
      0.28305599093437195
    ],
    [
      0.2799608111381531,
      0.07071029394865036,
      0.6493285894393921
    ],
    [
      0.16045068204402924,
      0.21334633231163025,
      0.6262022852897644
    ],
    [
      0.3509446084499359,
      0.5029624700546265,
      0.1460929661989212
    ],
    [
      0.1684395670890808,
      0.7116479277610779,
      0.1199125424027443
    ],
    [
      0.15052887797355652,
      0.7061919569969177,
      0.14327901601791382
    ],
    [
      0.1954421103000641,
      0.6634466052055359,
      0.14111188054084778
    ],
    [
      0.3086613118648529,
      0.18708111345767975,
      0.5042584538459778
    ],
    [
      0.18768946826457977,
      0.6448222994804382,
      0.16748780012130737
    ],
    [
      0.08228156715631485,
      0.2203834503889084,
      0.6973351240158081
    ],
    [
      0.1636216640472412,
      0.3121592402458191,
      0.5242187976837158
    ],
    [
      0.28401127457618713,
      0.6298479437828064,
      0.086140476167202
    ],
    [
      0.07167493551969528,
      0.4695063829421997,
      0.45881783962249756
    ],
    [
      0.12259913235902786,
      0.4254872798919678,
      0.451913058757782
    ],
    [
      0.7468321323394775,
      0.028398564085364342,
      0.2247689813375473
    ],
    [
      0.3079339563846588,
      0.2404318004846573,
      0.4516344666481018
    ],
    [
      0.15082740783691406,
      0.5954952239990234,
      0.2536781430244446
    ],
    [
      0.28217458724975586,
      0.08711961656808853,
      0.6307051181793213
    ],
    [
      0.2835555076599121,
      0.42381560802459717,
      0.2926289737224579
    ],
    [
      0.17122775316238403,
      0.39734676480293274,
      0.4314252734184265
    ],
    [
      0.18941910564899445,
      0.6607702970504761,
      0.14981071650981903
    ],
    [
      0.8345171809196472,
      0.037617187947034836,
      0.12786553800106049
    ],
    [
      0.13138258457183838,
      0.5698514580726624,
      0.29876652359962463
    ],
    [
      0.13216346502304077,
      0.41349953413009644,
      0.454336553812027
    ],
    [
      0.4319448471069336,
      0.20409345626831055,
      0.36396244168281555
    ],
    [
      0.0968857929110527,
      0.3795927166938782,
      0.5235226154327393
    ],
    [
      0.2083827406167984,
      0.14387936890125275,
      0.6477378606796265
    ],
    [
      0.24857190251350403,
      0.6246780753135681,
      0.12674954533576965
    ],
    [
      0.25544455647468567,
      0.41258159279823303,
      0.33197352290153503
    ],
    [
      0.05076985061168671,
      0.8129869699478149,
      0.1362425684928894
    ],
    [
      0.0918123796582222,
      0.7234137058258057,
      0.1847727745771408
    ],
    [
      0.1980288177728653,
      0.55767422914505,
      0.24429672956466675
    ],
    [
      0.1997614949941635,
      0.24222345650196075,
      0.5580148696899414
    ],
    [
      0.2029753029346466,
      0.3961031138896942,
      0.40092146396636963
    ],
    [
      0.07963753491640091,
      0.4529115855693817,
      0.46745070815086365
    ],
    [
      0.36341992020606995,
      0.145114466547966,
      0.49146556854248047
    ],
    [
      0.20464511215686798,
      0.260374516248703,
      0.5349806547164917
    ],
    [
      0.5842231512069702,
      0.05501445755362511,
      0.3607610762119293
    ],
    [
      0.20128828287124634,
      0.2418423444032669,
      0.5568692684173584
    ]
  ],