{
  "N": 112800,
  "usage": [
    0.20488467812538147,
    0.45057663321495056,
    0.3445386588573456
  ],
  "entropy_mean": 0.6912767887115479,
  "entropy_std": 0.2560868561267853,
  "top1_share": [
    0.16812056303024292,
    0.4863475263118744,
    0.3455319106578827
  ],
  "P_expert_given_class": [
    [
      0.0943262055516243,
      0.6993666887283325,
      0.20630699396133423
    ],
    [
      0.10660853236913681,
      0.23776501417160034,
      0.6556267142295837
    ],
    [
      0.07200546562671661,
      0.7941819429397583,
      0.1338127851486206
    ],
    [
      0.13291063904762268,
      0.7377802729606628,
      0.12930996716022491
    ],
    [
      0.131888747215271,
      0.1515500247478485,
      0.7165622711181641
    ],
    [
      0.19514888525009155,
      0.6433662176132202,
      0.16148510575294495
    ],
    [
      0.051861729472875595,
      0.8256590962409973,
      0.12247961759567261
    ],
    [
      0.616070032119751,
      0.10209805518388748,
      0.2818327844142914
    ],
    [
      0.11599510163068771,
      0.6464139223098755,
      0.2375907450914383
    ],
    [
      0.3566533029079437,
      0.08076531440019608,
      0.5625823140144348
    ],
    [
      0.1463358849287033,
      0.3101252317428589,
      0.5435386896133423
    ],
    [
      0.3397432565689087,
      0.525352954864502,
      0.13490436971187592
    ],
    [
      0.12536518275737762,
      0.7228950262069702,
      0.15174034237861633
    ],
    [
      0.09849701076745987,
      0.7631779909133911,
      0.1383255571126938
    ],
    [
      0.1469007283449173,
      0.6955245137214661,
      0.15757495164871216
    ],
    [
      0.27885857224464417,
      0.18537937104701996,
      0.5357616543769836
    ],
    [
      0.1662832647562027,
      0.6603500247001648,
      0.17336678504943848
    ],
    [
      0.07692000269889832,
      0.29208019375801086,
      0.6309990882873535
    ],
    [
      0.11425444483757019,
      0.28692427277565,
      0.5988213419914246
    ],
    [
      0.18010109663009644,
      0.7271926403045654,
      0.0927058607339859
    ],
    [
      0.04497147724032402,
      0.559248149394989,
      0.3957802951335907
    ],
    [
      0.0941849872469902,
      0.4057469069957733,
      0.5000683665275574
    ],
    [
      0.7294839024543762,
      0.03980255872011185,
      0.23071332275867462
    ],
    [
      0.23316578567028046,
      0.33781394362449646,
      0.42901983857154846
    ],
    [
      0.11553163826465607,
      0.6062213182449341,
      0.27824681997299194
    ],
    [
      0.3004070222377777,
      0.10821089148521423,
      0.5913815498352051
    ],
    [
      0.28658947348594666,
      0.4222959280014038,
      0.29111334681510925
    ],
    [
      0.1373402327299118,
      0.4728945791721344,
      0.3897643983364105
    ],
    [
      0.11069770902395248,
      0.7578723430633545,
      0.13142916560173035
    ],
    [
      0.7993277907371521,
      0.04336315020918846,
      0.15730921924114227
    ],
    [
      0.0859139934182167,
      0.6324112415313721,
      0.28167474269866943
    ],
    [
      0.100359246134758,
      0.460085391998291,
      0.4395555257797241
    ],
    [
      0.38611891865730286,
      0.2514980733394623,
      0.36238279938697815
    ],
    [
      0.046925127506256104,
      0.5417689681053162,
      0.41130509972572327
    ],
    [
      0.16729199886322021,
      0.1595197319984436,
      0.6731885075569153
    ],
    [
      0.13893654942512512,
      0.722653329372406,
      0.1384100764989853
    ],
    [
      0.22076202929019928,
      0.464567095041275,
      0.31466978788375854
    ],
    [
      0.03167475387454033,
      0.8459115624427795,
      0.12241426855325699
    ],
    [
      0.05879906192421913,
      0.794557511806488,
      0.14664292335510254
    ],
    [
      0.19594945013523102,
      0.5043150782585144,
      0.2997349798679352
    ],
    [
      0.18072646856307983,
      0.23608802258968353,
      0.5831855535507202
    ],
    [
      0.21217848360538483,
      0.4355548620223999,
      0.3522663712501526
    ],
    [
      0.05571678653359413,
      0.5189626812934875,
      0.42532044649124146
    ],
    [
      0.3076119124889374,
      0.20440654456615448,
      0.4879809617996216
    ],
    [
      0.24277982115745544,
      0.29901260137557983,
      0.4582073986530304
    ],
    [
      0.5642070770263672,
      0.04965030029416084,
      0.3861415386199951
    ],
    [
      0.2351991832256317,
      0.21471941471099854,
      0.5500805974006653
    ]
  ],