{
  "N": 112800,
  "usage": [
    0.173413947224617,
    0.5267055034637451,
    0.2998805344104767
  ],
  "entropy_mean": 0.6450088024139404,
  "entropy_std": 0.31086549162864685,
  "top1_share": [
    0.13875886797904968,
    0.5538032054901123,
    0.3074379563331604
  ],
  "P_expert_given_class": [
    [
      0.07469286024570465,
      0.7745292782783508,
      0.15077830851078033
    ],
    [
      0.12353914976119995,
      0.32014206051826477,
      0.5563186407089233
    ],
    [
      0.030535751953721046,
      0.9120814800262451,
      0.057383302599191666
    ],
    [
      0.07395733147859573,
      0.8431379795074463,
      0.0829048827290535
    ],
    [
      0.1050155833363533,
      0.24039049446582794,
      0.6545935273170471
    ],
    [
      0.13418060541152954,
      0.7389456629753113,
      0.12687411904335022
    ],
    [
      0.03322737663984299,
      0.8712296485900879,
      0.09554317593574524
    ],
    [
      0.6012699007987976,
      0.12297356873750687,
      0.27575650811195374
    ],
    [
      0.09670554101467133,
      0.7122539281845093,
      0.1910400092601776
    ],
    [
      0.3523690104484558,
      0.11907201260328293,
      0.5285587310791016
    ],
    [
      0.10917174071073532,
      0.442539781332016,
      0.44828882813453674
    ],
    [
      0.31781741976737976,
      0.5607662200927734,
      0.12141585350036621
    ],
    [
      0.0896364226937294,
      0.8090904355049133,
      0.10127346962690353
    ],
    [
      0.05927407741546631,
      0.8445973992347717,
      0.09612887352705002
    ],
    [
      0.11414842307567596,
      0.7633526921272278,
      0.1224982813000679
    ],
    [
      0.26553916931152344,
      0.2429194152355194,
      0.49154043197631836
    ],
    [
      0.14486809074878693,
      0.7192347645759583,
      0.13589803874492645
    ],
    [
      0.06122852861881256,
      0.4363236427307129,
      0.5024484395980835
    ],
    [
      0.12319581210613251,
      0.3705242872238159,
      0.5062792301177979
    ],
    [
      0.10775400698184967,
      0.8214681148529053,
      0.07077813893556595
    ],
    [
      0.027369657531380653,
      0.6440001130104065,
      0.32863008975982666
    ],
    [
      0.10292869061231613,
      0.4783959984779358,
      0.41867494583129883
    ],
    [
      0.6233833432197571,
      0.09562752395868301,
      0.28098976612091064
    ],
    [
      0.13862688839435577,
      0.4462265074253082,
      0.4151468873023987
    ],
    [
      0.1028432622551918,
      0.6728759407997131,
      0.22428062558174133
    ],
    [
      0.3080940246582031,
      0.16574186086654663,
      0.5261644721031189
    ],
    [
      0.24417106807231903,
      0.5251404047012329,
      0.2306888848543167
    ],
    [
      0.10281167924404144,
      0.5599240660667419,
      0.33726364374160767
    ],
    [
      0.06320134550333023,
      0.8498935699462891,
      0.08690456300973892
    ],
    [
      0.8145092725753784,
      0.04450433701276779,
      0.14098648726940155
    ],
    [
      0.05426609143614769,
      0.6809757351875305,
      0.26475733518600464
    ],
    [
      0.07001573592424393,
      0.5204033255577087,
      0.40958067774772644
    ],
    [
      0.30649998784065247,
      0.33433958888053894,
      0.35916098952293396
    ],
    [
      0.02851317636668682,
      0.6530828475952148,
      0.3184036314487457
    ],
    [
      0.13721808791160583,
      0.22164258360862732,
      0.6411394476890564
    ],
    [
      0.08652260899543762,
      0.807468593120575,
      0.10600782185792923
    ],
    [
      0.17175410687923431,
      0.5437637567520142,
      0.2844807803630829
    ],
    [
      0.01930972747504711,
      0.8678342700004578,
      0.11285526305437088
    ],
    [
      0.019279230386018753,
      0.8740492463111877,
      0.10667102783918381
    ],
    [
      0.1759537011384964,
      0.5541464686393738,
      0.26989981532096863
    ],
    [
      0.1733485758304596,
      0.3106704652309418,
      0.5159805417060852
    ],
    [
      0.19418618083000183,
      0.4994584619998932,
      0.3063546121120453
    ],
    [
      0.024729203432798386,
      0.6898807287216187,
      0.28538978099823
    ],
    [
      0.22924242913722992,
      0.3083462417125702,
      0.46241143345832825
    ],
    [
      0.23731401562690735,
      0.35195791721343994,
      0.41072797775268555
    ],
    [
      0.4929010570049286,
      0.08776441216468811,
      0.41933390498161316
    ],
    [
      0.18333593010902405,
      0.3014683425426483,
      0.5151960849761963
    ]
  ],