{
  "N": 112800,
  "usage": [
    0.30960702896118164,
    0.4732428193092346,
    0.21715019643306732
  ],
  "entropy_mean": 0.7807019948959351,
  "entropy_std": 0.27173513174057007,
  "top1_share": [
    0.3498404324054718,
    0.5883156061172485,
    0.06184397265315056
  ],
  "P_expert_given_class": [
    [
      0.16322685778141022,
      0.6286603212356567,
      0.2081136256456375
    ],
    [
      0.6606317758560181,
      0.12041535973548889,
      0.2189534455537796
    ],
    [
      0.1711096167564392,
      0.629429280757904,
      0.19946053624153137
    ],
    [
      0.25378307700157166,
      0.5207740664482117,
      0.225443497300148
    ],
    [
      0.22185760736465454,
      0.5457943677902222,
      0.23234744369983673
    ],
    [
      0.2904576361179352,
      0.4810454845428467,
      0.22849711775779724
    ],
    [
      0.1990521252155304,
      0.591881513595581,
      0.20906683802604675
    ],
    [
      0.6230314373970032,
      0.14652332663536072,
      0.2304447889328003
    ],
    [
      0.263131320476532,
      0.497763991355896,
      0.2391047477722168
    ],
    [
      0.48911795020103455,
      0.2705542743206024,
      0.24032826721668243
    ],
    [
      0.15526384115219116,
      0.6413087844848633,
      0.2034265249967575
    ],
    [
      0.3622628152370453,
      0.45126795768737793,
      0.18646930158138275
    ],
    [
      0.20248818397521973,
      0.5885827541351318,
      0.2089298665523529
    ],
    [
      0.17221534252166748,
      0.6196154952049255,
      0.20816892385482788
    ],
    [
      0.22111636400222778,
      0.5712388753890991,
      0.20764514803886414
    ],
    [
      0.42134517431259155,
      0.3338264524936676,
      0.244828000664711
    ],
    [
      0.27984341979026794,
      0.5116551518440247,
      0.2085009664297104
    ],
    [
      0.16846418380737305,
      0.6199662089347839,
      0.21156908571720123
    ],
    [
      0.6567041873931885,
      0.13731525838375092,
      0.20598016679286957
    ],
    [
      0.4306168258190155,
      0.3498455286026001,
      0.21953770518302917
    ],
    [
      0.1742440015077591,
      0.6196284294128418,
      0.20612764358520508
    ],
    [
      0.5707833766937256,
      0.22076573967933655,
      0.208451509475708
    ],
    [
      0.2477003037929535,
      0.5064961910247803,
      0.24580411612987518
    ],
    [
      0.2094496488571167,
      0.5677273869514465,
      0.22282294929027557
    ],
    [
      0.17612658441066742,
      0.6126013398170471,
      0.21127235889434814
    ],
    [
      0.4500073790550232,
      0.30888572335243225,
      0.2411070317029953
    ],
    [
      0.3027215600013733,
      0.4935038387775421,
      0.20377399027347565
    ],
    [
      0.18132011592388153,
      0.614867627620697,
      0.20381298661231995
    ],
    [
      0.2368357628583908,
      0.5475846529006958,
      0.2155798077583313
    ],
    [
      0.7505886554718018,
      0.0803513154387474,
      0.16905973851680756
    ],
    [
      0.16943316161632538,
      0.6207358837127686,
      0.2098320573568344
    ],
    [
      0.18752163648605347,
      0.5872024297714233,
      0.22527611255645752
    ],
    [
      0.3175768554210663,
      0.44214776158332825,
      0.24027542769908905
    ],
    [
      0.20228631794452667,
      0.5752466917037964,
      0.22246648371219635
    ],
    [
      0.5691924095153809,
      0.20842091739177704,
      0.2223864495754242
    ],
    [
      0.18296818435192108,
      0.6173030734062195,
      0.19972828030586243
    ],
    [
      0.20238617062568665,
      0.5903892517089844,
      0.20722466707229614
    ],
    [
      0.19407854974269867,
      0.5983524918556213,
      0.2075691968202591
    ],
    [
      0.178071066737175,
      0.6190915107727051,
      0.20283706486225128
    ],
    [
      0.20040923357009888,
      0.5924726128578186,
      0.2071181833744049
    ],
    [
      0.37122970819473267,
      0.3866315186023712,
      0.24213898181915283
    ],
    [
      0.35128119587898254,
      0.4183531105518341,
      0.23036539554595947
    ],
    [
      0.19744810461997986,
      0.5963816046714783,
      0.2061701864004135
    ],
    [
      0.15900012850761414,
      0.6240918040275574,
      0.2169090062379837
    ],
    [
      0.3540970981121063,
      0.41348665952682495,
      0.23241640627384186
    ],
    [
      0.5315568447113037,
      0.22849546372890472,
      0.23994730412960052
    ],
    [
      0.47749337553977966,
      0.29373621940612793,
      0.22876976430416107
    ]
  ],