{
  "N": 112800,
  "usage": [
    0.15046890079975128,
    0.5600201487541199,
    0.28951096534729004
  ],
  "entropy_mean": 0.6174996495246887,
  "entropy_std": 0.31606319546699524,
  "top1_share": [
    0.11636524647474289,
    0.5926241278648376,
    0.29101064801216125
  ],
  "P_expert_given_class": [
    [
      0.05154222249984741,
      0.8151064515113831,
      0.1333513855934143
    ],
    [
      0.12399078160524368,
      0.40819063782691956,
      0.4678182899951935
    ],
    [
      0.020688435062766075,
      0.9414242506027222,
      0.037888433784246445
    ],
    [
      0.07781577855348587,
      0.7974310517311096,
      0.1247529610991478
    ],
    [
      0.08676348626613617,
      0.29983121156692505,
      0.6134051084518433
    ],
    [
      0.13213934004306793,
      0.7021654844284058,
      0.1656961739063263
    ],
    [
      0.028419192880392075,
      0.9088963866233826,
      0.06268367171287537
    ],
    [
      0.5597726702690125,
      0.09574970602989197,
      0.3444778323173523
    ],
    [
      0.10064235329627991,
      0.6067039370536804,
      0.2926543653011322
    ],
    [
      0.3223758041858673,
      0.13365648686885834,
      0.5439680218696594
    ],
    [
      0.05764361098408699,
      0.5715386867523193,
      0.37081682682037354
    ],
    [
      0.2988264858722687,
      0.5581170320510864,
      0.14305700361728668
    ],
    [
      0.07109855115413666,
      0.8457806706428528,
      0.08312108367681503
    ],
    [
      0.043792497366666794,
      0.8630779981613159,
      0.09312943369150162
    ],
    [
      0.10500838607549667,
      0.7482445240020752,
      0.1467469483613968
    ],
    [
      0.21859727799892426,
      0.29591065645217896,
      0.4854920506477356
    ],
    [
      0.1348862200975418,
      0.7533643245697021,
      0.11174925416707993
    ],
    [
      0.04289131239056587,
      0.5058989524841309,
      0.4512097239494324
    ],
    [
      0.11740197241306305,
      0.4475088119506836,
      0.435090035200119
    ],
    [
      0.12638382613658905,
      0.7897164225578308,
      0.08389967679977417
    ],
    [
      0.01950131170451641,
      0.7117910981178284,
      0.2687072157859802
    ],
    [
      0.10480943322181702,
      0.5426588654518127,
      0.352531760931015
    ],
    [
      0.4463232457637787,
      0.14547444880008698,
      0.40820246934890747
    ],
    [
      0.10483365505933762,
      0.51329106092453,
      0.3818757236003876
    ],
    [
      0.08025852590799332,
      0.7092543244361877,
      0.2104865461587906
    ],
    [
      0.2906455397605896,
      0.17869676649570465,
      0.5306578874588013
    ],
    [
      0.20480594038963318,
      0.6105663776397705,
      0.18462799489498138
    ],
    [
      0.07374658435583115,
      0.6245174407958984,
      0.30173587799072266
    ],
    [
      0.05927704647183418,
      0.8434819579124451,
      0.09724052250385284
    ],
    [
      0.8014352917671204,
      0.03272002190351486,
      0.1658453792333603
    ],
    [
      0.043038737028837204,
      0.7338757514953613,
      0.22308467328548431
    ],
    [
      0.061755046248435974,
      0.4876163601875305,
      0.4506290555000305
    ],
    [
      0.28373467922210693,
      0.39226987957954407,
      0.32399511337280273
    ],
    [
      0.02366282232105732,
      0.67194002866745,
      0.30439797043800354
    ],
    [
      0.15197454392910004,
      0.2145998328924179,
      0.6334258317947388
    ],
    [
      0.05918435379862785,
      0.8459877967834473,
      0.09482814371585846
    ],
    [
      0.115390844643116,
      0.6514604091644287,
      0.2331489771604538
    ],
    [
      0.011903934180736542,
      0.9073553681373596,
      0.08074122667312622
    ],
    [
      0.011894429102540016,
      0.9221968650817871,
      0.06590922921895981
    ],
    [
      0.14113560318946838,
      0.5876908302307129,
      0.27117323875427246
    ],
    [
      0.13757768273353577,
      0.3925431966781616,
      0.46987900137901306
    ],
    [
      0.18173183500766754,
      0.46319451928138733,
      0.35507315397262573
    ],
    [
      0.01046055555343628,
      0.8282954692840576,
      0.1612446904182434
    ],
    [
      0.12655459344387054,
      0.38131406903266907,
      0.49213123321533203
    ],
    [
      0.20680734515190125,
      0.36150169372558594,
      0.4316916763782501
    ],
    [
      0.4374791085720062,
      0.11226868629455566,
      0.4502522647380829
    ],
    [
      0.16143673658370972,
      0.366072416305542,
      0.4724903404712677
    ]
  ],