{
  "N": 112800,
  "usage": [
    0.24263693392276764,
    0.3995364308357239,
    0.3578266203403473
  ],
  "entropy_mean": 0.7557433247566223,
  "entropy_std": 0.22754734754562378,
  "top1_share": [
    0.18765957653522491,
    0.44951242208480835,
    0.36282801628112793
  ],
  "P_expert_given_class": [
    [
      0.12026823312044144,
      0.7252916097640991,
      0.15444065630435944
    ],
    [
      0.10244888812303543,
      0.2662350535392761,
      0.6313155889511108
    ],
    [
      0.17988231778144836,
      0.6342241168022156,
      0.1858934462070465
    ],
    [
      0.16334863007068634,
      0.5954471826553345,
      0.24120356142520905
    ],
    [
      0.10172498971223831,
      0.12955617904663086,
      0.768720269203186
    ],
    [
      0.2952459454536438,
      0.5354406833648682,
      0.16931314766407013
    ],
    [
      0.09897036105394363,
      0.7519201636314392,
      0.14910845458507538
    ],
    [
      0.6715778112411499,
      0.07892486453056335,
      0.2494967132806778
    ],
    [
      0.11105519533157349,
      0.559282124042511,
      0.32966288924217224
    ],
    [
      0.2551596462726593,
      0.06737137585878372,
      0.6774691343307495
    ],
    [
      0.17026573419570923,
      0.19308823347091675,
      0.6366453766822815
    ],
    [
      0.3567790389060974,
      0.4742898941040039,
      0.16893133521080017
    ],
    [
      0.1527908891439438,
      0.7412728667259216,
      0.10593654215335846
    ],
    [
      0.17710541188716888,
      0.6921480894088745,
      0.13074620068073273
    ],
    [
      0.21838782727718353,
      0.6481446623802185,
      0.13346746563911438
    ],
    [
      0.31655892729759216,
      0.1795847862958908,
      0.5038559436798096
    ],
    [
      0.26119130849838257,
      0.5486467480659485,
      0.19016216695308685
    ],
    [
      0.09501948952674866,
      0.18514955043792725,
      0.7198308706283569
    ],
    [
      0.14567527174949646,
      0.2926299571990967,
      0.5616956353187561
    ],
    [
      0.29286035895347595,
      0.6142363548278809,
      0.09290406107902527
    ],
    [
      0.08585717529058456,
      0.4731077551841736,
      0.4410347640514374
    ],
    [
      0.09956256300210953,
      0.41464173793792725,
      0.4857955276966095
    ],
    [
      0.7754205465316772,
      0.020782379433512688,
      0.20379747450351715
    ],
    [
      0.2721470594406128,
      0.26520517468452454,
      0.46264734864234924
    ],
    [
      0.15322932600975037,
      0.6258302330970764,
      0.2209404706954956
    ],
    [
      0.2726190984249115,
      0.08495251834392548,
      0.6424292922019958
    ],
    [
      0.315979927778244,
      0.404445618391037,
      0.27957451343536377
    ],
    [
      0.1590205579996109,
      0.41970664262771606,
      0.4212724268436432
    ],
    [
      0.23228353261947632,
      0.6018380522727966,
      0.1658790409564972
    ],
    [
      0.8424727916717529,
      0.029080849140882492,
      0.12844647467136383
    ],
    [
      0.11817067116498947,
      0.609978199005127,
      0.2718508839607239
    ],
    [
      0.14584968984127045,
      0.4386022388935089,
      0.4155479371547699
    ],
    [
      0.4266132712364197,
      0.21637989580631256,
      0.3570069670677185
    ],
    [
      0.11955051124095917,
      0.3813455402851105,
      0.49910348653793335
    ],
    [
      0.22313059866428375,
      0.12881049513816833,
      0.6480597257614136
    ],
    [
      0.2752244174480438,
      0.6258496046066284,
      0.09892582893371582
    ],
    [
      0.2649853229522705,
      0.4237130880355835,
      0.3113012909889221
    ],
    [
      0.09876617789268494,
      0.7504259943962097,
      0.15080657601356506
    ],
    [
      0.10692143440246582,
      0.699836790561676,
      0.193241685628891
    ],
    [
      0.1751376837491989,
      0.604798436164856,
      0.22006343305110931
    ],
    [
      0.21768710017204285,
      0.23166760802268982,
      0.550645649433136
    ],
    [
      0.20095863938331604,
      0.3632659614086151,
      0.43577516078948975
    ],
    [
      0.13703316450119019,
      0.386710524559021,
      0.4762571156024933
    ],
    [
      0.4149482846260071,
      0.12876151502132416,
      0.4562908411026001
    ],
    [
      0.18550583720207214,
      0.2617725729942322,
      0.5527225136756897
    ],
    [
      0.5834268927574158,
      0.05518992617726326,
      0.36138370633125305
    ],
    [
      0.2151184380054474,
      0.21862752735614777,
      0.5662538409233093
    ]
  ],