{
  "N": 112800,
  "usage": [
    0.2379850149154663,
    0.4015921354293823,
    0.36042287945747375
  ],
  "entropy_mean": 0.758264422416687,
  "entropy_std": 0.22672303020954132,
  "top1_share": [
    0.18004432320594788,
    0.4540514051914215,
    0.3659042418003082
  ],
  "P_expert_given_class": [
    [
      0.11280635744333267,
      0.7241827845573425,
      0.16301150619983673
    ],
    [
      0.10564804822206497,
      0.26397356390953064,
      0.6303789019584656
    ],
    [
      0.1769500970840454,
      0.6317707300186157,
      0.19127848744392395
    ],
    [
      0.17700156569480896,
      0.5877569317817688,
      0.23524123430252075
    ],
    [
      0.0957648828625679,
      0.1356315016746521,
      0.7686032652854919
    ],
    [
      0.29046258330345154,
      0.5468533039093018,
      0.16268384456634521
    ],
    [
      0.09755492210388184,
      0.7498969435691833,
      0.15254810452461243
    ],
    [
      0.6573448181152344,
      0.07743747532367706,
      0.2652176022529602
    ],
    [
      0.12243654578924179,
      0.5495002269744873,
      0.3280629515647888
    ],
    [
      0.25283166766166687,
      0.0689401626586914,
      0.6782271265983582
    ],
    [
      0.16143810749053955,
      0.2001950591802597,
      0.6383665204048157
    ],
    [
      0.3557639420032501,
      0.4786382019519806,
      0.16559727489948273
    ],
    [
      0.15376971662044525,
      0.7363026738166809,
      0.10992768406867981
    ],
    [
      0.16797471046447754,
      0.6970577239990234,
      0.13496780395507812
    ],
    [
      0.2108791619539261,
      0.6583879590034485,
      0.13073387742042542
    ],
    [
      0.3138824999332428,
      0.1856609582901001,
      0.5004569888114929
    ],
    [
      0.2514978349208832,
      0.563707709312439,
      0.18479448556900024
    ],
    [
      0.09005243331193924,
      0.19247449934482574,
      0.717472493648529
    ],
    [
      0.15014977753162384,
      0.29464414715766907,
      0.5552054643630981
    ],
    [
      0.28518590331077576,
      0.6203708648681641,
      0.09444453567266464
    ],
    [
      0.0812760591506958,
      0.4744388461112976,
      0.44428497552871704
    ],
    [
      0.10589107871055603,
      0.4133106768131256,
      0.4807983934879303
    ],
    [
      0.7616480588912964,
      0.02285286784172058,
      0.21549873054027557
    ],
    [
      0.26748621463775635,
      0.2690449655056,
      0.4634694457054138
    ],
    [
      0.14488708972930908,
      0.6239284873008728,
      0.23118411004543304
    ],
    [
      0.26329293847084045,
      0.08669348806142807,
      0.6500141620635986
    ],
    [
      0.3026919662952423,
      0.41834312677383423,
      0.27896419167518616
    ],
    [
      0.15789920091629028,
      0.4181077778339386,
      0.42399275302886963
    ],
    [
      0.22977547347545624,
      0.6082035303115845,
      0.16202041506767273
    ],
    [
      0.835781991481781,
      0.030635589733719826,
      0.1335829198360443
    ],
    [
      0.12047109007835388,
      0.6028580665588379,
      0.276671439409256
    ],
    [
      0.14614368975162506,
      0.4353679418563843,
      0.41848820447921753
    ],
    [
      0.42155683040618896,
      0.21949531137943268,
      0.35894784331321716
    ],
    [
      0.11751103401184082,
      0.3762894570827484,
      0.5061991214752197
    ],
    [
      0.21839533746242523,
      0.13032853603363037,
      0.6512763500213623
    ],
    [
      0.2686401605606079,
      0.6240603923797607,
      0.10729940980672836
    ],
    [
      0.25573527812957764,
      0.42219188809394836,
      0.32207268476486206
    ],
    [
      0.08499828726053238,
      0.7647581696510315,
      0.15024366974830627
    ],
    [
      0.10682395845651627,
      0.6895248889923096,
      0.20365126430988312
    ],
    [
      0.17380185425281525,
      0.6021201014518738,
      0.2240779548883438
    ],
    [
      0.21552680432796478,
      0.23922592401504517,
      0.5452475547790527
    ],
    [
      0.2014831304550171,
      0.3689976632595062,
      0.4295191466808319
    ],
    [
      0.10748004913330078,
      0.39517825841903687,
      0.4973413050174713
    ],
    [
      0.3966168463230133,
      0.13098837435245514,
      0.4723948538303375
    ],
    [
      0.1865462064743042,
      0.26368236541748047,
      0.549771249294281
    ],
    [
      0.5758039951324463,
      0.05575944110751152,
      0.36843690276145935
    ],
    [
      0.20773735642433167,
      0.2250620573759079,
      0.5671998858451843
    ]
  ],