{
  "N": 112800,
  "usage": [
    0.19525372982025146,
    0.48183098435401917,
    0.32291528582572937
  ],
  "entropy_mean": 0.6825148463249207,
  "entropy_std": 0.2784205377101898,
  "top1_share": [
    0.16558510065078735,
    0.515744686126709,
    0.31867021322250366
  ],
  "P_expert_given_class": [
    [
      0.0938527062535286,
      0.7043251991271973,
      0.2018229067325592
    ],
    [
      0.09760058671236038,
      0.27921825647354126,
      0.6231815218925476
    ],
    [
      0.05217841640114784,
      0.8544858694076538,
      0.0933358296751976
    ],
    [
      0.1042390987277031,
      0.7947341799736023,
      0.1010265126824379
    ],
    [
      0.13971608877182007,
      0.174912229180336,
      0.685371994972229
    ],
    [
      0.16581033170223236,
      0.6894165277481079,
      0.14477278292179108
    ],
    [
      0.04091646149754524,
      0.8482969403266907,
      0.11078687012195587
    ],
    [
      0.6193598508834839,
      0.11630085110664368,
      0.2643408477306366
    ],
    [
      0.09989330172538757,
      0.6846935749053955,
      0.21541358530521393
    ],
    [
      0.37755507230758667,
      0.10175266861915588,
      0.5206919312477112
    ],
    [
      0.14118559658527374,
      0.3501686453819275,
      0.5086467266082764
    ],
    [
      0.3280853033065796,
      0.545843243598938,
      0.1260715276002884
    ],
    [
      0.1231287494301796,
      0.7439005970954895,
      0.1329697221517563
    ],
    [
      0.07990652322769165,
      0.7907739281654358,
      0.12932021915912628
    ],
    [
      0.12934735417366028,
      0.7344701886177063,
      0.13618239760398865
    ],
    [
      0.27745601534843445,
      0.21954014897346497,
      0.5030044317245483
    ],
    [
      0.1522510051727295,
      0.6960834264755249,
      0.1516648828983307
    ],
    [
      0.07588159292936325,
      0.35054948925971985,
      0.5735688805580139
    ],
    [
      0.10223694145679474,
      0.33705955743789673,
      0.560703456401825
    ],
    [
      0.13891278207302094,
      0.7742742300033569,
      0.08681303262710571
    ],
    [
      0.04027566686272621,
      0.5920093059539795,
      0.36771488189697266
    ],
    [
      0.08676580339670181,
      0.4402574598789215,
      0.4729762375354767
    ],
    [
      0.6794319152832031,
      0.054673075675964355,
      0.26589494943618774
    ],
    [
      0.20838595926761627,
      0.3776792287826538,
      0.413935124874115
    ],
    [
      0.12125816196203232,
      0.6132954955101013,
      0.26544544100761414
    ],
    [
      0.31071096658706665,
      0.13717421889305115,
      0.5521152019500732
    ],
    [
      0.2712351977825165,
      0.4516974985599518,
      0.2770672142505646
    ],
    [
      0.12799367308616638,
      0.5075252652168274,
      0.36448046565055847
    ],
    [
      0.08651596307754517,
      0.8018750548362732,
      0.11160904169082642
    ],
    [
      0.7990436553955078,
      0.047951795160770416,
      0.15300504863262177
    ],
    [
      0.08116676658391953,
      0.6584509015083313,
      0.2603833079338074
    ],
    [
      0.10029920935630798,
      0.4860561490058899,
      0.413644939661026
    ],
    [
      0.3556576669216156,
      0.2933163344860077,
      0.3510260283946991
    ],
    [
      0.03770926594734192,
      0.593142569065094,
      0.3691485524177551
    ],
    [
      0.14658086001873016,
      0.20435278117656708,
      0.6490664482116699
    ],
    [
      0.12278532981872559,
      0.7662392854690552,
      0.11097555607557297
    ],
    [
      0.21459996700286865,
      0.49718260765075684,
      0.28821834921836853
    ],
    [
      0.030369307845830917,
      0.8445024490356445,
      0.125127911567688
    ],
    [
      0.04536701738834381,
      0.8088130950927734,
      0.14581957459449768
    ],
    [
      0.19789564609527588,
      0.5218691229820251,
      0.2802351117134094
    ],
    [
      0.1829623281955719,
      0.2828865051269531,
      0.534151017665863
    ],
    [
      0.21271304786205292,
      0.46505314111709595,
      0.3222332000732422
    ],
    [
      0.0575694665312767,
      0.5477553606033325,
      0.3946746587753296
    ],
    [
      0.3029874563217163,
      0.2187705785036087,
      0.4782419800758362
    ],
    [
      0.2525325119495392,
      0.32424697279930115,
      0.42322060465812683
    ],
    [
      0.5352475047111511,
      0.07248954474925995,
      0.39226242899894714
    ],
    [
      0.2293522208929062,
      0.2459898591041565,
      0.5246583819389343
    ]
  ],