{
  "N": 112800,
  "usage": [
    0.16205543279647827,
    0.5337364077568054,
    0.3042081892490387
  ],
  "entropy_mean": 0.6280049085617065,
  "entropy_std": 0.31327420473098755,
  "top1_share": [
    0.1254432648420334,
    0.5511702299118042,
    0.3233865201473236
  ],
  "P_expert_given_class": [
    [
      0.0642644539475441,
      0.800487220287323,
      0.13524848222732544
    ],
    [
      0.12243010103702545,
      0.3686807453632355,
      0.5088892579078674
    ],
    [
      0.026577621698379517,
      0.9272341728210449,
      0.04618778079748154
    ],
    [
      0.08076965063810349,
      0.8208209872245789,
      0.09841018170118332
    ],
    [
      0.08708791434764862,
      0.2528681755065918,
      0.6600444316864014
    ],
    [
      0.14170686900615692,
      0.7196879982948303,
      0.13860425353050232
    ],
    [
      0.030225887894630432,
      0.8872418403625488,
      0.08253298699855804
    ],
    [
      0.5810067653656006,
      0.10411670804023743,
      0.3148766756057739
    ],
    [
      0.10025045275688171,
      0.6577804088592529,
      0.24196934700012207
    ],
    [
      0.3322291374206543,
      0.11821380257606506,
      0.5495580434799194
    ],
    [
      0.08609550446271896,
      0.47551319003105164,
      0.4383910596370697
    ],
    [
      0.3127611577510834,
      0.5480749607086182,
      0.13916383683681488
    ],
    [
      0.08452796936035156,
      0.8252243995666504,
      0.09024764597415924
    ],
    [
      0.05487382411956787,
      0.8539294600486755,
      0.09119672328233719
    ],
    [
      0.11258440464735031,
      0.7500379681587219,
      0.13737763464450836
    ],
    [
      0.2403668463230133,
      0.25646650791168213,
      0.5031664371490479
    ],
    [
      0.14136596024036407,
      0.7300164699554443,
      0.12861722707748413
    ],
    [
      0.05216604098677635,
      0.4487206041812897,
      0.49911370873451233
    ],
    [
      0.11576341092586517,
      0.4139802157878876,
      0.47025567293167114
    ],
    [
      0.12292849272489548,
      0.8104590177536011,
      0.06661269813776016
    ],
    [
      0.022705797106027603,
      0.657210648059845,
      0.3200841546058655
    ],
    [
      0.10072802007198334,
      0.518395721912384,
      0.3808760941028595
    ],
    [
      0.5670893788337708,
      0.10081572830677032,
      0.3320951461791992
    ],
    [
      0.11627017706632614,
      0.4500303268432617,
      0.4336995482444763
    ],
    [
      0.09256554394960403,
      0.684439480304718,
      0.2229946404695511
    ],
    [
      0.2866508364677429,
      0.16566826403141022,
      0.5476816296577454
    ],
    [
      0.2240762859582901,
      0.5645296573638916,
      0.21139460802078247
    ],
    [
      0.09019933640956879,
      0.5648152232170105,
      0.3449861407279968
    ],
    [
      0.062275480479002,
      0.8481945395469666,
      0.08953023701906204
    ],
    [
      0.8117926120758057,
      0.036800675094127655,
      0.15140584111213684
    ],
    [
      0.04306378215551376,
      0.6919679045677185,
      0.26496878266334534
    ],
    [
      0.05721333995461464,
      0.4964831471443176,
      0.44630423188209534
    ],
    [
      0.2795279324054718,
      0.3420138657093048,
      0.37845784425735474
    ],
    [
      0.025604233145713806,
      0.6410155296325684,
      0.33338022232055664
    ],
    [
      0.13090963661670685,
      0.21478739380836487,
      0.6543033123016357
    ],
    [
      0.07855478674173355,
      0.81428462266922,
      0.10716091096401215
    ],
    [
      0.1465182602405548,
      0.5635728240013123,
      0.2899089753627777
    ],
    [
      0.015285622328519821,
      0.8791837692260742,
      0.1055300235748291
    ],
    [
      0.015110247768461704,
      0.8941981792449951,
      0.09069138765335083
    ],
    [
      0.16208423674106598,
      0.5486516356468201,
      0.2892630398273468
    ],
    [
      0.1546628475189209,
      0.33588019013404846,
      0.5094560384750366
    ],
    [
      0.18973273038864136,
      0.4769997298717499,
      0.33326780796051025
    ],
    [
      0.017318282276391983,
      0.7500693202018738,
      0.23261214792728424
    ],
    [
      0.18522308766841888,
      0.3181419372558594,
      0.49663564562797546
    ],
    [
      0.22357338666915894,
      0.3433968424797058,
      0.4330298900604248
    ],
    [
      0.45974645018577576,
      0.09203140437602997,
      0.4482215344905853
    ],
    [
      0.16814033687114716,
      0.32247674465179443,
      0.5093828439712524
    ]
  ],