{
  "N": 112800,
  "usage": [
    0.31343913078308105,
    0.3978292644023895,
    0.2887316346168518
  ],
  "entropy_mean": 0.566338837146759,
  "entropy_std": 0.2929118871688843,
  "top1_share": [
    0.3022606372833252,
    0.4172517657279968,
    0.280487596988678
  ],
  "P_expert_given_class": [
    [
      0.3681567907333374,
      0.08073949813842773,
      0.5511042475700378
    ],
    [
      0.010095715522766113,
      0.9547984004020691,
      0.03510628640651703
    ],
    [
      0.462452232837677,
      0.41933882236480713,
      0.11820939183235168
    ],
    [
      0.293016254901886,
      0.6783838868141174,
      0.02860056236386299
    ],
    [
      0.073966845870018,
      0.7242802977561951,
      0.20175279676914215
    ],
    [
      0.36246582865715027,
      0.4669010043144226,
      0.17063340544700623
    ],
    [
      0.468473881483078,
      0.048192765563726425,
      0.4833337366580963
    ],
    [
      0.020330676808953285,
      0.8545520901679993,
      0.1251170039176941
    ],
    [
      0.7791252732276917,
      0.19186735153198242,
      0.029006993398070335
    ],
    [
      0.04134085029363632,
      0.753827691078186,
      0.20483247935771942
    ],
    [
      0.19075730443000793,
      0.4972994029521942,
      0.3119419813156128
    ],
    [
      0.9062578082084656,
      0.03295290097594261,
      0.060790397226810455
    ],
    [
      0.450530081987381,
      0.2565350830554962,
      0.29293468594551086
    ],
    [
      0.47711002826690674,
      0.11439069360494614,
      0.40849900245666504
    ],
    [
      0.8158237338066101,
      0.16825850307941437,
      0.015916837379336357
    ],
    [
      0.4169168472290039,
      0.5601491928100586,
      0.02293452061712742
    ],
    [
      0.7318649291992188,
      0.13964998722076416,
      0.12848477065563202
    ],
    [
      0.025964662432670593,
      0.20447812974452972,
      0.7695572376251221
    ],
    [
      0.02691975235939026,
      0.932939350605011,
      0.04014007747173309
    ],
    [
      0.06477908790111542,
      0.8654801249504089,
      0.0697399377822876
    ],
    [
      0.7086043953895569,
      0.03112110123038292,
      0.26027458906173706
    ],
    [
      0.04849252477288246,
      0.7573680281639099,
      0.19413937628269196
    ],
    [
      0.02911411225795746,
      0.034266408532857895,
      0.9366195797920227
    ],
    [
      0.04784650728106499,
      0.05493722856044769,
      0.8972159624099731
    ],
    [
      0.309564471244812,
      0.0853247195482254,
      0.6051109433174133
    ],
    [
      0.7876408100128174,
      0.14086613059043884,
      0.07149261981248856
    ],
    [
      0.8236976265907288,
      0.05532543361186981,
      0.1209765374660492
    ],
    [
      0.9253045916557312,
      0.010855521075427532,
      0.06383991986513138
    ],
    [
      0.1605457067489624,
      0.7162882089614868,
      0.1231655403971672
    ],
    [
      0.020180342718958855,
      0.9702465534210205,
      0.009571717120707035
    ],
    [
      0.09917838871479034,
      0.11719594150781631,
      0.7836267352104187
    ],
    [
      0.04179679602384567,
      0.454064279794693,
      0.5041387677192688
    ],
    [
      0.03941580280661583,
      0.0237088855355978,
      0.9368745684623718
    ],
    [
      0.6585919260978699,
      0.22485283017158508,
      0.11655517667531967
    ],
    [
      0.06882047653198242,
      0.8273469805717468,
      0.10383257269859314
    ],
    [
      0.3000948131084442,
      0.5612891912460327,
      0.13861460983753204
    ],
    [
      0.2804793417453766,
      0.1889272928237915,
      0.5305930972099304
    ],
    [
      0.24869036674499512,
      0.07892164587974548,
      0.6723873615264893
    ],
    [
      0.2296276092529297,
      0.5540831685066223,
      0.21628938615322113
    ],
    [
      0.9042121171951294,
      0.029350830242037773,
      0.06643571704626083
    ],
    [
      0.2677096128463745,
      0.7036944031715393,
      0.028595956042408943
    ],
    [
      0.20591184496879578,
      0.6465582847595215,
      0.14752988517284393
    ],
    [
      0.08404537290334702,
      0.08585653454065323,
      0.8300970196723938
    ],
    [
      0.02688007429242134,
      0.21931713819503784,
      0.753802478313446
    ],
    [
      0.2743664085865021,
      0.5127478241920471,
      0.21288582682609558
    ],
    [
      0.047595251351594925,
      0.8333035707473755,
      0.1191004067659378
    ],
    [
      0.1068824902176857,
      0.8351367115974426,
      0.05798085406422615
    ]
  ],