{
  "N": 112800,
  "usage": [
    0.3063984811306,
    0.43255001306533813,
    0.2610515356063843
  ],
  "entropy_mean": 0.6210004091262817,
  "entropy_std": 0.2831296920776367,
  "top1_share": [
    0.30178192257881165,
    0.4424999952316284,
    0.25571808218955994
  ],
  "P_expert_given_class": [
    [
      0.3998168110847473,
      0.13446064293384552,
      0.4657227694988251
    ],
    [
      0.02046988531947136,
      0.9474669098854065,
      0.03206366300582886
    ],
    [
      0.40951165556907654,
      0.47176143527030945,
      0.11872643977403641
    ],
    [
      0.21618296205997467,
      0.7598069906234741,
      0.024009665474295616
    ],
    [
      0.06575628370046616,
      0.6870272159576416,
      0.2472170740365982
    ],
    [
      0.3478928506374359,
      0.5531823039054871,
      0.098924420773983
    ],
    [
      0.4597562551498413,
      0.0715896263718605,
      0.46865418553352356
    ],
    [
      0.023313146084547043,
      0.907838761806488,
      0.0688471794128418
    ],
    [
      0.7054805755615234,
      0.25556427240371704,
      0.03895551338791847
    ],
    [
      0.05447771027684212,
      0.7639371752738953,
      0.18158453702926636
    ],
    [
      0.2290952056646347,
      0.5299981832504272,
      0.2409069538116455
    ],
    [
      0.8555997610092163,
      0.0769132599234581,
      0.0674869567155838
    ],
    [
      0.4725932776927948,
      0.2862410545349121,
      0.2411661297082901
    ],
    [
      0.505710780620575,
      0.17338618636131287,
      0.32090404629707336
    ],
    [
      0.7889225482940674,
      0.18093639612197876,
      0.03014151193201542
    ],
    [
      0.35747504234313965,
      0.6110749840736389,
      0.03145001456141472
    ],
    [
      0.6392084360122681,
      0.21447992324829102,
      0.14631186425685883
    ],
    [
      0.0446900799870491,
      0.27900099754333496,
      0.6763080358505249
    ],
    [
      0.03698254004120827,
      0.9200723171234131,
      0.04294458031654358
    ],
    [
      0.0682954490184784,
      0.8661664724349976,
      0.06553757935762405
    ],
    [
      0.7186112403869629,
      0.05248663201928139,
      0.22890238463878632
    ],
    [
      0.05511843413114548,
      0.7696073651313782,
      0.1752735823392868
    ],
    [
      0.03711467608809471,
      0.051942985504865646,
      0.9109415411949158
    ],
    [
      0.09133893996477127,
      0.08388703316450119,
      0.8247743248939514
    ],
    [
      0.36263376474380493,
      0.13971906900405884,
      0.497646689414978
    ],
    [
      0.6755412220954895,
      0.2482011914253235,
      0.07625670731067657
    ],
    [
      0.749011218547821,
      0.11205912381410599,
      0.13892975449562073
    ],
    [
      0.8758141994476318,
      0.03905687481164932,
      0.08512920886278152
    ],
    [
      0.19598104059696198,
      0.7267947196960449,
      0.07722441852092743
    ],
    [
      0.014449117705225945,
      0.9764408469200134,
      0.00910749938338995
    ],
    [
      0.13210345804691315,
      0.15519684553146362,
      0.7126995325088501
    ],
    [
      0.057123757898807526,
      0.5438763499259949,
      0.39899954199790955
    ],
    [
      0.068588487803936,
      0.0371629074215889,
      0.8942485451698303
    ],
    [
      0.6402576565742493,
      0.26422932744026184,
      0.09551315754652023
    ],
    [
      0.06962510198354721,
      0.8329346179962158,
      0.09743928164243698
    ],
    [
      0.20335809886455536,
      0.6738466620445251,
      0.12279496341943741
    ],
    [
      0.32690903544425964,
      0.20558582246303558,
      0.4675051271915436
    ],
    [
      0.33804845809936523,
      0.07698345184326172,
      0.5849672555923462
    ],
    [
      0.26846230030059814,
      0.47003281116485596,
      0.26150569319725037
    ],
    [
      0.8470766544342041,
      0.070342056453228,
      0.08258089423179626
    ],
    [
      0.22857165336608887,
      0.7329022288322449,
      0.0385262705385685
    ],
    [
      0.19667285680770874,
      0.6693215370178223,
      0.13400577008724213
    ],
    [
      0.10497170686721802,
      0.13918647170066833,
      0.7558417916297913
    ],
    [
      0.04088003933429718,
      0.2968023121356964,
      0.66231769323349
    ],
    [
      0.22518214583396912,
      0.59245765209198,
      0.18235985934734344
    ],
    [
      0.07433712482452393,
      0.8341131806373596,
      0.09155046194791794
    ],
    [
      0.10171514749526978,
      0.8437706232070923,
      0.05451378971338272
    ]
  ],