{
  "N": 112800,
  "usage": [
    0.2958158254623413,
    0.4564743936061859,
    0.24770982563495636
  ],
  "entropy_mean": 0.6240530610084534,
  "entropy_std": 0.29246455430984497,
  "top1_share": [
    0.2958156168460846,
    0.46336880326271057,
    0.24081560969352722
  ],
  "P_expert_given_class": [
    [
      0.3933119475841522,
      0.16630735993385315,
      0.4403804540634155
    ],
    [
      0.015682995319366455,
      0.9525468945503235,
      0.03177077695727348
    ],
    [
      0.3888552486896515,
      0.4755297899246216,
      0.1356145739555359
    ],
    [
      0.16191041469573975,
      0.8190112709999084,
      0.019078707322478294
    ],
    [
      0.057590123265981674,
      0.7138871550559998,
      0.22852236032485962
    ],
    [
      0.3305293321609497,
      0.614146888256073,
      0.05532441288232803
    ],
    [
      0.4539857506752014,
      0.09460313618183136,
      0.4514107406139374
    ],
    [
      0.018034184351563454,
      0.9256443381309509,
      0.05632145702838898
    ],
    [
      0.7117408514022827,
      0.24509206414222717,
      0.04316643252968788
    ],
    [
      0.05760883912444115,
      0.7922051548957825,
      0.1501854807138443
    ],
    [
      0.21294233202934265,
      0.53825843334198,
      0.24879850447177887
    ],
    [
      0.8322499990463257,
      0.09054772555828094,
      0.07720233500003815
    ],
    [
      0.44096577167510986,
      0.3294055759906769,
      0.22962847352027893
    ],
    [
      0.4976685643196106,
      0.1843770146369934,
      0.3179543614387512
    ],
    [
      0.8249658346176147,
      0.1472049206495285,
      0.027829112485051155
    ],
    [
      0.31274864077568054,
      0.6557291150093079,
      0.031521763652563095
    ],
    [
      0.583777129650116,
      0.24325841665267944,
      0.17296451330184937
    ],
    [
      0.04556254297494888,
      0.3500412702560425,
      0.604396641254425
    ],
    [
      0.030747896060347557,
      0.9290748238563538,
      0.04017744958400726
    ],
    [
      0.05808888003230095,
      0.8928671479225159,
      0.04904406890273094
    ],
    [
      0.6917921900749207,
      0.06929658353328705,
      0.23891128599643707
    ],
    [
      0.05071118474006653,
      0.78462815284729,
      0.1646617352962494
    ],
    [
      0.04445800557732582,
      0.07237689197063446,
      0.8831643462181091
    ],
    [
      0.10948333889245987,
      0.08852741122245789,
      0.8019882440567017
    ],
    [
      0.36041459441185,
      0.19049610197544098,
      0.4490891098976135
    ],
    [
      0.6170505285263062,
      0.28960490226745605,
      0.09334459900856018
    ],
    [
      0.7083368897438049,
      0.13760057091712952,
      0.15406247973442078
    ],
    [
      0.8457313776016235,
      0.05887823924422264,
      0.09539057314395905
    ],
    [
      0.1920909881591797,
      0.7639771699905396,
      0.04393121972680092
    ],
    [
      0.012253482826054096,
      0.9824387431144714,
      0.005308217369019985
    ],
    [
      0.14929768443107605,
      0.18836623430252075,
      0.6623364686965942
    ],
    [
      0.05161149054765701,
      0.5893400311470032,
      0.35904979705810547
    ],
    [
      0.08673574775457382,
      0.04527196288108826,
      0.8679914474487305
    ],
    [
      0.656823992729187,
      0.2612922191619873,
      0.08188289403915405
    ],
    [
      0.05339047685265541,
      0.8682885766029358,
      0.07832091301679611
    ],
    [
      0.184045672416687,
      0.6962018609046936,
      0.11975213140249252
    ],
    [
      0.33900344371795654,
      0.24674583971500397,
      0.4142511487007141
    ],
    [
      0.3514159023761749,
      0.09280166029930115,
      0.5557828545570374
    ],
    [
      0.251107394695282,
      0.46472349762916565,
      0.2841690480709076
    ],
    [
      0.8241009712219238,
      0.0960562527179718,
      0.07984223961830139
    ],
    [
      0.1924869865179062,
      0.7690978646278381,
      0.03841488063335419
    ],
    [
      0.18221698701381683,
      0.6916421055793762,
      0.12614086270332336
    ],
    [
      0.09024080634117126,
      0.1878734529018402,
      0.7218844890594482
    ],
    [
      0.04362514987587929,
      0.3423835039138794,
      0.613991379737854
    ],
    [
      0.20109494030475616,
      0.6406099796295166,
      0.15829546749591827
    ],
    [
      0.08240439742803574,
      0.823754608631134,
      0.0938413068652153
    ],
    [
      0.10244625061750412,
      0.8522863984107971,
      0.04526747763156891
    ]
  ],