{
  "N": 112800,
  "usage": [
    0.30785495042800903,
    0.42621713876724243,
    0.2659279704093933
  ],
  "entropy_mean": 0.6048668026924133,
  "entropy_std": 0.28478047251701355,
  "top1_share": [
    0.29751771688461304,
    0.44188830256462097,
    0.260593980550766
  ],
  "P_expert_given_class": [
    [
      0.40050074458122253,
      0.11141841858625412,
      0.4880808889865875
    ],
    [
      0.017021238803863525,
      0.9468817114830017,
      0.036096129566431046
    ],
    [
      0.43201401829719543,
      0.44244375824928284,
      0.12554185092449188
    ],
    [
      0.22731976211071014,
      0.7476840615272522,
      0.02499544247984886
    ],
    [
      0.06849414855241776,
      0.712866485118866,
      0.21863988041877747
    ],
    [
      0.348940908908844,
      0.5358303785324097,
      0.11522933840751648
    ],
    [
      0.46672531962394714,
      0.06720180064439774,
      0.46607330441474915
    ],
    [
      0.02131948247551918,
      0.884552538394928,
      0.09412738680839539
    ],
    [
      0.7211844325065613,
      0.2434433549642563,
      0.035371944308280945
    ],
    [
      0.053574372082948685,
      0.7606879472732544,
      0.18573904037475586
    ],
    [
      0.21222248673439026,
      0.5496124029159546,
      0.23816576600074768
    ],
    [
      0.8792378902435303,
      0.06132478639483452,
      0.05943712219595909
    ],
    [
      0.4600364565849304,
      0.3055957555770874,
      0.23436777293682098
    ],
    [
      0.5158073902130127,
      0.14117848873138428,
      0.343014121055603
    ],
    [
      0.775240957736969,
      0.19945842027664185,
      0.02530091628432274
    ],
    [
      0.3682245910167694,
      0.6041112542152405,
      0.027663778513669968
    ],
    [
      0.6334806680679321,
      0.2237866222858429,
      0.14273282885551453
    ],
    [
      0.04112199693918228,
      0.22331848740577698,
      0.7355601787567139
    ],
    [
      0.03250511735677719,
      0.9209100604057312,
      0.04658500477671623
    ],
    [
      0.06357304006814957,
      0.862820565700531,
      0.07360641658306122
    ],
    [
      0.7276574969291687,
      0.05339517071843147,
      0.21894775331020355
    ],
    [
      0.05483253300189972,
      0.763702929019928,
      0.18146397173404694
    ],
    [
      0.03673689067363739,
      0.050185613334178925,
      0.9130759835243225
    ],
    [
      0.08682265132665634,
      0.07841753214597702,
      0.8347589373588562
    ],
    [
      0.3604777157306671,
      0.11111694574356079,
      0.5284059047698975
    ],
    [
      0.7228879332542419,
      0.2061983048915863,
      0.07091324776411057
    ],
    [
      0.7677938342094421,
      0.10245147347450256,
      0.12975375354290009
    ],
    [
      0.8977007269859314,
      0.029355335980653763,
      0.07294406741857529
    ],
    [
      0.1893806904554367,
      0.7286490797996521,
      0.0819709300994873
    ],
    [
      0.01374807395040989,
      0.977482795715332,
      0.008769113570451736
    ],
    [
      0.13319143652915955,
      0.1465163230895996,
      0.7202914357185364
    ],
    [
      0.0645543783903122,
      0.5538394451141357,
      0.38160619139671326
    ],
    [
      0.07060421258211136,
      0.0388270802795887,
      0.8905688524246216
    ],
    [
      0.6297452449798584,
      0.2752022445201874,
      0.09505235403776169
    ],
    [
      0.0610845647752285,
      0.8426879644393921,
      0.09622772783041
    ],
    [
      0.226589173078537,
      0.6546766757965088,
      0.11873485893011093
    ],
    [
      0.3089246451854706,
      0.19855456054210663,
      0.4925203323364258
    ],
    [
      0.30284515023231506,
      0.07324203103780746,
      0.6239129900932312
    ],
    [
      0.2471875697374344,
      0.48277685046195984,
      0.27003565430641174
    ],
    [
      0.8633888959884644,
      0.06130117550492287,
      0.07531022280454636
    ],
    [
      0.23101384937763214,
      0.7355982065200806,
      0.03338770940899849
    ],
    [
      0.20122087001800537,
      0.660820484161377,
      0.13795830309391022
    ],
    [
      0.1008642241358757,
      0.11513274163007736,
      0.7840032577514648
    ],
    [
      0.037728339433670044,
      0.2702794373035431,
      0.6919925212860107
    ],
    [
      0.23564201593399048,
      0.5758415460586548,
      0.18851613998413086
    ],
    [
      0.06591743975877762,
      0.8392879366874695,
      0.09479443728923798
    ],
    [
      0.092095285654068,
      0.8615367412567139,
      0.046368107199668884
    ]
  ],