{
  "N": 112800,
  "usage": [
    0.31199055910110474,
    0.40345698595046997,
    0.2845524847507477
  ],
  "entropy_mean": 0.5710008144378662,
  "entropy_std": 0.29257017374038696,
  "top1_share": [
    0.2969060242176056,
    0.42352837324142456,
    0.27956560254096985
  ],
  "P_expert_given_class": [
    [
      0.38295218348503113,
      0.0679294615983963,
      0.5491189360618591
    ],
    [
      0.010996101424098015,
      0.9610041379928589,
      0.027999041602015495
    ],
    [
      0.4549727439880371,
      0.42725294828414917,
      0.11777420341968536
    ],
    [
      0.2787979245185852,
      0.6939729452133179,
      0.027228934690356255
    ],
    [
      0.07044301927089691,
      0.724337637424469,
      0.20522017776966095
    ],
    [
      0.33337029814720154,
      0.4829602539539337,
      0.18366938829421997
    ],
    [
      0.46430113911628723,
      0.054626237601041794,
      0.4810734689235687
    ],
    [
      0.02002340741455555,
      0.8709620237350464,
      0.10901457816362381
    ],
    [
      0.7722653746604919,
      0.2003418654203415,
      0.027392815798521042
    ],
    [
      0.04183363541960716,
      0.7572579383850098,
      0.20090775191783905
    ],
    [
      0.20991311967372894,
      0.5060621500015259,
      0.2840249240398407
    ],
    [
      0.9045119285583496,
      0.03620469197630882,
      0.05928271636366844
    ],
    [
      0.460767924785614,
      0.2556662857532501,
      0.28356486558914185
    ],
    [
      0.4832894802093506,
      0.10933951288461685,
      0.40737184882164
    ],
    [
      0.7922459244728088,
      0.1923387348651886,
      0.015415506437420845
    ],
    [
      0.39744672179222107,
      0.5810816884040833,
      0.021471837535500526
    ],
    [
      0.7100446224212646,
      0.15691044926643372,
      0.13304464519023895
    ],
    [
      0.03044445440173149,
      0.21378132700920105,
      0.7557739615440369
    ],
    [
      0.02693195268511772,
      0.9366535544395447,
      0.03641266003251076
    ],
    [
      0.06627821177244186,
      0.8651952147483826,
      0.0685264840722084
    ],
    [
      0.6982552409172058,
      0.04016656056046486,
      0.2615790069103241
    ],
    [
      0.05391789227724075,
      0.7584044933319092,
      0.18767838180065155
    ],
    [
      0.03283971920609474,
      0.034244198352098465,
      0.9329149127006531
    ],
    [
      0.055233199149370193,
      0.054791100323200226,
      0.8899765014648438
    ],
    [
      0.3344087600708008,
      0.07439237833023071,
      0.5911992788314819
    ],
    [
      0.7788745164871216,
      0.15158341825008392,
      0.06954249739646912
    ],
    [
      0.8225795030593872,
      0.06184818223118782,
      0.11557212471961975
    ],
    [
      0.9269275665283203,
      0.014948630705475807,
      0.058123379945755005
    ],
    [
      0.15299932658672333,
      0.7223297357559204,
      0.12467141449451447
    ],
    [
      0.02187972329556942,
      0.9683162569999695,
      0.00980465766042471
    ],
    [
      0.10561824589967728,
      0.1200181320309639,
      0.7743630409240723
    ],
    [
      0.04261636734008789,
      0.4724697470664978,
      0.48491379618644714
    ],
    [
      0.04272189736366272,
      0.027788562700152397,
      0.929489016532898
    ],
    [
      0.6467430591583252,
      0.24936503171920776,
      0.10389167070388794
    ],
    [
      0.06370285153388977,
      0.8330588936805725,
      0.10323739051818848
    ],
    [
      0.28501009941101074,
      0.5753032565116882,
      0.13968738913536072
    ],
    [
      0.2861308157444,
      0.18621337413787842,
      0.5276558995246887
    ],
    [
      0.2583787441253662,
      0.07761555165052414,
      0.6640050411224365
    ],
    [
      0.22011224925518036,
      0.5524411797523499,
      0.22744689881801605
    ],
    [
      0.901438295841217,
      0.03690096363425255,
      0.06165936961770058
    ],
    [
      0.26313087344169617,
      0.7108463048934937,
      0.02602345496416092
    ],
    [
      0.19682861864566803,
      0.6584162712097168,
      0.14475572109222412
    ],
    [
      0.09786047786474228,
      0.09815052896738052,
      0.8039877414703369
    ],
    [
      0.031000524759292603,
      0.210591658949852,
      0.7584080696105957
    ],
    [
      0.26617881655693054,
      0.5244969725608826,
      0.20932427048683167
    ],
    [
      0.05586044490337372,
      0.8221794366836548,
      0.12195923924446106
    ],
    [
      0.11047482490539551,
      0.8317192792892456,
      0.05780594050884247
    ]
  ],