{
  "N": 112800,
  "usage": [
    0.30213209986686707,
    0.44677436351776123,
    0.2510935962200165
  ],
  "entropy_mean": 0.6284133791923523,
  "entropy_std": 0.2875500023365021,
  "top1_share": [
    0.30015072226524353,
    0.4551684260368347,
    0.24468085169792175
  ],
  "P_expert_given_class": [
    [
      0.3967292308807373,
      0.14963452517986298,
      0.45363572239875793
    ],
    [
      0.014365204609930515,
      0.9524848461151123,
      0.033150747418403625
    ],
    [
      0.40117576718330383,
      0.46844252943992615,
      0.13038192689418793
    ],
    [
      0.20144124329090118,
      0.779133677482605,
      0.01942499727010727
    ],
    [
      0.062066491693258286,
      0.7023137807846069,
      0.23561935126781464
    ],
    [
      0.3297090530395508,
      0.5929821133613586,
      0.07730906456708908
    ],
    [
      0.47905340790748596,
      0.08825607597827911,
      0.4326910376548767
    ],
    [
      0.02112036943435669,
      0.9129796624183655,
      0.06589901447296143
    ],
    [
      0.7140647172927856,
      0.24511808156967163,
      0.04081663489341736
    ],
    [
      0.061294566839933395,
      0.7697392106056213,
      0.1689652055501938
    ],
    [
      0.2242564707994461,
      0.5338616371154785,
      0.24188107252120972
    ],
    [
      0.847369372844696,
      0.08419281989336014,
      0.06843767315149307
    ],
    [
      0.4491958022117615,
      0.30769288539886475,
      0.2431122064590454
    ],
    [
      0.5144446492195129,
      0.18869054317474365,
      0.29686447978019714
    ],
    [
      0.801954984664917,
      0.1650770902633667,
      0.03296777233481407
    ],
    [
      0.3330323100090027,
      0.628447949886322,
      0.03852057456970215
    ],
    [
      0.622360110282898,
      0.22491320967674255,
      0.15272659063339233
    ],
    [
      0.046810612082481384,
      0.34021487832069397,
      0.6129743456840515
    ],
    [
      0.02872396819293499,
      0.9291134476661682,
      0.04216247424483299
    ],
    [
      0.06636680662631989,
      0.8804971575737,
      0.05313605070114136
    ],
    [
      0.7038818597793579,
      0.06673901528120041,
      0.22937864065170288
    ],
    [
      0.05179838091135025,
      0.7835151553153992,
      0.16468584537506104
    ],
    [
      0.04132753238081932,
      0.06066304072737694,
      0.8980100750923157
    ],
    [
      0.09431282430887222,
      0.08665698766708374,
      0.8190296292304993
    ],
    [
      0.36019808053970337,
      0.16800089180469513,
      0.47180110216140747
    ],
    [
      0.6321341395378113,
      0.28060659766197205,
      0.08725886046886444
    ],
    [
      0.7323471307754517,
      0.13273027539253235,
      0.13492313027381897
    ],
    [
      0.8566713333129883,
      0.05211161449551582,
      0.09121689200401306
    ],
    [
      0.1840142011642456,
      0.7571461796760559,
      0.05883977934718132
    ],
    [
      0.013613106682896614,
      0.9786328077316284,
      0.007753584533929825
    ],
    [
      0.15161211788654327,
      0.17709881067276,
      0.6712892055511475
    ],
    [
      0.060929108411073685,
      0.5664563775062561,
      0.3726147413253784
    ],
    [
      0.08537081629037857,
      0.041310299187898636,
      0.8733196258544922
    ],
    [
      0.6445778608322144,
      0.2699441611766815,
      0.08547855913639069
    ],
    [
      0.06345590204000473,
      0.8509138822555542,
      0.0856301560997963
    ],
    [
      0.19351661205291748,
      0.6725336909294128,
      0.1339491754770279
    ],
    [
      0.3304885923862457,
      0.22972571849822998,
      0.4397861659526825
    ],
    [
      0.3580966293811798,
      0.08971185982227325,
      0.552191436290741
    ],
    [
      0.2696518003940582,
      0.4767274558544159,
      0.25362101197242737
    ],
    [
      0.8209308385848999,
      0.08863049745559692,
      0.09043903648853302
    ],
    [
      0.20499955117702484,
      0.7490601539611816,
      0.045940857380628586
    ],
    [
      0.19605647027492523,
      0.6768911480903625,
      0.12705273926258087
    ],
    [
      0.10102954506874084,
      0.17494304478168488,
      0.7240276336669922
    ],
    [
      0.04440915212035179,
      0.32879263162612915,
      0.6267980933189392
    ],
    [
      0.21492624282836914,
      0.6147534847259521,
      0.17032040655612946
    ],
    [
      0.07425612956285477,
      0.8298605680465698,
      0.0958833247423172
    ],
    [
      0.10006638616323471,
      0.8504523038864136,
      0.049482353031635284
    ]
  ],