{
  "N": 112800,
  "usage": [
    0.31196215748786926,
    0.41613441705703735,
    0.2719034254550934
  ],
  "entropy_mean": 0.5962543487548828,
  "entropy_std": 0.28640082478523254,
  "top1_share": [
    0.2990514039993286,
    0.4321897029876709,
    0.2687588632106781
  ],
  "P_expert_given_class": [
    [
      0.38146212697029114,
      0.10470059514045715,
      0.5138371586799622
    ],
    [
      0.014096247032284737,
      0.9436712861061096,
      0.04223345220088959
    ],
    [
      0.4445173144340515,
      0.43983694911003113,
      0.11564582586288452
    ],
    [
      0.23830579221248627,
      0.7405003905296326,
      0.0211937353014946
    ],
    [
      0.06974932551383972,
      0.7137987613677979,
      0.2164510041475296
    ],
    [
      0.3640995919704437,
      0.5056109428405762,
      0.13028958439826965
    ],
    [
      0.4766835570335388,
      0.060129400342702866,
      0.4631860852241516
    ],
    [
      0.017924394458532333,
      0.8856663107872009,
      0.09640981256961823
    ],
    [
      0.7603998184204102,
      0.21066038310527802,
      0.028939263895154
    ],
    [
      0.04797342047095299,
      0.7565406560897827,
      0.19548608362674713
    ],
    [
      0.2313908189535141,
      0.5183104276657104,
      0.25029900670051575
    ],
    [
      0.9025619626045227,
      0.04524264112114906,
      0.052194949239492416
    ],
    [
      0.4256718158721924,
      0.2835162580013275,
      0.2908116579055786
    ],
    [
      0.5169848203659058,
      0.12494232505559921,
      0.3580723702907562
    ],
    [
      0.7907140254974365,
      0.18214187026023865,
      0.0271444134414196
    ],
    [
      0.3818861246109009,
      0.5888751149177551,
      0.02923957258462906
    ],
    [
      0.6510441899299622,
      0.2008955329656601,
      0.14806032180786133
    ],
    [
      0.03948035091161728,
      0.22938621044158936,
      0.7311339974403381
    ],
    [
      0.02941509336233139,
      0.9211525321006775,
      0.049432218074798584
    ],
    [
      0.06316033005714417,
      0.8538281321525574,
      0.08301131427288055
    ],
    [
      0.7388212084770203,
      0.03949339687824249,
      0.22168561816215515
    ],
    [
      0.054048094898462296,
      0.7521612048149109,
      0.1937917321920395
    ],
    [
      0.03505983576178551,
      0.05061466991901398,
      0.9143262505531311
    ],
    [
      0.07962755858898163,
      0.0777728408575058,
      0.8425989747047424
    ],
    [
      0.33921244740486145,
      0.10299647599458694,
      0.5577911734580994
    ],
    [
      0.7542723417282104,
      0.17251703143119812,
      0.07320986688137054
    ],
    [
      0.7814849615097046,
      0.08530662208795547,
      0.13320834934711456
    ],
    [
      0.9071013331413269,
      0.021044623106718063,
      0.07185406982898712
    ],
    [
      0.1771053671836853,
      0.7315990328788757,
      0.09129627048969269
    ],
    [
      0.015327896922826767,
      0.9730944633483887,
      0.011577887460589409
    ],
    [
      0.11941314488649368,
      0.14285343885421753,
      0.7377328276634216
    ],
    [
      0.05976365506649017,
      0.5235011577606201,
      0.4167352020740509
    ],
    [
      0.06107306107878685,
      0.03793368116021156,
      0.9009935259819031
    ],
    [
      0.661998987197876,
      0.23778533935546875,
      0.10021533817052841
    ],
    [
      0.06481888145208359,
      0.8304108381271362,
      0.10477103292942047
    ],
    [
      0.23551607131958008,
      0.6357572674751282,
      0.12872639298439026
    ],
    [
      0.29816940426826477,
      0.20315209031105042,
      0.49867889285087585
    ],
    [
      0.3210059404373169,
      0.06968842446804047,
      0.6093056201934814
    ],
    [
      0.25512415170669556,
      0.5030639171600342,
      0.2418118268251419
    ],
    [
      0.8782216310501099,
      0.05151195079088211,
      0.07026614993810654
    ],
    [
      0.23623064160346985,
      0.7296632528305054,
      0.034105632454156876
    ],
    [
      0.20409996807575226,
      0.6574434638023376,
      0.1384565681219101
    ],
    [
      0.1004580482840538,
      0.11734379082918167,
      0.7821981906890869
    ],
    [
      0.02903013490140438,
      0.2655593752861023,
      0.705410897731781
    ],
    [
      0.2499718964099884,
      0.5530856251716614,
      0.19694271683692932
    ],
    [
      0.061547718942165375,
      0.8349549174308777,
      0.10349690914154053
    ],
    [
      0.09619669616222382,
      0.848605215549469,
      0.05519840866327286
    ]
  ],