{
  "N": 112800,
  "usage": [
    0.3143819272518158,
    0.40313076972961426,
    0.28248730301856995
  ],
  "entropy_mean": 0.5738493800163269,
  "entropy_std": 0.2905426025390625,
  "top1_share": [
    0.2996276617050171,
    0.42156028747558594,
    0.278812050819397
  ],
  "P_expert_given_class": [
    [
      0.3759232461452484,
      0.08178383857011795,
      0.5422918200492859
    ],
    [
      0.009211977943778038,
      0.9524474143981934,
      0.03833920881152153
    ],
    [
      0.4446755051612854,
      0.443924218416214,
      0.1113998293876648
    ],
    [
      0.2785567343235016,
      0.695026695728302,
      0.026416931301355362
    ],
    [
      0.0842381939291954,
      0.7061638236045837,
      0.20960001647472382
    ],
    [
      0.37695494294166565,
      0.4589230418205261,
      0.16412244737148285
    ],
    [
      0.45605596899986267,
      0.050351012498140335,
      0.49359259009361267
    ],
    [
      0.020671838894486427,
      0.8771398663520813,
      0.10218753665685654
    ],
    [
      0.7783704400062561,
      0.1943417489528656,
      0.027286898344755173
    ],
    [
      0.04101502150297165,
      0.7588051557540894,
      0.20017988979816437
    ],
    [
      0.21972142159938812,
      0.5003471970558167,
      0.27993178367614746
    ],
    [
      0.9044743776321411,
      0.0371905118227005,
      0.05833500623703003
    ],
    [
      0.4367087781429291,
      0.26060229539871216,
      0.30268800258636475
    ],
    [
      0.46879342198371887,
      0.12730611860752106,
      0.4038999676704407
    ],
    [
      0.8128952383995056,
      0.17109210789203644,
      0.01601201295852661
    ],
    [
      0.41190215945243835,
      0.5645962953567505,
      0.02350146695971489
    ],
    [
      0.7000611424446106,
      0.1563497632741928,
      0.14358961582183838
    ],
    [
      0.030975889414548874,
      0.20826205611228943,
      0.7607624530792236
    ],
    [
      0.02533135563135147,
      0.932050347328186,
      0.042618803679943085
    ],
    [
      0.06359336525201797,
      0.8643956780433655,
      0.07201172411441803
    ],
    [
      0.7409888505935669,
      0.03334959223866463,
      0.22566236555576324
    ],
    [
      0.04955179989337921,
      0.7558597922325134,
      0.19458739459514618
    ],
    [
      0.034511417150497437,
      0.03970248997211456,
      0.9257858395576477
    ],
    [
      0.06253456324338913,
      0.0672253742814064,
      0.8702403903007507
    ],
    [
      0.32412901520729065,
      0.08562987297773361,
      0.590241014957428
    ],
    [
      0.7672373652458191,
      0.16234062612056732,
      0.07042192667722702
    ],
    [
      0.8140361309051514,
      0.0645623728632927,
      0.12140146642923355
    ],
    [
      0.9252830147743225,
      0.01260523870587349,
      0.06211286038160324
    ],
    [
      0.16761229932308197,
      0.7210261225700378,
      0.11136136204004288
    ],
    [
      0.01974489353597164,
      0.9712756276130676,
      0.008979273028671741
    ],
    [
      0.10845191776752472,
      0.12220972776412964,
      0.769338846206665
    ],
    [
      0.04324943199753761,
      0.46621596813201904,
      0.4905339479446411
    ],
    [
      0.046587347984313965,
      0.033541239798069,
      0.9198716282844543
    ],
    [
      0.6746776103973389,
      0.2396792620420456,
      0.08564292639493942
    ],
    [
      0.06598085910081863,
      0.827980637550354,
      0.1060379222035408
    ],
    [
      0.2785315215587616,
      0.5973716974258423,
      0.12409701943397522
    ],
    [
      0.2932341396808624,
      0.18202339112758636,
      0.5247423648834229
    ],
    [
      0.2599886655807495,
      0.07777322828769684,
      0.6622386574745178
    ],
    [
      0.23896099627017975,
      0.5380730628967285,
      0.22296635806560516
    ],
    [
      0.9033225774765015,
      0.03149621933698654,
      0.06518106907606125
    ],
    [
      0.26919275522232056,
      0.7009974718093872,
      0.029809650033712387
    ],
    [
      0.20061756670475006,
      0.6556425094604492,
      0.1437394767999649
    ],
    [
      0.08819735050201416,
      0.09260504692792892,
      0.8191970586776733
    ],
    [
      0.029312897473573685,
      0.23069654405117035,
      0.7399907112121582
    ],
    [
      0.2705945074558258,
      0.5245153307914734,
      0.2048901915550232
    ],
    [
      0.049867212772369385,
      0.8418087959289551,
      0.10832327604293823
    ],
    [
      0.10942108184099197,
      0.8298398852348328,
      0.06073908507823944
    ]
  ],