{
  "N": 112800,
  "usage": [
    0.3104352355003357,
    0.4018937647342682,
    0.2876709997653961
  ],
  "entropy_mean": 0.5714321136474609,
  "entropy_std": 0.294162392616272,
  "top1_share": [
    0.2988741099834442,
    0.4197872281074524,
    0.2813386619091034
  ],
  "P_expert_given_class": [
    [
      0.3703042268753052,
      0.07833205163478851,
      0.5513643622398376
    ],
    [
      0.009346229024231434,
      0.9610518217086792,
      0.02960234321653843
    ],
    [
      0.4460773169994354,
      0.42257028818130493,
      0.13135267794132233
    ],
    [
      0.2854365408420563,
      0.684566080570221,
      0.02999797835946083
    ],
    [
      0.06273328512907028,
      0.7435733675956726,
      0.19369354844093323
    ],
    [
      0.3712632358074188,
      0.44527867436408997,
      0.18345879018306732
    ],
    [
      0.47537052631378174,
      0.05340820178389549,
      0.4712209105491638
    ],
    [
      0.018871871754527092,
      0.8635873198509216,
      0.11754050850868225
    ],
    [
      0.7776244878768921,
      0.1968650370836258,
      0.02551083266735077
    ],
    [
      0.039288751780986786,
      0.7543151378631592,
      0.2063962072134018
    ],
    [
      0.20176111161708832,
      0.5082497596740723,
      0.2899881601333618
    ],
    [
      0.9065472483634949,
      0.03477759286761284,
      0.05867399275302887
    ],
    [
      0.43641072511672974,
      0.28248050808906555,
      0.2811085283756256
    ],
    [
      0.45659056305885315,
      0.12535089254379272,
      0.41805875301361084
    ],
    [
      0.7723681330680847,
      0.20908045768737793,
      0.018551599234342575
    ],
    [
      0.4085127115249634,
      0.5714235305786133,
      0.020063579082489014
    ],
    [
      0.7135058045387268,
      0.16170178353786469,
      0.12479349970817566
    ],
    [
      0.023252351209521294,
      0.1906079649925232,
      0.7861400842666626
    ],
    [
      0.026078615337610245,
      0.9374907612800598,
      0.036430902779102325
    ],
    [
      0.06331782788038254,
      0.8615183234214783,
      0.07516520470380783
    ],
    [
      0.706312894821167,
      0.03961440548300743,
      0.25407224893569946
    ],
    [
      0.05296231806278229,
      0.7601732611656189,
      0.18686388432979584
    ],
    [
      0.033138640224933624,
      0.037367090582847595,
      0.9294944405555725
    ],
    [
      0.04660976305603981,
      0.06258475035429001,
      0.8908052444458008
    ],
    [
      0.3214237093925476,
      0.07999417930841446,
      0.5985820293426514
    ],
    [
      0.7911803722381592,
      0.14271844923496246,
      0.06610133498907089
    ],
    [
      0.8193777203559875,
      0.06271378695964813,
      0.11790832877159119
    ],
    [
      0.9299018383026123,
      0.012436572462320328,
      0.057662542909383774
    ],
    [
      0.1730363816022873,
      0.694960355758667,
      0.1320038139820099
    ],
    [
      0.02207479067146778,
      0.9656216502189636,
      0.01230478473007679
    ],
    [
      0.0925009474158287,
      0.11560265719890594,
      0.7918958067893982
    ],
    [
      0.046497900038957596,
      0.44087132811546326,
      0.5126302242279053
    ],
    [
      0.03946132957935333,
      0.0305345319211483,
      0.9300029277801514
    ],
    [
      0.6407581567764282,
      0.2564777135848999,
      0.10276370495557785
    ],
    [
      0.06360867619514465,
      0.83478844165802,
      0.10160361230373383
    ],
    [
      0.2778354287147522,
      0.5628570318222046,
      0.15930770337581635
    ],
    [
      0.27925822138786316,
      0.18548308312892914,
      0.5352587699890137
    ],
    [
      0.2501092255115509,
      0.08278727531433105,
      0.6671033501625061
    ],
    [
      0.23203468322753906,
      0.5629076361656189,
      0.20505794882774353
    ],
    [
      0.8887465596199036,
      0.0337403379380703,
      0.07751385122537613
    ],
    [
      0.25864192843437195,
      0.7158724665641785,
      0.025485318154096603
    ],
    [
      0.19969815015792847,
      0.655945360660553,
      0.14435754716396332
    ],
    [
      0.09089424461126328,
      0.08368637412786484,
      0.8254193663597107
    ],
    [
      0.03306461498141289,
      0.21576938033103943,
      0.7511664628982544
    ],
    [
      0.27215349674224854,
      0.5148245096206665,
      0.21302126348018646
    ],
    [
      0.057227566838264465,
      0.8216002583503723,
      0.12117227911949158
    ],
    [
      0.10728529840707779,
      0.8308494687080383,
      0.06186496093869209
    ]
  ],