{
  "N": 112800,
  "usage": [
    0.29181280732154846,
    0.47921839356422424,
    0.22896872460842133
  ],
  "entropy_mean": 0.6319307088851929,
  "entropy_std": 0.3023204207420349,
  "top1_share": [
    0.2924645245075226,
    0.48914894461631775,
    0.21838653087615967
  ],
  "P_expert_given_class": [
    [
      0.3860693871974945,
      0.22234021127223969,
      0.3915902078151703
    ],
    [
      0.013486094772815704,
      0.9598997831344604,
      0.02661404199898243
    ],
    [
      0.3642299175262451,
      0.48930466175079346,
      0.1464657336473465
    ],
    [
      0.16235017776489258,
      0.8185868263244629,
      0.01906346157193184
    ],
    [
      0.056408584117889404,
      0.7717350125312805,
      0.17185698449611664
    ],
    [
      0.34404200315475464,
      0.6194952130317688,
      0.03646320477128029
    ],
    [
      0.44748473167419434,
      0.1184678003191948,
      0.4340471029281616
    ],
    [
      0.015028339810669422,
      0.9473152756690979,
      0.037657175213098526
    ],
    [
      0.6987457275390625,
      0.25200608372688293,
      0.049249086529016495
    ],
    [
      0.06875292956829071,
      0.8535052537918091,
      0.07774181663990021
    ],
    [
      0.21231764554977417,
      0.5736802220344543,
      0.2140026092529297
    ],
    [
      0.8004494905471802,
      0.11392965912818909,
      0.08562164753675461
    ],
    [
      0.4589495360851288,
      0.37174201011657715,
      0.16930855810642242
    ],
    [
      0.4676392674446106,
      0.20035496354103088,
      0.33200597763061523
    ],
    [
      0.8068990111351013,
      0.16944923996925354,
      0.023650886490941048
    ],
    [
      0.28174304962158203,
      0.6935561299324036,
      0.024700289592146873
    ],
    [
      0.5629161596298218,
      0.25715741515159607,
      0.179926797747612
    ],
    [
      0.06104153394699097,
      0.45365530252456665,
      0.48530375957489014
    ],
    [
      0.02962450683116913,
      0.9346367120742798,
      0.035739440470933914
    ],
    [
      0.07126957178115845,
      0.8813855051994324,
      0.04734521731734276
    ],
    [
      0.6902899742126465,
      0.08059179782867432,
      0.22911816835403442
    ],
    [
      0.043239664286375046,
      0.7888964414596558,
      0.16786445677280426
    ],
    [
      0.04633007198572159,
      0.09212133288383484,
      0.8615484833717346
    ],
    [
      0.10929086059331894,
      0.09083952754735947,
      0.7998687028884888
    ],
    [
      0.36360347270965576,
      0.2661777138710022,
      0.37021902203559875
    ],
    [
      0.5400696992874146,
      0.3622676730155945,
      0.09766267985105515
    ],
    [
      0.6852328777313232,
      0.17275063693523407,
      0.14201600849628448
    ],
    [
      0.8000984787940979,
      0.10272184759378433,
      0.09717970341444016
    ],
    [
      0.25409871339797974,
      0.7136105895042419,
      0.03229087218642235
    ],
    [
      0.010633212514221668,
      0.9848326444625854,
      0.004533478524535894
    ],
    [
      0.16838623583316803,
      0.20915651321411133,
      0.6224579811096191
    ],
    [
      0.10031532496213913,
      0.5482780337333679,
      0.35140669345855713
    ],
    [
      0.09133549779653549,
      0.048204269260168076,
      0.8604609966278076
    ],
    [
      0.6590985655784607,
      0.2626040279865265,
      0.07829781621694565
    ],
    [
      0.04955817759037018,
      0.8867477178573608,
      0.0636935755610466
    ],
    [
      0.1920374184846878,
      0.7019616365432739,
      0.10600041598081589
    ],
    [
      0.33586788177490234,
      0.30508551001548767,
      0.3590465486049652
    ],
    [
      0.3582918345928192,
      0.09610716998577118,
      0.5455999970436096
    ],
    [
      0.21874524652957916,
      0.4728027880191803,
      0.3084511160850525
    ],
    [
      0.7795121669769287,
      0.14193998277187347,
      0.07854856550693512
    ],
    [
      0.1820513904094696,
      0.7892836928367615,
      0.028665371239185333
    ],
    [
      0.1871819943189621,
      0.7179763913154602,
      0.09484097361564636
    ],
    [
      0.08019983768463135,
      0.20781759917736053,
      0.7119824886322021
    ],
    [
      0.0592925138771534,
      0.4193166494369507,
      0.5213900208473206
    ],
    [
      0.200700581073761,
      0.6912529468536377,
      0.10804622620344162
    ],
    [
      0.08919460326433182,
      0.816754937171936,
      0.09405158460140228
    ],
    [
      0.11110102385282516,
      0.850966215133667,
      0.03793251886963844
    ]
  ],