{
  "N": 112800,
  "usage": [
    0.317091703414917,
    0.40318939089775085,
    0.27971890568733215
  ],
  "entropy_mean": 0.5778912305831909,
  "entropy_std": 0.2892788052558899,
  "top1_share": [
    0.30535459518432617,
    0.4223049581050873,
    0.27234041690826416
  ],
  "P_expert_given_class": [
    [
      0.39016488194465637,
      0.07587363570928574,
      0.5339611172676086
    ],
    [
      0.010810483247041702,
      0.9501451849937439,
      0.03904430940747261
    ],
    [
      0.4584091305732727,
      0.42258918285369873,
      0.11900141090154648
    ],
    [
      0.28424134850502014,
      0.6904236078262329,
      0.02533475123345852
    ],
    [
      0.07507539540529251,
      0.7118133306503296,
      0.2131109982728958
    ],
    [
      0.39281752705574036,
      0.45444047451019287,
      0.15274138748645782
    ],
    [
      0.4761303663253784,
      0.046342913061380386,
      0.4775274097919464
    ],
    [
      0.02118726819753647,
      0.8633167743682861,
      0.11549719423055649
    ],
    [
      0.7833232283592224,
      0.18544615805149078,
      0.031230716034770012
    ],
    [
      0.04303232580423355,
      0.773986279964447,
      0.1829822063446045
    ],
    [
      0.211908221244812,
      0.5110630989074707,
      0.2770286500453949
    ],
    [
      0.9013753533363342,
      0.03724784031510353,
      0.06137712299823761
    ],
    [
      0.4578608274459839,
      0.2623037099838257,
      0.27983567118644714
    ],
    [
      0.499121755361557,
      0.12205809354782104,
      0.37881991267204285
    ],
    [
      0.7997449636459351,
      0.17791973054409027,
      0.022335577756166458
    ],
    [
      0.39886218309402466,
      0.5765063762664795,
      0.024632206186652184
    ],
    [
      0.6885209679603577,
      0.1712571531534195,
      0.140222430229187
    ],
    [
      0.031296588480472565,
      0.21077923476696014,
      0.7579240202903748
    ],
    [
      0.02595166489481926,
      0.9306629300117493,
      0.04338638484477997
    ],
    [
      0.06701460480690002,
      0.8525038361549377,
      0.08048118650913239
    ],
    [
      0.7316696643829346,
      0.03439677879214287,
      0.23393383622169495
    ],
    [
      0.05145737901329994,
      0.7535867094993591,
      0.1949559599161148
    ],
    [
      0.031202226877212524,
      0.04209194332361221,
      0.9267053008079529
    ],
    [
      0.06371524184942245,
      0.07020604610443115,
      0.8660784959793091
    ],
    [
      0.34580856561660767,
      0.07707873731851578,
      0.5771124958992004
    ],
    [
      0.7752492427825928,
      0.1523396223783493,
      0.07241129875183105
    ],
    [
      0.8045728206634521,
      0.06680954247713089,
      0.12861767411231995
    ],
    [
      0.9161745309829712,
      0.013814413920044899,
      0.07001113891601562
    ],
    [
      0.17770180106163025,
      0.7229577898979187,
      0.09934024512767792
    ],
    [
      0.02073906548321247,
      0.9672451615333557,
      0.01201461162418127
    ],
    [
      0.1160845160484314,
      0.12088952213525772,
      0.76302570104599
    ],
    [
      0.04565585032105446,
      0.5119242072105408,
      0.4424203634262085
    ],
    [
      0.05327843502163887,
      0.035262610763311386,
      0.9114582538604736
    ],
    [
      0.6654365062713623,
      0.2501432001590729,
      0.08442036062479019
    ],
    [
      0.06287486851215363,
      0.8266798257827759,
      0.11044540256261826
    ],
    [
      0.2810215353965759,
      0.5876331925392151,
      0.1313459277153015
    ],
    [
      0.30790087580680847,
      0.17604051530361176,
      0.516058623790741
    ],
    [
      0.286709189414978,
      0.06431331485509872,
      0.6489782929420471
    ],
    [
      0.25047019124031067,
      0.5113423466682434,
      0.23818735778331757
    ],
    [
      0.893970251083374,
      0.03472140431404114,
      0.07130936533212662
    ],
    [
      0.25673019886016846,
      0.7134817838668823,
      0.029788531363010406
    ],
    [
      0.20740556716918945,
      0.6534708142280579,
      0.13912333548069
    ],
    [
      0.09287525713443756,
      0.08659084886312485,
      0.8205344080924988
    ],
    [
      0.024380017071962357,
      0.2237928807735443,
      0.7518264055252075
    ],
    [
      0.2666088938713074,
      0.5378589630126953,
      0.1955326795578003
    ],
    [
      0.055990830063819885,
      0.8436785936355591,
      0.10033070296049118
    ],
    [
      0.10078093409538269,
      0.8448710441589355,
      0.05434824526309967
    ]
  ],