{
  "N": 112800,
  "usage": [
    0.3134981393814087,
    0.4048382341861725,
    0.28166359663009644
  ],
  "entropy_mean": 0.5772834420204163,
  "entropy_std": 0.29124635457992554,
  "top1_share": [
    0.3022429049015045,
    0.4234929084777832,
    0.2742641866207123
  ],
  "P_expert_given_class": [
    [
      0.3888235092163086,
      0.08418896794319153,
      0.526987612247467
    ],
    [
      0.011232608929276466,
      0.954136848449707,
      0.034629207104444504
    ],
    [
      0.4434587061405182,
      0.44269970059394836,
      0.11384136229753494
    ],
    [
      0.2886946499347687,
      0.6854423880577087,
      0.025862080976366997
    ],
    [
      0.08323004096746445,
      0.7071053385734558,
      0.20966415107250214
    ],
    [
      0.3677937984466553,
      0.46343812346458435,
      0.16876773536205292
    ],
    [
      0.469796746969223,
      0.04344402998685837,
      0.48675861954689026
    ],
    [
      0.019786788150668144,
      0.8811095356941223,
      0.09910441190004349
    ],
    [
      0.7708655595779419,
      0.1965717375278473,
      0.03256300464272499
    ],
    [
      0.0410890094935894,
      0.7702972292900085,
      0.18861296772956848
    ],
    [
      0.2235708087682724,
      0.5006266236305237,
      0.27580252289772034
    ],
    [
      0.8955960273742676,
      0.0365598164498806,
      0.06784328818321228
    ],
    [
      0.45628803968429565,
      0.24480842053890228,
      0.298904150724411
    ],
    [
      0.48223036527633667,
      0.12551066279411316,
      0.3922590911388397
    ],
    [
      0.8166821002960205,
      0.1613767445087433,
      0.021940553560853004
    ],
    [
      0.40509268641471863,
      0.5691238641738892,
      0.025782974436879158
    ],
    [
      0.6973878145217896,
      0.15462136268615723,
      0.1479916274547577
    ],
    [
      0.030500123277306557,
      0.2086704820394516,
      0.7608304023742676
    ],
    [
      0.026198610663414,
      0.9347057938575745,
      0.03909602016210556
    ],
    [
      0.06470635533332825,
      0.863498330116272,
      0.07179474085569382
    ],
    [
      0.7057194113731384,
      0.03609851375222206,
      0.2581823170185089
    ],
    [
      0.05057990550994873,
      0.7568109035491943,
      0.19260941445827484
    ],
    [
      0.03795681521296501,
      0.041614849120378494,
      0.9204269647598267
    ],
    [
      0.06459909677505493,
      0.06809629499912262,
      0.8673042058944702
    ],
    [
      0.334888219833374,
      0.08424187451601028,
      0.5808700919151306
    ],
    [
      0.7632776498794556,
      0.16022063791751862,
      0.07650212943553925
    ],
    [
      0.8030572533607483,
      0.0709756463766098,
      0.12596666812896729
    ],
    [
      0.912513017654419,
      0.01427497062832117,
      0.07321231067180634
    ],
    [
      0.16034699976444244,
      0.7292817831039429,
      0.11037173867225647
    ],
    [
      0.019252080470323563,
      0.9722751975059509,
      0.008474372327327728
    ],
    [
      0.10665897279977798,
      0.119803786277771,
      0.773537814617157
    ],
    [
      0.05168471857905388,
      0.4776982069015503,
      0.4706166982650757
    ],
    [
      0.04887247830629349,
      0.03294307366013527,
      0.9181849360466003
    ],
    [
      0.635502278804779,
      0.2759908437728882,
      0.08850640058517456
    ],
    [
      0.06514829397201538,
      0.831676185131073,
      0.10317573696374893
    ],
    [
      0.2652896046638489,
      0.6060373187065125,
      0.12867318093776703
    ],
    [
      0.2997475266456604,
      0.1869633048772812,
      0.5132890939712524
    ],
    [
      0.27668485045433044,
      0.06262225657701492,
      0.6606935262680054
    ],
    [
      0.24315111339092255,
      0.5319150686264038,
      0.22493435442447662
    ],
    [
      0.8915271162986755,
      0.0329560786485672,
      0.07551675289869308
    ],
    [
      0.2611342668533325,
      0.7091789245605469,
      0.029686778783798218
    ],
    [
      0.20662562549114227,
      0.6575955152511597,
      0.1357785165309906
    ],
    [
      0.08638102561235428,
      0.08640046417713165,
      0.8272173404693604
    ],
    [
      0.029287388548254967,
      0.24095171689987183,
      0.7297614812850952
    ],
    [
      0.26605212688446045,
      0.5322274565696716,
      0.20172035694122314
    ],
    [
      0.05664963275194168,
      0.8381675481796265,
      0.10518228262662888
    ],
    [
      0.1087978258728981,
      0.8424455523490906,
      0.04875793308019638
    ]
  ],