{
  "N": 112800,
  "usage": [
    0.2956591546535492,
    0.46210622787475586,
    0.24223461747169495
  ],
  "entropy_mean": 0.6239444613456726,
  "entropy_std": 0.2943876385688782,
  "top1_share": [
    0.2935461103916168,
    0.4712943136692047,
    0.23515957593917847
  ],
  "P_expert_given_class": [
    [
      0.3914310336112976,
      0.1788151115179062,
      0.4297536313533783
    ],
    [
      0.017516301944851875,
      0.9515873193740845,
      0.03089604340493679
    ],
    [
      0.37544023990631104,
      0.48792189359664917,
      0.13663819432258606
    ],
    [
      0.1644761562347412,
      0.8187117576599121,
      0.01681157574057579
    ],
    [
      0.05472247302532196,
      0.7274911999702454,
      0.21778646111488342
    ],
    [
      0.3217508792877197,
      0.6331928372383118,
      0.04505665972828865
    ],
    [
      0.45586612820625305,
      0.10126122087240219,
      0.4428730309009552
    ],
    [
      0.018197759985923767,
      0.9295798540115356,
      0.0522218681871891
    ],
    [
      0.7124063372612,
      0.2447524517774582,
      0.04284185916185379
    ],
    [
      0.06591382622718811,
      0.814902663230896,
      0.11918456107378006
    ],
    [
      0.21585766971111298,
      0.5358375310897827,
      0.24830494821071625
    ],
    [
      0.8291990756988525,
      0.09478170424699783,
      0.07601923495531082
    ],
    [
      0.44993123412132263,
      0.3361913859844208,
      0.21387751400470734
    ],
    [
      0.4826281666755676,
      0.18938025832176208,
      0.3279915153980255
    ],
    [
      0.8222444653511047,
      0.15034030377864838,
      0.027415843680500984
    ],
    [
      0.29721635580062866,
      0.6736966967582703,
      0.029086334630846977
    ],
    [
      0.5659384727478027,
      0.25654467940330505,
      0.1775168478488922
    ],
    [
      0.05086241662502289,
      0.37190645933151245,
      0.5772312879562378
    ],
    [
      0.03233885020017624,
      0.9274882078170776,
      0.04017338529229164
    ],
    [
      0.0703950896859169,
      0.8795158863067627,
      0.05008910968899727
    ],
    [
      0.7176259756088257,
      0.06603708863258362,
      0.2163359373807907
    ],
    [
      0.05087031051516533,
      0.7747346758842468,
      0.17439496517181396
    ],
    [
      0.04477694630622864,
      0.0705142617225647,
      0.8847083449363708
    ],
    [
      0.11662648618221283,
      0.08386067301034927,
      0.7995125651359558
    ],
    [
      0.36269524693489075,
      0.2125454545021057,
      0.4247593581676483
    ],
    [
      0.5742062926292419,
      0.32825326919555664,
      0.09754011780023575
    ],
    [
      0.7092479467391968,
      0.14697885513305664,
      0.1437726467847824
    ],
    [
      0.8360001444816589,
      0.06698872148990631,
      0.09701094776391983
    ],
    [
      0.2035531997680664,
      0.7582625150680542,
      0.03818495571613312
    ],
    [
      0.012324726209044456,
      0.9822357296943665,
      0.0054408288560807705
    ],
    [
      0.16582366824150085,
      0.1954735517501831,
      0.6387025713920593
    ],
    [
      0.06582309305667877,
      0.596591591835022,
      0.33758407831192017
    ],
    [
      0.09495043009519577,
      0.04285446181893349,
      0.8621958494186401
    ],
    [
      0.666227400302887,
      0.26219967007637024,
      0.07157368957996368
    ],
    [
      0.054141853004693985,
      0.8753049969673157,
      0.07055308669805527
    ],
    [
      0.1856231689453125,
      0.6994335055351257,
      0.11494199186563492
    ],
    [
      0.34233683347702026,
      0.2601090371608734,
      0.3975543677806854
    ],
    [
      0.35630956292152405,
      0.08829626441001892,
      0.5553936958312988
    ],
    [
      0.23614193499088287,
      0.46236613392829895,
      0.3014914095401764
    ],
    [
      0.8103376626968384,
      0.10681738704442978,
      0.0828460082411766
    ],
    [
      0.18902644515037537,
      0.7749212384223938,
      0.0360523946583271
    ],
    [
      0.18696996569633484,
      0.7020567059516907,
      0.11097285151481628
    ],
    [
      0.07491804659366608,
      0.18053556978702545,
      0.7445468902587891
    ],
    [
      0.04782258719205856,
      0.3519212305545807,
      0.60025554895401
    ],
    [
      0.20315764844417572,
      0.6595550775527954,
      0.13728691637516022
    ],
    [
      0.08287317305803299,
      0.8232947587966919,
      0.09383216500282288
    ],
    [
      0.11123815178871155,
      0.8429529070854187,
      0.04580988362431526
    ]
  ],