{
  "N": 112800,
  "usage": [
    0.29945918917655945,
    0.4435886740684509,
    0.256952166557312
  ],
  "entropy_mean": 0.619515061378479,
  "entropy_std": 0.2879856526851654,
  "top1_share": [
    0.29408687353134155,
    0.45158687233924866,
    0.2543262541294098
  ],
  "P_expert_given_class": [
    [
      0.3916547894477844,
      0.13672231137752533,
      0.47162288427352905
    ],
    [
      0.013886640779674053,
      0.9519297480583191,
      0.034183718264102936
    ],
    [
      0.39837515354156494,
      0.4795502722263336,
      0.12207454442977905
    ],
    [
      0.21093277633190155,
      0.7699999213218689,
      0.019067848101258278
    ],
    [
      0.05843285098671913,
      0.7053757309913635,
      0.23619188368320465
    ],
    [
      0.33285531401634216,
      0.5880394577980042,
      0.07910532504320145
    ],
    [
      0.4535656273365021,
      0.08390605449676514,
      0.4625282287597656
    ],
    [
      0.019958125427365303,
      0.9138619899749756,
      0.06618121266365051
    ],
    [
      0.699679434299469,
      0.2652517557144165,
      0.03506956249475479
    ],
    [
      0.05386477708816528,
      0.7793960571289062,
      0.1667392998933792
    ],
    [
      0.2268565148115158,
      0.5284358263015747,
      0.24470853805541992
    ],
    [
      0.8510944843292236,
      0.08250300586223602,
      0.06640356779098511
    ],
    [
      0.43990951776504517,
      0.29782599210739136,
      0.26226481795310974
    ],
    [
      0.5119865536689758,
      0.17001597583293915,
      0.3179973363876343
    ],
    [
      0.7780593633651733,
      0.19386646151542664,
      0.028074322268366814
    ],
    [
      0.3383280038833618,
      0.6288726925849915,
      0.03279921039938927
    ],
    [
      0.6119961142539978,
      0.22765220701694489,
      0.1603509932756424
    ],
    [
      0.04642611742019653,
      0.2980530560016632,
      0.6555212736129761
    ],
    [
      0.02872006967663765,
      0.9245415329933167,
      0.04673923924565315
    ],
    [
      0.06116652861237526,
      0.8780221343040466,
      0.060811176896095276
    ],
    [
      0.6922559142112732,
      0.06157756224274635,
      0.2461661845445633
    ],
    [
      0.049874115735292435,
      0.7707105278968811,
      0.17941610515117645
    ],
    [
      0.040098637342453,
      0.055228717625141144,
      0.9046724438667297
    ],
    [
      0.09709178656339645,
      0.08406150341033936,
      0.8188462853431702
    ],
    [
      0.36015066504478455,
      0.15069904923439026,
      0.48915109038352966
    ],
    [
      0.6633214950561523,
      0.26189547777175903,
      0.07478392869234085
    ],
    [
      0.737567126750946,
      0.12479967623949051,
      0.13763295114040375
    ],
    [
      0.8653854131698608,
      0.048114798963069916,
      0.08649969846010208
    ],
    [
      0.1865072399377823,
      0.7497179508209229,
      0.06377413868904114
    ],
    [
      0.011569286696612835,
      0.9817193746566772,
      0.00671179685741663
    ],
    [
      0.14124271273612976,
      0.16933892667293549,
      0.689418375492096
    ],
    [
      0.05081537365913391,
      0.5601484179496765,
      0.38903647661209106
    ],
    [
      0.08067189902067184,
      0.036615755409002304,
      0.882712185382843
    ],
    [
      0.6445487141609192,
      0.26135143637657166,
      0.09409978985786438
    ],
    [
      0.06087440624833107,
      0.851088285446167,
      0.08803737908601761
    ],
    [
      0.19863441586494446,
      0.6812102198600769,
      0.12015505135059357
    ],
    [
      0.32791218161582947,
      0.2288953959941864,
      0.4431912302970886
    ],
    [
      0.3433386981487274,
      0.0843099057674408,
      0.5723515152931213
    ],
    [
      0.25282660126686096,
      0.4929063022136688,
      0.254267156124115
    ],
    [
      0.8324829339981079,
      0.08663329482078552,
      0.08088444173336029
    ],
    [
      0.20615389943122864,
      0.7530320286750793,
      0.04081391170620918
    ],
    [
      0.19105376303195953,
      0.6800053715705872,
      0.12894077599048615
    ],
    [
      0.10003923624753952,
      0.14984771609306335,
      0.7501127123832703
    ],
    [
      0.03908812627196312,
      0.30705857276916504,
      0.6538535356521606
    ],
    [
      0.21108707785606384,
      0.6192144155502319,
      0.1696987748146057
    ],
    [
      0.07013364136219025,
      0.8348920941352844,
      0.09497389197349548
    ],
    [
      0.0921083614230156,
      0.8597759008407593,
      0.048115428537130356
    ]
  ],