{
  "N": 112800,
  "usage": [
    0.30328384041786194,
    0.43296539783477783,
    0.26375076174736023
  ],
  "entropy_mean": 0.6168599128723145,
  "entropy_std": 0.28597429394721985,
  "top1_share": [
    0.29326242208480835,
    0.4452127516269684,
    0.26152482628822327
  ],
  "P_expert_given_class": [
    [
      0.38462746143341064,
      0.12692326307296753,
      0.4884501099586487
    ],
    [
      0.0167440976947546,
      0.9486481547355652,
      0.034607671201229095
    ],
    [
      0.40217581391334534,
      0.46496567130088806,
      0.13285812735557556
    ],
    [
      0.21255987882614136,
      0.7632109522819519,
      0.024229586124420166
    ],
    [
      0.06915489584207535,
      0.702257513999939,
      0.2285875380039215
    ],
    [
      0.363852322101593,
      0.5336140394210815,
      0.10253341495990753
    ],
    [
      0.4477158188819885,
      0.08049210160970688,
      0.47179126739501953
    ],
    [
      0.020972872152924538,
      0.9018447995185852,
      0.07718165218830109
    ],
    [
      0.7066700458526611,
      0.25739213824272156,
      0.03593863174319267
    ],
    [
      0.05536455661058426,
      0.7582149505615234,
      0.18642008304595947
    ],
    [
      0.22324220836162567,
      0.5374709963798523,
      0.2392861694097519
    ],
    [
      0.8670673370361328,
      0.06603489816188812,
      0.06689760833978653
    ],
    [
      0.44839370250701904,
      0.2966989576816559,
      0.25490665435791016
    ],
    [
      0.4950813949108124,
      0.1501530408859253,
      0.3547665774822235
    ],
    [
      0.7661314606666565,
      0.20443031191825867,
      0.029438912868499756
    ],
    [
      0.35491621494293213,
      0.6142484545707703,
      0.03083568625152111
    ],
    [
      0.6266511678695679,
      0.2270849049091339,
      0.14626406133174896
    ],
    [
      0.04587187245488167,
      0.24663202464580536,
      0.7074966430664062
    ],
    [
      0.03189503401517868,
      0.9219508767127991,
      0.04615491256117821
    ],
    [
      0.06831567734479904,
      0.8624407052993774,
      0.06924386322498322
    ],
    [
      0.730472981929779,
      0.05307575687766075,
      0.2164515107870102
    ],
    [
      0.054558753967285156,
      0.767758309841156,
      0.17768356204032898
    ],
    [
      0.03517819568514824,
      0.05302835628390312,
      0.9117931127548218
    ],
    [
      0.08884056657552719,
      0.08463137596845627,
      0.8265290260314941
    ],
    [
      0.3504088222980499,
      0.13156504929065704,
      0.5180256366729736
    ],
    [
      0.7025413513183594,
      0.22355695068836212,
      0.07390196621417999
    ],
    [
      0.7452279925346375,
      0.11268629878759384,
      0.14208607375621796
    ],
    [
      0.8873795866966248,
      0.03274126723408699,
      0.07987839728593826
    ],
    [
      0.20313794910907745,
      0.7206738591194153,
      0.07618787884712219
    ],
    [
      0.01346270740032196,
      0.9776807427406311,
      0.008857729844748974
    ],
    [
      0.13807298243045807,
      0.15824009478092194,
      0.7036876678466797
    ],
    [
      0.05587702617049217,
      0.5615968108177185,
      0.38252609968185425
    ],
    [
      0.070134237408638,
      0.041113365441560745,
      0.8887527585029602
    ],
    [
      0.635181725025177,
      0.2620040476322174,
      0.10281462967395782
    ],
    [
      0.0659194141626358,
      0.843608558177948,
      0.09047240018844604
    ],
    [
      0.19739177823066711,
      0.6731548309326172,
      0.12945379316806793
    ],
    [
      0.30402520298957825,
      0.2151641845703125,
      0.4808100461959839
    ],
    [
      0.32403096556663513,
      0.08269692212343216,
      0.59327232837677
    ],
    [
      0.24519847333431244,
      0.5030704140663147,
      0.2517312467098236
    ],
    [
      0.8452253341674805,
      0.07261110842227936,
      0.0821634903550148
    ],
    [
      0.22443142533302307,
      0.7380085587501526,
      0.037559930235147476
    ],
    [
      0.20172443985939026,
      0.6655247211456299,
      0.13275055587291718
    ],
    [
      0.10770668089389801,
      0.13447526097297668,
      0.7578182220458984
    ],
    [
      0.03494274616241455,
      0.28954559564590454,
      0.6755118370056152
    ],
    [
      0.2268630415201187,
      0.5856496691703796,
      0.1874879151582718
    ],
    [
      0.06648902595043182,
      0.842509925365448,
      0.09100139141082764
    ],
    [
      0.092514768242836,
      0.8582959175109863,
      0.04918886721134186
    ]
  ],