{
  "N": 112800,
  "usage": [
    0.2775128483772278,
    0.5194340944290161,
    0.20305310189723969
  ],
  "entropy_mean": 0.6287827491760254,
  "entropy_std": 0.31223800778388977,
  "top1_share": [
    0.27918440103530884,
    0.5368351340293884,
    0.18398049473762512
  ],
  "P_expert_given_class": [
    [
      0.35722845792770386,
      0.2793203592300415,
      0.3634512722492218
    ],
    [
      0.011795766651630402,
      0.9702767133712769,
      0.017927492037415504
    ],
    [
      0.3168362081050873,
      0.5484502911567688,
      0.13471315801143646
    ],
    [
      0.1307397484779358,
      0.8523935675621033,
      0.016865866258740425
    ],
    [
      0.04914548993110657,
      0.840045154094696,
      0.11080959439277649
    ],
    [
      0.3604448139667511,
      0.6121115684509277,
      0.027442634105682373
    ],
    [
      0.4494212865829468,
      0.16388720273971558,
      0.3866916298866272
    ],
    [
      0.00951255764812231,
      0.9639458060264587,
      0.026541264727711678
    ],
    [
      0.6705639362335205,
      0.2780155837535858,
      0.05142134428024292
    ],
    [
      0.06168871745467186,
      0.8836590647697449,
      0.05465283244848251
    ],
    [
      0.184939906001091,
      0.6391928791999817,
      0.17586635053157806
    ],
    [
      0.7359932065010071,
      0.16975559294223785,
      0.09425174444913864
    ],
    [
      0.45600414276123047,
      0.40128663182258606,
      0.14270900189876556
    ],
    [
      0.43228551745414734,
      0.2390013188123703,
      0.3287126421928406
    ],
    [
      0.7444244623184204,
      0.2279309779405594,
      0.027644367888569832
    ],
    [
      0.23183801770210266,
      0.7459262609481812,
      0.0222354494035244
    ],
    [
      0.5594239830970764,
      0.2825060188770294,
      0.1580701321363449
    ],
    [
      0.06621742993593216,
      0.6293712854385376,
      0.30441153049468994
    ],
    [
      0.028795305639505386,
      0.9435104131698608,
      0.0276941005140543
    ],
    [
      0.06961434334516525,
      0.8748438358306885,
      0.055540744215250015
    ],
    [
      0.6863481402397156,
      0.10610873252153397,
      0.20754264295101166
    ],
    [
      0.04087518900632858,
      0.7994683384895325,
      0.1596570611000061
    ],
    [
      0.056656353175640106,
      0.14179390668869019,
      0.8015499114990234
    ],
    [
      0.13397987186908722,
      0.12124745547771454,
      0.7447724938392639
    ],
    [
      0.3410027027130127,
      0.3232336640357971,
      0.33576345443725586
    ],
    [
      0.4586836099624634,
      0.4479151964187622,
      0.09340130537748337
    ],
    [
      0.6501246690750122,
      0.21715229749679565,
      0.1327229142189026
    ],
    [
      0.7434050440788269,
      0.15341408550739288,
      0.1031811386346817
    ],
    [
      0.30976200103759766,
      0.6662363409996033,
      0.024000801146030426
    ],
    [
      0.007003506179898977,
      0.9881963133811951,
      0.004800272174179554
    ],
    [
      0.15515747666358948,
      0.27346545457839966,
      0.5713765621185303
    ],
    [
      0.09997005760669708,
      0.5854294896125793,
      0.3146005868911743
    ],
    [
      0.11436984688043594,
      0.07451542466878891,
      0.811115562915802
    ],
    [
      0.6442030072212219,
      0.2729473412036896,
      0.08284926414489746
    ],
    [
      0.03585751727223396,
      0.9117631912231445,
      0.052378468215465546
    ],
    [
      0.15806983411312103,
      0.7655315399169922,
      0.07639903575181961
    ],
    [
      0.3117882311344147,
      0.3696925938129425,
      0.3185197114944458
    ],
    [
      0.3763030767440796,
      0.1286807507276535,
      0.49501514434814453
    ],
    [
      0.1844230592250824,
      0.5459708571434021,
      0.2696061134338379
    ],
    [
      0.7494445443153381,
      0.1786125898361206,
      0.0719427615404129
    ],
    [
      0.16105471551418304,
      0.8135377764701843,
      0.02540726214647293
    ],
    [
      0.17040352523326874,
      0.7417363524436951,
      0.08785976469516754
    ],
    [
      0.10556038469076157,
      0.2572651505470276,
      0.637174129486084
    ],
    [
      0.069621242582798,
      0.5377038717269897,
      0.39267420768737793
    ],
    [
      0.17160969972610474,
      0.7375074625015259,
      0.09088310599327087
    ],
    [
      0.08566134423017502,
      0.8334740400314331,
      0.08086425811052322
    ],
    [
      0.094852015376091,
      0.8753619194030762,
      0.029785817489027977
    ]
  ],