{
  "N": 112800,
  "usage": [
    0.31612303853034973,
    0.4085189700126648,
    0.27535805106163025
  ],
  "entropy_mean": 0.5857529044151306,
  "entropy_std": 0.2893120050430298,
  "top1_share": [
    0.30457445979118347,
    0.4242021143436432,
    0.27122339606285095
  ],
  "P_expert_given_class": [
    [
      0.38844743371009827,
      0.08554468303918839,
      0.5260084271430969
    ],
    [
      0.012596306391060352,
      0.9489806294441223,
      0.03842320293188095
    ],
    [
      0.46277108788490295,
      0.41803663969039917,
      0.11919260770082474
    ],
    [
      0.2676941752433777,
      0.7100982666015625,
      0.02220703847706318
    ],
    [
      0.07570198178291321,
      0.7154396176338196,
      0.208858460187912
    ],
    [
      0.3885648846626282,
      0.47733062505722046,
      0.1341049075126648
    ],
    [
      0.46712106466293335,
      0.05230160057544708,
      0.4805767834186554
    ],
    [
      0.02024589665234089,
      0.8876604437828064,
      0.0920935794711113
    ],
    [
      0.7813719511032104,
      0.18781718611717224,
      0.030811596661806107
    ],
    [
      0.04412105306982994,
      0.7794753313064575,
      0.17640334367752075
    ],
    [
      0.21911966800689697,
      0.5072409510612488,
      0.27363836765289307
    ],
    [
      0.8986616134643555,
      0.0429515615105629,
      0.05838689208030701
    ],
    [
      0.44993704557418823,
      0.27224329113960266,
      0.2778204679489136
    ],
    [
      0.5085878968238831,
      0.13885541260242462,
      0.3525577783584595
    ],
    [
      0.8039973378181458,
      0.1765110194683075,
      0.019490759819746017
    ],
    [
      0.3988560736179352,
      0.5766242146492004,
      0.024519719183444977
    ],
    [
      0.6644938588142395,
      0.18575851619243622,
      0.14974753558635712
    ],
    [
      0.03652367368340492,
      0.2173420935869217,
      0.7461338043212891
    ],
    [
      0.027631660923361778,
      0.9244416356086731,
      0.04792739078402519
    ],
    [
      0.06635336577892303,
      0.8518153429031372,
      0.0818319320678711
    ],
    [
      0.7391960024833679,
      0.03458639606833458,
      0.22621752321720123
    ],
    [
      0.05428178608417511,
      0.753510594367981,
      0.19220702350139618
    ],
    [
      0.03584253042936325,
      0.046150729060173035,
      0.9180064797401428
    ],
    [
      0.06573564559221268,
      0.07355982065200806,
      0.8607043623924255
    ],
    [
      0.33560845255851746,
      0.0898011326789856,
      0.5745906829833984
    ],
    [
      0.769203245639801,
      0.16576454043388367,
      0.06503211706876755
    ],
    [
      0.7869345545768738,
      0.07400743663311005,
      0.1390581876039505
    ],
    [
      0.9151549339294434,
      0.015835260972380638,
      0.06900985538959503
    ],
    [
      0.18708878755569458,
      0.7203980088233948,
      0.09251299500465393
    ],
    [
      0.0168955959379673,
      0.973349392414093,
      0.009755519218742847
    ],
    [
      0.11463373899459839,
      0.12925675511360168,
      0.7561094760894775
    ],
    [
      0.04853258281946182,
      0.4923827648162842,
      0.45908451080322266
    ],
    [
      0.055566273629665375,
      0.04062626510858536,
      0.9038084745407104
    ],
    [
      0.6677674651145935,
      0.2378215491771698,
      0.09441057592630386
    ],
    [
      0.05700391158461571,
      0.8386390209197998,
      0.10435737669467926
    ],
    [
      0.28041917085647583,
      0.6021565198898315,
      0.11742464452981949
    ],
    [
      0.29633012413978577,
      0.18830013275146484,
      0.5153694152832031
    ],
    [
      0.3013169467449188,
      0.06698083877563477,
      0.6317022442817688
    ],
    [
      0.24540700018405914,
      0.508152961730957,
      0.24644017219543457
    ],
    [
      0.8911876678466797,
      0.041806891560554504,
      0.06700636446475983
    ],
    [
      0.2502240240573883,
      0.7180984020233154,
      0.031676169484853745
    ],
    [
      0.20633944869041443,
      0.6546230316162109,
      0.1390373706817627
    ],
    [
      0.0998932272195816,
      0.10574068129062653,
      0.7943658232688904
    ],
    [
      0.02870696410536766,
      0.24997250735759735,
      0.721321165561676
    ],
    [
      0.2652885615825653,
      0.5420812964439392,
      0.19262994825839996
    ],
    [
      0.06133177503943443,
      0.8362434506416321,
      0.10242587327957153
    ],
    [
      0.09909376502037048,
      0.8440768718719482,
      0.056829534471035004
    ]
  ],