{
  "N": 112800,
  "usage": [
    0.31522271037101746,
    0.41340482234954834,
    0.2713724970817566
  ],
  "entropy_mean": 0.5825387239456177,
  "entropy_std": 0.28756463527679443,
  "top1_share": [
    0.3042641878128052,
    0.4295656085014343,
    0.2661702036857605
  ],
  "P_expert_given_class": [
    [
      0.38772717118263245,
      0.08700065314769745,
      0.5252721309661865
    ],
    [
      0.011738460510969162,
      0.9512001276016235,
      0.03706132248044014
    ],
    [
      0.4603772461414337,
      0.4210948944091797,
      0.11852752417325974
    ],
    [
      0.24896632134914398,
      0.7276777625083923,
      0.023355143144726753
    ],
    [
      0.07277753204107285,
      0.7167737483978271,
      0.21044892072677612
    ],
    [
      0.3627190589904785,
      0.5064067244529724,
      0.13087426126003265
    ],
    [
      0.49852609634399414,
      0.054862167686223984,
      0.44661128520965576
    ],
    [
      0.019386541098356247,
      0.8799331784248352,
      0.10068093240261078
    ],
    [
      0.7667524814605713,
      0.20326097309589386,
      0.029984937980771065
    ],
    [
      0.04640575498342514,
      0.7676019072532654,
      0.1859923005104065
    ],
    [
      0.2322608232498169,
      0.5377739071846008,
      0.22996602952480316
    ],
    [
      0.904937207698822,
      0.0436905212700367,
      0.05137278884649277
    ],
    [
      0.44148850440979004,
      0.28213295340538025,
      0.27637848258018494
    ],
    [
      0.4988589882850647,
      0.13359463214874268,
      0.3675472140312195
    ],
    [
      0.7966457009315491,
      0.18204918503761292,
      0.021305052563548088
    ],
    [
      0.38982024788856506,
      0.5860815644264221,
      0.024098671972751617
    ],
    [
      0.667563796043396,
      0.1943097561597824,
      0.1381269097328186
    ],
    [
      0.03638444468379021,
      0.22200042009353638,
      0.7416146397590637
    ],
    [
      0.026651663705706596,
      0.9278249144554138,
      0.04552411288022995
    ],
    [
      0.06452150642871857,
      0.8550155758857727,
      0.08046209812164307
    ],
    [
      0.754533052444458,
      0.0356266088783741,
      0.20984044671058655
    ],
    [
      0.05376999080181122,
      0.7593446373939514,
      0.186884805560112
    ],
    [
      0.03135443478822708,
      0.05200251191854477,
      0.916642427444458
    ],
    [
      0.07063694298267365,
      0.07675784081220627,
      0.8526048064231873
    ],
    [
      0.3369908034801483,
      0.08656612038612366,
      0.576442539691925
    ],
    [
      0.7594722509384155,
      0.1763370782136917,
      0.06419071555137634
    ],
    [
      0.7869448661804199,
      0.07394621521234512,
      0.1391095519065857
    ],
    [
      0.9164313673973083,
      0.017846589908003807,
      0.06572183221578598
    ],
    [
      0.17763780057430267,
      0.7344691753387451,
      0.08789299428462982
    ],
    [
      0.013355283997952938,
      0.9741589426994324,
      0.012485384941101074
    ],
    [
      0.11874353885650635,
      0.13122327625751495,
      0.7500329613685608
    ],
    [
      0.048194803297519684,
      0.5328745245933533,
      0.41893133521080017
    ],
    [
      0.05583896487951279,
      0.03537585586309433,
      0.9087845683097839
    ],
    [
      0.6694938540458679,
      0.2296317219734192,
      0.10087405890226364
    ],
    [
      0.058403655886650085,
      0.8400107026100159,
      0.10158592462539673
    ],
    [
      0.264127641916275,
      0.6177524328231812,
      0.11811994016170502
    ],
    [
      0.30174556374549866,
      0.1822567880153656,
      0.5159986019134521
    ],
    [
      0.3115440905094147,
      0.07023505866527557,
      0.6182202100753784
    ],
    [
      0.2612214684486389,
      0.5011631846427917,
      0.2376159429550171
    ],
    [
      0.8932846188545227,
      0.04149921238422394,
      0.06521783769130707
    ],
    [
      0.2534199655056,
      0.7169948220252991,
      0.02958502434194088
    ],
    [
      0.20991963148117065,
      0.6522365212440491,
      0.1378437578678131
    ],
    [
      0.09343529492616653,
      0.12138339877128601,
      0.7851822972297668
    ],
    [
      0.025909820571541786,
      0.25951749086380005,
      0.7145723700523376
    ],
    [
      0.26292887330055237,
      0.5417433381080627,
      0.19532737135887146
    ],
    [
      0.05520200729370117,
      0.8400811553001404,
      0.10471658408641815
    ],
    [
      0.09641943871974945,
      0.8487023711204529,
      0.05487705394625664
    ]
  ],