{
  "N": 112800,
  "usage": [
    0.2415955513715744,
    0.5968729257583618,
    0.16153155267238617
  ],
  "entropy_mean": 0.5973283648490906,
  "entropy_std": 0.34553706645965576,
  "top1_share": [
    0.23316489160060883,
    0.6402748227119446,
    0.1265602856874466
  ],
  "P_expert_given_class": [
    [
      0.31392958760261536,
      0.40286293625831604,
      0.283207505941391
    ],
    [
      0.012507631443440914,
      0.9663786888122559,
      0.02111421339213848
    ],
    [
      0.23101608455181122,
      0.6115827560424805,
      0.15740184485912323
    ],
    [
      0.10381866991519928,
      0.8601105809211731,
      0.036070216447114944
    ],
    [
      0.043431926518678665,
      0.8904716968536377,
      0.06609728187322617
    ],
    [
      0.37263861298561096,
      0.5923736691474915,
      0.03498661145567894
    ],
    [
      0.346783846616745,
      0.3623351752758026,
      0.29088106751441956
    ],
    [
      0.014068925753235817,
      0.9644221067428589,
      0.02150883711874485
    ],
    [
      0.5844067931175232,
      0.35016968846321106,
      0.065423384308815
    ],
    [
      0.055684082210063934,
      0.9036929607391357,
      0.04062213748693466
    ],
    [
      0.1852438747882843,
      0.6861464381217957,
      0.1286097913980484
    ],
    [
      0.557084858417511,
      0.3326646387577057,
      0.1102508008480072
    ],
    [
      0.41338998079299927,
      0.45701879262924194,
      0.12959133088588715
    ],
    [
      0.31193676590919495,
      0.40542930364608765,
      0.2826339900493622
    ],
    [
      0.6268335580825806,
      0.331267386674881,
      0.041899606585502625
    ],
    [
      0.20105962455272675,
      0.7639680504798889,
      0.03497244417667389
    ],
    [
      0.36258289217948914,
      0.5044429898262024,
      0.1329740583896637
    ],
    [
      0.0659441202878952,
      0.786217451095581,
      0.1478380262851715
    ],
    [
      0.02136372961103916,
      0.9496422410011292,
      0.028995202854275703
    ],
    [
      0.0442894883453846,
      0.9136717915534973,
      0.04203790798783302
    ],
    [
      0.6454492211341858,
      0.20718815922737122,
      0.1473623514175415
    ],
    [
      0.03815445676445961,
      0.8353076577186584,
      0.12653706967830658
    ],
    [
      0.11838269233703613,
      0.3133070766925812,
      0.5683112144470215
    ],
    [
      0.18623365461826324,
      0.20651789009571075,
      0.607248842716217
    ],
    [
      0.33606642484664917,
      0.4113401770591736,
      0.25259318947792053
    ],
    [
      0.2924148440361023,
      0.6226906776428223,
      0.08489395678043365
    ],
    [
      0.4971799850463867,
      0.3588148355484009,
      0.1440049558877945
    ],
    [
      0.6539294719696045,
      0.2464025616645813,
      0.09966732561588287
    ],
    [
      0.35869380831718445,
      0.6105839014053345,
      0.030722271651029587
    ],
    [
      0.012095204554498196,
      0.9785664081573486,
      0.009338379837572575
    ],
    [
      0.10722201317548752,
      0.4497670531272888,
      0.44301077723503113
    ],
    [
      0.07927650958299637,
      0.6558122038841248,
      0.2649111747741699
    ],
    [
      0.14491623640060425,
      0.21772053837776184,
      0.6373629570007324
    ],
    [
      0.6362195014953613,
      0.26350459456443787,
      0.10027596354484558
    ],
    [
      0.04298903048038483,
      0.9011463522911072,
      0.05586380138993263
    ],
    [
      0.10845139622688293,
      0.8036264777183533,
      0.0879211351275444
    ],
    [
      0.25829118490219116,
      0.49484705924987793,
      0.24686169624328613
    ],
    [
      0.3850715160369873,
      0.2692488729953766,
      0.3456793427467346
    ],
    [
      0.1098160669207573,
      0.7363932728767395,
      0.15378952026367188
    ],
    [
      0.6717950105667114,
      0.26979291439056396,
      0.05841131880879402
    ],
    [
      0.13466909527778625,
      0.8297443985939026,
      0.03558696061372757
    ],
    [
      0.1370210349559784,
      0.7845368385314941,
      0.07844137400388718
    ],
    [
      0.15553344786167145,
      0.3624783456325531,
      0.4819881319999695
    ],
    [
      0.1057712584733963,
      0.6414991021156311,
      0.2527296245098114
    ],
    [
      0.12131000310182571,
      0.8055310845375061,
      0.07315858453512192
    ],
    [
      0.08814246952533722,
      0.8295893669128418,
      0.08226822316646576
    ],
    [
      0.06187904253602028,
      0.912194013595581,
      0.02592713013291359
    ]
  ],