{
  "N": 112800,
  "usage": [
    0.20801220834255219,
    0.5304996967315674,
    0.2614881098270416
  ],
  "entropy_mean": 0.6762202382087708,
  "entropy_std": 0.2466696947813034,
  "top1_share": [
    0.1075354591012001,
    0.5944503545761108,
    0.29801419377326965
  ],
  "P_expert_given_class": [
    [
      0.0779927670955658,
      0.8826014995574951,
      0.03940616548061371
    ],
    [
      0.2501288950443268,
      0.128701850771904,
      0.621168851852417
    ],
    [
      0.2332831621170044,
      0.7327223420143127,
      0.03399430960416794
    ],
    [
      0.0537743903696537,
      0.9275659918785095,
      0.018659625202417374
    ],
    [
      0.23084230720996857,
      0.18557342886924744,
      0.5835843682289124
    ],
    [
      0.0630035325884819,
      0.8621056079864502,
      0.07489067316055298
    ],
    [
      0.15190719068050385,
      0.6807069182395935,
      0.1673853099346161
    ],
    [
      0.21313722431659698,
      0.5589582920074463,
      0.2279043346643448
    ],
    [
      0.15986810624599457,
      0.8165409564971924,
      0.023591740056872368
    ],
    [
      0.13815854489803314,
      0.8279248476028442,
      0.033916961401700974
    ],
    [
      0.31011486053466797,
      0.5659986734390259,
      0.12388639897108078
    ],
    [
      0.03328081965446472,
      0.9431357979774475,
      0.023582881316542625
    ],
    [
      0.5119627118110657,
      0.40890634059906006,
      0.07913171499967575
    ],
    [
      0.031788431107997894,
      0.9091469049453735,
      0.059064578264951706
    ],
    [
      0.31160831451416016,
      0.6453368067741394,
      0.04305438697338104
    ],
    [
      0.46144112944602966,
      0.45363566279411316,
      0.08492355048656464
    ],
    [
      0.16088436543941498,
      0.7876916527748108,
      0.05142448469996452
    ],
    [
      0.1270817667245865,
      0.15909478068351746,
      0.7138233184814453
    ],
    [
      0.3639596402645111,
      0.19252373278141022,
      0.44351664185523987
    ],
    [
      0.10533424466848373,
      0.7994890213012695,
      0.09517589956521988
    ],
    [
      0.16594111919403076,
      0.15635129809379578,
      0.6777067184448242
    ],
    [
      0.3292209506034851,
      0.1744113564491272,
      0.496368408203125
    ],
    [
      0.04103682562708855,
      0.24103981256484985,
      0.7179235219955444
    ],
    [
      0.08646555244922638,
      0.220676988363266,
      0.6928579211235046
    ],
    [
      0.11305521428585052,
      0.8481109142303467,
      0.03883287310600281
    ],
    [
      0.287321537733078,
      0.6525574922561646,
      0.060120970010757446
    ],
    [
      0.06194128096103668,
      0.8766956329345703,
      0.0613626167178154
    ],
    [
      0.11845991760492325,
      0.7841490507125854,
      0.09738977998495102
    ],
    [
      0.12433726340532303,
      0.8444811701774597,
      0.031182171776890755
    ],
    [
      0.32862886786460876,
      0.611587643623352,
      0.05978284776210785
    ],
    [
      0.15361922979354858,
      0.32051709294319153,
      0.5258634686470032
    ],
    [
      0.10722942650318146,
      0.15952736139297485,
      0.733243465423584
    ],
    [
      0.04608367010951042,
      0.11676917970180511,
      0.8371466398239136
    ],
    [
      0.22091911733150482,
      0.18384045362472534,
      0.5952394604682922
    ],
    [
      0.0828080102801323,
      0.22491346299648285,
      0.6922789812088013
    ],
    [
      0.2868601083755493,
      0.6833757162094116,
      0.029764819890260696
    ],
    [
      0.23412775993347168,
      0.6832095384597778,
      0.08266225457191467
    ],
    [
      0.10622040927410126,
      0.6676153540611267,
      0.22616340219974518
    ],
    [
      0.32384297251701355,
      0.6125489473342896,
      0.0636080950498581
    ],
    [
      0.3775816857814789,
      0.5986646413803101,
      0.02375410683453083
    ],
    [
      0.5313985347747803,
      0.416379451751709,
      0.052222028374671936
    ],
    [
      0.154917910695076,
      0.8121536374092102,
      0.032928165048360825
    ],
    [
      0.21528193354606628,
      0.20193640887737274,
      0.5827819108963013
    ],
    [
      0.11443982273340225,
      0.22542129456996918,
      0.6601393222808838
    ],
    [
      0.2258654087781906,
      0.733869194984436,
      0.0402655266225338
    ],
    [
      0.4276723861694336,
      0.12849770486354828,
      0.44383057951927185
    ],
    [
      0.5217447876930237,
      0.28582051396369934,
      0.19243459403514862
    ]
  ],