{
  "N": 112800,
  "usage": [
    0.1774558275938034,
    0.5806249380111694,
    0.24191926419734955
  ],
  "entropy_mean": 0.6605139970779419,
  "entropy_std": 0.26518672704696655,
  "top1_share": [
    0.05523936077952385,
    0.6594237685203552,
    0.2853368818759918
  ],
  "P_expert_given_class": [
    [
      0.06762866675853729,
      0.901367723941803,
      0.03100363351404667
    ],
    [
      0.21628423035144806,
      0.1562315821647644,
      0.6274835467338562
    ],
    [
      0.19971667230129242,
      0.7796497941017151,
      0.02063397690653801
    ],
    [
      0.03918790817260742,
      0.9469162821769714,
      0.013896852731704712
    ],
    [
      0.24472028017044067,
      0.23806841671466827,
      0.5172110199928284
    ],
    [
      0.041518617421388626,
      0.9078627228736877,
      0.0506192222237587
    ],
    [
      0.12357810884714127,
      0.6866059899330139,
      0.18981584906578064
    ],
    [
      0.2006823718547821,
      0.6249880194664001,
      0.1743287444114685
    ],
    [
      0.09692633152008057,
      0.8782682418823242,
      0.02480521984398365
    ],
    [
      0.13030315935611725,
      0.8393216729164124,
      0.030374500900506973
    ],
    [
      0.24837422370910645,
      0.6424694061279297,
      0.10915680974721909
    ],
    [
      0.03073704056441784,
      0.9482394456863403,
      0.021022548899054527
    ],
    [
      0.43626344203948975,
      0.5196680426597595,
      0.044069282710552216
    ],
    [
      0.02539709582924843,
      0.9312059283256531,
      0.04339693486690521
    ],
    [
      0.2484113574028015,
      0.7318800091743469,
      0.019707955420017242
    ],
    [
      0.355633407831192,
      0.5799633264541626,
      0.06440277397632599
    ],
    [
      0.12932033836841583,
      0.831606388092041,
      0.03907304257154465
    ],
    [
      0.1325097382068634,
      0.2017359435558319,
      0.6657547950744629
    ],
    [
      0.2957625687122345,
      0.23568548262119293,
      0.4685519337654114
    ],
    [
      0.07918698340654373,
      0.8173027038574219,
      0.1035105362534523
    ],
    [
      0.1510639637708664,
      0.19889040291309357,
      0.6500459313392639
    ],
    [
      0.30601030588150024,
      0.2211783528327942,
      0.4728116989135742
    ],
    [
      0.040524888783693314,
      0.35244321823120117,
      0.607032060623169
    ],
    [
      0.07597655802965164,
      0.31666073203086853,
      0.6073623299598694
    ],
    [
      0.09376354515552521,
      0.8759576678276062,
      0.03027852438390255
    ],
    [
      0.18164797127246857,
      0.7379801869392395,
      0.0803709328174591
    ],
    [
      0.060317229479551315,
      0.902665376663208,
      0.03701717406511307
    ],
    [
      0.11610815674066544,
      0.7792829275131226,
      0.10460925847291946
    ],
    [
      0.07590863108634949,
      0.8986791968345642,
      0.0254119373857975
    ],
    [
      0.25563690066337585,
      0.6784406304359436,
      0.06592218577861786
    ],
    [
      0.15735338628292084,
      0.39809346199035645,
      0.4445534646511078
    ],
    [
      0.09625904262065887,
      0.20657743513584137,
      0.6971638202667236
    ],
    [
      0.05372455716133118,
      0.16588348150253296,
      0.7803919911384583
    ],
    [
      0.18377803266048431,
      0.18453000485897064,
      0.6316919326782227
    ],
    [
      0.09578897804021835,
      0.2678065299987793,
      0.6364043354988098
    ],
    [
      0.25831907987594604,
      0.7255555987358093,
      0.016125211492180824
    ],
    [
      0.22010201215744019,
      0.7136350274085999,
      0.06626373529434204
    ],
    [
      0.09142836928367615,
      0.6880781650543213,
      0.2204936146736145
    ],
    [
      0.24172328412532806,
      0.6783069372177124,
      0.07997012138366699
    ],
    [
      0.33725643157958984,
      0.6451478004455566,
      0.017595645040273666
    ],
    [
      0.42462217807769775,
      0.5264978408813477,
      0.04888061061501503
    ],
    [
      0.1385023444890976,
      0.8329936861991882,
      0.028504731133580208
    ],
    [
      0.2158358246088028,
      0.25302258133888245,
      0.5311409831047058
    ],
    [
      0.10459312796592712,
      0.3033418655395508,
      0.5920645594596863
    ],
    [
      0.20307211577892303,
      0.7611809968948364,
      0.03574643284082413
    ],
    [
      0.36803460121154785,
      0.2278735637664795,
      0.4040919840335846
    ],
    [
      0.45093053579330444,
      0.3496280014514923,
      0.19944071769714355
    ]
  ],