{
  "N": 112800,
  "usage": [
    0.07683782279491425,
    0.7059067487716675,
    0.21725550293922424
  ],
  "entropy_mean": 0.47926563024520874,
  "entropy_std": 0.3174207806587219,
  "top1_share": [
    0.005372340325266123,
    0.7403457164764404,
    0.2542819082736969
  ],
  "P_expert_given_class": [
    [
      0.022614508867263794,
      0.9575949907302856,
      0.0197899229824543
    ],
    [
      0.11784220486879349,
      0.2127630114555359,
      0.6693947911262512
    ],
    [
      0.08007063716650009,
      0.9102476835250854,
      0.009682144038379192
    ],
    [
      0.01809532567858696,
      0.9807701706886292,
      0.0011346274986863136
    ],
    [
      0.13006699085235596,
      0.3023476302623749,
      0.567585825920105
    ],
    [
      0.01924927346408367,
      0.9694079756736755,
      0.011342429555952549
    ],
    [
      0.04897792637348175,
      0.8720852732658386,
      0.07893630862236023
    ],
    [
      0.08454751968383789,
      0.877619743347168,
      0.037833984941244125
    ],
    [
      0.01950402744114399,
      0.9701793193817139,
      0.01031689066439867
    ],
    [
      0.047115325927734375,
      0.9330162405967712,
      0.01986791379749775
    ],
    [
      0.089699387550354,
      0.7812463045120239,
      0.12905405461788177
    ],
    [
      0.012654074467718601,
      0.9823929071426392,
      0.0049544693902134895
    ],
    [
      0.1343284696340561,
      0.8289791345596313,
      0.036692503839731216
    ],
    [
      0.017604738473892212,
      0.9636046290397644,
      0.01879112422466278
    ],
    [
      0.04950885847210884,
      0.9352373480796814,
      0.015253917314112186
    ],
    [
      0.10739103704690933,
      0.852019727230072,
      0.040589362382888794
    ],
    [
      0.03260008990764618,
      0.9485750198364258,
      0.018824851140379906
    ],
    [
      0.061643410474061966,
      0.20699746906757355,
      0.7313592433929443
    ],
    [
      0.16516882181167603,
      0.32232192158699036,
      0.5125090479850769
    ],
    [
      0.052117764949798584,
      0.8551931977272034,
      0.09268774837255478
    ],
    [
      0.07819852977991104,
      0.28666067123413086,
      0.6351408362388611
    ],
    [
      0.17087320983409882,
      0.3225153982639313,
      0.5066106915473938
    ],
    [
      0.03461650758981705,
      0.5275288224220276,
      0.4378546178340912
    ],
    [
      0.052352357655763626,
      0.4269990921020508,
      0.5206484794616699
    ],
    [
      0.03629377856850624,
      0.9435486793518066,
      0.020156746730208397
    ],
    [
      0.036419641226530075,
      0.9191590547561646,
      0.04442182555794716
    ],
    [
      0.024102503433823586,
      0.9433314800262451,
      0.03256678953766823
    ],
    [
      0.04633219540119171,
      0.8890308737754822,
      0.06463626027107239
    ],
    [
      0.03413116931915283,
      0.9540333151817322,
      0.011835150420665741
    ],
    [
      0.11602217704057693,
      0.86123126745224,
      0.022746765986084938
    ],
    [
      0.07607410103082657,
      0.49812570214271545,
      0.4257999658584595
    ],
    [
      0.05386462062597275,
      0.29590150713920593,
      0.6502334475517273
    ],
    [
      0.03657463192939758,
      0.23069284856319427,
      0.7327316403388977
    ],
    [
      0.09969832748174667,
      0.26921895146369934,
      0.6310823559761047
    ],
    [
      0.057836323976516724,
      0.27802926301956177,
      0.6641343832015991
    ],
    [
      0.10712990164756775,
      0.8869755864143372,
      0.00589508842676878
    ],
    [
      0.09376706928014755,
      0.8558264374732971,
      0.050406504422426224
    ],
    [
      0.04144595190882683,
      0.8716127276420593,
      0.08694184571504593
    ],
    [
      0.10014709085226059,
      0.7964895963668823,
      0.10336380451917648
    ],
    [
      0.07347401231527328,
      0.912632942199707,
      0.013893329538404942
    ],
    [
      0.1462935507297516,
      0.807964563369751,
      0.045741189271211624
    ],
    [
      0.048758942633867264,
      0.9340370893478394,
      0.017204293981194496
    ],
    [
      0.09959036856889725,
      0.32699933648109436,
      0.5734103918075562
    ],
    [
      0.06262686103582382,
      0.5844735503196716,
      0.3528997600078583
    ],
    [
      0.06432344764471054,
      0.9115492701530457,
      0.02412780374288559
    ],
    [
      0.2079835832118988,
      0.4714358150959015,
      0.32058048248291016
    ],
    [
      0.30164608359336853,
      0.5090147852897644,
      0.1893395036458969
    ]
  ],