{
  "N": 112800,
  "usage": [
    0.22412142157554626,
    0.5108321905136108,
    0.2650464177131653
  ],
  "entropy_mean": 0.6807234287261963,
  "entropy_std": 0.24501816928386688,
  "top1_share": [
    0.12331560254096985,
    0.5709663033485413,
    0.3057180941104889
  ],
  "P_expert_given_class": [
    [
      0.08797504007816315,
      0.872269868850708,
      0.0397542268037796
    ],
    [
      0.26192936301231384,
      0.10418672859668732,
      0.6338835954666138
    ],
    [
      0.23690028488636017,
      0.7254505753517151,
      0.03764890134334564
    ],
    [
      0.054388053715229034,
      0.9240342974662781,
      0.021578164771199226
    ],
    [
      0.26773545145988464,
      0.16718415915966034,
      0.5650808811187744
    ],
    [
      0.06480180472135544,
      0.8690385222434998,
      0.06616069376468658
    ],
    [
      0.18251052498817444,
      0.6492618918418884,
      0.1682271510362625
    ],
    [
      0.242340087890625,
      0.49547815322875977,
      0.26218146085739136
    ],
    [
      0.1899399608373642,
      0.7876720428466797,
      0.02238764800131321
    ],
    [
      0.1943325698375702,
      0.7738492488861084,
      0.03181814029812813
    ],
    [
      0.3368639349937439,
      0.543567419052124,
      0.11956772208213806
    ],
    [
      0.032099220901727676,
      0.9451389312744141,
      0.02276180498301983
    ],
    [
      0.5368040800094604,
      0.3837621212005615,
      0.07943380624055862
    ],
    [
      0.03294878080487251,
      0.9098851680755615,
      0.05716751888394356
    ],
    [
      0.34178438782691956,
      0.6101043820381165,
      0.04811131954193115
    ],
    [
      0.4935336410999298,
      0.4190879464149475,
      0.08737796545028687
    ],
    [
      0.19428178668022156,
      0.7533566951751709,
      0.05236125737428665
    ],
    [
      0.1399742215871811,
      0.15086069703102112,
      0.7091643810272217
    ],
    [
      0.3653324246406555,
      0.17385534942150116,
      0.4608117640018463
    ],
    [
      0.11194209009408951,
      0.7930108904838562,
      0.09504727274179459
    ],
    [
      0.16058719158172607,
      0.14670167863368988,
      0.692710816860199
    ],
    [
      0.344792902469635,
      0.15260307490825653,
      0.5026042461395264
    ],
    [
      0.04236803203821182,
      0.2086704522371292,
      0.7489615678787231
    ],
    [
      0.08899996429681778,
      0.1901688128709793,
      0.7208316326141357
    ],
    [
      0.13092824816703796,
      0.830294668674469,
      0.03877667710185051
    ],
    [
      0.30491265654563904,
      0.628153383731842,
      0.0669342577457428
    ],
    [
      0.06918330490589142,
      0.8723545074462891,
      0.058461837470531464
    ],
    [
      0.1259423792362213,
      0.7804532647132874,
      0.0936046913266182
    ],
    [
      0.13216431438922882,
      0.8366158604621887,
      0.0312197208404541
    ],
    [
      0.329853892326355,
      0.605174720287323,
      0.06497224420309067
    ],
    [
      0.17123477160930634,
      0.3086945414543152,
      0.5200707912445068
    ],
    [
      0.12419264763593674,
      0.14309853315353394,
      0.732708752155304
    ],
    [
      0.05171414464712143,
      0.1040777638554573,
      0.8442076444625854
    ],
    [
      0.20675785839557648,
      0.17572258412837982,
      0.617519736289978
    ],
    [
      0.10057416558265686,
      0.20528468489646912,
      0.6941410303115845
    ],
    [
      0.29447460174560547,
      0.6740542054176331,
      0.031471434980630875
    ],
    [
      0.2513527274131775,
      0.6717590093612671,
      0.0768875926733017
    ],
    [
      0.11832926422357559,
      0.6601046919822693,
      0.22156669199466705
    ],
    [
      0.35704919695854187,
      0.5918681621551514,
      0.051082052290439606
    ],
    [
      0.418144166469574,
      0.5628931522369385,
      0.018962569534778595
    ],
    [
      0.5725691318511963,
      0.3747919797897339,
      0.052638888359069824
    ],
    [
      0.18315371870994568,
      0.7855160236358643,
      0.031330741941928864
    ],
    [
      0.22671501338481903,
      0.1635848730802536,
      0.6096996665000916
    ],
    [
      0.12141881138086319,
      0.1966117024421692,
      0.681968629360199
    ],
    [
      0.27137190103530884,
      0.6925848126411438,
      0.03604413941502571
    ],
    [
      0.4228827953338623,
      0.11969271302223206,
      0.4574243128299713
    ],
    [
      0.5436201691627502,
      0.27652862668037415,
      0.17985111474990845
    ]
  ],