{
  "N": 112800,
  "usage": [
    0.21632632613182068,
    0.5198225975036621,
    0.2638510763645172
  ],
  "entropy_mean": 0.6788324117660522,
  "entropy_std": 0.24270479381084442,
  "top1_share": [
    0.11737588793039322,
    0.581684410572052,
    0.3009397089481354
  ],
  "P_expert_given_class": [
    [
      0.07964188605546951,
      0.8821449875831604,
      0.038213569670915604
    ],
    [
      0.25970765948295593,
      0.1060291975736618,
      0.6342634558677673
    ],
    [
      0.2424718290567398,
      0.7230125665664673,
      0.0345153883099556
    ],
    [
      0.052557382732629776,
      0.924170732498169,
      0.023272361606359482
    ],
    [
      0.24995183944702148,
      0.17550134658813477,
      0.5745459198951721
    ],
    [
      0.06540306657552719,
      0.8504931330680847,
      0.08410308510065079
    ],
    [
      0.16498792171478271,
      0.66356360912323,
      0.1714487224817276
    ],
    [
      0.22470258176326752,
      0.5164247155189514,
      0.25887173414230347
    ],
    [
      0.17400752007961273,
      0.8032636642456055,
      0.022728973999619484
    ],
    [
      0.16593588888645172,
      0.7984395623207092,
      0.035624559968709946
    ],
    [
      0.31895312666893005,
      0.5537319183349609,
      0.12731434404850006
    ],
    [
      0.0295853428542614,
      0.9444406032562256,
      0.025975439697504044
    ],
    [
      0.532620906829834,
      0.3962046504020691,
      0.07117533683776855
    ],
    [
      0.030188020318746567,
      0.9109084010124207,
      0.058904118835926056
    ],
    [
      0.3246452510356903,
      0.6285623908042908,
      0.04679260030388832
    ],
    [
      0.4836899936199188,
      0.4336874783039093,
      0.08262172341346741
    ],
    [
      0.17306488752365112,
      0.7728027105331421,
      0.05413148179650307
    ],
    [
      0.13596929609775543,
      0.15258224308490753,
      0.7114481925964355
    ],
    [
      0.37755286693573,
      0.177494615316391,
      0.44495248794555664
    ],
    [
      0.10341541469097137,
      0.7970564961433411,
      0.09952854365110397
    ],
    [
      0.1668531596660614,
      0.15674498677253723,
      0.6764020323753357
    ],
    [
      0.34672895073890686,
      0.15378332138061523,
      0.49948740005493164
    ],
    [
      0.0378880649805069,
      0.21863779425621033,
      0.7434738278388977
    ],
    [
      0.0855436846613884,
      0.21129631996154785,
      0.7031598091125488
    ],
    [
      0.1184496283531189,
      0.8446387052536011,
      0.036911603063344955
    ],
    [
      0.2921712100505829,
      0.6377627849578857,
      0.07006577402353287
    ],
    [
      0.0651383325457573,
      0.8758297562599182,
      0.05903184786438942
    ],
    [
      0.11729488521814346,
      0.7829604744911194,
      0.09974483400583267
    ],
    [
      0.12967059016227722,
      0.8335425853729248,
      0.036787018179893494
    ],
    [
      0.32777783274650574,
      0.6038112640380859,
      0.06841090321540833
    ],
    [
      0.1569676399230957,
      0.32212352752685547,
      0.5209082365036011
    ],
    [
      0.11637550592422485,
      0.16080403327941895,
      0.7228206396102905
    ],
    [
      0.04722197353839874,
      0.11691689491271973,
      0.835860550403595
    ],
    [
      0.21535581350326538,
      0.1897246539592743,
      0.5949190855026245
    ],
    [
      0.09123111516237259,
      0.2126413732767105,
      0.6961272954940796
    ],
    [
      0.29927483201026917,
      0.6727132797241211,
      0.028012292459607124
    ],
    [
      0.24361516535282135,
      0.6804709434509277,
      0.07591258734464645
    ],
    [
      0.10975432395935059,
      0.6591930389404297,
      0.23105280101299286
    ],
    [
      0.3271562159061432,
      0.6177415251731873,
      0.055103156715631485
    ],
    [
      0.3957900106906891,
      0.584449827671051,
      0.019760632887482643
    ],
    [
      0.5605425238609314,
      0.3887896239757538,
      0.0506681427359581
    ],
    [
      0.1673947423696518,
      0.7994702458381653,
      0.033134862780570984
    ],
    [
      0.22373580932617188,
      0.18269884586334229,
      0.593565821647644
    ],
    [
      0.10781219601631165,
      0.21074610948562622,
      0.6814407706260681
    ],
    [
      0.24883447587490082,
      0.7123618721961975,
      0.038804635405540466
    ],
    [
      0.43058302998542786,
      0.12014738470315933,
      0.4492696523666382
    ],
    [
      0.5491220951080322,
      0.2711491584777832,
      0.17972861230373383
    ]
  ],