{
  "N": 112800,
  "usage": [
    0.1522463709115982,
    0.6122967004776001,
    0.2354569137096405
  ],
  "entropy_mean": 0.6328679323196411,
  "entropy_std": 0.2778351604938507,
  "top1_share": [
    0.030390070751309395,
    0.6937854886054993,
    0.2758244574069977
  ],
  "P_expert_given_class": [
    [
      0.05918930098414421,
      0.9129165410995483,
      0.02789396233856678
    ],
    [
      0.18648147583007812,
      0.16358624398708344,
      0.6499329209327698
    ],
    [
      0.15622934699058533,
      0.8246192336082458,
      0.01915205456316471
    ],
    [
      0.031375665217638016,
      0.9611265063285828,
      0.007497231010347605
    ],
    [
      0.22594591975212097,
      0.256576806306839,
      0.5174774527549744
    ],
    [
      0.03599885478615761,
      0.9299421906471252,
      0.034059811383485794
    ],
    [
      0.0995473638176918,
      0.7194135785102844,
      0.18103881180286407
    ],
    [
      0.17323289811611176,
      0.702656626701355,
      0.12411085516214371
    ],
    [
      0.06163077801465988,
      0.9128881096839905,
      0.025480352342128754
    ],
    [
      0.11564693599939346,
      0.8586387038230896,
      0.025714797899127007
    ],
    [
      0.19731613993644714,
      0.684685230255127,
      0.11799934506416321
    ],
    [
      0.02735546976327896,
      0.9541741013526917,
      0.018471337854862213
    ],
    [
      0.3657839596271515,
      0.5896854400634766,
      0.04453123360872269
    ],
    [
      0.02389693818986416,
      0.9378549456596375,
      0.03824833780527115
    ],
    [
      0.1883883774280548,
      0.7925299406051636,
      0.019082175567746162
    ],
    [
      0.2772260010242462,
      0.6649320721626282,
      0.05784120038151741
    ],
    [
      0.10952001065015793,
      0.855180025100708,
      0.0352996401488781
    ],
    [
      0.12493488192558289,
      0.20265060663223267,
      0.6724148988723755
    ],
    [
      0.2558632493019104,
      0.2531801462173462,
      0.49095627665519714
    ],
    [
      0.06879150867462158,
      0.8165377974510193,
      0.11467079073190689
    ],
    [
      0.1389552503824234,
      0.224704310297966,
      0.6363405585289001
    ],
    [
      0.2679297924041748,
      0.24320164322853088,
      0.48886770009994507
    ],
    [
      0.04398659989237785,
      0.4139207899570465,
      0.5420930981636047
    ],
    [
      0.07010012865066528,
      0.37767019867897034,
      0.5522295236587524
    ],
    [
      0.08591923862695694,
      0.8866895437240601,
      0.0273908544331789
    ],
    [
      0.10878507047891617,
      0.800994336605072,
      0.0902208536863327
    ],
    [
      0.052561111748218536,
      0.9146072268486023,
      0.03283105045557022
    ],
    [
      0.10545661300420761,
      0.7938351035118103,
      0.10070803016424179
    ],
    [
      0.06027183681726456,
      0.9145243167877197,
      0.025204207748174667
    ],
    [
      0.23535799980163574,
      0.7143846750259399,
      0.050256744027137756
    ],
    [
      0.14264032244682312,
      0.42977315187454224,
      0.4275870621204376
    ],
    [
      0.09094946831464767,
      0.2335052490234375,
      0.6755463480949402
    ],
    [
      0.055459462106227875,
      0.18335695564746857,
      0.761183500289917
    ],
    [
      0.16713286936283112,
      0.20961207151412964,
      0.6232553124427795
    ],
    [
      0.0916581079363823,
      0.274196982383728,
      0.6341444849967957
    ],
    [
      0.21601976454257965,
      0.7716153860092163,
      0.012364362366497517
    ],
    [
      0.20720919966697693,
      0.7325376272201538,
      0.0602533258497715
    ],
    [
      0.07157507538795471,
      0.7126966714859009,
      0.21572786569595337
    ],
    [
      0.1865544319152832,
      0.7208950519561768,
      0.09255052357912064
    ],
    [
      0.3055574893951416,
      0.6755386590957642,
      0.01890415884554386
    ],
    [
      0.3359098434448242,
      0.6129043698310852,
      0.051186077296733856
    ],
    [
      0.11976270377635956,
      0.857016921043396,
      0.023220472037792206
    ],
    [
      0.1786496639251709,
      0.26735275983810425,
      0.5539971590042114
    ],
    [
      0.1090371161699295,
      0.36054888367652893,
      0.5304133296012878
    ],
    [
      0.17274874448776245,
      0.7964920997619629,
      0.030758928507566452
    ],
    [
      0.334464430809021,
      0.28264379501342773,
      0.3828917443752289
    ],
    [
      0.41657277941703796,
      0.378952294588089,
      0.20447494089603424
    ]
  ],