{
  "N": 112800,
  "usage": [
    0.206485778093338,
    0.5366611480712891,
    0.2568531036376953
  ],
  "entropy_mean": 0.6750184893608093,
  "entropy_std": 0.24894854426383972,
  "top1_share": [
    0.10540780425071716,
    0.5984042286872864,
    0.2961879372596741
  ],
  "P_expert_given_class": [
    [
      0.082503542304039,
      0.8820739984512329,
      0.03542228788137436
    ],
    [
      0.2501010000705719,
      0.12200575321912766,
      0.6278935670852661
    ],
    [
      0.2321384698152542,
      0.7359991669654846,
      0.0318618044257164
    ],
    [
      0.045059215277433395,
      0.93905109167099,
      0.015890374779701233
    ],
    [
      0.25592419505119324,
      0.1918267160654068,
      0.552249550819397
    ],
    [
      0.05455536022782326,
      0.8725050091743469,
      0.07294117659330368
    ],
    [
      0.14871804416179657,
      0.675195574760437,
      0.176086887717247
    ],
    [
      0.21787838637828827,
      0.5643610954284668,
      0.21776102483272552
    ],
    [
      0.1359740048646927,
      0.841130793094635,
      0.022894060239195824
    ],
    [
      0.14418917894363403,
      0.825299084186554,
      0.030511509627103806
    ],
    [
      0.30454590916633606,
      0.5808221697807312,
      0.11463132500648499
    ],
    [
      0.02829335816204548,
      0.9480555057525635,
      0.02365204133093357
    ],
    [
      0.5077564716339111,
      0.42351481318473816,
      0.06872860342264175
    ],
    [
      0.032678309828042984,
      0.9113183617591858,
      0.056003786623477936
    ],
    [
      0.31773319840431213,
      0.6458306908607483,
      0.0364360436797142
    ],
    [
      0.4527030289173126,
      0.4646826684474945,
      0.08261425793170929
    ],
    [
      0.1520937979221344,
      0.7985067963600159,
      0.049399688839912415
    ],
    [
      0.14116333425045013,
      0.16973169147968292,
      0.6891043186187744
    ],
    [
      0.36077117919921875,
      0.19407051801681519,
      0.44515812397003174
    ],
    [
      0.09985442459583282,
      0.8042271137237549,
      0.0959181860089302
    ],
    [
      0.16870750486850739,
      0.1544157862663269,
      0.6768767833709717
    ],
    [
      0.33529454469680786,
      0.17026279866695404,
      0.49444320797920227
    ],
    [
      0.04413508251309395,
      0.25802281498908997,
      0.697842538356781
    ],
    [
      0.08388236910104752,
      0.24449579417705536,
      0.6716217994689941
    ],
    [
      0.11447075009346008,
      0.8516104221343994,
      0.03391900286078453
    ],
    [
      0.27772921323776245,
      0.6529602408409119,
      0.06931094080209732
    ],
    [
      0.06483462452888489,
      0.8828146457672119,
      0.05235089361667633
    ],
    [
      0.1209254190325737,
      0.7635942101478577,
      0.11548047512769699
    ],
    [
      0.11449616402387619,
      0.8548332452774048,
      0.030670057982206345
    ],
    [
      0.3224153518676758,
      0.6226018667221069,
      0.05498291179537773
    ],
    [
      0.1646464318037033,
      0.3280385434627533,
      0.5073156952857971
    ],
    [
      0.10655863583087921,
      0.17823345959186554,
      0.7152084112167358
    ],
    [
      0.05089611932635307,
      0.12750890851020813,
      0.8215946555137634
    ],
    [
      0.20444759726524353,
      0.17739589512348175,
      0.6181562542915344
    ],
    [
      0.08231262117624283,
      0.2306808978319168,
      0.6870071887969971
    ],
    [
      0.29218465089797974,
      0.6806600093841553,
      0.02715449035167694
    ],
    [
      0.2371824085712433,
      0.6861945986747742,
      0.07662259042263031
    ],
    [
      0.09794449061155319,
      0.6891825199127197,
      0.2128734588623047
    ],
    [
      0.30501362681388855,
      0.6307666897773743,
      0.06421945244073868
    ],
    [
      0.36623719334602356,
      0.6100019216537476,
      0.023760944604873657
    ],
    [
      0.524400532245636,
      0.4225881099700928,
      0.053011227399110794
    ],
    [
      0.15416410565376282,
      0.8159311413764954,
      0.02990552969276905
    ],
    [
      0.2240781933069229,
      0.1875947266817093,
      0.5883265733718872
    ],
    [
      0.12114717811346054,
      0.24188721179962158,
      0.6369653344154358
    ],
    [
      0.22740648686885834,
      0.7356328368186951,
      0.03696189075708389
    ],
    [
      0.42019179463386536,
      0.14580297470092773,
      0.4340050220489502
    ],
    [
      0.514492928981781,
      0.28915470838546753,
      0.1963520050048828
    ]
  ],