{
  "N": 112800,
  "usage": [
    0.23431654274463654,
    0.49786755442619324,
    0.2678159177303314
  ],
  "entropy_mean": 0.6819449663162231,
  "entropy_std": 0.23820574581623077,
  "top1_share": [
    0.1374911367893219,
    0.5577127933502197,
    0.30479609966278076
  ],
  "P_expert_given_class": [
    [
      0.09783374518156052,
      0.8632704615592957,
      0.03889555111527443
    ],
    [
      0.26159971952438354,
      0.09004809707403183,
      0.6483520865440369
    ],
    [
      0.25574591755867004,
      0.7070069313049316,
      0.03724725544452667
    ],
    [
      0.06228919327259064,
      0.9153485298156738,
      0.02236243151128292
    ],
    [
      0.27302199602127075,
      0.15427231788635254,
      0.5727057456970215
    ],
    [
      0.08281618356704712,
      0.8494688868522644,
      0.06771469116210938
    ],
    [
      0.19644257426261902,
      0.6344397664070129,
      0.1691167950630188
    ],
    [
      0.26250702142715454,
      0.4931398034095764,
      0.24435299634933472
    ],
    [
      0.2268785536289215,
      0.7500391602516174,
      0.023082170635461807
    ],
    [
      0.21518196165561676,
      0.7530322074890137,
      0.031785015016794205
    ],
    [
      0.33644261956214905,
      0.5324062705039978,
      0.13115184009075165
    ],
    [
      0.0343199260532856,
      0.9425385594367981,
      0.02314153127372265
    ],
    [
      0.5695249438285828,
      0.3452344834804535,
      0.0852397084236145
    ],
    [
      0.03674563765525818,
      0.9000866413116455,
      0.06316795200109482
    ],
    [
      0.37194812297821045,
      0.5736366510391235,
      0.05441507324576378
    ],
    [
      0.5366182923316956,
      0.3918837010860443,
      0.07149780541658401
    ],
    [
      0.19814006984233856,
      0.7489073276519775,
      0.05295301601290703
    ],
    [
      0.14114409685134888,
      0.13931319117546082,
      0.7195432186126709
    ],
    [
      0.3823767900466919,
      0.15963047742843628,
      0.4579921364784241
    ],
    [
      0.11654338985681534,
      0.7842409014701843,
      0.09921566396951675
    ],
    [
      0.1394314020872116,
      0.1482452005147934,
      0.7123231887817383
    ],
    [
      0.35040271282196045,
      0.14062170684337616,
      0.5089765787124634
    ],
    [
      0.035521261394023895,
      0.1911708563566208,
      0.7733076214790344
    ],
    [
      0.08309117704629898,
      0.17495062947273254,
      0.7419586777687073
    ],
    [
      0.1430947631597519,
      0.819536566734314,
      0.03736834600567818
    ],
    [
      0.3324650228023529,
      0.6105000376701355,
      0.05703546479344368
    ],
    [
      0.0659821629524231,
      0.8676515817642212,
      0.06636694073677063
    ],
    [
      0.11976546049118042,
      0.7942124009132385,
      0.08602191507816315
    ],
    [
      0.1667327582836151,
      0.7981007099151611,
      0.03516645357012749
    ],
    [
      0.3579569160938263,
      0.5886775255203247,
      0.053364742547273636
    ],
    [
      0.15882864594459534,
      0.3062916100025177,
      0.5348793268203735
    ],
    [
      0.11827462166547775,
      0.14372669160366058,
      0.7379990220069885
    ],
    [
      0.049569886177778244,
      0.09477754682302475,
      0.8556530475616455
    ],
    [
      0.22684882581233978,
      0.18830832839012146,
      0.5848428606987
    ],
    [
      0.10354457050561905,
      0.20070725679397583,
      0.6957489252090454
    ],
    [
      0.32797202467918396,
      0.6418323516845703,
      0.03019559569656849
    ],
    [
      0.2520689070224762,
      0.6677855849266052,
      0.08014543354511261
    ],
    [
      0.13338327407836914,
      0.6513592600822449,
      0.2152576893568039
    ],
    [
      0.3720138967037201,
      0.5743545293807983,
      0.05363263562321663
    ],
    [
      0.43197885155677795,
      0.5494548082351685,
      0.018566137179732323
    ],
    [
      0.608259916305542,
      0.3475509583950043,
      0.04418965429067612
    ],
    [
      0.188189297914505,
      0.7787247896194458,
      0.033085308969020844
    ],
    [
      0.20960038900375366,
      0.17126396298408508,
      0.6191346645355225
    ],
    [
      0.10387613624334335,
      0.1867503523826599,
      0.7093730568885803
    ],
    [
      0.2864214777946472,
      0.6773951053619385,
      0.036183543503284454
    ],
    [
      0.4194875955581665,
      0.1062660813331604,
      0.47424641251564026
    ],
    [
      0.5699949860572815,
      0.25161346793174744,
      0.17839208245277405
    ]
  ],