{
  "N": 112800,
  "usage": [
    0.20080921053886414,
    0.5429227352142334,
    0.25626805424690247
  ],
  "entropy_mean": 0.673402726650238,
  "entropy_std": 0.25241026282310486,
  "top1_share": [
    0.09520389884710312,
    0.6080319285392761,
    0.29676419496536255
  ],
  "P_expert_given_class": [
    [
      0.0807829350233078,
      0.8896458745002747,
      0.0295716505497694
    ],
    [
      0.23282462358474731,
      0.12525823712348938,
      0.6419172883033752
    ],
    [
      0.22976022958755493,
      0.7382620573043823,
      0.03197868913412094
    ],
    [
      0.04576491564512253,
      0.9346028566360474,
      0.019632011651992798
    ],
    [
      0.2546776533126831,
      0.2131698578596115,
      0.5321521162986755
    ],
    [
      0.0522519126534462,
      0.8743388652801514,
      0.07340957224369049
    ],
    [
      0.14099568128585815,
      0.6809793710708618,
      0.17802515625953674
    ],
    [
      0.21955980360507965,
      0.5464562773704529,
      0.23398464918136597
    ],
    [
      0.1293342560529709,
      0.848146378993988,
      0.022520260885357857
    ],
    [
      0.13780198991298676,
      0.8324782252311707,
      0.029718609526753426
    ],
    [
      0.2916220724582672,
      0.5958943963050842,
      0.11248414218425751
    ],
    [
      0.03121471032500267,
      0.9450824856758118,
      0.02370203100144863
    ],
    [
      0.5121665000915527,
      0.43301859498023987,
      0.05481468141078949
    ],
    [
      0.03163633495569229,
      0.9183241724967957,
      0.050038907676935196
    ],
    [
      0.3102860450744629,
      0.6527823805809021,
      0.03693179413676262
    ],
    [
      0.4323565661907196,
      0.48203298449516296,
      0.08561097830533981
    ],
    [
      0.1468970775604248,
      0.8093547821044922,
      0.04374866932630539
    ],
    [
      0.14302079379558563,
      0.18834546208381653,
      0.6686347126960754
    ],
    [
      0.33795061707496643,
      0.19640055298805237,
      0.4656485915184021
    ],
    [
      0.09608574211597443,
      0.8038038611412048,
      0.1001109704375267
    ],
    [
      0.15829350054264069,
      0.16331064701080322,
      0.6783961653709412
    ],
    [
      0.3224850296974182,
      0.18087297677993774,
      0.4966423511505127
    ],
    [
      0.043387722223997116,
      0.2667245864868164,
      0.6898868083953857
    ],
    [
      0.08541347831487656,
      0.2414821833372116,
      0.6731041669845581
    ],
    [
      0.1128765121102333,
      0.8579373955726624,
      0.029186688363552094
    ],
    [
      0.26198655366897583,
      0.6725946068763733,
      0.0654187873005867
    ],
    [
      0.06354188919067383,
      0.8909102082252502,
      0.045548610389232635
    ],
    [
      0.12268656492233276,
      0.7623122930526733,
      0.11500081419944763
    ],
    [
      0.1060672476887703,
      0.8636305928230286,
      0.03030201606452465
    ],
    [
      0.30319395661354065,
      0.631537914276123,
      0.06526818871498108
    ],
    [
      0.1563500016927719,
      0.34095481038093567,
      0.5026950240135193
    ],
    [
      0.10619814693927765,
      0.17060309648513794,
      0.7231985330581665
    ],
    [
      0.052539363503456116,
      0.13631166517734528,
      0.8111487030982971
    ],
    [
      0.2054349184036255,
      0.17677758634090424,
      0.6177874803543091
    ],
    [
      0.08783265203237534,
      0.22776557505130768,
      0.6844022870063782
    ],
    [
      0.2952548563480377,
      0.6789090633392334,
      0.02583717368543148
    ],
    [
      0.22682437300682068,
      0.700131893157959,
      0.07304444164037704
    ],
    [
      0.09648723155260086,
      0.6708939075469971,
      0.23261967301368713
    ],
    [
      0.2853260338306427,
      0.6415570974349976,
      0.07311732321977615
    ],
    [
      0.3658522069454193,
      0.6133706569671631,
      0.020776890218257904
    ],
    [
      0.5079081058502197,
      0.4375464916229248,
      0.05454486235976219
    ],
    [
      0.14441026747226715,
      0.8266469240188599,
      0.02894342504441738
    ],
    [
      0.21651123464107513,
      0.214125394821167,
      0.569363534450531
    ],
    [
      0.11571315675973892,
      0.2361965924501419,
      0.6480903625488281
    ],
    [
      0.21752522885799408,
      0.7464924454689026,
      0.03598254173994064
    ],
    [
      0.4192359745502472,
      0.15140996873378754,
      0.42935439944267273
    ],
    [
      0.5017076134681702,
      0.307989239692688,
      0.19030307233333588
    ]
  ],