{
  "N": 112800,
  "usage": [
    0.18424859642982483,
    0.5689626336097717,
    0.24678874015808105
  ],
  "entropy_mean": 0.6634984612464905,
  "entropy_std": 0.26096612215042114,
  "top1_share": [
    0.06976063549518585,
    0.6402393579483032,
    0.28999999165534973
  ],
  "P_expert_given_class": [
    [
      0.07709317654371262,
      0.8913899660110474,
      0.031517527997493744
    ],
    [
      0.2237222045660019,
      0.1463630348443985,
      0.6299152970314026
    ],
    [
      0.20671649277210236,
      0.767724335193634,
      0.025558635592460632
    ],
    [
      0.036274321377277374,
      0.9465276002883911,
      0.01719857193529606
    ],
    [
      0.23382568359375,
      0.24702957272529602,
      0.519145131111145
    ],
    [
      0.044825006276369095,
      0.8969903588294983,
      0.058184634894132614
    ],
    [
      0.1198451891541481,
      0.7039707899093628,
      0.17618386447429657
    ],
    [
      0.19501474499702454,
      0.6260637640953064,
      0.1789211928844452
    ],
    [
      0.10363414138555527,
      0.8741781711578369,
      0.022187894210219383
    ],
    [
      0.12323759496212006,
      0.8456138968467712,
      0.03114936500787735
    ],
    [
      0.2550002932548523,
      0.6340687274932861,
      0.11093085259199142
    ],
    [
      0.029973825439810753,
      0.9503133893013,
      0.019711432978510857
    ],
    [
      0.4525216817855835,
      0.49590855836868286,
      0.05156966671347618
    ],
    [
      0.029953759163618088,
      0.9244574904441833,
      0.04558991268277168
    ],
    [
      0.2657437026500702,
      0.7110729813575745,
      0.02318364381790161
    ],
    [
      0.3896375894546509,
      0.5346051454544067,
      0.0757574513554573
    ],
    [
      0.13498058915138245,
      0.8257350921630859,
      0.03928420692682266
    ],
    [
      0.12739254534244537,
      0.2091285139322281,
      0.6634790897369385
    ],
    [
      0.31391483545303345,
      0.22126878798007965,
      0.4648168981075287
    ],
    [
      0.0826835036277771,
      0.811781108379364,
      0.10553440451622009
    ],
    [
      0.1521540880203247,
      0.18160086870193481,
      0.6662452220916748
    ],
    [
      0.3140592873096466,
      0.20732413232326508,
      0.478616327047348
    ],
    [
      0.04418233409523964,
      0.31049084663391113,
      0.6453269720077515
    ],
    [
      0.08340516686439514,
      0.2825622260570526,
      0.6340326070785522
    ],
    [
      0.10959377139806747,
      0.858383059501648,
      0.03202401474118233
    ],
    [
      0.19750510156154633,
      0.7254101634025574,
      0.07708480209112167
    ],
    [
      0.06316551566123962,
      0.895490825176239,
      0.04134383052587509
    ],
    [
      0.11309216916561127,
      0.777985692024231,
      0.10892302542924881
    ],
    [
      0.08763949573040009,
      0.88580721616745,
      0.02655324526131153
    ],
    [
      0.2918775975704193,
      0.6408703327178955,
      0.06725183129310608
    ],
    [
      0.16292300820350647,
      0.36407431960105896,
      0.4730023741722107
    ],
    [
      0.09774477779865265,
      0.19940386712551117,
      0.702851414680481
    ],
    [
      0.05135555937886238,
      0.15136706829071045,
      0.7972782254219055
    ],
    [
      0.19279594719409943,
      0.17705248296260834,
      0.63015216588974
    ],
    [
      0.08377043157815933,
      0.2680448591709137,
      0.6481850743293762
    ],
    [
      0.27073201537132263,
      0.7102170586585999,
      0.01905100606381893
    ],
    [
      0.22773587703704834,
      0.696826696395874,
      0.07543729245662689
    ],
    [
      0.08786650002002716,
      0.6930133104324341,
      0.21912012994289398
    ],
    [
      0.25350892543792725,
      0.6633777618408203,
      0.08311312645673752
    ],
    [
      0.33517158031463623,
      0.6452001929283142,
      0.019628560170531273
    ],
    [
      0.4631686806678772,
      0.4868922829627991,
      0.04993947595357895
    ],
    [
      0.13496391475200653,
      0.8354327082633972,
      0.02960372529923916
    ],
    [
      0.20688104629516602,
      0.24828705191612244,
      0.5448318123817444
    ],
    [
      0.11577242612838745,
      0.2800776958465576,
      0.6041494607925415
    ],
    [
      0.1996919959783554,
      0.7638797760009766,
      0.03642869368195534
    ],
    [
      0.3862059712409973,
      0.1840033382177353,
      0.4297904968261719
    ],
    [
      0.48673155903816223,
      0.3439810872077942,
      0.16928812861442566
    ]
  ],