{
  "N": 112800,
  "usage": [
    0.24164843559265137,
    0.48994120955467224,
    0.2684103548526764
  ],
  "entropy_mean": 0.6718589067459106,
  "entropy_std": 0.2388889640569687,
  "top1_share": [
    0.15077127516269684,
    0.5448670387268066,
    0.3043617010116577
  ],
  "P_expert_given_class": [
    [
      0.09534827619791031,
      0.8637934327125549,
      0.04085827246308327
    ],
    [
      0.26387760043144226,
      0.09100604802370071,
      0.6451172828674316
    ],
    [
      0.26201942563056946,
      0.7054684162139893,
      0.032512374222278595
    ],
    [
      0.06003563106060028,
      0.9181216359138489,
      0.021841365844011307
    ],
    [
      0.27132222056388855,
      0.1374140977859497,
      0.5912632942199707
    ],
    [
      0.07398395240306854,
      0.8679068088531494,
      0.05810905620455742
    ],
    [
      0.20213200151920319,
      0.6343818306922913,
      0.1634860336780548
    ],
    [
      0.28454726934432983,
      0.4804152846336365,
      0.23503753542900085
    ],
    [
      0.25610190629959106,
      0.7183812260627747,
      0.025518080219626427
    ],
    [
      0.25117841362953186,
      0.7180252075195312,
      0.030796729028224945
    ],
    [
      0.33612021803855896,
      0.5278722643852234,
      0.13600721955299377
    ],
    [
      0.03360981121659279,
      0.9426618218421936,
      0.023728718981146812
    ],
    [
      0.5810102224349976,
      0.3454896807670593,
      0.07349951565265656
    ],
    [
      0.033132657408714294,
      0.9098396897315979,
      0.05702771618962288
    ],
    [
      0.40045231580734253,
      0.5554414987564087,
      0.044106028974056244
    ],
    [
      0.5554779171943665,
      0.37909093499183655,
      0.06543124467134476
    ],
    [
      0.19669553637504578,
      0.7491974234580994,
      0.0541076734662056
    ],
    [
      0.12061233818531036,
      0.11618533730506897,
      0.7632028460502625
    ],
    [
      0.39717918634414673,
      0.16136494278907776,
      0.4414563477039337
    ],
    [
      0.11978498846292496,
      0.7846559882164001,
      0.09555934369564056
    ],
    [
      0.14872366189956665,
      0.14320911467075348,
      0.7080666422843933
    ],
    [
      0.35199856758117676,
      0.14261341094970703,
      0.5053876042366028
    ],
    [
      0.03436175733804703,
      0.17591366171836853,
      0.7897253036499023
    ],
    [
      0.07976025342941284,
      0.1731647253036499,
      0.747075617313385
    ],
    [
      0.144667387008667,
      0.8194910883903503,
      0.03584159165620804
    ],
    [
      0.33494746685028076,
      0.6091318130493164,
      0.05592088773846626
    ],
    [
      0.06737134605646133,
      0.8604423999786377,
      0.07218672335147858
    ],
    [
      0.13262735307216644,
      0.7851289510726929,
      0.08224377781152725
    ],
    [
      0.16563920676708221,
      0.8039320707321167,
      0.030429420992732048
    ],
    [
      0.3636702299118042,
      0.5928454399108887,
      0.043485213071107864
    ],
    [
      0.1623535305261612,
      0.29748421907424927,
      0.5401617288589478
    ],
    [
      0.12008193880319595,
      0.13362395763397217,
      0.7462946176528931
    ],
    [
      0.04696764796972275,
      0.09151626378297806,
      0.8615159392356873
    ],
    [
      0.23470205068588257,
      0.18108057975769043,
      0.5842171907424927
    ],
    [
      0.10729015618562698,
      0.18557359278202057,
      0.7071362733840942
    ],
    [
      0.3352220058441162,
      0.6408681869506836,
      0.02390899322926998
    ],
    [
      0.2639193832874298,
      0.6635782122612,
      0.07250300794839859
    ],
    [
      0.12504440546035767,
      0.6379581093788147,
      0.23699717223644257
    ],
    [
      0.39177000522613525,
      0.5638502240180969,
      0.04437897354364395
    ],
    [
      0.4650491774082184,
      0.5199419260025024,
      0.015008339658379555
    ],
    [
      0.6259299516677856,
      0.3299216330051422,
      0.04414861276745796
    ],
    [
      0.20740990340709686,
      0.7612605094909668,
      0.03132949396967888
    ],
    [
      0.19153934717178345,
      0.15492531657218933,
      0.6535348296165466
    ],
    [
      0.10137519240379333,
      0.17486052215099335,
      0.7237647175788879
    ],
    [
      0.3054315149784088,
      0.6586914658546448,
      0.03587747737765312
    ],
    [
      0.4509034752845764,
      0.10346345603466034,
      0.4456329941749573
    ],
    [
      0.6040981411933899,
      0.21605293452739716,
      0.17984932661056519
    ]
  ],