{
  "N": 112800,
  "usage": [
    0.10975430905818939,
    0.6642799973487854,
    0.22596564888954163
  ],
  "entropy_mean": 0.5654013156890869,
  "entropy_std": 0.2962636947631836,
  "top1_share": [
    0.014352836646139622,
    0.7208865284919739,
    0.2647606432437897
  ],
  "P_expert_given_class": [
    [
      0.037235986441373825,
      0.9338030219078064,
      0.028960417956113815
    ],
    [
      0.1455550193786621,
      0.20620881021022797,
      0.6482358574867249
    ],
    [
      0.11989326775074005,
      0.8650171160697937,
      0.0150897316634655
    ],
    [
      0.02486412227153778,
      0.9721819162368774,
      0.002953884657472372
    ],
    [
      0.1762523204088211,
      0.286882609128952,
      0.5368651747703552
    ],
    [
      0.02664566971361637,
      0.9479725360870361,
      0.02538205310702324
    ],
    [
      0.07603722810745239,
      0.8047648072242737,
      0.11919816583395004
    ],
    [
      0.12242811918258667,
      0.8071330189704895,
      0.07043946534395218
    ],
    [
      0.03584839403629303,
      0.9422197341918945,
      0.02193107269704342
    ],
    [
      0.08267931640148163,
      0.8926212787628174,
      0.02469882182776928
    ],
    [
      0.13088561594486237,
      0.7423351407051086,
      0.12677910923957825
    ],
    [
      0.017833411693572998,
      0.9717312455177307,
      0.010435663163661957
    ],
    [
      0.22955664992332458,
      0.720779299736023,
      0.04966316372156143
    ],
    [
      0.020836347714066505,
      0.9460291266441345,
      0.033134639263153076
    ],
    [
      0.10904096066951752,
      0.8692247271537781,
      0.021733678877353668
    ],
    [
      0.17206256091594696,
      0.780074954032898,
      0.04786244034767151
    ],
    [
      0.0665176585316658,
      0.9050824046134949,
      0.028399480506777763
    ],
    [
      0.08528000861406326,
      0.20786254107952118,
      0.7068572640419006
    ],
    [
      0.20704691112041473,
      0.3078480064868927,
      0.4851049780845642
    ],
    [
      0.06224415451288223,
      0.8230104446411133,
      0.11474566161632538
    ],
    [
      0.0990482047200203,
      0.26157233119010925,
      0.6393788456916809
    ],
    [
      0.21346287429332733,
      0.2994290888309479,
      0.4871085584163666
    ],
    [
      0.03625771775841713,
      0.45824164152145386,
      0.5054996609687805
    ],
    [
      0.056261494755744934,
      0.4064749777317047,
      0.5372633934020996
    ],
    [
      0.05739539489150047,
      0.914884626865387,
      0.027719849720597267
    ],
    [
      0.05535835400223732,
      0.8630878925323486,
      0.08155310153961182
    ],
    [
      0.036596786230802536,
      0.9248006343841553,
      0.03860243409872055
    ],
    [
      0.07489597052335739,
      0.828048825263977,
      0.09705515205860138
    ],
    [
      0.043112512677907944,
      0.931203305721283,
      0.02568374015390873
    ],
    [
      0.1871197521686554,
      0.785266101360321,
      0.027613522484898567
    ],
    [
      0.10747300833463669,
      0.4670891761779785,
      0.42543697357177734
    ],
    [
      0.07161600142717361,
      0.27053287625312805,
      0.6578510999679565
    ],
    [
      0.04432990029454231,
      0.20174963772296906,
      0.7539203763008118
    ],
    [
      0.1290261298418045,
      0.2744050920009613,
      0.596569299697876
    ],
    [
      0.07312512397766113,
      0.279864102602005,
      0.6470097899436951
    ],
    [
      0.15912659466266632,
      0.8336634635925293,
      0.00721000274643302
    ],
    [
      0.1527130901813507,
      0.7938311696052551,
      0.05345641449093819
    ],
    [
      0.04839358851313591,
      0.8113269209861755,
      0.14027874171733856
    ],
    [
      0.13492320477962494,
      0.7620563507080078,
      0.1030198261141777
    ],
    [
      0.15959049761295319,
      0.8201943635940552,
      0.020215671509504318
    ],
    [
      0.22373329102993011,
      0.7252861857414246,
      0.050980519503355026
    ],
    [
      0.0816413164138794,
      0.89615398645401,
      0.02220427431166172
    ],
    [
      0.12745092809200287,
      0.2949167490005493,
      0.5776320695877075
    ],
    [
      0.0823184996843338,
      0.48658204078674316,
      0.431099534034729
    ],
    [
      0.1158832311630249,
      0.855787456035614,
      0.02832893654704094
    ],
    [
      0.2646811306476593,
      0.4035758674144745,
      0.3317433297634125
    ],
    [
      0.3741740882396698,
      0.4383475184440613,
      0.18747851252555847
    ]
  ],