{
  "N": 112800,
  "usage": [
    0.1676531285047531,
    0.5899732708930969,
    0.24237360060214996
  ],
  "entropy_mean": 0.6522589325904846,
  "entropy_std": 0.26714199781417847,
  "top1_share": [
    0.04233156144618988,
    0.6722251772880554,
    0.2854432761669159
  ],
  "P_expert_given_class": [
    [
      0.06765154749155045,
      0.9040289521217346,
      0.028319556266069412
    ],
    [
      0.19946934282779694,
      0.1595652848482132,
      0.6409648656845093
    ],
    [
      0.19126468896865845,
      0.786616861820221,
      0.02211843430995941
    ],
    [
      0.039824001491069794,
      0.9459471702575684,
      0.014229490421712399
    ],
    [
      0.23468147218227386,
      0.25940361618995667,
      0.5059158802032471
    ],
    [
      0.041742730885744095,
      0.9156427979469299,
      0.042615991085767746
    ],
    [
      0.11302046477794647,
      0.7023396492004395,
      0.18464048206806183
    ],
    [
      0.20140227675437927,
      0.6350633502006531,
      0.16353517770767212
    ],
    [
      0.07738379389047623,
      0.8946689963340759,
      0.02794811502099037
    ],
    [
      0.12166496366262436,
      0.8479957580566406,
      0.030341239646077156
    ],
    [
      0.21932756900787354,
      0.6702882647514343,
      0.11038368195295334
    ],
    [
      0.029145266860723495,
      0.950173020362854,
      0.020683137699961662
    ],
    [
      0.41119712591171265,
      0.5483348369598389,
      0.04046841338276863
    ],
    [
      0.028822053223848343,
      0.930072009563446,
      0.041106272488832474
    ],
    [
      0.22288215160369873,
      0.7604935169219971,
      0.01662420481443405
    ],
    [
      0.31603097915649414,
      0.6247227191925049,
      0.05924747511744499
    ],
    [
      0.1192946657538414,
      0.8460146188735962,
      0.034690435975790024
    ],
    [
      0.12605680525302887,
      0.2096472680568695,
      0.6642956137657166
    ],
    [
      0.27033257484436035,
      0.23930247128009796,
      0.49036499857902527
    ],
    [
      0.07629863172769547,
      0.8061140775680542,
      0.11758778989315033
    ],
    [
      0.1421608179807663,
      0.19378161430358887,
      0.6640574932098389
    ],
    [
      0.2860637903213501,
      0.23138290643692017,
      0.4825533628463745
    ],
    [
      0.044444069266319275,
      0.3505266606807709,
      0.6050289273262024
    ],
    [
      0.07736580818891525,
      0.32040610909461975,
      0.6022286415100098
    ],
    [
      0.09584870934486389,
      0.8766980171203613,
      0.027453048154711723
    ],
    [
      0.1430879533290863,
      0.7712182998657227,
      0.08569281548261642
    ],
    [
      0.060021884739398956,
      0.9072291254997253,
      0.03275027871131897
    ],
    [
      0.11168355494737625,
      0.7766889929771423,
      0.11162763088941574
    ],
    [
      0.07268281280994415,
      0.8996453881263733,
      0.02767152711749077
    ],
    [
      0.23988260328769684,
      0.7000163197517395,
      0.060102012008428574
    ],
    [
      0.15758998692035675,
      0.39826467633247375,
      0.4441449046134949
    ],
    [
      0.09951392561197281,
      0.2128971517086029,
      0.6875885128974915
    ],
    [
      0.05812531337141991,
      0.16593708097934723,
      0.7759378552436829
    ],
    [
      0.17495809495449066,
      0.17979569733142853,
      0.6452456712722778
    ],
    [
      0.0962965190410614,
      0.27101588249206543,
      0.6326874494552612
    ],
    [
      0.2550652027130127,
      0.7298782467842102,
      0.015057235024869442
    ],
    [
      0.2256733477115631,
      0.7104802131652832,
      0.06384651362895966
    ],
    [
      0.08057624101638794,
      0.7012528777122498,
      0.21817120909690857
    ],
    [
      0.2126339077949524,
      0.6963936686515808,
      0.09097318351268768
    ],
    [
      0.3389611840248108,
      0.6448727250099182,
      0.016165612265467644
    ],
    [
      0.3825185000896454,
      0.5680306553840637,
      0.04945054650306702
    ],
    [
      0.13040436804294586,
      0.8416587114334106,
      0.0279375072568655
    ],
    [
      0.1914023905992508,
      0.27039769291877747,
      0.5382007956504822
    ],
    [
      0.11251888424158096,
      0.2958493232727051,
      0.5916318893432617
    ],
    [
      0.18624818325042725,
      0.7780871391296387,
      0.03566431999206543
    ],
    [
      0.3614461123943329,
      0.22837425768375397,
      0.41017985343933105
    ],
    [
      0.4350303113460541,
      0.3715425133705139,
      0.19342732429504395
    ]
  ],