{
  "N": 112800,
  "usage": [
    0.13342447578907013,
    0.6379677653312683,
    0.22860774397850037
  ],
  "entropy_mean": 0.6076968312263489,
  "entropy_std": 0.28596729040145874,
  "top1_share": [
    0.02146276645362377,
    0.7097694873809814,
    0.26876774430274963
  ],
  "P_expert_given_class": [
    [
      0.05173908919095993,
      0.9211694598197937,
      0.027092142030596733
    ],
    [
      0.16950936615467072,
      0.18730884790420532,
      0.643182098865509
    ],
    [
      0.14033614099025726,
      0.8433753848075867,
      0.016288353130221367
    ],
    [
      0.026706300675868988,
      0.968532383441925,
      0.004759794566780329
    ],
    [
      0.20133943855762482,
      0.27862435579299927,
      0.5200366973876953
    ],
    [
      0.031844452023506165,
      0.9379554986953735,
      0.030199874192476273
    ],
    [
      0.08880452811717987,
      0.7445149421691895,
      0.1666802316904068
    ],
    [
      0.1494290679693222,
      0.7626060247421265,
      0.08796481043100357
    ],
    [
      0.046892132610082626,
      0.9266584515571594,
      0.02644823119044304
    ],
    [
      0.09982254356145859,
      0.8750594258308411,
      0.025117773562669754
    ],
    [
      0.17132997512817383,
      0.7079537510871887,
      0.12071637809276581
    ],
    [
      0.0229498203843832,
      0.9610912799835205,
      0.015958838164806366
    ],
    [
      0.3109323978424072,
      0.6434334516525269,
      0.045634444802999496
    ],
    [
      0.02392095886170864,
      0.9423224925994873,
      0.03375629335641861
    ],
    [
      0.15807294845581055,
      0.8211109638214111,
      0.020816819742321968
    ],
    [
      0.2157236784696579,
      0.732513964176178,
      0.05176277458667755
    ],
    [
      0.09276735037565231,
      0.8744011521339417,
      0.03283160552382469
    ],
    [
      0.10865272581577301,
      0.21397151052951813,
      0.6773751378059387
    ],
    [
      0.2362585961818695,
      0.28279322385787964,
      0.4809483289718628
    ],
    [
      0.06773820519447327,
      0.8151260614395142,
      0.11713602393865585
    ],
    [
      0.12239351868629456,
      0.2384410798549652,
      0.6391655802726746
    ],
    [
      0.24683789908885956,
      0.27380087971687317,
      0.4793606996536255
    ],
    [
      0.040276989340782166,
      0.46032944321632385,
      0.49939295649528503
    ],
    [
      0.0644400417804718,
      0.3925909399986267,
      0.5429691672325134
    ],
    [
      0.07563268393278122,
      0.8975400924682617,
      0.026828015223145485
    ],
    [
      0.0741901695728302,
      0.834850549697876,
      0.09096011519432068
    ],
    [
      0.049314431846141815,
      0.9156368970870972,
      0.03504817932844162
    ],
    [
      0.09438255429267883,
      0.8018536567687988,
      0.10376471281051636
    ],
    [
      0.05091795697808266,
      0.9234128594398499,
      0.025669697672128677
    ],
    [
      0.20861759781837463,
      0.7593342065811157,
      0.03204767778515816
    ],
    [
      0.12983933091163635,
      0.43998733162879944,
      0.43017297983169556
    ],
    [
      0.08036918193101883,
      0.25114065408706665,
      0.6684902906417847
    ],
    [
      0.05119786411523819,
      0.1950632631778717,
      0.7537385821342468
    ],
    [
      0.15475690364837646,
      0.25493109226226807,
      0.5903119444847107
    ],
    [
      0.08338940143585205,
      0.2859627604484558,
      0.6306478381156921
    ],
    [
      0.18858806788921356,
      0.8038074374198914,
      0.007604097481817007
    ],
    [
      0.18915580213069916,
      0.7576030492782593,
      0.05324128642678261
    ],
    [
      0.0581812858581543,
      0.7517337799072266,
      0.19008511304855347
    ],
    [
      0.16535136103630066,
      0.7346148490905762,
      0.10003426671028137
    ],
    [
      0.24575302004814148,
      0.7348668575286865,
      0.019379425793886185
    ],
    [
      0.2744615375995636,
      0.6743689775466919,
      0.051169414073228836
    ],
    [
      0.10340800136327744,
      0.8732938766479492,
      0.023297293111681938
    ],
    [
      0.1546367108821869,
      0.27508625388145447,
      0.5702781081199646
    ],
    [
      0.09847139567136765,
      0.43603724241256714,
      0.4654916524887085
    ],
    [
      0.15096955001354218,
      0.8194229602813721,
      0.029608191922307014
    ],
    [
      0.2961067855358124,
      0.34675076603889465,
      0.35714226961135864
    ],
    [
      0.4045403003692627,
      0.4115028381347656,
      0.1839570552110672
    ]
  ],