{
  "N": 112800,
  "usage": [
    0.026148879900574684,
    0.7694457769393921,
    0.20440536737442017
  ],
  "entropy_mean": 0.26738616824150085,
  "entropy_std": 0.33169540762901306,
  "top1_share": [
    0.0,
    0.7703989148139954,
    0.22960107028484344
  ],
  "P_expert_given_class": [
    [
      0.01890401728451252,
      0.9605761766433716,
      0.02052203007042408
    ],
    [
      0.03920667991042137,
      0.3035644292831421,
      0.6572281122207642
    ],
    [
      0.021940235048532486,
      0.9557030200958252,
      0.022360369563102722
    ],
    [
      0.022961311042308807,
      0.9568370580673218,
      0.02020396664738655
    ],
    [
      0.03496836870908737,
      0.3750353157520294,
      0.5899958610534668
    ],
    [
      0.021327577531337738,
      0.9593625664710999,
      0.01931256242096424
    ],
    [
      0.027803592383861542,
      0.8739799857139587,
      0.0982164666056633
    ],
    [
      0.023715585470199585,
      0.9497522711753845,
      0.026532046496868134
    ],
    [
      0.022992178797721863,
      0.9498443603515625,
      0.027164746075868607
    ],
    [
      0.02280561439692974,
      0.9455134868621826,
      0.03168042004108429
    ],
    [
      0.028182197362184525,
      0.8593478202819824,
      0.1124705895781517
    ],
    [
      0.022575296461582184,
      0.9542526006698608,
      0.023172730579972267
    ],
    [
      0.02009090967476368,
      0.9595968723297119,
      0.020313160493969917
    ],
    [
      0.021681688725948334,
      0.9528478980064392,
      0.025471482425928116
    ],
    [
      0.021466096863150597,
      0.9600161910057068,
      0.018520480021834373
    ],
    [
      0.025617452338337898,
      0.939984142780304,
      0.034399934113025665
    ],
    [
      0.021592436358332634,
      0.9546730518341064,
      0.02373559959232807
    ],
    [
      0.03274938091635704,
      0.3210389316082001,
      0.646211564540863
    ],
    [
      0.03874868154525757,
      0.4284606873989105,
      0.532789945602417
    ],
    [
      0.025657374411821365,
      0.8872556686401367,
      0.0870877057313919
    ],
    [
      0.02774881012737751,
      0.47314324975013733,
      0.4991074502468109
    ],
    [
      0.03545396402478218,
      0.45313283801078796,
      0.5114131569862366
    ],
    [
      0.02471063658595085,
      0.8086698651313782,
      0.16661977767944336
    ],
    [
      0.02879674918949604,
      0.3544280230998993,
      0.6167746186256409
    ],
    [
      0.02071887068450451,
      0.9583776593208313,
      0.020904749631881714
    ],
    [
      0.02522309310734272,
      0.9406575560569763,
      0.03411931172013283
    ],
    [
      0.021547570824623108,
      0.9453310966491699,
      0.03312133625149727
    ],
    [
      0.02361810766160488,
      0.9346543550491333,
      0.04172714427113533
    ],
    [
      0.01999005489051342,
      0.9618354439735413,
      0.018177542835474014
    ],
    [
      0.02337288111448288,
      0.9539396166801453,
      0.022687487304210663
    ],
    [
      0.03011736273765564,
      0.5745508074760437,
      0.39533230662345886
    ],
    [
      0.026701737195253372,
      0.25598880648612976,
      0.7173099517822266
    ],
    [
      0.028824958950281143,
      0.31271839141845703,
      0.6584563851356506
    ],
    [
      0.03003688156604767,
      0.33927080035209656,
      0.6306931972503662
    ],
    [
      0.030122404918074608,
      0.29810431599617004,
      0.671773374080658
    ],
    [
      0.020804036408662796,
      0.9604380130767822,
      0.018761735409498215
    ],
    [
      0.024335911497473717,
      0.9364920854568481,
      0.03917204961180687
    ],
    [
      0.02636869065463543,
      0.8466946482658386,
      0.12693729996681213
    ],
    [
      0.02977018617093563,
      0.8323965072631836,
      0.1378331482410431
    ],
    [
      0.022267218679189682,
      0.9579028487205505,
      0.019833635538816452
    ],
    [
      0.025988595560193062,
      0.928022563457489,
      0.045988794416189194
    ],
    [
      0.025024771690368652,
      0.941992998123169,
      0.032982174307107925
    ],
    [
      0.028269415721297264,
      0.3088492453098297,
      0.6628811955451965
    ],
    [
      0.022826505824923515,
      0.8722457885742188,
      0.10492774844169617
    ],
    [
      0.025725487619638443,
      0.9338191747665405,
      0.04045555740594864
    ],
    [
      0.028464943170547485,
      0.8872349262237549,
      0.08430001139640808
    ],
    [
      0.03718036413192749,
      0.7454501390457153,
      0.2173692286014557
    ]
  ],
  "P_class_given_expert": [
    [
      0.0,
      0.0,
      0.0,
      0.0,
      0.0,
      0.0,
      0.0,
      0.0,
      0.0,
      0.0,
      0.0,
      0.0,
      0.0,
      0.0,
      0.0,
      0.0,
      0.0,
      0.0,
      0.0,
      0.0,
      0.0,
      0.0,
      0.0,
      0.0,
      0.0,
      0.0,
      0.0,
      0.0,
      0.0,
      0.0,
      0.0,
      0.0,
      0.0,
      0.0,
      0.0,
      0.0,
      0.0,
      0.0,
      0.0,
      0.0,
      0.0,
      0.0,
      0.0,
      0.0,
      0.0,
      0.0,
      0.0
    ],
    [
      0.027053773403167725,
      0.005247350316494703,
      0.026950208470225334,
      0.026938701048493385,
      0.007502790540456772,
      0.026915686205029488,
      0.025776458904147148,
      0.026731567457318306,
      0.026604987680912018,
      0.026743074879050255,
      0.025534803047776222,
      0.026754582300782204,
      0.026973223313689232,
      0.026869656518101692,
      0.026950208470225334,
      0.026639509946107864,
      0.026950208470225334,
      0.006087386980652809,
      0.009470546618103981,
      0.025270134210586548,
      0.011530362069606781,
      0.010345105081796646,
      0.023831715807318687,
      0.00828529056161642,
      0.027019251137971878,
      0.026501420885324478,
      0.026812119409441948,
      0.026535943150520325,
      0.026973223313689232,
      0.02698472887277603,
      0.016662638634443283,
      0.004798563662916422,
      0.007042496465146542,
      0.007295658346265554,
      0.006144923623651266,
      0.026869656518101692,
      0.026858149096369743,
      0.024706274271011353,
      0.025016972795128822,
      0.02700774371623993,
      0.026248259469866753,
      0.026524435728788376,
      0.005212828516960144,
      0.02544274553656578,
      0.02669704519212246,
      0.0257419366389513,
      0.022945649921894073
    ],
    [
      0.0018919649301096797,
      0.07506081461906433,
      0.002239468740299344,
      0.0022780802100896835,
      0.06749295443296432,
      0.002355303382501006,
      0.006177844479680061,
      0.0029730878304690123,
      0.0033978146966546774,
      0.002934476127848029,
      0.006988686975091696,
      0.0028958646580576897,
      0.0021622455678880215,
      0.0025097494944930077,
      0.002239468740299344,
      0.0032819800544530153,
      0.002239468740299344,
      0.07224217057228088,
      0.060890380293130875,
      0.007876751944422722,
      0.05397891625761986,
      0.05795590579509735,
      0.012703193351626396,
      0.06486736983060837,
      0.00200779945589602,
      0.00374531839042902,
      0.0027028070762753487,
      0.003629483748227358,
      0.0021622455678880215,
      0.002123634098097682,
      0.0367581769824028,
      0.0765666663646698,
      0.06903741508722305,
      0.06818795949220657,
      0.0720491111278534,
      0.0025097494944930077,
      0.002548360964283347,
      0.009768716990947723,
      0.008726205676794052,
      0.002046411158517003,
      0.00459477212280035,
      0.0036680952180176973,
      0.0751766487956047,
      0.007297579199075699,
      0.0030889222398400307,
      0.006293679121881723,
      0.015676280483603477
    ]
  ],
  "grad_router_mean": 0.2599430472199472,
  "grad_expert_mean": 0.7716448799405032,
  "misroute_rate": 0.2300886524822695,