{
  "N": 112800,
  "usage": [
    0.23798686265945435,
    0.49418509006500244,
    0.2678280174732208
  ],
  "entropy_mean": 0.679922342300415,
  "entropy_std": 0.23945768177509308,
  "top1_share": [
    0.14111702144145966,
    0.5530939698219299,
    0.3057889938354492
  ],
  "P_expert_given_class": [
    [
      0.09946786612272263,
      0.8615840673446655,
      0.038947783410549164
    ],
    [
      0.2651829123497009,
      0.09900297969579697,
      0.6358141303062439
    ],
    [
      0.27183645963668823,
      0.6944888234138489,
      0.033674921840429306
    ],
    [
      0.06700799614191055,
      0.913770854473114,
      0.01922214776277542
    ],
    [
      0.2695173919200897,
      0.13510149717330933,
      0.5953813791275024
    ],
    [
      0.07158738374710083,
      0.8665342926979065,
      0.06187867000699043
    ],
    [
      0.20253443717956543,
      0.6284891963005066,
      0.16897715628147125
    ],
    [
      0.29002901911735535,
      0.47805720567703247,
      0.23191411793231964
    ],
    [
      0.23982210457324982,
      0.7353896498680115,
      0.024788791313767433
    ],
    [
      0.22783690690994263,
      0.7404519319534302,
      0.031711697578430176
    ],
    [
      0.3218823969364166,
      0.5402856469154358,
      0.1378316730260849
    ],
    [
      0.03414241969585419,
      0.9402068853378296,
      0.025649793446063995
    ],
    [
      0.5625433325767517,
      0.3504868149757385,
      0.08696923404932022
    ],
    [
      0.03682588040828705,
      0.9013638496398926,
      0.06180959194898605
    ],
    [
      0.373824805021286,
      0.5664678812026978,
      0.05970758572220802
    ],
    [
      0.5440496802330017,
      0.3786632716655731,
      0.07728572934865952
    ],
    [
      0.19299979507923126,
      0.7505998611450195,
      0.056400567293167114
    ],
    [
      0.13497833907604218,
      0.11769275367259979,
      0.7473298907279968
    ],
    [
      0.38503167033195496,
      0.1657135784626007,
      0.4492555856704712
    ],
    [
      0.12719522416591644,
      0.7872880101203918,
      0.08551715314388275
    ],
    [
      0.1512671858072281,
      0.1482929289340973,
      0.7004398107528687
    ],
    [
      0.3549007475376129,
      0.14877913892269135,
      0.4963203966617584
    ],
    [
      0.03471513092517853,
      0.19079437851905823,
      0.7744914293289185
    ],
    [
      0.07933538407087326,
      0.174566388130188,
      0.7460986375808716
    ],
    [
      0.15164132416248322,
      0.8131004571914673,
      0.035258203744888306
    ],
    [
      0.339642733335495,
      0.6047739386558533,
      0.05558345839381218
    ],
    [
      0.06397461146116257,
      0.8674198389053345,
      0.06860525906085968
    ],
    [
      0.12559963762760162,
      0.790951669216156,
      0.08344905078411102
    ],
    [
      0.15617096424102783,
      0.8123986721038818,
      0.031430818140506744
    ],
    [
      0.36173832416534424,
      0.5869193077087402,
      0.05134209990501404
    ],
    [
      0.16409030556678772,
      0.3037135899066925,
      0.5321962237358093
    ],
    [
      0.11599235236644745,
      0.1440705806016922,
      0.7399367690086365
    ],
    [
      0.04980149865150452,
      0.09590186178684235,
      0.8542964458465576
    ],
    [
      0.23618586361408234,
      0.19403575360774994,
      0.5697785019874573
    ],
    [
      0.11058411002159119,
      0.20753972232341766,
      0.6818757653236389
    ],
    [
      0.3299992084503174,
      0.6443843245506287,
      0.025616975501179695
    ],
    [
      0.25746339559555054,
      0.6714357733726501,
      0.07110163569450378
    ],
    [
      0.13718290627002716,
      0.6338109970092773,
      0.2290067821741104
    ],
    [
      0.3857421875,
      0.5654214024543762,
      0.04883584752678871
    ],
    [
      0.4455528259277344,
      0.5374334454536438,
      0.01701350323855877
    ],
    [
      0.6226714849472046,
      0.32674676179885864,
      0.05058228597044945
    ],
    [
      0.19104927778244019,
      0.7753272652626038,
      0.033623337745666504
    ],
    [
      0.20316539704799652,
      0.14594076573848724,
      0.6508939862251282
    ],
    [
      0.1007317528128624,
      0.185661181807518,
      0.713607132434845
    ],
    [
      0.29078492522239685,
      0.6710138916969299,
      0.03820168599486351
    ],
    [
      0.41808968782424927,
      0.1080082580447197,
      0.47390177845954895
    ],
    [
      0.5890138149261475,
      0.22662028670310974,
      0.18436625599861145
    ]
  ],