{
  "N": 112800,
  "usage": [
    0.1922934204339981,
    0.5585862398147583,
    0.2491203248500824
  ],
  "entropy_mean": 0.6684325337409973,
  "entropy_std": 0.2609193027019501,
  "top1_share": [
    0.08414006978273392,
    0.6220744848251343,
    0.2937854528427124
  ],
  "P_expert_given_class": [
    [
      0.07379040122032166,
      0.8931350708007812,
      0.033074162900447845
    ],
    [
      0.22600115835666656,
      0.13735489547252655,
      0.6366434097290039
    ],
    [
      0.21684260666370392,
      0.7542591691017151,
      0.028898630291223526
    ],
    [
      0.04029258340597153,
      0.9426305890083313,
      0.01707725040614605
    ],
    [
      0.25716644525527954,
      0.22318601608276367,
      0.5196475386619568
    ],
    [
      0.04338012635707855,
      0.8980777859687805,
      0.0585414320230484
    ],
    [
      0.1323438286781311,
      0.6934326887130737,
      0.1742234081029892
    ],
    [
      0.21113552153110504,
      0.5831080675125122,
      0.205755814909935
    ],
    [
      0.11576301604509354,
      0.8628809452056885,
      0.02135576866567135
    ],
    [
      0.1322556883096695,
      0.8344083428382874,
      0.033335331827402115
    ],
    [
      0.27963200211524963,
      0.6040768027305603,
      0.11629093438386917
    ],
    [
      0.02989915758371353,
      0.9504160284996033,
      0.019685564562678337
    ],
    [
      0.49115675687789917,
      0.45637452602386475,
      0.052469220012426376
    ],
    [
      0.028082625940442085,
      0.927959680557251,
      0.04395731911063194
    ],
    [
      0.28440040349960327,
      0.6901701092720032,
      0.02542934939265251
    ],
    [
      0.40101492404937744,
      0.5263399481773376,
      0.07264502346515656
    ],
    [
      0.13720765709877014,
      0.820904016494751,
      0.04188867658376694
    ],
    [
      0.1389647275209427,
      0.20074015855789185,
      0.6602954268455505
    ],
    [
      0.31980153918266296,
      0.21249918639659882,
      0.46769988536834717
    ],
    [
      0.08457008749246597,
      0.8115662932395935,
      0.10386256873607635
    ],
    [
      0.162567600607872,
      0.17561249434947968,
      0.6618188619613647
    ],
    [
      0.31414711475372314,
      0.1960287094116211,
      0.48982417583465576
    ],
    [
      0.0412558950483799,
      0.29902562499046326,
      0.6597185730934143
    ],
    [
      0.08439315855503082,
      0.2753922939300537,
      0.6402146220207214
    ],
    [
      0.10434599220752716,
      0.8635085821151733,
      0.03214508295059204
    ],
    [
      0.23139013350009918,
      0.7006296515464783,
      0.0679796114563942
    ],
    [
      0.0640997439622879,
      0.8907872438430786,
      0.045113082975149155
    ],
    [
      0.11468818783760071,
      0.768864095211029,
      0.11644809693098068
    ],
    [
      0.08369496464729309,
      0.8914883136749268,
      0.024816734716296196
    ],
    [
      0.27797597646713257,
      0.6583898663520813,
      0.06363392621278763
    ],
    [
      0.1576307713985443,
      0.3466278314590454,
      0.4957422912120819
    ],
    [
      0.10821716487407684,
      0.18353886902332306,
      0.7082440257072449
    ],
    [
      0.05136759206652641,
      0.14806725084781647,
      0.8005653023719788
    ],
    [
      0.20796309411525726,
      0.17916877567768097,
      0.6128678917884827
    ],
    [
      0.09164270758628845,
      0.2495453953742981,
      0.6588122844696045
    ],
    [
      0.28849470615386963,
      0.6884446740150452,
      0.023060476407408714
    ],
    [
      0.22563913464546204,
      0.6913209557533264,
      0.0830407664179802
    ],
    [
      0.09345865249633789,
      0.6924692988395691,
      0.21407192945480347
    ],
    [
      0.269837349653244,
      0.6532182097434998,
      0.07694350928068161
    ],
    [
      0.3577944040298462,
      0.62153559923172,
      0.02066945843398571
    ],
    [
      0.47859689593315125,
      0.47103485465049744,
      0.05036833509802818
    ],
    [
      0.13939781486988068,
      0.8291521072387695,
      0.031450651586055756
    ],
    [
      0.21887840330600739,
      0.22997982800006866,
      0.551142156124115
    ],
    [
      0.11430677026510239,
      0.27293822169303894,
      0.6127545833587646
    ],
    [
      0.21128486096858978,
      0.749339759349823,
      0.03937533497810364
    ],
    [
      0.40795648097991943,
      0.18385836482048035,
      0.4081859588623047
    ],
    [
      0.49306344985961914,
      0.3200644552707672,
      0.18687236309051514
    ]
  ],