{
  "N": 112800,
  "usage": [
    0.3611787259578705,
    0.3479714095592499,
    0.29084980487823486
  ],
  "entropy_mean": 0.6356479525566101,
  "entropy_std": 0.25498464703559875,
  "top1_share": [
    0.3468528389930725,
    0.3380673825740814,
    0.31507977843284607
  ],
  "P_expert_given_class": [
    [
      0.19254690408706665,
      0.7232460975646973,
      0.08420625329017639
    ],
    [
      0.04463091492652893,
      0.05633417144417763,
      0.8990351557731628
    ],
    [
      0.6594362258911133,
      0.32034164667129517,
      0.020222293213009834
    ],
    [
      0.8701519966125488,
      0.11731849610805511,
      0.012528910301625729
    ],
    [
      0.29743722081184387,
      0.052433840930461884,
      0.6501290202140808
    ],
    [
      0.8597248196601868,
      0.11035062372684479,
      0.029924392700195312
    ],
    [
      0.3559960126876831,
      0.2320958971977234,
      0.41190850734710693
    ],
    [
      0.16135013103485107,
      0.5478887557983398,
      0.2907622456550598
    ],
    [
      0.8640522360801697,
      0.10585193336009979,
      0.03009553998708725
    ],
    [
      0.7396542429924011,
      0.16278773546218872,
      0.09755799919366837
    ],
    [
      0.6178469061851501,
      0.2552596628665924,
      0.12689413130283356
    ],
    [
      0.7806648015975952,
      0.1833706647157669,
      0.03596467152237892
    ],
    [
      0.06926067918539047,
      0.7533885836601257,
      0.1773512363433838
    ],
    [
      0.289074182510376,
      0.586886465549469,
      0.124038927257061
    ],
    [
      0.20894359052181244,
      0.7800788283348083,
      0.010977030731737614
    ],
    [
      0.36974626779556274,
      0.6072316765785217,
      0.023022225126624107
    ],
    [
      0.6777541637420654,
      0.25469735264778137,
      0.06754894554615021
    ],
    [
      0.09144590049982071,
      0.1439768671989441,
      0.7645770311355591
    ],
    [
      0.05615659058094025,
      0.19453835487365723,
      0.7493051886558533
    ],
    [
      0.3573411703109741,
      0.5393570065498352,
      0.10330218821763992
    ],
    [
      0.20249101519584656,
      0.24545273184776306,
      0.552055835723877
    ],
    [
      0.07523619383573532,
      0.21115650236606598,
      0.7136074304580688
    ],
    [
      0.07167423516511917,
      0.5625856518745422,
      0.3657400906085968
    ],
    [
      0.12199661135673523,
      0.37659120559692383,
      0.5014120936393738
    ],
    [
      0.18539844453334808,
      0.7321438789367676,
      0.08245816826820374
    ],
    [
      0.23359018564224243,
      0.7244654893875122,
      0.04194435849785805
    ],
    [
      0.7849987149238586,
      0.16035054624080658,
      0.05465088412165642
    ],
    [
      0.4529820680618286,
      0.5166464447975159,
      0.030371693894267082
    ],
    [
      0.8050904273986816,
      0.139949768781662,
      0.054960694164037704
    ],
    [
      0.042971499264240265,
      0.9030771851539612,
      0.05395198240876198
    ],
    [
      0.11849592626094818,
      0.14801400899887085,
      0.7334901690483093
    ],
    [
      0.023218514397740364,
      0.11184132844209671,
      0.8649397492408752
    ],
    [
      0.11207807809114456,
      0.06007147952914238,
      0.8278505206108093
    ],
    [
      0.2752780020236969,
      0.28649577498435974,
      0.43822595477104187
    ],
    [
      0.15369342267513275,
      0.16726072132587433,
      0.6790464520454407
    ],
    [
      0.24677841365337372,
      0.7395721673965454,
      0.013647938147187233
    ],
    [
      0.6001172065734863,
      0.2857559323310852,
      0.11412651091814041
    ],
    [
      0.31255435943603516,
      0.15368913114070892,
      0.5337564945220947
    ],
    [
      0.8104562163352966,
      0.15452544391155243,
      0.03501788526773453
    ],
    [
      0.17711132764816284,
      0.8069840669631958,
      0.01590419001877308
    ],
    [
      0.5023072957992554,
      0.46817418932914734,
      0.029518956318497658
    ],
    [
      0.8418967127799988,
      0.1046266183257103,
      0.05347748473286629
    ],
    [
      0.18976977467536926,
      0.05126962438225746,
      0.7589601874351501
    ],
    [
      0.048973165452480316,
      0.35025542974472046,
      0.6007711887359619
    ],
    [
      0.8049322366714478,
      0.1206812933087349,
      0.07438664138317108
    ],
    [
      0.018142664805054665,
      0.41625553369522095,
      0.5656015276908875
    ],
    [
      0.199953094124794,
      0.6293312311172485,
      0.17071546614170074
    ]
  ],