{
  "N": 112800,
  "usage": [
    0.38516366481781006,
    0.35185131430625916,
    0.2629849910736084
  ],
  "entropy_mean": 0.6296548247337341,
  "entropy_std": 0.24608942866325378,
  "top1_share": [
    0.3726595640182495,
    0.34677305817604065,
    0.28056737780570984
  ],
  "P_expert_given_class": [
    [
      0.17977605760097504,
      0.7587839365005493,
      0.061440691351890564
    ],
    [
      0.04051320254802704,
      0.08978481590747833,
      0.8697012066841125
    ],
    [
      0.700585126876831,
      0.2851138114929199,
      0.014301460236310959
    ],
    [
      0.909103512763977,
      0.08567032963037491,
      0.0052258032374084
    ],
    [
      0.3566031754016876,
      0.06650372594594955,
      0.5768934488296509
    ],
    [
      0.866878867149353,
      0.1192525252699852,
      0.013868790119886398
    ],
    [
      0.4355633556842804,
      0.1956915706396103,
      0.36874502897262573
    ],
    [
      0.21008643507957458,
      0.6165826916694641,
      0.17333075404167175
    ],
    [
      0.8688600659370422,
      0.10892228782176971,
      0.022217951714992523
    ],
    [
      0.8492786884307861,
      0.10468641668558121,
      0.046034399420022964
    ],
    [
      0.6329694986343384,
      0.2589096426963806,
      0.10812100768089294
    ],
    [
      0.8157662749290466,
      0.1539924144744873,
      0.030241139233112335
    ],
    [
      0.07007645815610886,
      0.7947453856468201,
      0.1351780891418457
    ],
    [
      0.3206252157688141,
      0.5833585262298584,
      0.09601611644029617
    ],
    [
      0.22627276182174683,
      0.7599891424179077,
      0.01373784989118576
    ],
    [
      0.3594692647457123,
      0.6181659698486328,
      0.022365186363458633
    ],
    [
      0.7181327939033508,
      0.23542602360248566,
      0.04644186422228813
    ],
    [
      0.09951528906822205,
      0.12356595695018768,
      0.776918351650238
    ],
    [
      0.06476693600416183,
      0.20397113263607025,
      0.7312623858451843
    ],
    [
      0.44612574577331543,
      0.4211501181125641,
      0.1327241212129593
    ],
    [
      0.21341705322265625,
      0.23444534838199615,
      0.5521377921104431
    ],
    [
      0.07273649424314499,
      0.22492335736751556,
      0.7023397088050842
    ],
    [
      0.07921178638935089,
      0.6466185450553894,
      0.27417004108428955
    ],
    [
      0.11968939751386642,
      0.43619251251220703,
      0.4441177248954773
    ],
    [
      0.16678255796432495,
      0.7747393846511841,
      0.0584777370095253
    ],
    [
      0.24973668158054352,
      0.7082330584526062,
      0.042029961943626404
    ],
    [
      0.7733138203620911,
      0.18005351722240448,
      0.04663217067718506
    ],
    [
      0.4562283456325531,
      0.502771258354187,
      0.041000716388225555
    ],
    [
      0.8602885007858276,
      0.11752891540527344,
      0.022183649241924286
    ],
    [
      0.08166845142841339,
      0.8734592795372009,
      0.044872451573610306
    ],
    [
      0.12101844698190689,
      0.1872272789478302,
      0.6917542815208435
    ],
    [
      0.017545055598020554,
      0.12161899358034134,
      0.8608366847038269
    ],
    [
      0.10484743118286133,
      0.07078056782484055,
      0.8243715167045593
    ],
    [
      0.338168740272522,
      0.2490173578262329,
      0.4128136932849884
    ],
    [
      0.19316542148590088,
      0.20474964380264282,
      0.6020851731300354
    ],
    [
      0.3109951317310333,
      0.6775498390197754,
      0.011453809216618538
    ],
    [
      0.600883424282074,
      0.33886876702308655,
      0.06024731323122978
    ],
    [
      0.4134652316570282,
      0.11577851325273514,
      0.4707568287849426
    ],
    [
      0.7803602814674377,
      0.17462755739688873,
      0.04501086100935936
    ],
    [
      0.17919600009918213,
      0.8019132614135742,
      0.018891416490077972
    ],
    [
      0.485636442899704,
      0.487347811460495,
      0.027015987783670425
    ],
    [
      0.8710438013076782,
      0.09881304204463959,
      0.030143287032842636
    ],
    [
      0.25660645961761475,
      0.06235164776444435,
      0.6810421943664551
    ],
    [
      0.05821298435330391,
      0.4397239685058594,
      0.5020642280578613
    ],
    [
      0.8528276085853577,
      0.10359910130500793,
      0.043572474271059036
    ],
    [
      0.02204720303416252,
      0.501713216304779,
      0.4762401282787323
    ],
    [
      0.2526303231716156,
      0.6180991530418396,
      0.12926991283893585
    ]
  ],