{
  "N": 112800,
  "usage": [
    0.3481275737285614,
    0.4126899838447571,
    0.2391824871301651
  ],
  "entropy_mean": 0.6338694095611572,
  "entropy_std": 0.23483003675937653,
  "top1_share": [
    0.35515958070755005,
    0.3857801556587219,
    0.2590602934360504
  ],
  "P_expert_given_class": [
    [
      0.1559744030237198,
      0.7982473373413086,
      0.045778628438711166
    ],
    [
      0.0368683896958828,
      0.09544871002435684,
      0.8676828145980835
    ],
    [
      0.6443753838539124,
      0.3465971350669861,
      0.009026773273944855
    ],
    [
      0.843314528465271,
      0.15446951985359192,
      0.002216208493337035
    ],
    [
      0.3205896317958832,
      0.17278757691383362,
      0.5066230297088623
    ],
    [
      0.7599678039550781,
      0.22938865423202515,
      0.010644244030117989
    ],
    [
      0.4719303846359253,
      0.27337414026260376,
      0.25469526648521423
    ],
    [
      0.19365425407886505,
      0.7821586728096008,
      0.024187443777918816
    ],
    [
      0.7597709894180298,
      0.21556439995765686,
      0.02466469444334507
    ],
    [
      0.7686864733695984,
      0.20772047340869904,
      0.023593466728925705
    ],
    [
      0.5446653962135315,
      0.377402663230896,
      0.07793229073286057
    ],
    [
      0.7407938838005066,
      0.2408311516046524,
      0.018375307321548462
    ],
    [
      0.03855051100254059,
      0.921680212020874,
      0.03976999595761299
    ],
    [
      0.35072970390319824,
      0.610526978969574,
      0.03874434903264046
    ],
    [
      0.17331501841545105,
      0.8134009838104248,
      0.013283749110996723
    ],
    [
      0.3096671402454376,
      0.6693399548530579,
      0.02099229209125042
    ],
    [
      0.6849634051322937,
      0.2824133634567261,
      0.032623887062072754
    ],
    [
      0.10567212849855423,
      0.2264808863401413,
      0.6678466200828552
    ],
    [
      0.06621160358190536,
      0.1787196844816208,
      0.7550691366195679
    ],
    [
      0.39876556396484375,
      0.4093870222568512,
      0.19184723496437073
    ],
    [
      0.1364283412694931,
      0.2298613041639328,
      0.6337103247642517
    ],
    [
      0.06652998924255371,
      0.23735511302947998,
      0.6961166858673096
    ],
    [
      0.07378733903169632,
      0.7185205221176147,
      0.20769236981868744
    ],
    [
      0.08701982349157333,
      0.4608227610588074,
      0.4521576464176178
    ],
    [
      0.1596255749464035,
      0.8004898428916931,
      0.03988434001803398
    ],
    [
      0.26440003514289856,
      0.7093762755393982,
      0.026223784312605858
    ],
    [
      0.6815754771232605,
      0.2871491611003876,
      0.031274814158678055
    ],
    [
      0.42598956823349,
      0.5183464288711548,
      0.055663809180259705
    ],
    [
      0.8234313726425171,
      0.16328710317611694,
      0.013282145373523235
    ],
    [
      0.08533021062612534,
      0.9022154808044434,
      0.012453172355890274
    ],
    [
      0.08597654104232788,
      0.23912566900253296,
      0.6748965382575989
    ],
    [
      0.020928535610437393,
      0.12806706130504608,
      0.8510054349899292
    ],
    [
      0.10555610060691833,
      0.14788828790187836,
      0.7465552091598511
    ],
    [
      0.2600814700126648,
      0.20376434922218323,
      0.5361536145210266
    ],
    [
      0.18321393430233002,
      0.17693504691123962,
      0.6398504972457886
    ],
    [
      0.28426292538642883,
      0.709915816783905,
      0.0058200666680932045
    ],
    [
      0.5295877456665039,
      0.4267548620700836,
      0.04365711659193039
    ],
    [
      0.4675912857055664,
      0.18115957081317902,
      0.3512498736381531
    ],
    [
      0.6326783895492554,
      0.24553494155406952,
      0.1217871606349945
    ],
    [
      0.1282116174697876,
      0.8627530932426453,
      0.009035770781338215
    ],
    [
      0.4143705368041992,
      0.559296727180481,
      0.026332221925258636
    ],
    [
      0.776980996131897,
      0.2010272741317749,
      0.021991228684782982
    ],
    [
      0.20556826889514923,
      0.11194408684968948,
      0.6824883818626404
    ],
    [
      0.05876846984028816,
      0.6497042775154114,
      0.29152652621269226
    ],
    [
      0.7483860850334167,
      0.22076591849327087,
      0.030847622081637383
    ],
    [
      0.02695527672767639,
      0.693790853023529,
      0.27925294637680054
    ],
    [
      0.26029300689697266,
      0.6046355962753296,
      0.13507145643234253
    ]
  ],