{
  "N": 112800,
  "usage": [
    0.36885231733322144,
    0.356227844953537,
    0.2749198079109192
  ],
  "entropy_mean": 0.6436833143234253,
  "entropy_std": 0.24915482103824615,
  "top1_share": [
    0.3586790859699249,
    0.34960994124412537,
    0.2917110025882721
  ],
  "P_expert_given_class": [
    [
      0.16731853783130646,
      0.7605164051055908,
      0.07216588407754898
    ],
    [
      0.03303143009543419,
      0.08443311601877213,
      0.8825355172157288
    ],
    [
      0.6783387064933777,
      0.30194148421287537,
      0.019718533381819725
    ],
    [
      0.8910895586013794,
      0.09753736853599548,
      0.011373916640877724
    ],
    [
      0.34864264726638794,
      0.06292474269866943,
      0.5884328484535217
    ],
    [
      0.8600155711174011,
      0.11610744148492813,
      0.02387695573270321
    ],
    [
      0.3653793931007385,
      0.24531741440296173,
      0.3893028795719147
    ],
    [
      0.1874309778213501,
      0.5816060900688171,
      0.23096157610416412
    ],
    [
      0.8551356196403503,
      0.1153540164232254,
      0.029509788379073143
    ],
    [
      0.7961149215698242,
      0.13863222301006317,
      0.06525243818759918
    ],
    [
      0.6226949691772461,
      0.2532089054584503,
      0.1240958422422409
    ],
    [
      0.793598473072052,
      0.1677587628364563,
      0.03864246979355812
    ],
    [
      0.07675544917583466,
      0.7778029441833496,
      0.1454426348209381
    ],
    [
      0.29528066515922546,
      0.5840847492218018,
      0.1206335723400116
    ],
    [
      0.22091016173362732,
      0.7640657424926758,
      0.015024102292954922
    ],
    [
      0.3667786419391632,
      0.6054418683052063,
      0.02777945250272751
    ],
    [
      0.6709086894989014,
      0.2637782692909241,
      0.06531268358230591
    ],
    [
      0.11494871973991394,
      0.14243631064891815,
      0.74261474609375
    ],
    [
      0.05174490436911583,
      0.2130298763513565,
      0.7352244853973389
    ],
    [
      0.4038830101490021,
      0.48677417635917664,
      0.10934280604124069
    ],
    [
      0.20883888006210327,
      0.2728482186794281,
      0.5183137059211731
    ],
    [
      0.07403276860713959,
      0.2277134507894516,
      0.6982538104057312
    ],
    [
      0.08189986646175385,
      0.5773965716362,
      0.34070369601249695
    ],
    [
      0.1168062686920166,
      0.4177125096321106,
      0.4654821753501892
    ],
    [
      0.16175051033496857,
      0.7701423168182373,
      0.06810712069272995
    ],
    [
      0.250950425863266,
      0.7044451236724854,
      0.0446038581430912
    ],
    [
      0.7704455256462097,
      0.17002293467521667,
      0.05953149124979973
    ],
    [
      0.45690566301345825,
      0.5105947256088257,
      0.03249964863061905
    ],
    [
      0.823712170124054,
      0.133917436003685,
      0.04237043857574463
    ],
    [
      0.05272018909454346,
      0.8953481316566467,
      0.051932450383901596
    ],
    [
      0.11494868993759155,
      0.17824400961399078,
      0.706807553768158
    ],
    [
      0.017899243161082268,
      0.1238241195678711,
      0.8582766652107239
    ],
    [
      0.09300005435943604,
      0.05093206465244293,
      0.8560671210289001
    ],
    [
      0.3143574595451355,
      0.2855302393436432,
      0.4001128375530243
    ],
    [
      0.1662386655807495,
      0.22355933487415314,
      0.610201895236969
    ],
    [
      0.265672504901886,
      0.7214434146881104,
      0.012883897870779037
    ],
    [
      0.5897170901298523,
      0.32380545139312744,
      0.08647724986076355
    ],
    [
      0.33413538336753845,
      0.15720520913600922,
      0.5086604356765747
    ],
    [
      0.7825209498405457,
      0.1735743135213852,
      0.04390497878193855
    ],
    [
      0.1976575404405594,
      0.7827354669570923,
      0.019607290625572205
    ],
    [
      0.4961962401866913,
      0.4702666103839874,
      0.03353746607899666
    ],
    [
      0.8471237421035767,
      0.11097515374422073,
      0.041900329291820526
    ],
    [
      0.2058819830417633,
      0.0569990798830986,
      0.7371190190315247
    ],
    [
      0.05134708806872368,
      0.3971398174762726,
      0.5515134930610657
    ],
    [
      0.8242567181587219,
      0.1178971454501152,
      0.05784619599580765
    ],
    [
      0.01830408349633217,
      0.492637038230896,
      0.48905864357948303
    ],
    [
      0.21873928606510162,
      0.6330462098121643,
      0.14821438491344452
    ]
  ],