{
  "N": 112800,
  "usage": [
    0.3744281828403473,
    0.3581502139568329,
    0.2674216032028198
  ],
  "entropy_mean": 0.6372044086456299,
  "entropy_std": 0.24576206505298615,
  "top1_share": [
    0.3607180714607239,
    0.3502127528190613,
    0.28906914591789246
  ],
  "P_expert_given_class": [
    [
      0.17689235508441925,
      0.7635096907615662,
      0.05959706008434296
    ],
    [
      0.0424172542989254,
      0.09087064117193222,
      0.8667116165161133
    ],
    [
      0.6860901713371277,
      0.2985092103481293,
      0.01540082972496748
    ],
    [
      0.8982575535774231,
      0.09533271938562393,
      0.006409409921616316
    ],
    [
      0.327198326587677,
      0.06888387352228165,
      0.6039169430732727
    ],
    [
      0.8576717376708984,
      0.125539630651474,
      0.016789017245173454
    ],
    [
      0.37262576818466187,
      0.23623797297477722,
      0.39113572239875793
    ],
    [
      0.1898992955684662,
      0.6054338812828064,
      0.20466716587543488
    ],
    [
      0.853741466999054,
      0.12068524956703186,
      0.025573182851076126
    ],
    [
      0.8259079456329346,
      0.12605324387550354,
      0.04803800210356712
    ],
    [
      0.6267757415771484,
      0.2591235041618347,
      0.11410077661275864
    ],
    [
      0.8034017086029053,
      0.16719865798950195,
      0.029399942606687546
    ],
    [
      0.09419841319322586,
      0.7707886099815369,
      0.13501282036304474
    ],
    [
      0.30373674631118774,
      0.5992861986160278,
      0.09697738289833069
    ],
    [
      0.22441774606704712,
      0.7629123330116272,
      0.012670347467064857
    ],
    [
      0.38023656606674194,
      0.5961929559707642,
      0.023570530116558075
    ],
    [
      0.6851665377616882,
      0.256020724773407,
      0.05881282687187195
    ],
    [
      0.09305021911859512,
      0.13266490399837494,
      0.7742842435836792
    ],
    [
      0.059792716056108475,
      0.21508587896823883,
      0.7251216173171997
    ],
    [
      0.41362863779067993,
      0.47829514741897583,
      0.10807622224092484
    ],
    [
      0.21321435272693634,
      0.270546555519104,
      0.5162396430969238
    ],
    [
      0.08210824429988861,
      0.2404126673936844,
      0.6774776577949524
    ],
    [
      0.08398102223873138,
      0.6090786457061768,
      0.3069411516189575
    ],
    [
      0.12691551446914673,
      0.42161694169044495,
      0.4514671266078949
    ],
    [
      0.17039655148983002,
      0.7739620208740234,
      0.055641695857048035
    ],
    [
      0.25681909918785095,
      0.7032063007354736,
      0.03997461497783661
    ],
    [
      0.7813857793807983,
      0.16996629536151886,
      0.04864884912967682
    ],
    [
      0.4512858986854553,
      0.521043598651886,
      0.02767053246498108
    ],
    [
      0.81778883934021,
      0.1467645913362503,
      0.03544621169567108
    ],
    [
      0.065403513610363,
      0.8912597894668579,
      0.043336421251297
    ],
    [
      0.11705674231052399,
      0.18479466438293457,
      0.698148250579834
    ],
    [
      0.017739197239279747,
      0.12858892977237701,
      0.8536715507507324
    ],
    [
      0.0967329815030098,
      0.06057769060134888,
      0.8426896333694458
    ],
    [
      0.33359774947166443,
      0.2841629385948181,
      0.3822389245033264
    ],
    [
      0.16727665066719055,
      0.22339200973510742,
      0.6093314290046692
    ],
    [
      0.2680865526199341,
      0.7222984433174133,
      0.00961543619632721
    ],
    [
      0.598103404045105,
      0.3250938653945923,
      0.07680267095565796
    ],
    [
      0.3433477282524109,
      0.15450598299503326,
      0.5021457672119141
    ],
    [
      0.7805556058883667,
      0.1756008118391037,
      0.04384293034672737
    ],
    [
      0.20708675682544708,
      0.7769121527671814,
      0.016001682728528976
    ],
    [
      0.5139318108558655,
      0.4574342966079712,
      0.028633836656808853
    ],
    [
      0.8582448363304138,
      0.10773270577192307,
      0.03402223438024521
    ],
    [
      0.19389165937900543,
      0.06420072913169861,
      0.7419073581695557
    ],
    [
      0.05295253545045853,
      0.41988617181777954,
      0.5271615982055664
    ],
    [
      0.839512288570404,
      0.11384975165128708,
      0.04663681238889694
    ],
    [
      0.023014746606349945,
      0.4750427305698395,
      0.5019418001174927
    ],
    [
      0.22258687019348145,
      0.6425045728683472,
      0.1349092721939087
    ]
  ],