{
  "N": 112800,
  "usage": [
    0.3624548316001892,
    0.3562380075454712,
    0.2813071608543396
  ],
  "entropy_mean": 0.6523812413215637,
  "entropy_std": 0.2489756941795349,
  "top1_share": [
    0.3489095866680145,
    0.3461790680885315,
    0.304911345243454
  ],
  "P_expert_given_class": [
    [
      0.17127718031406403,
      0.7408487200737,
      0.0878734365105629
    ],
    [
      0.044200994074344635,
      0.07289756089448929,
      0.8829011917114258
    ],
    [
      0.6570696234703064,
      0.321422815322876,
      0.02150714211165905
    ],
    [
      0.8677899241447449,
      0.12144006043672562,
      0.010770202614367008
    ],
    [
      0.3565485179424286,
      0.06118785962462425,
      0.5822632908821106
    ],
    [
      0.8446853756904602,
      0.12475467473268509,
      0.030560048297047615
    ],
    [
      0.3336307108402252,
      0.2548840045928955,
      0.41148465871810913
    ],
    [
      0.17893363535404205,
      0.5624721050262451,
      0.2585928738117218
    ],
    [
      0.8614869117736816,
      0.10938139259815216,
      0.029131485149264336
    ],
    [
      0.7718002796173096,
      0.15541940927505493,
      0.07278011739253998
    ],
    [
      0.6138379573822021,
      0.2603936493396759,
      0.1257680058479309
    ],
    [
      0.7847705483436584,
      0.1821422129869461,
      0.03308769688010216
    ],
    [
      0.07115069031715393,
      0.744357168674469,
      0.18449187278747559
    ],
    [
      0.2804304361343384,
      0.5999473333358765,
      0.11962158232927322
    ],
    [
      0.2096058875322342,
      0.7775437235832214,
      0.01285081822425127
    ],
    [
      0.3780806362628937,
      0.5920100212097168,
      0.02990950271487236
    ],
    [
      0.6606006622314453,
      0.2723739445209503,
      0.06702510267496109
    ],
    [
      0.10912322998046875,
      0.16275456547737122,
      0.728122889995575
    ],
    [
      0.05992243438959122,
      0.2037872076034546,
      0.7362906336784363
    ],
    [
      0.3833155333995819,
      0.5079408884048462,
      0.1087433248758316
    ],
    [
      0.1943042129278183,
      0.2789120674133301,
      0.5267831087112427
    ],
    [
      0.07691353559494019,
      0.22130818665027618,
      0.7017788290977478
    ],
    [
      0.07222681492567062,
      0.594835102558136,
      0.33293822407722473
    ],
    [
      0.1229778453707695,
      0.4081617593765259,
      0.4688602089881897
    ],
    [
      0.16739514470100403,
      0.7448723316192627,
      0.08773262053728104
    ],
    [
      0.2213670164346695,
      0.7276948690414429,
      0.050939492881298065
    ],
    [
      0.7899773716926575,
      0.15594585239887238,
      0.05407649278640747
    ],
    [
      0.452589213848114,
      0.5135422348976135,
      0.03386925905942917
    ],
    [
      0.7861544489860535,
      0.1596565842628479,
      0.054188672453165054
    ],
    [
      0.04645801708102226,
      0.8975756764411926,
      0.05596701800823212
    ],
    [
      0.11298778653144836,
      0.1658388078212738,
      0.721173882484436
    ],
    [
      0.021913988515734673,
      0.12203824520111084,
      0.8560476899147034
    ],
    [
      0.10722891241312027,
      0.05838334932923317,
      0.8343866467475891
    ],
    [
      0.2948465347290039,
      0.2853957712650299,
      0.419757604598999
    ],
    [
      0.16278870403766632,
      0.1990196406841278,
      0.6381921172142029
    ],
    [
      0.25049665570259094,
      0.7372254729270935,
      0.012278459966182709
    ],
    [
      0.5805732011795044,
      0.3157259225845337,
      0.10370048880577087
    ],
    [
      0.30946046113967896,
      0.18710997700691223,
      0.5034298300743103
    ],
    [
      0.7873537540435791,
      0.1687619835138321,
      0.04388437047600746
    ],
    [
      0.19574442505836487,
      0.7871715426445007,
      0.01708383485674858
    ],
    [
      0.508569061756134,
      0.4571535289287567,
      0.03427712619304657
    ],
    [
      0.8441039323806763,
      0.11058732122182846,
      0.045307520776987076
    ],
    [
      0.19224821031093597,
      0.0741649717092514,
      0.733587384223938
    ],
    [
      0.052401743829250336,
      0.37099266052246094,
      0.5766060948371887
    ],
    [
      0.8176906108856201,
      0.12142229825258255,
      0.0608866810798645
    ],
    [
      0.019536836072802544,
      0.4248883128166199,
      0.5555747747421265
    ],
    [
      0.20880401134490967,
      0.6268413066864014,
      0.1643543690443039
    ]
  ],