{
  "N": 112800,
  "usage": [
    0.39036455750465393,
    0.35631677508354187,
    0.2533186972141266
  ],
  "entropy_mean": 0.6323474049568176,
  "entropy_std": 0.2426312267780304,
  "top1_share": [
    0.3791755437850952,
    0.3486790657043457,
    0.2721453905105591
  ],
  "P_expert_given_class": [
    [
      0.192064106464386,
      0.7534828782081604,
      0.05445263534784317
    ],
    [
      0.049582965672016144,
      0.07665345817804337,
      0.8737634420394897
    ],
    [
      0.6914156079292297,
      0.2957644760608673,
      0.01282001007348299
    ],
    [
      0.9032503366470337,
      0.09295636415481567,
      0.0037937669549137354
    ],
    [
      0.38654619455337524,
      0.08449749648571014,
      0.5289565920829773
    ],
    [
      0.8680590987205505,
      0.12101364135742188,
      0.010927382856607437
    ],
    [
      0.4886661767959595,
      0.19392436742782593,
      0.31740960478782654
    ],
    [
      0.23240338265895844,
      0.6539544463157654,
      0.113642118871212
    ],
    [
      0.8633461594581604,
      0.11703581362962723,
      0.019617602229118347
    ],
    [
      0.838899552822113,
      0.12351824343204498,
      0.03758139908313751
    ],
    [
      0.6266477704048157,
      0.2766437232494354,
      0.09670880436897278
    ],
    [
      0.8131071329116821,
      0.15727625787258148,
      0.029617033898830414
    ],
    [
      0.06714148819446564,
      0.8455859422683716,
      0.08727245032787323
    ],
    [
      0.3220198452472687,
      0.5880266427993774,
      0.08995390683412552
    ],
    [
      0.22475717961788177,
      0.7598888278007507,
      0.01535489596426487
    ],
    [
      0.35684698820114136,
      0.6171724200248718,
      0.025980917736887932
    ],
    [
      0.7377676367759705,
      0.22293512523174286,
      0.03929648920893669
    ],
    [
      0.11774063110351562,
      0.13788314163684845,
      0.7443761825561523
    ],
    [
      0.07239439338445663,
      0.18743161857128143,
      0.7401735186576843
    ],
    [
      0.43950292468070984,
      0.4158143103122711,
      0.1446824073791504
    ],
    [
      0.183905690908432,
      0.2487337738275528,
      0.5673601031303406
    ],
    [
      0.08131115883588791,
      0.21478401124477386,
      0.7039058804512024
    ],
    [
      0.08844871819019318,
      0.6435403227806091,
      0.2680095434188843
    ],
    [
      0.13623419404029846,
      0.4475792944431305,
      0.41618621349334717
    ],
    [
      0.18225939571857452,
      0.7653898000717163,
      0.05235062167048454
    ],
    [
      0.2758592963218689,
      0.6891375780105591,
      0.03500319644808769
    ],
    [
      0.7738118767738342,
      0.18783144652843475,
      0.03835739940404892
    ],
    [
      0.4483051598072052,
      0.5135855078697205,
      0.03810984641313553
    ],
    [
      0.8754636645317078,
      0.10998504608869553,
      0.014551693573594093
    ],
    [
      0.07733230292797089,
      0.8833062648773193,
      0.03936092182993889
    ],
    [
      0.14280535280704498,
      0.1892392784357071,
      0.6679556965827942
    ],
    [
      0.023139704018831253,
      0.13106849789619446,
      0.8457913994789124
    ],
    [
      0.12572626769542694,
      0.08818589895963669,
      0.7860864996910095
    ],
    [
      0.3213213384151459,
      0.24405065178871155,
      0.43462833762168884
    ],
    [
      0.195847749710083,
      0.2115042805671692,
      0.5926470160484314
    ],
    [
      0.32459935545921326,
      0.6648553013801575,
      0.010545603930950165
    ],
    [
      0.6048097014427185,
      0.3429434895515442,
      0.05224629119038582
    ],
    [
      0.449998676776886,
      0.11457579582929611,
      0.43542566895484924
    ],
    [
      0.7630447149276733,
      0.1783878356218338,
      0.05856729671359062
    ],
    [
      0.18855419754981995,
      0.7981824278831482,
      0.013263612054288387
    ],
    [
      0.47883620858192444,
      0.49191248416900635,
      0.029251251369714737
    ],
    [
      0.8560819625854492,
      0.11703033745288849,
      0.02688884176313877
    ],
    [
      0.25632062554359436,
      0.0640164464712143,
      0.6796637773513794
    ],
    [
      0.06328190863132477,
      0.43546581268310547,
      0.501251757144928
    ],
    [
      0.839762806892395,
      0.1224437952041626,
      0.03779270127415657
    ],
    [
      0.022457486018538475,
      0.5256665945053101,
      0.4518764615058899
    ],
    [
      0.2754560708999634,
      0.602025032043457,
      0.12251857668161392
    ]
  ],