{
  "N": 112800,
  "usage": [
    0.3608897030353546,
    0.3548208475112915,
    0.2842893898487091
  ],
  "entropy_mean": 0.6361429691314697,
  "entropy_std": 0.25372931361198425,
  "top1_share": [
    0.34802305698394775,
    0.3464982211589813,
    0.3054787218570709
  ],
  "P_expert_given_class": [
    [
      0.17790217697620392,
      0.7353206276893616,
      0.08677749335765839
    ],
    [
      0.03723530471324921,
      0.06260599195957184,
      0.9001590013504028
    ],
    [
      0.6622878909111023,
      0.3190152645111084,
      0.018696092069149017
    ],
    [
      0.8875775337219238,
      0.10155691206455231,
      0.010864896699786186
    ],
    [
      0.3279167413711548,
      0.058202240616083145,
      0.6138808131217957
    ],
    [
      0.8521880507469177,
      0.1173054501414299,
      0.030506709590554237
    ],
    [
      0.36106550693511963,
      0.2208215594291687,
      0.41811326146125793
    ],
    [
      0.16828064620494843,
      0.566135048866272,
      0.2655843496322632
    ],
    [
      0.8627674579620361,
      0.10788778960704803,
      0.0293438658118248
    ],
    [
      0.7504315376281738,
      0.16417472064495087,
      0.0853949785232544
    ],
    [
      0.612124502658844,
      0.2658577859401703,
      0.12201805412769318
    ],
    [
      0.7892302870750427,
      0.17669300734996796,
      0.034077245742082596
    ],
    [
      0.06457605957984924,
      0.7639238238334656,
      0.17149963974952698
    ],
    [
      0.28068414330482483,
      0.6068551540374756,
      0.11246079951524734
    ],
    [
      0.20239651203155518,
      0.7854297161102295,
      0.012172725051641464
    ],
    [
      0.36515939235687256,
      0.6120356321334839,
      0.022805027663707733
    ],
    [
      0.6731051802635193,
      0.2528257966041565,
      0.07406940311193466
    ],
    [
      0.11011704802513123,
      0.15850341320037842,
      0.7313789129257202
    ],
    [
      0.050891976803541183,
      0.1987168788909912,
      0.7503905296325684
    ],
    [
      0.37310487031936646,
      0.5302802920341492,
      0.09661497175693512
    ],
    [
      0.21428115665912628,
      0.25949233770370483,
      0.5262259244918823
    ],
    [
      0.0693463608622551,
      0.22136728465557098,
      0.7092865705490112
    ],
    [
      0.06695187091827393,
      0.5797042846679688,
      0.35334357619285583
    ],
    [
      0.10792415589094162,
      0.4015047252178192,
      0.4905717968940735
    ],
    [
      0.16912421584129333,
      0.7439092397689819,
      0.08696624636650085
    ],
    [
      0.2310815155506134,
      0.731042206287384,
      0.03787650913000107
    ],
    [
      0.7944786548614502,
      0.1484723538160324,
      0.05704840272665024
    ],
    [
      0.4410587549209595,
      0.5302902460098267,
      0.028651677072048187
    ],
    [
      0.7998563647270203,
      0.14791300892829895,
      0.05223066732287407
    ],
    [
      0.044996459037065506,
      0.9000461101531982,
      0.05495799332857132
    ],
    [
      0.11129357665777206,
      0.153446763753891,
      0.735259473323822
    ],
    [
      0.017589712515473366,
      0.11813884973526001,
      0.864270806312561
    ],
    [
      0.09586083889007568,
      0.057917945086956024,
      0.8462213277816772
    ],
    [
      0.286425918340683,
      0.29186132550239563,
      0.4217125475406647
    ],
    [
      0.16384871304035187,
      0.19383735954761505,
      0.6423141956329346
    ],
    [
      0.24143917858600616,
      0.7455466985702515,
      0.013013746589422226
    ],
    [
      0.5893194675445557,
      0.2973068356513977,
      0.11337447166442871
    ],
    [
      0.31900733709335327,
      0.16319537162780762,
      0.517797589302063
    ],
    [
      0.806807279586792,
      0.1549167037010193,
      0.03827608749270439
    ],
    [
      0.1836807280778885,
      0.7977840900421143,
      0.018534813076257706
    ],
    [
      0.49564439058303833,
      0.47600361704826355,
      0.02835237793624401
    ],
    [
      0.8403928279876709,
      0.10890772193670273,
      0.05069902911782265
    ],
    [
      0.1962449550628662,
      0.06995978206396103,
      0.733795702457428
    ],
    [
      0.0424676388502121,
      0.3709006905555725,
      0.5866303443908691
    ],
    [
      0.8062836527824402,
      0.12408164888620377,
      0.06963468343019485
    ],
    [
      0.01733284443616867,
      0.43888092041015625,
      0.5437859296798706
    ],
    [
      0.20003549754619598,
      0.6460053324699402,
      0.15395930409431458
    ]
  ],