{
  "N": 112800,
  "usage": [
    0.3594238758087158,
    0.35393455624580383,
    0.28664159774780273
  ],
  "entropy_mean": 0.6355603933334351,
  "entropy_std": 0.2527897357940674,
  "top1_share": [
    0.34822696447372437,
    0.3440868854522705,
    0.3076861798763275
  ],
  "P_expert_given_class": [
    [
      0.16936831176280975,
      0.7461566925048828,
      0.08447541296482086
    ],
    [
      0.03438977152109146,
      0.06743897497653961,
      0.8981708884239197
    ],
    [
      0.6634929776191711,
      0.3147582411766052,
      0.021748751401901245
    ],
    [
      0.8781879544258118,
      0.11121033877134323,
      0.010602068156003952
    ],
    [
      0.31838008761405945,
      0.05158716067671776,
      0.6300334930419922
    ],
    [
      0.8447218537330627,
      0.12708503007888794,
      0.028192250058054924
    ],
    [
      0.34377434849739075,
      0.24517405033111572,
      0.4110514521598816
    ],
    [
      0.17509308457374573,
      0.5752795934677124,
      0.24962694942951202
    ],
    [
      0.8637166619300842,
      0.10651186853647232,
      0.029772290959954262
    ],
    [
      0.7730652689933777,
      0.14727897942066193,
      0.07965575903654099
    ],
    [
      0.6202768683433533,
      0.2597987949848175,
      0.11992491036653519
    ],
    [
      0.7876652479171753,
      0.17713019251823425,
      0.035204943269491196
    ],
    [
      0.05775540694594383,
      0.7600730657577515,
      0.18217240273952484
    ],
    [
      0.2789742052555084,
      0.6057196259498596,
      0.11530611664056778
    ],
    [
      0.2017914205789566,
      0.784702718257904,
      0.013505609706044197
    ],
    [
      0.36745110154151917,
      0.6029538512229919,
      0.029595045372843742
    ],
    [
      0.6703657507896423,
      0.25981494784355164,
      0.0698184221982956
    ],
    [
      0.10097216069698334,
      0.1431693136692047,
      0.755858838558197
    ],
    [
      0.04998467490077019,
      0.2046743780374527,
      0.7453410625457764
    ],
    [
      0.38333016633987427,
      0.5219706892967224,
      0.09469949454069138
    ],
    [
      0.1941641867160797,
      0.25266146659851074,
      0.5531738996505737
    ],
    [
      0.06735154986381531,
      0.22665469348430634,
      0.7059932947158813
    ],
    [
      0.07831514626741409,
      0.5663629174232483,
      0.3553219139575958
    ],
    [
      0.1111527606844902,
      0.3875478208065033,
      0.5012992024421692
    ],
    [
      0.16341954469680786,
      0.7563886046409607,
      0.08019214123487473
    ],
    [
      0.2112661749124527,
      0.7410123348236084,
      0.0477210097014904
    ],
    [
      0.7887620329856873,
      0.14961980283260345,
      0.06161896884441376
    ],
    [
      0.44281646609306335,
      0.5227846503257751,
      0.0343996100127697
    ],
    [
      0.7821476459503174,
      0.16255174577236176,
      0.05529974028468132
    ],
    [
      0.05073137953877449,
      0.8933789134025574,
      0.05589102953672409
    ],
    [
      0.10824427008628845,
      0.15366938710212708,
      0.7380862236022949
    ],
    [
      0.02044239453971386,
      0.11088718473911285,
      0.8686707615852356
    ],
    [
      0.09229259938001633,
      0.04987496882677078,
      0.8578335642814636
    ],
    [
      0.2884128987789154,
      0.28151071071624756,
      0.43007639050483704
    ],
    [
      0.16447652876377106,
      0.1872619390487671,
      0.6482614874839783
    ],
    [
      0.247073695063591,
      0.740265429019928,
      0.012661893852055073
    ],
    [
      0.5916284918785095,
      0.30052223801612854,
      0.10784890502691269
    ],
    [
      0.3115832209587097,
      0.17959405481815338,
      0.508822500705719
    ],
    [
      0.7986583113670349,
      0.16397932171821594,
      0.037362370640039444
    ],
    [
      0.17382201552391052,
      0.8077619075775146,
      0.018416596576571465
    ],
    [
      0.49882757663726807,
      0.4669311046600342,
      0.03424101695418358
    ],
    [
      0.8475695252418518,
      0.10378994792699814,
      0.048640526831150055
    ],
    [
      0.1862046867609024,
      0.0617346316576004,
      0.7520603537559509
    ],
    [
      0.05093817412853241,
      0.3686981797218323,
      0.5803640484809875
    ],
    [
      0.8189286589622498,
      0.11447827517986298,
      0.06659344583749771
    ],
    [
      0.017642056569457054,
      0.4382552206516266,
      0.5441033840179443
    ],
    [
      0.20329271256923676,
      0.6342607140541077,
      0.1624465435743332
    ]
  ],