{
  "N": 112800,
  "usage": [
    0.3804005980491638,
    0.35553011298179626,
    0.26406922936439514
  ],
  "entropy_mean": 0.6343109607696533,
  "entropy_std": 0.24457739293575287,
  "top1_share": [
    0.36804965138435364,
    0.35092198848724365,
    0.2810283601284027
  ],
  "P_expert_given_class": [
    [
      0.1879146546125412,
      0.7526144981384277,
      0.05947204679250717
    ],
    [
      0.04172547906637192,
      0.08735108375549316,
      0.8709237575531006
    ],
    [
      0.6961163878440857,
      0.28931137919425964,
      0.0145724443718791
    ],
    [
      0.9018896222114563,
      0.09214047342538834,
      0.005970065947622061
    ],
    [
      0.34063491225242615,
      0.06945119053125381,
      0.5899139642715454
    ],
    [
      0.8520001769065857,
      0.13253150880336761,
      0.01546842884272337
    ],
    [
      0.4280944764614105,
      0.21103191375732422,
      0.3608734607696533
    ],
    [
      0.2179831713438034,
      0.6050487756729126,
      0.17696809768676758
    ],
    [
      0.8606976270675659,
      0.11529670655727386,
      0.02400638908147812
    ],
    [
      0.8365983366966248,
      0.11533856391906738,
      0.048062924295663834
    ],
    [
      0.6327049136161804,
      0.2518572211265564,
      0.11543876677751541
    ],
    [
      0.8103911876678467,
      0.15891632437705994,
      0.03069271333515644
    ],
    [
      0.07933449745178223,
      0.7955042719841003,
      0.12516173720359802
    ],
    [
      0.32225897908210754,
      0.5818830132484436,
      0.09585792571306229
    ],
    [
      0.22390340268611908,
      0.7651081681251526,
      0.010987886227667332
    ],
    [
      0.35634756088256836,
      0.6201083660125732,
      0.023542754352092743
    ],
    [
      0.7043614983558655,
      0.2415522187948227,
      0.05408632755279541
    ],
    [
      0.09769213199615479,
      0.13218173384666443,
      0.7701274156570435
    ],
    [
      0.06677278876304626,
      0.20629775524139404,
      0.7269290685653687
    ],
    [
      0.43343275785446167,
      0.44631215929985046,
      0.12025453895330429
    ],
    [
      0.1918601542711258,
      0.25051823258399963,
      0.5576211810112
    ],
    [
      0.07998039573431015,
      0.230320006608963,
      0.6897001266479492
    ],
    [
      0.07925539463758469,
      0.625394880771637,
      0.2953503727912903
    ],
    [
      0.11960621178150177,
      0.4420718848705292,
      0.43832194805145264
    ],
    [
      0.17694322764873505,
      0.7694031596183777,
      0.053653374314308167
    ],
    [
      0.24114781618118286,
      0.7142583727836609,
      0.0445927157998085
    ],
    [
      0.7697134613990784,
      0.1760398894548416,
      0.05424616485834122
    ],
    [
      0.44373753666877747,
      0.5180099606513977,
      0.03825130686163902
    ],
    [
      0.8252336382865906,
      0.1464843899011612,
      0.02828134596347809
    ],
    [
      0.07550761848688126,
      0.884917676448822,
      0.03957481309771538
    ],
    [
      0.12130454927682877,
      0.1816892921924591,
      0.6970065236091614
    ],
    [
      0.01718655228614807,
      0.11562905460596085,
      0.8671834468841553
    ],
    [
      0.09803306311368942,
      0.06259247660636902,
      0.8393747210502625
    ],
    [
      0.3207986056804657,
      0.25992682576179504,
      0.41927504539489746
    ],
    [
      0.18059590458869934,
      0.21873924136161804,
      0.6006651520729065
    ],
    [
      0.31477275490760803,
      0.6754721999168396,
      0.009754606522619724
    ],
    [
      0.6003355383872986,
      0.33330652117729187,
      0.06635656952857971
    ],
    [
      0.3960391879081726,
      0.13448822498321533,
      0.46947285532951355
    ],
    [
      0.7871071100234985,
      0.17312932014465332,
      0.0397639237344265
    ],
    [
      0.1884666383266449,
      0.7959474921226501,
      0.015586522407829762
    ],
    [
      0.48528599739074707,
      0.4856041967868805,
      0.029109938070178032
    ],
    [
      0.861541748046875,
      0.10533558577299118,
      0.03312210366129875
    ],
    [
      0.2406873255968094,
      0.061455223709344864,
      0.6978575587272644
    ],
    [
      0.059733886271715164,
      0.4191252291202545,
      0.5211406350135803
    ],
    [
      0.8439432382583618,
      0.10891639441251755,
      0.047141239047050476
    ],
    [
      0.0220938790589571,
      0.521280825138092,
      0.4566255211830139
    ],
    [
      0.24706268310546875,
      0.6300219893455505,
      0.12291526794433594
    ]
  ],