{
  "N": 112800,
  "usage": [
    0.36771324276924133,
    0.35162052512168884,
    0.28066620230674744
  ],
  "entropy_mean": 0.6351493000984192,
  "entropy_std": 0.2532528042793274,
  "top1_share": [
    0.35096630454063416,
    0.3450177311897278,
    0.30401596426963806
  ],
  "P_expert_given_class": [
    [
      0.1798136830329895,
      0.7413867115974426,
      0.07879960536956787
    ],
    [
      0.037671562284231186,
      0.069406658411026,
      0.8929218649864197
    ],
    [
      0.677762508392334,
      0.3037809729576111,
      0.018455564975738525
    ],
    [
      0.8945411443710327,
      0.09639976173639297,
      0.009058544412255287
    ],
    [
      0.34049442410469055,
      0.06171530857682228,
      0.5977901220321655
    ],
    [
      0.858289897441864,
      0.11637023836374283,
      0.025339504703879356
    ],
    [
      0.3408617079257965,
      0.23494601249694824,
      0.4241924285888672
    ],
    [
      0.1894533485174179,
      0.5676909685134888,
      0.24285607039928436
    ],
    [
      0.8582648634910583,
      0.11299212276935577,
      0.028742795810103416
    ],
    [
      0.8081913590431213,
      0.1324763298034668,
      0.059332460165023804
    ],
    [
      0.6326109170913696,
      0.2501413822174072,
      0.11724679172039032
    ],
    [
      0.8005678653717041,
      0.1673337072134018,
      0.03209918364882469
    ],
    [
      0.07171481847763062,
      0.7534906268119812,
      0.1747952103614807
    ],
    [
      0.2834653854370117,
      0.597646176815033,
      0.1188882440328598
    ],
    [
      0.209758922457695,
      0.7755118012428284,
      0.014728876762092113
    ],
    [
      0.37302571535110474,
      0.5995761752128601,
      0.027396904304623604
    ],
    [
      0.6662557125091553,
      0.26176226139068604,
      0.07198233902454376
    ],
    [
      0.10356611758470535,
      0.15775081515312195,
      0.7386839985847473
    ],
    [
      0.05419513210654259,
      0.20328444242477417,
      0.7425205111503601
    ],
    [
      0.38305988907814026,
      0.5124042630195618,
      0.10453572869300842
    ],
    [
      0.184711754322052,
      0.2761400043964386,
      0.5391485095024109
    ],
    [
      0.07191456109285355,
      0.22546905279159546,
      0.7026169896125793
    ],
    [
      0.06794650107622147,
      0.5841683745384216,
      0.3478841483592987
    ],
    [
      0.12007211148738861,
      0.40930888056755066,
      0.47061893343925476
    ],
    [
      0.17208875715732574,
      0.7519754767417908,
      0.07593613862991333
    ],
    [
      0.24417178332805634,
      0.7104519009590149,
      0.045376136898994446
    ],
    [
      0.79688960313797,
      0.15111754834651947,
      0.05199282988905907
    ],
    [
      0.4453847110271454,
      0.5247449278831482,
      0.029870614409446716
    ],
    [
      0.8223358988761902,
      0.13284900784492493,
      0.04481491073966026
    ],
    [
      0.04993000254034996,
      0.898965060710907,
      0.05110514536499977
    ],
    [
      0.12075019627809525,
      0.16740255057811737,
      0.711847186088562
    ],
    [
      0.021965237334370613,
      0.11798885464668274,
      0.8600465655326843
    ],
    [
      0.10156142711639404,
      0.05586552247405052,
      0.8425729274749756
    ],
    [
      0.2874339818954468,
      0.2811526656150818,
      0.43141353130340576
    ],
    [
      0.16726447641849518,
      0.20648647844791412,
      0.626248300075531
    ],
    [
      0.26025792956352234,
      0.7285951972007751,
      0.011147252283990383
    ],
    [
      0.5959544777870178,
      0.3142104744911194,
      0.08983473479747772
    ],
    [
      0.3214110732078552,
      0.1485559046268463,
      0.5300331711769104
    ],
    [
      0.7958230972290039,
      0.16138628125190735,
      0.04279031977057457
    ],
    [
      0.19708697497844696,
      0.7843322157859802,
      0.018580127507448196
    ],
    [
      0.5066167712211609,
      0.4609079957008362,
      0.032475173473358154
    ],
    [
      0.8561856150627136,
      0.10447293519973755,
      0.039341311901807785
    ],
    [
      0.19237151741981506,
      0.05697024613618851,
      0.7506580352783203
    ],
    [
      0.04832526668906212,
      0.37309595942497253,
      0.5785783529281616
    ],
    [
      0.8353453874588013,
      0.1119440570473671,
      0.05271047726273537
    ],
    [
      0.017341457307338715,
      0.44008758664131165,
      0.5425705909729004
    ],
    [
      0.21781471371650696,
      0.631452202796936,
      0.1507323980331421
    ]
  ],