{
  "N": 112800,
  "usage": [
    0.3839980959892273,
    0.36377817392349243,
    0.2522237002849579
  ],
  "entropy_mean": 0.6188246011734009,
  "entropy_std": 0.24099025130271912,
  "top1_share": [
    0.3825620710849762,
    0.3496897220611572,
    0.26774823665618896
  ],
  "P_expert_given_class": [
    [
      0.177873894572258,
      0.7640734910964966,
      0.058052729815244675
    ],
    [
      0.03955597057938576,
      0.08306710422039032,
      0.8773770928382874
    ],
    [
      0.6835485696792603,
      0.307314395904541,
      0.00913721602410078
    ],
    [
      0.8979018330574036,
      0.09942943602800369,
      0.0026688918005675077
    ],
    [
      0.3851543962955475,
      0.11180756986141205,
      0.5030383467674255
    ],
    [
      0.8639722466468811,
      0.1253327876329422,
      0.010694916360080242
    ],
    [
      0.5292055010795593,
      0.17687083780765533,
      0.29392388463020325
    ],
    [
      0.2149387151002884,
      0.7341451644897461,
      0.05091644451022148
    ],
    [
      0.8400794267654419,
      0.1379154771566391,
      0.022006100043654442
    ],
    [
      0.8132033348083496,
      0.1598365604877472,
      0.026959706097841263
    ],
    [
      0.5937451720237732,
      0.32020264863967896,
      0.08605283498764038
    ],
    [
      0.8018757700920105,
      0.17105929553508759,
      0.027065038681030273
    ],
    [
      0.053749147802591324,
      0.8848783373832703,
      0.06137186661362648
    ],
    [
      0.33818984031677246,
      0.5917291641235352,
      0.07008075714111328
    ],
    [
      0.22871653735637665,
      0.7543200254440308,
      0.01696435548365116
    ],
    [
      0.35022929310798645,
      0.6261605024337769,
      0.023610640317201614
    ],
    [
      0.7548367381095886,
      0.21062467992305756,
      0.0345388688147068
    ],
    [
      0.11792058497667313,
      0.1467629224061966,
      0.7353172898292542
    ],
    [
      0.06799916177988052,
      0.17801599204540253,
      0.7539844512939453
    ],
    [
      0.462452232837677,
      0.35576122999191284,
      0.18178729712963104
    ],
    [
      0.16186806559562683,
      0.20108097791671753,
      0.6370503902435303
    ],
    [
      0.0671025812625885,
      0.21977587044239044,
      0.7131214141845703
    ],
    [
      0.08408693224191666,
      0.6637346744537354,
      0.2521786689758301
    ],
    [
      0.11024593561887741,
      0.4389957785606384,
      0.4507587254047394
    ],
    [
      0.17860093712806702,
      0.7697897553443909,
      0.051609572023153305
    ],
    [
      0.28917327523231506,
      0.6818574666976929,
      0.028969500213861465
    ],
    [
      0.7579105496406555,
      0.20835117995738983,
      0.03373822569847107
    ],
    [
      0.45131275057792664,
      0.503371000289917,
      0.04531557112932205
    ],
    [
      0.8870804905891418,
      0.09948644787073135,
      0.01343289203941822
    ],
    [
      0.0865817591547966,
      0.8881920576095581,
      0.025226294994354248
    ],
    [
      0.11212627589702606,
      0.19050799310207367,
      0.6973657011985779
    ],
    [
      0.02173488400876522,
      0.09357502311468124,
      0.884689211845398
    ],
    [
      0.10896258056163788,
      0.09162705391645432,
      0.7994099259376526
    ],
    [
      0.31429868936538696,
      0.21036699414253235,
      0.4753340780735016
    ],
    [
      0.19559144973754883,
      0.1799059361219406,
      0.6245032548904419
    ],
    [
      0.3005642592906952,
      0.691865861415863,
      0.007570663467049599
    ],
    [
      0.5936294198036194,
      0.3587855100631714,
      0.04758480191230774
    ],
    [
      0.4808724522590637,
      0.11321577429771423,
      0.405910849571228
    ],
    [
      0.7374494671821594,
      0.18236462771892548,
      0.0801854208111763
    ],
    [
      0.1513633131980896,
      0.8375674486160278,
      0.01106999907642603
    ],
    [
      0.46166256070137024,
      0.51129549741745,
      0.027041234076023102
    ],
    [
      0.8336188793182373,
      0.14366377890110016,
      0.022718338295817375
    ],
    [
      0.25015851855278015,
      0.0774068534374237,
      0.6724354028701782
    ],
    [
      0.05748118832707405,
      0.505998969078064,
      0.4365195631980896
    ],
    [
      0.8093681931495667,
      0.16078448295593262,
      0.02984689362347126
    ],
    [
      0.025112152099609375,
      0.5635318160057068,
      0.4113560616970062
    ],
    [
      0.3048073947429657,
      0.5711694359779358,
      0.12402284890413284
    ]
  ],