{
  "N": 112800,
  "usage": [
    0.37311801314353943,
    0.37944161891937256,
    0.2474403828382492
  ],
  "entropy_mean": 0.6281963586807251,
  "entropy_std": 0.2338024526834488,
  "top1_share": [
    0.3785904347896576,
    0.3577748239040375,
    0.26363474130630493
  ],
  "P_expert_given_class": [
    [
      0.17460864782333374,
      0.7722569704055786,
      0.053134575486183167
    ],
    [
      0.04173002764582634,
      0.09173936396837234,
      0.8665308356285095
    ],
    [
      0.6653755903244019,
      0.3259830176830292,
      0.008640971034765244
    ],
    [
      0.8745207786560059,
      0.12283285707235336,
      0.002645491622388363
    ],
    [
      0.37593576312065125,
      0.1288071572780609,
      0.4952563941478729
    ],
    [
      0.825099766254425,
      0.1638457328081131,
      0.01105440966784954
    ],
    [
      0.5093141794204712,
      0.21600517630577087,
      0.27468085289001465
    ],
    [
      0.20341084897518158,
      0.7561768889427185,
      0.04041280597448349
    ],
    [
      0.7965694665908813,
      0.17898398637771606,
      0.024446655064821243
    ],
    [
      0.7969781160354614,
      0.17624244093894958,
      0.0267794132232666
    ],
    [
      0.5816729068756104,
      0.3412421941757202,
      0.0770852193236351
    ],
    [
      0.7787090539932251,
      0.1989554464817047,
      0.022335419431328773
    ],
    [
      0.04559395834803581,
      0.8994868993759155,
      0.05491998791694641
    ],
    [
      0.3621821701526642,
      0.5847400426864624,
      0.053077977150678635
    ],
    [
      0.2113063484430313,
      0.7738704085350037,
      0.014822942204773426
    ],
    [
      0.34824806451797485,
      0.6285261511802673,
      0.02322540432214737
    ],
    [
      0.728743314743042,
      0.23862582445144653,
      0.032630570232868195
    ],
    [
      0.12431704252958298,
      0.1688726395368576,
      0.7068102955818176
    ],
    [
      0.06988025456666946,
      0.17602866888046265,
      0.754091203212738
    ],
    [
      0.44902297854423523,
      0.3558851480484009,
      0.19509205222129822
    ],
    [
      0.14740683138370514,
      0.2156652808189392,
      0.6369279623031616
    ],
    [
      0.06999589502811432,
      0.2255823314189911,
      0.7044218182563782
    ],
    [
      0.08178422600030899,
      0.6764566898345947,
      0.2417594939470291
    ],
    [
      0.10215509682893753,
      0.45139405131340027,
      0.4464509189128876
    ],
    [
      0.18193766474723816,
      0.7700491547584534,
      0.0480133593082428
    ],
    [
      0.2831237316131592,
      0.68877774477005,
      0.02809802070260048
    ],
    [
      0.7246580123901367,
      0.24280430376529694,
      0.032538238912820816
    ],
    [
      0.4361884593963623,
      0.5164836645126343,
      0.04732765257358551
    ],
    [
      0.859637439250946,
      0.12678955495357513,
      0.013572152704000473
    ],
    [
      0.09737155586481094,
      0.881635844707489,
      0.02099304087460041
    ],
    [
      0.0992208942770958,
      0.20873716473579407,
      0.6920424103736877
    ],
    [
      0.021337255835533142,
      0.10464098304510117,
      0.8740220069885254
    ],
    [
      0.10727475583553314,
      0.11064540594816208,
      0.7820799350738525
    ],
    [
      0.2966098189353943,
      0.2088554948568344,
      0.49453505873680115
    ],
    [
      0.1999989002943039,
      0.16582924127578735,
      0.6341713666915894
    ],
    [
      0.2815645933151245,
      0.71112060546875,
      0.007315532304346561
    ],
    [
      0.5692177414894104,
      0.3848847448825836,
      0.045897793024778366
    ],
    [
      0.4777572751045227,
      0.12834297120571136,
      0.39390018582344055
    ],
    [
      0.7021609544754028,
      0.19849134981632233,
      0.0993485227227211
    ],
    [
      0.14578832685947418,
      0.844407856464386,
      0.00980327371507883
    ],
    [
      0.4587863087654114,
      0.5141837000846863,
      0.027029486373066902
    ],
    [
      0.8096022605895996,
      0.16786344349384308,
      0.022534996271133423
    ],
    [
      0.22401151061058044,
      0.08676035702228546,
      0.6892271637916565
    ],
    [
      0.059189461171627045,
      0.5669760704040527,
      0.3738335371017456
    ],
    [
      0.7833063006401062,
      0.18579359352588654,
      0.03089998848736286
    ],
    [
      0.02653743512928486,
      0.5959978103637695,
      0.37746480107307434
    ],
    [
      0.3267020881175995,
      0.555480420589447,
      0.11781730502843857
    ]
  ],