{
  "N": 112800,
  "usage": [
    0.1275637447834015,
    0.6406381726264954,
    0.23179815709590912
  ],
  "entropy_mean": 0.5301784873008728,
  "entropy_std": 0.30918365716934204,
  "top1_share": [
    0.012996453791856766,
    0.7193084955215454,
    0.26769503951072693
  ],
  "P_expert_given_class": [
    [
      0.09276936203241348,
      0.8716039061546326,
      0.035627301782369614
    ],
    [
      0.03701020032167435,
      0.12293317168951035,
      0.8400581479072571
    ],
    [
      0.23584704101085663,
      0.7285478711128235,
      0.03560439497232437
    ],
    [
      0.26558467745780945,
      0.7032800316810608,
      0.03113512694835663
    ],
    [
      0.08734995126724243,
      0.36918213963508606,
      0.5434674620628357
    ],
    [
      0.1265055537223816,
      0.8480342030525208,
      0.025458980351686478
    ],
    [
      0.15767042338848114,
      0.6045729517936707,
      0.23775629699230194
    ],
    [
      0.1106189489364624,
      0.8496861457824707,
      0.039694059640169144
    ],
    [
      0.2580726146697998,
      0.6974794268608093,
      0.04444786161184311
    ],
    [
      0.2520855963230133,
      0.6930215954780579,
      0.0548933744430542
    ],
    [
      0.19511981308460236,
      0.6723496317863464,
      0.13253091275691986
    ],
    [
      0.2245597094297409,
      0.7372221350669861,
      0.038217488676309586
    ],
    [
      0.05612807720899582,
      0.9195650219917297,
      0.024308068677783012
    ],
    [
      0.16017279028892517,
      0.7955752611160278,
      0.04425256699323654
    ],
    [
      0.06791000813245773,
      0.9113507270812988,
      0.02073892019689083
    ],
    [
      0.120371513068676,
      0.8340240716934204,
      0.045604169368743896
    ],
    [
      0.16379328072071075,
      0.7969235777854919,
      0.03928329795598984
    ],
    [
      0.07227257639169693,
      0.373933345079422,
      0.5537946820259094
    ],
    [
      0.04852059856057167,
      0.2290802299976349,
      0.7223986387252808
    ],
    [
      0.10543697327375412,
      0.6917728781700134,
      0.20279060304164886
    ],
    [
      0.10545913130044937,
      0.41822004318237305,
      0.4763210117816925
    ],
    [
      0.05372140184044838,
      0.30426380038261414,
      0.6420154571533203
    ],
    [
      0.07162586599588394,
      0.7692921757698059,
      0.15908190608024597
    ],
    [
      0.06645872443914413,
      0.31382817029953003,
      0.6197133660316467
    ],
    [
      0.09385234117507935,
      0.873379647731781,
      0.03276878595352173
    ],
    [
      0.1502307951450348,
      0.8022966384887695,
      0.04747164621949196
    ],
    [
      0.217319518327713,
      0.7268069982528687,
      0.05587451159954071
    ],
    [
      0.2169969379901886,
      0.7189391255378723,
      0.06406363099813461
    ],
    [
      0.173216313123703,
      0.7997387647628784,
      0.02704537659883499
    ],
    [
      0.04273475706577301,
      0.9354986548423767,
      0.02176670916378498
    ],
    [
      0.06845203042030334,
      0.3711794912815094,
      0.5603684782981873
    ],
    [
      0.03842544183135033,
      0.18230833113193512,
      0.7792668342590332
    ],
    [
      0.06482779234647751,
      0.24263323843479156,
      0.6925393342971802
    ],
    [
      0.09488781541585922,
      0.3356960117816925,
      0.5694153904914856
    ],
    [
      0.058553822338581085,
      0.32828494906425476,
      0.6131604313850403
    ],
    [
      0.10630898922681808,
      0.8699509501457214,
      0.023739773780107498
    ],
    [
      0.1764744222164154,
      0.7601562738418579,
      0.06336934119462967
    ],
    [
      0.14707385003566742,
      0.6064806580543518,
      0.2464447319507599
    ],
    [
      0.16667057573795319,
      0.5840747952461243,
      0.24925486743450165
    ],
    [
      0.10894732177257538,
      0.8679973483085632,
      0.02305448427796364
    ],
    [
      0.14654982089996338,
      0.8001051545143127,
      0.05334467068314552
    ],
    [
      0.2574734389781952,
      0.6859769225120544,
      0.05655020475387573
    ],
    [
      0.07081923633813858,
      0.2561768889427185,
      0.6730033755302429
    ],
    [
      0.06524719297885895,
      0.8236841559410095,
      0.11106890439987183
    ],
    [
      0.2491699755191803,
      0.6839807033538818,
      0.06684966385364532
    ],
    [
      0.05926330015063286,
      0.8717150688171387,
      0.06902202218770981
    ],
    [
      0.08693445473909378,
      0.7271872758865356,
      0.18587759137153625
    ]
  ],