{
  "N": 112800,
  "usage": [
    0.25825366377830505,
    0.5282667875289917,
    0.21347956359386444
  ],
  "entropy_mean": 0.6234288215637207,
  "entropy_std": 0.24396833777427673,
  "top1_share": [
    0.18773049116134644,
    0.6131294369697571,
    0.19914007186889648
  ],
  "P_expert_given_class": [
    [
      0.25261834263801575,
      0.7264071702957153,
      0.02097529172897339
    ],
    [
      0.06077420711517334,
      0.8749890923500061,
      0.06423541158437729
    ],
    [
      0.26586291193962097,
      0.6698795557022095,
      0.06425795704126358
    ],
    [
      0.029051199555397034,
      0.9666377902030945,
      0.004311814904212952
    ],
    [
      0.2059134691953659,
      0.2066524773836136,
      0.5874342322349548
    ],
    [
      0.06190108507871628,
      0.8843326568603516,
      0.053766410797834396
    ],
    [
      0.04625953361392021,
      0.7507201433181763,
      0.2030211091041565
    ],
    [
      0.29691681265830994,
      0.6800373196601868,
      0.023046310991048813
    ],
    [
      0.1293037384748459,
      0.8527116775512695,
      0.017983803525567055
    ],
    [
      0.37796181440353394,
      0.596497118473053,
      0.025540078058838844
    ],
    [
      0.7605904936790466,
      0.10986391454935074,
      0.1295451521873474
    ],
    [
      0.23396912217140198,
      0.7512103915214539,
      0.014820550568401814
    ],
    [
      0.18171410262584686,
      0.7069687843322754,
      0.1113184243440628
    ],
    [
      0.4174385666847229,
      0.5386501550674438,
      0.043911587446928024
    ],
    [
      0.09830865263938904,
      0.8202371597290039,
      0.081453837454319
    ],
    [
      0.5426657199859619,
      0.41285768151283264,
      0.04447609558701515
    ],
    [
      0.1839199811220169,
      0.7275105714797974,
      0.08856923133134842
    ],
    [
      0.17727573215961456,
      0.06126066669821739,
      0.76146399974823
    ],
    [
      0.10552854090929031,
      0.8356823325157166,
      0.058789659291505814
    ],
    [
      0.0238886009901762,
      0.8997886180877686,
      0.07632213085889816
    ],
    [
      0.2057942897081375,
      0.05751296505331993,
      0.7366923093795776
    ],
    [
      0.05624474957585335,
      0.7858951091766357,
      0.15786080062389374
    ],
    [
      0.3293667733669281,
      0.011679353192448616,
      0.6589540839195251
    ],
    [
      0.3273346722126007,
      0.08044426888227463,
      0.592221200466156
    ],
    [
      0.24717918038368225,
      0.7313708662986755,
      0.021450119093060493
    ],
    [
      0.7711015939712524,
      0.21146275103092194,
      0.01743481121957302
    ],
    [
      0.44541671872138977,
      0.5059435367584229,
      0.04863978177309036
    ],
    [
      0.7651131749153137,
      0.17155970633029938,
      0.06332701444625854
    ],
    [
      0.040680576115846634,
      0.9361042380332947,
      0.023214560002088547
    ],
    [
      0.28810811042785645,
      0.6765732169151306,
      0.03531864285469055
    ],
    [
      0.08217359334230423,
      0.3649504482746124,
      0.5528767108917236
    ],
    [
      0.18460208177566528,
      0.5597149729728699,
      0.2556822896003723
    ],
    [
      0.09485644102096558,
      0.04958605021238327,
      0.8555579781532288
    ],
    [
      0.26261624693870544,
      0.08004378527402878,
      0.6573401093482971
    ],
    [
      0.2361302673816681,
      0.45864206552505493,
      0.3052282929420471
    ],
    [
      0.055169329047203064,
      0.8896923661231995,
      0.05513764172792435
    ],
    [
      0.4590396583080292,
      0.4181658625602722,
      0.12279413640499115
    ],
    [
      0.060075048357248306,
      0.5472474694252014,
      0.3926773965358734
    ],
    [
      0.09406879544258118,
      0.7926433086395264,
      0.11328741908073425
    ],
    [
      0.19987735152244568,
      0.7643902897834778,
      0.035731349140405655
    ],
    [
      0.4814731478691101,
      0.4636775851249695,
      0.054848670959472656
    ],
    [
      0.23598691821098328,
      0.7317339181900024,
      0.03227933868765831
    ],
    [
      0.10068652778863907,
      0.0754963830113411,
      0.8238182067871094
    ],
    [
      0.5779191851615906,
      0.059248652309179306,
      0.36283189058303833
    ],
    [
      0.3275087773799896,
      0.6255357265472412,
      0.046956583857536316
    ],
    [
      0.6515591740608215,
      0.17239607870578766,
      0.17604517936706543
    ],
    [
      0.1059761717915535,
      0.5339309573173523,
      0.3600917458534241
    ]
  ],