{
  "N": 112800,
  "usage": [
    0.2594640552997589,
    0.5209336280822754,
    0.2196023315191269
  ],
  "entropy_mean": 0.6147534251213074,
  "entropy_std": 0.24829573929309845,
  "top1_share": [
    0.19857269525527954,
    0.5979255437850952,
    0.20350177586078644
  ],
  "P_expert_given_class": [
    [
      0.24757502973079681,
      0.7292308807373047,
      0.023193901404738426
    ],
    [
      0.05689266324043274,
      0.8837611079216003,
      0.05934519320726395
    ],
    [
      0.2818577289581299,
      0.6522713303565979,
      0.06587141007184982
    ],
    [
      0.025715898722410202,
      0.9704046845436096,
      0.003881117096170783
    ],
    [
      0.2259044200181961,
      0.1894262731075287,
      0.5846686959266663
    ],
    [
      0.05961095914244652,
      0.8898822069168091,
      0.050507236272096634
    ],
    [
      0.03871053457260132,
      0.7405734062194824,
      0.2207162231206894
    ],
    [
      0.2921316921710968,
      0.6687578558921814,
      0.03910934180021286
    ],
    [
      0.132758229970932,
      0.8502664566040039,
      0.01697494648396969
    ],
    [
      0.42833614349365234,
      0.5453757047653198,
      0.02628769911825657
    ],
    [
      0.7693206667900085,
      0.0933181643486023,
      0.13736103475093842
    ],
    [
      0.22311757504940033,
      0.762890100479126,
      0.013991481624543667
    ],
    [
      0.183253675699234,
      0.7048682570457458,
      0.11187873780727386
    ],
    [
      0.4062894284725189,
      0.5511288642883301,
      0.0425817146897316
    ],
    [
      0.10171892493963242,
      0.823224663734436,
      0.07505705207586288
    ],
    [
      0.5715866684913635,
      0.3770912289619446,
      0.051320888102054596
    ],
    [
      0.20415835082530975,
      0.7131631374359131,
      0.08267836272716522
    ],
    [
      0.17643213272094727,
      0.041531920433044434,
      0.7820357084274292
    ],
    [
      0.0967596024274826,
      0.8531003594398499,
      0.05013924837112427
    ],
    [
      0.02808203734457493,
      0.904327929019928,
      0.0675913542509079
    ],
    [
      0.17488977313041687,
      0.05559968203306198,
      0.7695106863975525
    ],
    [
      0.052760642021894455,
      0.7969193458557129,
      0.15032032132148743
    ],
    [
      0.29625266790390015,
      0.010279904119670391,
      0.6934671998023987
    ],
    [
      0.3080843985080719,
      0.0726465955376625,
      0.6192682981491089
    ],
    [
      0.24263209104537964,
      0.7332446575164795,
      0.024122895672917366
    ],
    [
      0.7884225249290466,
      0.1934768557548523,
      0.018100762739777565
    ],
    [
      0.4782603085041046,
      0.4780721962451935,
      0.04366806149482727
    ],
    [
      0.7593368291854858,
      0.17415745556354523,
      0.06650619953870773
    ],
    [
      0.0417969785630703,
      0.939071774482727,
      0.01913062483072281
    ],
    [
      0.31591492891311646,
      0.6349930763244629,
      0.04909171164035797
    ],
    [
      0.0734177678823471,
      0.3464607894420624,
      0.5801213979721069
    ],
    [
      0.14661861956119537,
      0.5651736259460449,
      0.2882072329521179
    ],
    [
      0.08184825628995895,
      0.043361593037843704,
      0.874789834022522
    ],
    [
      0.23051607608795166,
      0.08453119546175003,
      0.6849517226219177
    ],
    [
      0.20551501214504242,
      0.4798435866832733,
      0.3146412968635559
    ],
    [
      0.052950743585824966,
      0.8953034281730652,
      0.05174591764807701
    ],
    [
      0.45983633399009705,
      0.4167797267436981,
      0.12338370084762573
    ],
    [
      0.050250254571437836,
      0.5487812161445618,
      0.40096861124038696
    ],
    [
      0.10762245208024979,
      0.8037669658660889,
      0.08860994130373001
    ],
    [
      0.22835126519203186,
      0.7346817851066589,
      0.03696594759821892
    ],
    [
      0.5100412368774414,
      0.42586448788642883,
      0.06409385800361633
    ],
    [
      0.25455352663993835,
      0.7141803503036499,
      0.031266409903764725
    ],
    [
      0.08926922082901001,
      0.05910962447524071,
      0.8516217470169067
    ],
    [
      0.5768870115280151,
      0.049254968762397766,
      0.3738582134246826
    ],
    [
      0.3478642702102661,
      0.609077513217926,
      0.04305846616625786
    ],
    [
      0.6579443216323853,
      0.15484519302845,
      0.18720979988574982
    ],
    [
      0.11275849491357803,
      0.5198060274124146,
      0.36743614077568054
    ]
  ],