{
  "N": 112800,
  "usage": [
    0.2636786103248596,
    0.5149329304695129,
    0.22138844430446625
  ],
  "entropy_mean": 0.614020824432373,
  "entropy_std": 0.2501198947429657,
  "top1_share": [
    0.2139095813035965,
    0.5808510780334473,
    0.20523935556411743
  ],
  "P_expert_given_class": [
    [
      0.24470873177051544,
      0.7330790162086487,
      0.022211680188775063
    ],
    [
      0.06581144034862518,
      0.8794977068901062,
      0.054691098630428314
    ],
    [
      0.29676374793052673,
      0.6244027614593506,
      0.07883381843566895
    ],
    [
      0.02423940598964691,
      0.9708889722824097,
      0.004871494602411985
    ],
    [
      0.28105247020721436,
      0.16651837527751923,
      0.5524292588233948
    ],
    [
      0.06324059516191483,
      0.8753365874290466,
      0.061422888189554214
    ],
    [
      0.03424236550927162,
      0.7400003671646118,
      0.22575795650482178
    ],
    [
      0.29358047246932983,
      0.6657203435897827,
      0.04069950804114342
    ],
    [
      0.12454452365636826,
      0.8552140593528748,
      0.02024136297404766
    ],
    [
      0.46219930052757263,
      0.5028879046440125,
      0.034912511706352234
    ],
    [
      0.7856429219245911,
      0.09206780046224594,
      0.12229020148515701
    ],
    [
      0.20177316665649414,
      0.7836435437202454,
      0.014583935961127281
    ],
    [
      0.16982589662075043,
      0.7124864459037781,
      0.11768745630979538
    ],
    [
      0.41406917572021484,
      0.5432711243629456,
      0.04265972599387169
    ],
    [
      0.10629718005657196,
      0.8199259042739868,
      0.07377706468105316
    ],
    [
      0.5812832117080688,
      0.3700858950614929,
      0.04863063246011734
    ],
    [
      0.19471728801727295,
      0.712594211101532,
      0.09268748760223389
    ],
    [
      0.17023105919361115,
      0.04106270894408226,
      0.7887057065963745
    ],
    [
      0.09766435623168945,
      0.8516988754272461,
      0.05063638836145401
    ],
    [
      0.028920339420437813,
      0.9026175737380981,
      0.06846196204423904
    ],
    [
      0.17416195571422577,
      0.05662527680397034,
      0.7692133784294128
    ],
    [
      0.056514643132686615,
      0.791659414768219,
      0.15182659029960632
    ],
    [
      0.26934128999710083,
      0.008454333059489727,
      0.7222040295600891
    ],
    [
      0.3242456018924713,
      0.0702686533331871,
      0.6054853200912476
    ],
    [
      0.23397158086299896,
      0.7422096729278564,
      0.0238186065107584
    ],
    [
      0.7973666191101074,
      0.18869581818580627,
      0.013937938958406448
    ],
    [
      0.4906364977359772,
      0.47066599130630493,
      0.03869768604636192
    ],
    [
      0.7753445506095886,
      0.16007591784000397,
      0.06458035111427307
    ],
    [
      0.043731529265642166,
      0.9335639476776123,
      0.02270464599132538
    ],
    [
      0.3414362668991089,
      0.6198498606681824,
      0.03871351107954979
    ],
    [
      0.06479382514953613,
      0.3334342837333679,
      0.6017716526985168
    ],
    [
      0.13643746078014374,
      0.5657345056533813,
      0.29782745242118835
    ],
    [
      0.07724665105342865,
      0.044062841683626175,
      0.878690779209137
    ],
    [
      0.23754414916038513,
      0.08932961523532867,
      0.6731259822845459
    ],
    [
      0.27043336629867554,
      0.420524001121521,
      0.30904266238212585
    ],
    [
      0.06134795397520065,
      0.8750492334365845,
      0.06360310316085815
    ],
    [
      0.4621422290802002,
      0.40436387062072754,
      0.1334947794675827
    ],
    [
      0.04294933006167412,
      0.5705782175064087,
      0.3864724040031433
    ],
    [
      0.10907162725925446,
      0.8015028834342957,
      0.08942506462335587
    ],
    [
      0.24048131704330444,
      0.7233420610427856,
      0.036176517605781555
    ],
    [
      0.5092576146125793,
      0.42285415530204773,
      0.06788776814937592
    ],
    [
      0.26194292306900024,
      0.701715886592865,
      0.03634047508239746
    ],
    [
      0.08058913797140121,
      0.06209627911448479,
      0.8573139309883118
    ],
    [
      0.5504751205444336,
      0.04644381254911423,
      0.4030810296535492
    ],
    [
      0.3563341498374939,
      0.5913715958595276,
      0.052295148372650146
    ],
    [
      0.6598937511444092,
      0.1552383452653885,
      0.18486809730529785
    ],
    [
      0.12439922243356705,
      0.5091349482536316,
      0.366465300321579
    ]
  ],