{
  "N": 112800,
  "usage": [
    0.16421671211719513,
    0.731309711933136,
    0.10447359085083008
  ],
  "entropy_mean": 0.47194501757621765,
  "entropy_std": 0.30024439096450806,
  "top1_share": [
    0.09307624399662018,
    0.7915248274803162,
    0.11539893597364426
  ],
  "P_expert_given_class": [
    [
      0.16456642746925354,
      0.8287945985794067,
      0.00663768220692873
    ],
    [
      0.025617333129048347,
      0.9655497074127197,
      0.008832582272589207
    ],
    [
      0.10157587379217148,
      0.8935911059379578,
      0.004832432605326176
    ],
    [
      0.0261553805321455,
      0.9735763669013977,
      0.00026761647313833237
    ],
    [
      0.06317755579948425,
      0.7283570170402527,
      0.2084655612707138
    ],
    [
      0.09171679615974426,
      0.9054734110832214,
      0.002810359699651599
    ],
    [
      0.034095168113708496,
      0.913894534111023,
      0.0520101934671402
    ],
    [
      0.1505659967660904,
      0.8481277227401733,
      0.001305877580307424
    ],
    [
      0.08741426467895508,
      0.9098212718963623,
      0.0027637227904051542
    ],
    [
      0.09540196508169174,
      0.9032896757125854,
      0.0013073098380118608
    ],
    [
      0.44101348519325256,
      0.49004969000816345,
      0.06893695145845413
    ],
    [
      0.13655784726142883,
      0.8610061407089233,
      0.002436033682897687
    ],
    [
      0.08995305746793747,
      0.9061086773872375,
      0.003936739172786474
    ],
    [
      0.25185132026672363,
      0.7345161437988281,
      0.013632137328386307
    ],
    [
      0.07786371558904648,
      0.9183716773986816,
      0.0037639292422682047
    ],
    [
      0.28833428025245667,
      0.706954300403595,
      0.004711709450930357
    ],
    [
      0.051562294363975525,
      0.9441232085227966,
      0.0043142023496329784
    ],
    [
      0.1348530650138855,
      0.3167854845523834,
      0.5483615398406982
    ],
    [
      0.04912318289279938,
      0.9383538961410522,
      0.012522729113698006
    ],
    [
      0.03455226868391037,
      0.9516515135765076,
      0.013796095736324787
    ],
    [
      0.2162896692752838,
      0.22120150923728943,
      0.562508761882782
    ],
    [
      0.03266054764389992,
      0.9378034472465515,
      0.029535850510001183
    ],
    [
      0.5758461356163025,
      0.17868667840957642,
      0.2454674243927002
    ],
    [
      0.23819208145141602,
      0.282431960105896,
      0.4793751537799835
    ],
    [
      0.18188852071762085,
      0.8110398650169373,
      0.007071556989103556
    ],
    [
      0.48740971088409424,
      0.5076080560684204,
      0.004981442354619503
    ],
    [
      0.1741383671760559,
      0.820576012134552,
      0.005286009516566992
    ],
    [
      0.44011279940605164,
      0.5404878258705139,
      0.01940014772117138
    ],
    [
      0.04656330123543739,
      0.9519596099853516,
      0.0014778866898268461
    ],
    [
      0.14761444926261902,
      0.8512303233146667,
      0.001154999015852809
    ],
    [
      0.08359074592590332,
      0.703016459941864,
      0.21339279413223267
    ],
    [
      0.10221415758132935,
      0.8026081323623657,
      0.09517785161733627
    ],
    [
      0.08365962654352188,
      0.3381362855434418,
      0.5782041549682617
    ],
    [
      0.2537344694137573,
      0.2198752611875534,
      0.5263909697532654
    ],
    [
      0.07956351339817047,
      0.8491185903549194,
      0.07131782174110413
    ],
    [
      0.05150337889790535,
      0.9465259909629822,
      0.001969878328964114
    ],
    [
      0.19289740920066833,
      0.782760500907898,
      0.024343008175492287
    ],
    [
      0.057900331914424896,
      0.7690272331237793,
      0.1730717420578003
    ],
    [
      0.04180367290973663,
      0.9172108769416809,
      0.04098522290587425
    ],
    [
      0.1270027905702591,
      0.869535505771637,
      0.003461370477452874
    ],
    [
      0.20311208069324493,
      0.7890790700912476,
      0.007809719070792198
    ],
    [
      0.08807145804166794,
      0.9083508253097534,
      0.003578389994800091
    ],
    [
      0.164636492729187,
      0.24375246465206146,
      0.5916110873222351
    ],
    [
      0.5527727603912354,
      0.30526864528656006,
      0.141959086060524
    ],
    [
      0.11374448239803314,
      0.881330668926239,
      0.004924642853438854
    ],
    [
      0.5132268667221069,
      0.43551141023635864,
      0.05126237869262695
    ],
    [
      0.07208515703678131,
      0.869021475315094,
      0.058893196284770966
    ]
  ],