{
  "N": 112800,
  "usage": [
    0.24362164735794067,
    0.5714794397354126,
    0.1848989874124527
  ],
  "entropy_mean": 0.6137459874153137,
  "entropy_std": 0.2433275431394577,
  "top1_share": [
    0.16595745086669922,
    0.6584751605987549,
    0.1755673736333847
  ],
  "P_expert_given_class": [
    [
      0.26838696002960205,
      0.7043942809104919,
      0.027218278497457504
    ],
    [
      0.06717415153980255,
      0.8888578414916992,
      0.043967776000499725
    ],
    [
      0.24093933403491974,
      0.7069911956787109,
      0.05206982046365738
    ],
    [
      0.031731799244880676,
      0.9647602438926697,
      0.0035074607003480196
    ],
    [
      0.15883377194404602,
      0.30414652824401855,
      0.5370205640792847
    ],
    [
      0.050329435616731644,
      0.8920528888702393,
      0.05761810764670372
    ],
    [
      0.03991321474313736,
      0.8063556551933289,
      0.15373094379901886
    ],
    [
      0.2664235830307007,
      0.7214331030845642,
      0.012143689207732677
    ],
    [
      0.12445565313100815,
      0.8601717352867126,
      0.015372551046311855
    ],
    [
      0.2391074299812317,
      0.7504137754440308,
      0.010478690266609192
    ],
    [
      0.6984957456588745,
      0.17711776494979858,
      0.124386265873909
    ],
    [
      0.2218177318572998,
      0.762657880783081,
      0.015524324029684067
    ],
    [
      0.13715462386608124,
      0.7972729206085205,
      0.06557206064462662
    ],
    [
      0.4041385352611542,
      0.5544910430908203,
      0.04137028753757477
    ],
    [
      0.07717844843864441,
      0.8624366521835327,
      0.06038440018892288
    ],
    [
      0.4417168200016022,
      0.5244319438934326,
      0.033851224929094315
    ],
    [
      0.14392848312854767,
      0.8166710138320923,
      0.0393996387720108
    ],
    [
      0.21799390017986298,
      0.07435771822929382,
      0.7076477408409119
    ],
    [
      0.11697982996702194,
      0.836930513381958,
      0.0460895411670208
    ],
    [
      0.025472352281212807,
      0.8909448981285095,
      0.08358326554298401
    ],
    [
      0.23635976016521454,
      0.08034894615411758,
      0.6832906007766724
    ],
    [
      0.06560259312391281,
      0.792823076248169,
      0.14157475531101227
    ],
    [
      0.4456460475921631,
      0.022333472967147827,
      0.5320208668708801
    ],
    [
      0.3318699598312378,
      0.0942579060792923,
      0.5738722681999207
    ],
    [
      0.2577529847621918,
      0.7164525389671326,
      0.02579517848789692
    ],
    [
      0.7033631801605225,
      0.27400821447372437,
      0.022628137841820717
    ],
    [
      0.4039901793003082,
      0.5611284375190735,
      0.034880753606557846
    ],
    [
      0.6713767051696777,
      0.26266393065452576,
      0.06595862656831741
    ],
    [
      0.03814420476555824,
      0.9340586066246033,
      0.02779736928641796
    ],
    [
      0.19905182719230652,
      0.772891640663147,
      0.028057103976607323
    ],
    [
      0.10907311737537384,
      0.40693679451942444,
      0.4839901328086853
    ],
    [
      0.19511350989341736,
      0.6225960850715637,
      0.18229132890701294
    ],
    [
      0.12223285436630249,
      0.07270123064517975,
      0.8050662875175476
    ],
    [
      0.33510544896125793,
      0.11139896512031555,
      0.5534960627555847
    ],
    [
      0.2169877588748932,
      0.5346310138702393,
      0.2483811378479004
    ],
    [
      0.053944721817970276,
      0.9086427688598633,
      0.03741241991519928
    ],
    [
      0.4579313099384308,
      0.46932321786880493,
      0.072746641933918
    ],
    [
      0.06317473948001862,
      0.6264770030975342,
      0.3103480339050293
    ],
    [
      0.09893198311328888,
      0.7945926785469055,
      0.1064751073718071
    ],
    [
      0.1558055579662323,
      0.8222221732139587,
      0.021971145644783974
    ],
    [
      0.39301544427871704,
      0.5640396475791931,
      0.04294412210583687
    ],
    [
      0.1866200715303421,
      0.7965701222419739,
      0.016810091212391853
    ],
    [
      0.1142691895365715,
      0.10122591257095337,
      0.7845054268836975
    ],
    [
      0.6157658696174622,
      0.09073331207036972,
      0.2935011386871338
    ],
    [
      0.25117889046669006,
      0.7250949740409851,
      0.023725861683487892
    ],
    [
      0.647117018699646,
      0.19360145926475525,
      0.15928077697753906
    ],
    [
      0.10861598700284958,
      0.6108885407447815,
      0.28049570322036743
    ]
  ],