{
  "N": 112800,
  "usage": [
    0.27425315976142883,
    0.4984113872051239,
    0.22733543813228607
  ],
  "entropy_mean": 0.6195582151412964,
  "entropy_std": 0.2482675462961197,
  "top1_share": [
    0.23256205022335052,
    0.5589095950126648,
    0.20852836966514587
  ],
  "P_expert_given_class": [
    [
      0.2655642032623291,
      0.7080475091934204,
      0.026388417929410934
    ],
    [
      0.06819646060466766,
      0.8699182271957397,
      0.06188525632023811
    ],
    [
      0.30740031599998474,
      0.6120555400848389,
      0.08054447919130325
    ],
    [
      0.023746037855744362,
      0.9698597192764282,
      0.006394756492227316
    ],
    [
      0.2920519709587097,
      0.14542344212532043,
      0.5625237226486206
    ],
    [
      0.0732356607913971,
      0.8456884622573853,
      0.0810747817158699
    ],
    [
      0.037085358053445816,
      0.726654589176178,
      0.23625917732715607
    ],
    [
      0.2968936264514923,
      0.6484137773513794,
      0.054692357778549194
    ],
    [
      0.14345711469650269,
      0.8351672887802124,
      0.021377235651016235
    ],
    [
      0.5136212706565857,
      0.4471016824245453,
      0.039276715368032455
    ],
    [
      0.797386109828949,
      0.0776619166135788,
      0.12495269626379013
    ],
    [
      0.21105429530143738,
      0.7705483436584473,
      0.018397750332951546
    ],
    [
      0.18825118243694305,
      0.6813608407974243,
      0.1303887516260147
    ],
    [
      0.4566071033477783,
      0.4976199269294739,
      0.04577256739139557
    ],
    [
      0.11234517395496368,
      0.8136254549026489,
      0.0740295946598053
    ],
    [
      0.581966757774353,
      0.36920273303985596,
      0.04883052408695221
    ],
    [
      0.21959474682807922,
      0.6662625074386597,
      0.1141422688961029
    ],
    [
      0.16686034202575684,
      0.03364258259534836,
      0.7994964718818665
    ],
    [
      0.10030718147754669,
      0.8425543308258057,
      0.057138361036777496
    ],
    [
      0.03416745737195015,
      0.9079840183258057,
      0.0578489676117897
    ],
    [
      0.1800006926059723,
      0.04652009904384613,
      0.773478627204895
    ],
    [
      0.05995141342282295,
      0.7874937653541565,
      0.1525554209947586
    ],
    [
      0.28299617767333984,
      0.00676359236240387,
      0.7102401256561279
    ],
    [
      0.32682836055755615,
      0.04881477728486061,
      0.6243576407432556
    ],
    [
      0.2623794674873352,
      0.7111839056015015,
      0.026436597108840942
    ],
    [
      0.7942134737968445,
      0.19106262922286987,
      0.014723352156579494
    ],
    [
      0.5234329104423523,
      0.43502649664878845,
      0.04154045879840851
    ],
    [
      0.796505331993103,
      0.13524456322193146,
      0.06824951618909836
    ],
    [
      0.04744911193847656,
      0.9253427386283875,
      0.027208853513002396
    ],
    [
      0.3618260622024536,
      0.6008046269416809,
      0.037369564175605774
    ],
    [
      0.0643521398305893,
      0.3259381353855133,
      0.6097097396850586
    ],
    [
      0.12357240170240402,
      0.5539156198501587,
      0.32251226902008057
    ],
    [
      0.06593509018421173,
      0.034001339226961136,
      0.9000630974769592
    ],
    [
      0.21898986399173737,
      0.08161065727472305,
      0.6993995308876038
    ],
    [
      0.25526729226112366,
      0.41314566135406494,
      0.3315874934196472
    ],
    [
      0.0548601895570755,
      0.874979555606842,
      0.070160873234272
    ],
    [
      0.49855178594589233,
      0.3674115240573883,
      0.13403695821762085
    ],
    [
      0.047959621995687485,
      0.5383970141410828,
      0.4136432409286499
    ],
    [
      0.12241863459348679,
      0.7943023443222046,
      0.08327925950288773
    ],
    [
      0.2718181014060974,
      0.6906622052192688,
      0.03752058744430542
    ],
    [
      0.5164808034896851,
      0.42236560583114624,
      0.061153680086135864
    ],
    [
      0.29085710644721985,
      0.6674557328224182,
      0.04168645665049553
    ],
    [
      0.0853601023554802,
      0.04797859117388725,
      0.8666608929634094
    ],
    [
      0.5643742680549622,
      0.031545329838991165,
      0.4040805697441101
    ],
    [
      0.386495441198349,
      0.5576551556587219,
      0.05584840103983879
    ],
    [
      0.6629800200462341,
      0.14582541584968567,
      0.19119466841220856
    ],
    [
      0.13425284624099731,
      0.521096408367157,
      0.3446509838104248
    ]
  ],