{
  "N": 112800,
  "usage": [
    0.08294574916362762,
    0.8365842700004578,
    0.08047005534172058
  ],
  "entropy_mean": 0.34269067645072937,
  "entropy_std": 0.3483322858810425,
  "top1_share": [
    0.013395390473306179,
    0.9088475108146667,
    0.0777570903301239
  ],
  "P_expert_given_class": [
    [
      0.06265053153038025,
      0.921913743019104,
      0.015436291694641113
    ],
    [
      0.02722305618226528,
      0.9366453289985657,
      0.036131542176008224
    ],
    [
      0.04611346125602722,
      0.9370471239089966,
      0.01683955453336239
    ],
    [
      0.029733266681432724,
      0.9541561603546143,
      0.016110599040985107
    ],
    [
      0.05485721677541733,
      0.8181858062744141,
      0.12695638835430145
    ],
    [
      0.04367278888821602,
      0.9413492679595947,
      0.01497875340282917
    ],
    [
      0.028778279200196266,
      0.9297465085983276,
      0.041475582867860794
    ],
    [
      0.0582101009786129,
      0.9254335761070251,
      0.01635557971894741
    ],
    [
      0.05885103717446327,
      0.9208663702011108,
      0.020282216370105743
    ],
    [
      0.06757817417383194,
      0.9148274660110474,
      0.01759440451860428
    ],
    [
      0.25785964727401733,
      0.6619791984558105,
      0.08016151189804077
    ],
    [
      0.0624673068523407,
      0.9187037944793701,
      0.01882910169661045
    ],
    [
      0.04064168781042099,
      0.9452448487281799,
      0.014113588258624077
    ],
    [
      0.06716839224100113,
      0.9134548902511597,
      0.019376562908291817
    ],
    [
      0.0357864573597908,
      0.9501993060112,
      0.014014760963618755
    ],
    [
      0.09035146981477737,
      0.8904270529747009,
      0.019221771508455276
    ],
    [
      0.03059099242091179,
      0.9539764523506165,
      0.015432861633598804
    ],
    [
      0.0870925784111023,
      0.6043688058853149,
      0.30853837728500366
    ],
    [
      0.029334217309951782,
      0.939617395401001,
      0.031048424541950226
    ],
    [
      0.024802405387163162,
      0.9565929174423218,
      0.018605660647153854
    ],
    [
      0.1265811324119568,
      0.4972548484802246,
      0.37616395950317383
    ],
    [
      0.027878860011696815,
      0.9376445412635803,
      0.03447797894477844
    ],
    [
      0.3222004175186157,
      0.5308098793029785,
      0.14699044823646545
    ],
    [
      0.11545170843601227,
      0.5461188554763794,
      0.3384299576282501
    ],
    [
      0.07356210798025131,
      0.9098807573318481,
      0.01655694842338562
    ],
    [
      0.18657833337783813,
      0.7899610996246338,
      0.023461030796170235
    ],
    [
      0.08363595604896545,
      0.896479070186615,
      0.01988515444099903
    ],
    [
      0.21069450676441193,
      0.7499481439590454,
      0.03935765102505684
    ],
    [
      0.03441133722662926,
      0.9520686864852905,
      0.013519789092242718
    ],
    [
      0.0525955967605114,
      0.9340959787368774,
      0.013307733461260796
    ],
    [
      0.03600062429904938,
      0.8495622277259827,
      0.11443764716386795
    ],
    [
      0.03754328936338425,
      0.8614646196365356,
      0.10099173337221146
    ],
    [
      0.04639282077550888,
      0.6461157202720642,
      0.3074912130832672
    ],
    [
      0.1691911518573761,
      0.4364120364189148,
      0.3943968713283539
    ],
    [
      0.04529932141304016,
      0.8597368597984314,
      0.09496308863162994
    ],
    [
      0.0263990331441164,
      0.9593226909637451,
      0.014278504066169262
    ],
    [
      0.09237170219421387,
      0.8801358938217163,
      0.027491750195622444
    ],
    [
      0.04206918925046921,
      0.8570441603660583,
      0.10088618099689484
    ],
    [
      0.043021418154239655,
      0.892398476600647,
      0.0645795613527298
    ],
    [
      0.05229993909597397,
      0.9315471649169922,
      0.01615244708955288
    ],
    [
      0.07513368129730225,
      0.9037666916847229,
      0.02109895832836628
    ],
    [
      0.06913450360298157,
      0.9089653491973877,
      0.021900177001953125
    ],
    [
      0.11947138607501984,
      0.42798981070518494,
      0.4525388479232788
    ],
    [
      0.2707337737083435,
      0.6594569683074951,
      0.06980880349874496
    ],
    [
      0.08301515877246857,
      0.8939092755317688,
      0.023075619712471962
    ],
    [
      0.20524562895298004,
      0.7576707601547241,
      0.03708300739526749
    ],
    [
      0.047773752361536026,
      0.9149629473686218,
      0.037262942641973495
    ]
  ],