{
  "N": 112800,
  "usage": [
    0.206006720662117,
    0.6660529375076294,
    0.1279403418302536
  ],
  "entropy_mean": 0.548413097858429,
  "entropy_std": 0.2746715843677521,
  "top1_share": [
    0.13090425729751587,
    0.7366666793823242,
    0.1324290782213211
  ],
  "P_expert_given_class": [
    [
      0.2255328893661499,
      0.7590764760971069,
      0.015390184707939625
    ],
    [
      0.045340560376644135,
      0.9396287798881531,
      0.015030145645141602
    ],
    [
      0.19587010145187378,
      0.7924350500106812,
      0.011695857159793377
    ],
    [
      0.03953169658780098,
      0.9595973491668701,
      0.0008717039017938077
    ],
    [
      0.08377817273139954,
      0.6034989356994629,
      0.3127226233482361
    ],
    [
      0.08261097967624664,
      0.9055128693580627,
      0.011875406838953495
    ],
    [
      0.038606561720371246,
      0.8731228709220886,
      0.08827105909585953
    ],
    [
      0.1998608559370041,
      0.7966375946998596,
      0.003501919098198414
    ],
    [
      0.10535680502653122,
      0.8891913890838623,
      0.005451937671750784
    ],
    [
      0.13105182349681854,
      0.8662202954292297,
      0.002728306455537677
    ],
    [
      0.5263482928276062,
      0.380460262298584,
      0.09319142252206802
    ],
    [
      0.18911777436733246,
      0.8041057586669922,
      0.0067760576494038105
    ],
    [
      0.11370398104190826,
      0.8729340434074402,
      0.013361629098653793
    ],
    [
      0.3771805465221405,
      0.5896216034889221,
      0.03319777548313141
    ],
    [
      0.106113500893116,
      0.8732274174690247,
      0.020658742636442184
    ],
    [
      0.36388298869132996,
      0.6230096220970154,
      0.013108142651617527
    ],
    [
      0.07623932510614395,
      0.9155009984970093,
      0.008260464295744896
    ],
    [
      0.1656598001718521,
      0.21810200810432434,
      0.6162379384040833
    ],
    [
      0.07281764596700668,
      0.9063641428947449,
      0.020818131044507027
    ],
    [
      0.03915902599692345,
      0.9196869730949402,
      0.04115471988916397
    ],
    [
      0.2379453331232071,
      0.15517237782478333,
      0.6068817377090454
    ],
    [
      0.050006989389657974,
      0.8680057525634766,
      0.08198675513267517
    ],
    [
      0.5759693384170532,
      0.10826858878135681,
      0.31576162576675415
    ],
    [
      0.2982814610004425,
      0.21341641247272491,
      0.48830220103263855
    ],
    [
      0.22780990600585938,
      0.7590715289115906,
      0.013118608854711056
    ],
    [
      0.5938867926597595,
      0.3939359486103058,
      0.012177247554063797
    ],
    [
      0.23934300243854523,
      0.7488521337509155,
      0.011805213056504726
    ],
    [
      0.5473304986953735,
      0.4202587306499481,
      0.032411400228738785
    ],
    [
      0.04334474727511406,
      0.9523288011550903,
      0.0043261172249913216
    ],
    [
      0.1660463511943817,
      0.8296212553977966,
      0.004333282355219126
    ],
    [
      0.10526283085346222,
      0.5760374665260315,
      0.3186991214752197
    ],
    [
      0.15981443226337433,
      0.7424703240394592,
      0.09771561622619629
    ],
    [
      0.12116194516420364,
      0.21538744866847992,
      0.663450300693512
    ],
    [
      0.3362554907798767,
      0.18677474558353424,
      0.4769701063632965
    ],
    [
      0.1289244145154953,
      0.7630897760391235,
      0.10798525810241699
    ],
    [
      0.09467753022909164,
      0.896994411945343,
      0.00832779984921217
    ],
    [
      0.28122270107269287,
      0.6848341822624207,
      0.03394331783056259
    ],
    [
      0.05525761842727661,
      0.6978845000267029,
      0.24685823917388916
    ],
    [
      0.0540071502327919,
      0.8916925191879272,
      0.054300129413604736
    ],
    [
      0.17964480817317963,
      0.8138762712478638,
      0.006477870978415012
    ],
    [
      0.2664961516857147,
      0.7159467339515686,
      0.017556117847561836
    ],
    [
      0.12725462019443512,
      0.8675516843795776,
      0.005192562472075224
    ],
    [
      0.15212306380271912,
      0.18973109126091003,
      0.6581457257270813
    ],
    [
      0.5930800437927246,
      0.21098953485488892,
      0.1959301084280014
    ],
    [
      0.16220857203006744,
      0.8295059204101562,
      0.008284852840006351
    ],
    [
      0.617572546005249,
      0.30824315547943115,
      0.0741838663816452
    ],
    [
      0.08962375670671463,
      0.7766109704971313,
      0.13376609981060028
    ]
  ],