{
  "N": 112800,
  "usage": [
    0.22750286757946014,
    0.627072274684906,
    0.14542479813098907
  ],
  "entropy_mean": 0.5739797949790955,
  "entropy_std": 0.26410001516342163,
  "top1_share": [
    0.15124113857746124,
    0.7038297653198242,
    0.14492908120155334
  ],
  "P_expert_given_class": [
    [
      0.23833714425563812,
      0.7411264777183533,
      0.02053709328174591
    ],
    [
      0.05177616328001022,
      0.9287545680999756,
      0.0194694884121418
    ],
    [
      0.23238253593444824,
      0.7472830414772034,
      0.020334195345640182
    ],
    [
      0.03256791830062866,
      0.9659043550491333,
      0.0015276548219844699
    ],
    [
      0.12444183230400085,
      0.49209916591644287,
      0.3834597170352936
    ],
    [
      0.06382393091917038,
      0.9160593748092651,
      0.020117055624723434
    ],
    [
      0.03489380702376366,
      0.8541868925094604,
      0.11091842502355576
    ],
    [
      0.21484382450580597,
      0.7784755229949951,
      0.006680049933493137
    ],
    [
      0.11640843749046326,
      0.8760891556739807,
      0.007501612417399883
    ],
    [
      0.16336388885974884,
      0.8321605324745178,
      0.0044752066023647785
    ],
    [
      0.6329411864280701,
      0.2650776207447052,
      0.10198135673999786
    ],
    [
      0.2021341770887375,
      0.7868887782096863,
      0.010977309197187424
    ],
    [
      0.10926397889852524,
      0.8666461110115051,
      0.02409030869603157
    ],
    [
      0.3900093734264374,
      0.566039502620697,
      0.043950796127319336
    ],
    [
      0.09182257950305939,
      0.8686143159866333,
      0.03956378623843193
    ],
    [
      0.40561196208000183,
      0.5743434429168701,
      0.020044857636094093
    ],
    [
      0.08747847378253937,
      0.9010645747184753,
      0.011456537060439587
    ],
    [
      0.2371784746646881,
      0.1343008279800415,
      0.6285202503204346
    ],
    [
      0.08834723383188248,
      0.8845308423042297,
      0.02712280862033367
    ],
    [
      0.02935904823243618,
      0.9149907231330872,
      0.055651333183050156
    ],
    [
      0.24421001970767975,
      0.11416978389024734,
      0.6416194438934326
    ],
    [
      0.05702858790755272,
      0.8319951295852661,
      0.11097614467144012
    ],
    [
      0.5613807439804077,
      0.059709664434194565,
      0.37890946865081787
    ],
    [
      0.3339140713214874,
      0.15429140627384186,
      0.51179438829422
    ],
    [
      0.23040033876895905,
      0.7502524852752686,
      0.01934712380170822
    ],
    [
      0.6568601727485657,
      0.3245164453983307,
      0.01862228661775589
    ],
    [
      0.29140007495880127,
      0.6923105120658875,
      0.016289012506604195
    ],
    [
      0.6271112561225891,
      0.32265037298202515,
      0.05023910850286484
    ],
    [
      0.03655538707971573,
      0.9554847478866577,
      0.007959368638694286
    ],
    [
      0.18212203681468964,
      0.8086099028587341,
      0.00926846731454134
    ],
    [
      0.10937118530273438,
      0.5295082330703735,
      0.361120343208313
    ],
    [
      0.1947806179523468,
      0.6920368075370789,
      0.11318237334489822
    ],
    [
      0.13483968377113342,
      0.1520697921514511,
      0.7130902409553528
    ],
    [
      0.37023407220840454,
      0.16292791068553925,
      0.4668372571468353
    ],
    [
      0.16739098727703094,
      0.6735479831695557,
      0.15906092524528503
    ],
    [
      0.08156216889619827,
      0.9008978009223938,
      0.01753867417573929
    ],
    [
      0.3509630858898163,
      0.6042265295982361,
      0.044810906052589417
    ],
    [
      0.056025631725788116,
      0.6598888635635376,
      0.284085214138031
    ],
    [
      0.07349853962659836,
      0.8570845723152161,
      0.06941758096218109
    ],
    [
      0.17754173278808594,
      0.8110551834106445,
      0.011403257958590984
    ],
    [
      0.32234206795692444,
      0.6506529450416565,
      0.027005163952708244
    ],
    [
      0.1536272168159485,
      0.8390414118766785,
      0.007330138701945543
    ],
    [
      0.1493183970451355,
      0.13698481023311615,
      0.7136971354484558
    ],
    [
      0.6158872246742249,
      0.15963232517242432,
      0.22448071837425232
    ],
    [
      0.20342972874641418,
      0.7855926156044006,
      0.010977450758218765
    ],
    [
      0.6567891240119934,
      0.25049763917922974,
      0.09271331131458282
    ],
    [
      0.10706435889005661,
      0.6981273293495178,
      0.19480855762958527
    ]
  ],