{
  "N": 112800,
  "usage": [
    0.24713702499866486,
    0.5628268122673035,
    0.1900360882282257
  ],
  "entropy_mean": 0.6130754947662354,
  "entropy_std": 0.24315468966960907,
  "top1_share": [
    0.1701684445142746,
    0.6503191590309143,
    0.1795124113559723
  ],
  "P_expert_given_class": [
    [
      0.2459680438041687,
      0.728396475315094,
      0.02563605271279812
    ],
    [
      0.06741786003112793,
      0.8868202567100525,
      0.04576098918914795
    ],
    [
      0.24450863897800446,
      0.7004649639129639,
      0.055026836693286896
    ],
    [
      0.03329446166753769,
      0.9631496071815491,
      0.003556775161996484
    ],
    [
      0.17169952392578125,
      0.2677711844444275,
      0.5605297088623047
    ],
    [
      0.0543355755507946,
      0.8928111791610718,
      0.052852969616651535
    ],
    [
      0.04142673686146736,
      0.8171998858451843,
      0.14137239754199982
    ],
    [
      0.25903594493865967,
      0.727599561214447,
      0.013363678008317947
    ],
    [
      0.1271876096725464,
      0.8593983054161072,
      0.013414239510893822
    ],
    [
      0.2626824676990509,
      0.7250379920005798,
      0.012279053218662739
    ],
    [
      0.7149307131767273,
      0.15662969648838043,
      0.12843963503837585
    ],
    [
      0.22971703112125397,
      0.755708634853363,
      0.01457430049777031
    ],
    [
      0.15181969106197357,
      0.7819123268127441,
      0.06626821309328079
    ],
    [
      0.39576348662376404,
      0.5614519715309143,
      0.042784687131643295
    ],
    [
      0.09110695868730545,
      0.8461403846740723,
      0.06275259703397751
    ],
    [
      0.4803909361362457,
      0.4824312925338745,
      0.03717777505517006
    ],
    [
      0.15647733211517334,
      0.7967079877853394,
      0.046815045177936554
    ],
    [
      0.21599777042865753,
      0.06918458640575409,
      0.7148179411888123
    ],
    [
      0.11391427367925644,
      0.8416925072669983,
      0.044393740594387054
    ],
    [
      0.026443777605891228,
      0.8994007110595703,
      0.07415556907653809
    ],
    [
      0.2270081788301468,
      0.07590005546808243,
      0.6970914602279663
    ],
    [
      0.06622511148452759,
      0.7954297661781311,
      0.13834445178508759
    ],
    [
      0.4108380973339081,
      0.018684683367609978,
      0.5704776048660278
    ],
    [
      0.33368152379989624,
      0.09677913039922714,
      0.5695394277572632
    ],
    [
      0.23714245855808258,
      0.7366691827774048,
      0.026188621297478676
    ],
    [
      0.7167840600013733,
      0.26090168952941895,
      0.02231467328965664
    ],
    [
      0.408869206905365,
      0.5522482395172119,
      0.03888271003961563
    ],
    [
      0.7026851773262024,
      0.23233634233474731,
      0.06497791409492493
    ],
    [
      0.04080786928534508,
      0.9352403879165649,
      0.023951349779963493
    ],
    [
      0.221368208527565,
      0.7460737824440002,
      0.032557401806116104
    ],
    [
      0.09603151679039001,
      0.4157816171646118,
      0.48818710446357727
    ],
    [
      0.20219391584396362,
      0.620456874370575,
      0.17734922468662262
    ],
    [
      0.1086171492934227,
      0.061915621161460876,
      0.8294675946235657
    ],
    [
      0.32937586307525635,
      0.10417576134204865,
      0.5664480328559875
    ],
    [
      0.22772692143917084,
      0.502135157585144,
      0.2701377868652344
    ],
    [
      0.05691330134868622,
      0.9013928174972534,
      0.04169372096657753
    ],
    [
      0.4577018618583679,
      0.45648691058158875,
      0.08581111580133438
    ],
    [
      0.05953781306743622,
      0.6187224984169006,
      0.32173997163772583
    ],
    [
      0.09631312638521194,
      0.8027089834213257,
      0.10097808390855789
    ],
    [
      0.16688759624958038,
      0.8073416948318481,
      0.025770816951990128
    ],
    [
      0.42508378624916077,
      0.5287246704101562,
      0.04619205370545387
    ],
    [
      0.20306210219860077,
      0.7765191197395325,
      0.020418453961610794
    ],
    [
      0.10052136331796646,
      0.08848925679922104,
      0.8109892010688782
    ],
    [
      0.6048728823661804,
      0.08211605995893478,
      0.3130113482475281
    ],
    [
      0.2648269534111023,
      0.705734133720398,
      0.029438355937600136
    ],
    [
      0.655730664730072,
      0.18156267702579498,
      0.1627066731452942
    ],
    [
      0.11051411926746368,
      0.58842533826828,
      0.30105990171432495
    ]
  ],