{
  "N": 112800,
  "usage": [
    0.27267396450042725,
    0.5027647614479065,
    0.22456125915050507
  ],
  "entropy_mean": 0.6139658093452454,
  "entropy_std": 0.2469121217727661,
  "top1_share": [
    0.2255762368440628,
    0.5681117177009583,
    0.20631206035614014
  ],
  "P_expert_given_class": [
    [
      0.26224640011787415,
      0.7148671746253967,
      0.022887002676725388
    ],
    [
      0.059632815420627594,
      0.8772591948509216,
      0.06310712546110153
    ],
    [
      0.2959498465061188,
      0.6208639740943909,
      0.08318588882684708
    ],
    [
      0.02503928169608116,
      0.9696943163871765,
      0.0052678328938782215
    ],
    [
      0.28212469816207886,
      0.15072037279605865,
      0.5671549439430237
    ],
    [
      0.08266627788543701,
      0.8540351390838623,
      0.06329919397830963
    ],
    [
      0.0369284488260746,
      0.7309906482696533,
      0.2320815473794937
    ],
    [
      0.31204846501350403,
      0.6394415497779846,
      0.048510123044252396
    ],
    [
      0.1288134753704071,
      0.8524569272994995,
      0.018730292096734047
    ],
    [
      0.4994058310985565,
      0.4621153771877289,
      0.03847786411643028
    ],
    [
      0.815036952495575,
      0.0709749311208725,
      0.11398763954639435
    ],
    [
      0.20337335765361786,
      0.7805566191673279,
      0.01607014238834381
    ],
    [
      0.16970497369766235,
      0.7034211158752441,
      0.12687325477600098
    ],
    [
      0.45672088861465454,
      0.5006940960884094,
      0.042583975940942764
    ],
    [
      0.11286543309688568,
      0.8235911130905151,
      0.06354278326034546
    ],
    [
      0.5796796083450317,
      0.3711146116256714,
      0.0492071732878685
    ],
    [
      0.21303819119930267,
      0.6843718886375427,
      0.10258931666612625
    ],
    [
      0.16190136969089508,
      0.0309750996530056,
      0.807123064994812
    ],
    [
      0.09508480131626129,
      0.8462250232696533,
      0.058690063655376434
    ],
    [
      0.03691355511546135,
      0.8943879008293152,
      0.06869848817586899
    ],
    [
      0.19375431537628174,
      0.046966105699539185,
      0.7592806220054626
    ],
    [
      0.05497998371720314,
      0.7853887677192688,
      0.15963125228881836
    ],
    [
      0.28262197971343994,
      0.005209393333643675,
      0.7121691107749939
    ],
    [
      0.32839468121528625,
      0.05066356807947159,
      0.6209419369697571
    ],
    [
      0.2529386281967163,
      0.7243890762329102,
      0.0226726271212101
    ],
    [
      0.8144922852516174,
      0.1718503087759018,
      0.013656921684741974
    ],
    [
      0.5083953738212585,
      0.45215022563934326,
      0.039453525096178055
    ],
    [
      0.7927049994468689,
      0.1350603997707367,
      0.07223469018936157
    ],
    [
      0.0544901005923748,
      0.9228649139404297,
      0.0226451326161623
    ],
    [
      0.39156630635261536,
      0.5726519823074341,
      0.03578159958124161
    ],
    [
      0.06534241884946823,
      0.3360607922077179,
      0.5985965728759766
    ],
    [
      0.1263904720544815,
      0.5554242730140686,
      0.31818538904190063
    ],
    [
      0.07526052743196487,
      0.03383740037679672,
      0.8909022212028503
    ],
    [
      0.24644474685192108,
      0.07809023559093475,
      0.6754633784294128
    ],
    [
      0.2552727460861206,
      0.42047318816185,
      0.32425355911254883
    ],
    [
      0.056440990418195724,
      0.8802891969680786,
      0.06327008455991745
    ],
    [
      0.47615304589271545,
      0.38470280170440674,
      0.1391438990831375
    ],
    [
      0.046723078936338425,
      0.553120493888855,
      0.4001564681529999
    ],
    [
      0.11082906275987625,
      0.8040202856063843,
      0.08515070378780365
    ],
    [
      0.2424442321062088,
      0.7211005091667175,
      0.036455877125263214
    ],
    [
      0.501901388168335,
      0.4299253225326538,
      0.06817303597927094
    ],
    [
      0.28330758213996887,
      0.6772797107696533,
      0.03941274806857109
    ],
    [
      0.08635366708040237,
      0.047983549535274506,
      0.8656638860702515
    ],
    [
      0.566795289516449,
      0.03164123371243477,
      0.401563435792923
    ],
    [
      0.374270498752594,
      0.5711408853530884,
      0.054589226841926575
    ],
    [
      0.6709361672401428,
      0.1404714584350586,
      0.1885913610458374
    ],
    [
      0.127293661236763,
      0.5184345245361328,
      0.3542715311050415
    ]
  ],