{
  "N": 112800,
  "usage": [
    0.24305827915668488,
    0.5832715630531311,
    0.17367015779018402
  ],
  "entropy_mean": 0.614634096622467,
  "entropy_std": 0.24541892111301422,
  "top1_share": [
    0.1646808534860611,
    0.6696720123291016,
    0.16564716398715973
  ],
  "P_expert_given_class": [
    [
      0.26327332854270935,
      0.7122642993927002,
      0.024462444707751274
    ],
    [
      0.06789136677980423,
      0.8976515531539917,
      0.03445709869265556
    ],
    [
      0.24934236705303192,
      0.705199658870697,
      0.04545764625072479
    ],
    [
      0.0347769595682621,
      0.9620876908302307,
      0.003134116530418396
    ],
    [
      0.15953150391578674,
      0.34006962180137634,
      0.5003991723060608
    ],
    [
      0.05506221950054169,
      0.8935916423797607,
      0.05134676769375801
    ],
    [
      0.04194356128573418,
      0.8118547201156616,
      0.1462007462978363
    ],
    [
      0.2545107901096344,
      0.7339704036712646,
      0.011519315652549267
    ],
    [
      0.12965133786201477,
      0.8560559153556824,
      0.014292892068624496
    ],
    [
      0.21281012892723083,
      0.7786800861358643,
      0.008508759550750256
    ],
    [
      0.6875156760215759,
      0.19021089375019073,
      0.12227355688810349
    ],
    [
      0.22672916948795319,
      0.75656658411026,
      0.016704872250556946
    ],
    [
      0.13831013441085815,
      0.8073825836181641,
      0.05430718883872032
    ],
    [
      0.390712708234787,
      0.5658804178237915,
      0.04340726509690285
    ],
    [
      0.07997233420610428,
      0.862867534160614,
      0.057159602642059326
    ],
    [
      0.4280094504356384,
      0.5403984189033508,
      0.03159324824810028
    ],
    [
      0.12802352011203766,
      0.8445348739624023,
      0.02744157798588276
    ],
    [
      0.24809326231479645,
      0.08102897554636002,
      0.6708768606185913
    ],
    [
      0.1071394830942154,
      0.8514442443847656,
      0.04141637310385704
    ],
    [
      0.025623049587011337,
      0.8946632146835327,
      0.07971302419900894
    ],
    [
      0.25413811206817627,
      0.09520498663187027,
      0.6506580114364624
    ],
    [
      0.06675853580236435,
      0.7979795932769775,
      0.13526201248168945
    ],
    [
      0.5050628781318665,
      0.03149959444999695,
      0.46343672275543213
    ],
    [
      0.3380269408226013,
      0.10781682282686234,
      0.5541560053825378
    ],
    [
      0.24711522459983826,
      0.7288875579833984,
      0.023996813222765923
    ],
    [
      0.6771811246871948,
      0.29808011651039124,
      0.024738924577832222
    ],
    [
      0.37512269616127014,
      0.5960955023765564,
      0.028781156986951828
    ],
    [
      0.6473315358161926,
      0.2914680540561676,
      0.06120050325989723
    ],
    [
      0.03979550302028656,
      0.9349969625473022,
      0.025207502767443657
    ],
    [
      0.21148276329040527,
      0.7662506103515625,
      0.02226724661886692
    ],
    [
      0.10698366910219193,
      0.4375588893890381,
      0.45545780658721924
    ],
    [
      0.1943567544221878,
      0.6329360604286194,
      0.17270660400390625
    ],
    [
      0.1233043298125267,
      0.0900033563375473,
      0.7866935133934021
    ],
    [
      0.3530409336090088,
      0.1351490467786789,
      0.5118101239204407
    ],
    [
      0.21466057002544403,
      0.5517524480819702,
      0.23358719050884247
    ],
    [
      0.06407704204320908,
      0.9005669355392456,
      0.03535674512386322
    ],
    [
      0.4374551773071289,
      0.49902796745300293,
      0.06351663917303085
    ],
    [
      0.06796255707740784,
      0.6172422766685486,
      0.3147946000099182
    ],
    [
      0.09304697811603546,
      0.8112099170684814,
      0.09574343264102936
    ],
    [
      0.16157162189483643,
      0.818209707736969,
      0.02021845430135727
    ],
    [
      0.37159597873687744,
      0.589175820350647,
      0.039228446781635284
    ],
    [
      0.18174229562282562,
      0.8049512505531311,
      0.013307590037584305
    ],
    [
      0.12575027346611023,
      0.1149008572101593,
      0.75934898853302
    ],
    [
      0.6232552528381348,
      0.11037682741880417,
      0.2663682699203491
    ],
    [
      0.2420198768377304,
      0.7399831414222717,
      0.017997661605477333
    ],
    [
      0.6487631797790527,
      0.20645643770694733,
      0.14477986097335815
    ],
    [
      0.12321542203426361,
      0.6195794939994812,
      0.25720587372779846
    ]
  ],