{
  "N": 112800,
  "usage": [
    0.2612415850162506,
    0.5214484930038452,
    0.2173098921775818
  ],
  "entropy_mean": 0.6142740845680237,
  "entropy_std": 0.25316837430000305,
  "top1_share": [
    0.20687057077884674,
    0.5902482271194458,
    0.20288120210170746
  ],
  "P_expert_given_class": [
    [
      0.2402229607105255,
      0.7396273016929626,
      0.02014942280948162
    ],
    [
      0.06704363971948624,
      0.8829721808433533,
      0.049982935190200806
    ],
    [
      0.2913825809955597,
      0.6409768462181091,
      0.06764101982116699
    ],
    [
      0.023082727566361427,
      0.9726740717887878,
      0.004243694711476564
    ],
    [
      0.27086690068244934,
      0.17557644844055176,
      0.553557276725769
    ],
    [
      0.05615031719207764,
      0.8860699534416199,
      0.05777876079082489
    ],
    [
      0.03446914628148079,
      0.7563046216964722,
      0.2092263400554657
    ],
    [
      0.3033231496810913,
      0.6583871245384216,
      0.03828965872526169
    ],
    [
      0.11514803767204285,
      0.8630576729774475,
      0.021794026717543602
    ],
    [
      0.4508358836174011,
      0.5149826407432556,
      0.03418099880218506
    ],
    [
      0.774308443069458,
      0.09365097433328629,
      0.13204050064086914
    ],
    [
      0.20031674206256866,
      0.7852754592895508,
      0.014408108778297901
    ],
    [
      0.17780707776546478,
      0.7188094854354858,
      0.10338271409273148
    ],
    [
      0.4110614061355591,
      0.5492282509803772,
      0.03971002250909805
    ],
    [
      0.10217448323965073,
      0.8239383101463318,
      0.07388783991336823
    ],
    [
      0.5690483450889587,
      0.38096940517425537,
      0.049982648342847824
    ],
    [
      0.19797345995903015,
      0.7135207056999207,
      0.08850589394569397
    ],
    [
      0.178725928068161,
      0.04335612431168556,
      0.7779189348220825
    ],
    [
      0.1025146022439003,
      0.8520230054855347,
      0.0454622320830822
    ],
    [
      0.02835041657090187,
      0.9047680497169495,
      0.06688109785318375
    ],
    [
      0.19334615767002106,
      0.05794422701001167,
      0.7487099170684814
    ],
    [
      0.05971384793519974,
      0.7976601719856262,
      0.14262618124485016
    ],
    [
      0.2937149703502655,
      0.010664178989827633,
      0.695621132850647
    ],
    [
      0.31932494044303894,
      0.0762224942445755,
      0.6044538021087646
    ],
    [
      0.22845131158828735,
      0.7504439353942871,
      0.021105002611875534
    ],
    [
      0.7847537994384766,
      0.1979345679283142,
      0.017310159280896187
    ],
    [
      0.47944819927215576,
      0.4723983705043793,
      0.04815318062901497
    ],
    [
      0.7609485387802124,
      0.1761714220046997,
      0.0628804862499237
    ],
    [
      0.036591313779354095,
      0.9440480470657349,
      0.0193601343780756
    ],
    [
      0.313266396522522,
      0.6422174572944641,
      0.0445161871612072
    ],
    [
      0.07071290165185928,
      0.3423502743244171,
      0.5869367718696594
    ],
    [
      0.14236535131931305,
      0.5721622109413147,
      0.28547245264053345
    ],
    [
      0.08621621876955032,
      0.04684050381183624,
      0.8669443726539612
    ],
    [
      0.2392301708459854,
      0.08809787034988403,
      0.6726728081703186
    ],
    [
      0.2354402095079422,
      0.4546768069267273,
      0.3098832666873932
    ],
    [
      0.053114984184503555,
      0.8946487307548523,
      0.05223638936877251
    ],
    [
      0.4617563784122467,
      0.4080711901187897,
      0.13017258048057556
    ],
    [
      0.0487770177423954,
      0.5795307159423828,
      0.37169191241264343
    ],
    [
      0.10600876808166504,
      0.798429548740387,
      0.09556138515472412
    ],
    [
      0.22241663932800293,
      0.742378294467926,
      0.035205818712711334
    ],
    [
      0.5121909379959106,
      0.4231460988521576,
      0.06466278433799744
    ],
    [
      0.26036474108695984,
      0.7032045722007751,
      0.03643106296658516
    ],
    [
      0.08855921030044556,
      0.05811935290694237,
      0.8533208966255188
    ],
    [
      0.5601211786270142,
      0.04526882618665695,
      0.3946095407009125
    ],
    [
      0.35354530811309814,
      0.594316303730011,
      0.052137985825538635
    ],
    [
      0.65107262134552,
      0.15907631814479828,
      0.18985116481781006
    ],
    [
      0.12209504097700119,
      0.5158883929252625,
      0.362017959356308
    ]
  ],