{
  "N": 112800,
  "usage": [
    0.24967630207538605,
    0.547873854637146,
    0.20244982838630676
  ],
  "entropy_mean": 0.6077880263328552,
  "entropy_std": 0.24993793666362762,
  "top1_share": [
    0.17544326186180115,
    0.6336879730224609,
    0.1908687949180603
  ],
  "P_expert_given_class": [
    [
      0.24779488146305084,
      0.7287881374359131,
      0.023417821153998375
    ],
    [
      0.05762835219502449,
      0.9028142094612122,
      0.039557572454214096
    ],
    [
      0.2731228768825531,
      0.6705613136291504,
      0.05631512403488159
    ],
    [
      0.031460896134376526,
      0.964729905128479,
      0.0038097023498266935
    ],
    [
      0.19875860214233398,
      0.22815905511379242,
      0.5730820298194885
    ],
    [
      0.04840343818068504,
      0.9052581787109375,
      0.04633796215057373
    ],
    [
      0.040322769433259964,
      0.788611114025116,
      0.17106640338897705
    ],
    [
      0.2609560787677765,
      0.723006010055542,
      0.016037143766880035
    ],
    [
      0.12295456975698471,
      0.863315224647522,
      0.01372994389384985
    ],
    [
      0.32654139399528503,
      0.6575263738632202,
      0.01593243144452572
    ],
    [
      0.7448198199272156,
      0.11695998907089233,
      0.1382196843624115
    ],
    [
      0.2309950292110443,
      0.7533284425735474,
      0.015676017850637436
    ],
    [
      0.17002786695957184,
      0.7381502389907837,
      0.0918218195438385
    ],
    [
      0.40985530614852905,
      0.5468652844429016,
      0.04327942430973053
    ],
    [
      0.09357590228319168,
      0.8360079526901245,
      0.07041554898023605
    ],
    [
      0.5048211216926575,
      0.45519423484802246,
      0.039984606206417084
    ],
    [
      0.15752553939819336,
      0.7821870446205139,
      0.060288358479738235
    ],
    [
      0.18630394339561462,
      0.056609686464071274,
      0.7570862174034119
    ],
    [
      0.10374356061220169,
      0.8580207228660583,
      0.038236040621995926
    ],
    [
      0.022623872384428978,
      0.9034839868545532,
      0.07389295846223831
    ],
    [
      0.22265398502349854,
      0.06427834182977676,
      0.7130677103996277
    ],
    [
      0.05670476332306862,
      0.8008695244789124,
      0.14242537319660187
    ],
    [
      0.3734375834465027,
      0.011309489607810974,
      0.615253210067749
    ],
    [
      0.33769816160202026,
      0.08135625720024109,
      0.5809457302093506
    ],
    [
      0.24717219173908234,
      0.7297475934028625,
      0.023079782724380493
    ],
    [
      0.7302560210227966,
      0.24749654531478882,
      0.022247547283768654
    ],
    [
      0.40944260358810425,
      0.5466549396514893,
      0.043901510536670685
    ],
    [
      0.7241165041923523,
      0.20789843797683716,
      0.06798484176397324
    ],
    [
      0.035872798413038254,
      0.9457226395606995,
      0.01840391382575035
    ],
    [
      0.23500663042068481,
      0.732342541217804,
      0.03265190124511719
    ],
    [
      0.0912976935505867,
      0.3739610016345978,
      0.5347416400909424
    ],
    [
      0.18418166041374207,
      0.5826902389526367,
      0.23312708735466003
    ],
    [
      0.10293673723936081,
      0.05199144035577774,
      0.8450720310211182
    ],
    [
      0.303260862827301,
      0.09712408483028412,
      0.5996156930923462
    ],
    [
      0.22263073921203613,
      0.47662022709846497,
      0.30074918270111084
    ],
    [
      0.057360291481018066,
      0.8919582366943359,
      0.050681453198194504
    ],
    [
      0.4481372535228729,
      0.45306167006492615,
      0.09880111366510391
    ],
    [
      0.05471324175596237,
      0.5660692453384399,
      0.37921759486198425
    ],
    [
      0.08821960538625717,
      0.8180928826332092,
      0.09368773549795151
    ],
    [
      0.17616719007492065,
      0.7941190600395203,
      0.029713528230786324
    ],
    [
      0.4451180398464203,
      0.5061691999435425,
      0.04871275648474693
    ],
    [
      0.21545208990573883,
      0.7617091536521912,
      0.02283855900168419
    ],
    [
      0.09973814338445663,
      0.06942116469144821,
      0.8308402895927429
    ],
    [
      0.5886101722717285,
      0.05867849290370941,
      0.3527108430862427
    ],
    [
      0.29720333218574524,
      0.6670350432395935,
      0.03576201573014259
    ],
    [
      0.6537246108055115,
      0.16423974931240082,
      0.1820356696844101
    ],
    [
      0.1014353334903717,
      0.5698765516281128,
      0.3286879360675812
    ]
  ],