{
  "N": 112800,
  "usage": [
    0.25626394152641296,
    0.5288390517234802,
    0.21489699184894562
  ],
  "entropy_mean": 0.6175324320793152,
  "entropy_std": 0.24918335676193237,
  "top1_share": [
    0.19011524319648743,
    0.6101950407028198,
    0.19968971610069275
  ],
  "P_expert_given_class": [
    [
      0.23892079293727875,
      0.7399473786354065,
      0.02113133668899536
    ],
    [
      0.05820144712924957,
      0.8776528835296631,
      0.06414429843425751
    ],
    [
      0.26408275961875916,
      0.6653451919555664,
      0.07057194411754608
    ],
    [
      0.026009617373347282,
      0.9700495600700378,
      0.00394087191671133
    ],
    [
      0.2277974933385849,
      0.1909286379814148,
      0.5812736749649048
    ],
    [
      0.05665930360555649,
      0.8996739983558655,
      0.043667517602443695
    ],
    [
      0.04087661951780319,
      0.7713969945907593,
      0.18772633373737335
    ],
    [
      0.3004211187362671,
      0.6683937311172485,
      0.031184960156679153
    ],
    [
      0.12785767018795013,
      0.8566983938217163,
      0.015444310382008553
    ],
    [
      0.4107102155685425,
      0.5613995790481567,
      0.027890242636203766
    ],
    [
      0.7641958594322205,
      0.10639674961566925,
      0.12940673530101776
    ],
    [
      0.22424380481243134,
      0.7634772658348083,
      0.012278612703084946
    ],
    [
      0.17325769364833832,
      0.7163651585578918,
      0.11037725955247879
    ],
    [
      0.39695751667022705,
      0.5530421733856201,
      0.05000077188014984
    ],
    [
      0.09292203187942505,
      0.8334434628486633,
      0.07363447546958923
    ],
    [
      0.5531345009803772,
      0.40002667903900146,
      0.04683838039636612
    ],
    [
      0.1879093497991562,
      0.7367953062057495,
      0.07529564201831818
    ],
    [
      0.1810591071844101,
      0.05165667086839676,
      0.7672830820083618
    ],
    [
      0.0971665009856224,
      0.8470593094825745,
      0.055774446576833725
    ],
    [
      0.026661893352866173,
      0.896165132522583,
      0.07717292755842209
    ],
    [
      0.19000756740570068,
      0.056857988238334656,
      0.7531349062919617
    ],
    [
      0.05354168638586998,
      0.7934790253639221,
      0.1529788225889206
    ],
    [
      0.3357241749763489,
      0.012555617839097977,
      0.6517207622528076
    ],
    [
      0.31591275334358215,
      0.07759563624858856,
      0.6064918637275696
    ],
    [
      0.2292461395263672,
      0.7488189339637756,
      0.021934544667601585
    ],
    [
      0.7651646733283997,
      0.2173652946949005,
      0.017469599843025208
    ],
    [
      0.4351978003978729,
      0.5202042460441589,
      0.04459739848971367
    ],
    [
      0.7471780180931091,
      0.1873636394739151,
      0.06545895338058472
    ],
    [
      0.03647514805197716,
      0.945332944393158,
      0.018192915245890617
    ],
    [
      0.31399181485176086,
      0.6425328850746155,
      0.043475087732076645
    ],
    [
      0.07856761664152145,
      0.3522166907787323,
      0.5692161917686462
    ],
    [
      0.1678266078233719,
      0.5496490001678467,
      0.2825240194797516
    ],
    [
      0.0901702493429184,
      0.051439642906188965,
      0.8583897948265076
    ],
    [
      0.24055221676826477,
      0.07633793354034424,
      0.6831094622612
    ],
    [
      0.22454629838466644,
      0.4580118954181671,
      0.3174419105052948
    ],
    [
      0.04985267296433449,
      0.8956432342529297,
      0.054504260420799255
    ],
    [
      0.445371150970459,
      0.43054890632629395,
      0.12408020347356796
    ],
    [
      0.05323496088385582,
      0.5721144676208496,
      0.37465009093284607
    ],
    [
      0.09886562079191208,
      0.7964944839477539,
      0.1046404168009758
    ],
    [
      0.20274929702281952,
      0.762211799621582,
      0.03503940626978874
    ],
    [
      0.48962631821632385,
      0.45249226689338684,
      0.05788133665919304
    ],
    [
      0.2501889169216156,
      0.7173724174499512,
      0.03243790566921234
    ],
    [
      0.09285521507263184,
      0.07277736067771912,
      0.8343681693077087
    ],
    [
      0.5807352662086487,
      0.06057370454072952,
      0.3586907386779785
    ],
    [
      0.3399099111557007,
      0.6115670204162598,
      0.04852338507771492
    ],
    [
      0.6560027599334717,
      0.15748757123947144,
      0.18651005625724792
    ],
    [
      0.11186506599187851,
      0.5304768681526184,
      0.35765817761421204
    ]
  ],