{
  "N": 112800,
  "usage": [
    0.25775089859962463,
    0.536191999912262,
    0.2060571163892746
  ],
  "entropy_mean": 0.6181864142417908,
  "entropy_std": 0.2459610551595688,
  "top1_share": [
    0.18808510899543762,
    0.6192110180854797,
    0.19270390272140503
  ],
  "P_expert_given_class": [
    [
      0.2526191473007202,
      0.7243019938468933,
      0.02307911589741707
    ],
    [
      0.060117918998003006,
      0.8855205178260803,
      0.05436185747385025
    ],
    [
      0.2802872359752655,
      0.6627594232559204,
      0.05695353075861931
    ],
    [
      0.03242040053009987,
      0.9633473753929138,
      0.004232750739902258
    ],
    [
      0.2096877247095108,
      0.2131059765815735,
      0.5772061944007874
    ],
    [
      0.05178302153944969,
      0.8992659449577332,
      0.04895016551017761
    ],
    [
      0.04274119436740875,
      0.7616828680038452,
      0.1955753117799759
    ],
    [
      0.27688518166542053,
      0.701470673084259,
      0.02164534479379654
    ],
    [
      0.12315262854099274,
      0.8606032133102417,
      0.016244137659668922
    ],
    [
      0.36250707507133484,
      0.6136380434036255,
      0.02385437861084938
    ],
    [
      0.7497358322143555,
      0.11435746401548386,
      0.13590683043003082
    ],
    [
      0.24025945365428925,
      0.7435716986656189,
      0.016168173402547836
    ],
    [
      0.1661604642868042,
      0.744931697845459,
      0.0889076218008995
    ],
    [
      0.4169135093688965,
      0.5397482514381409,
      0.04333863779902458
    ],
    [
      0.08973108977079391,
      0.8377882838249207,
      0.07248013466596603
    ],
    [
      0.5453131198883057,
      0.41194021701812744,
      0.042746976017951965
    ],
    [
      0.1729743778705597,
      0.7551857829093933,
      0.07184062153100967
    ],
    [
      0.19521452486515045,
      0.05776762589812279,
      0.7470177412033081
    ],
    [
      0.10588470101356506,
      0.8461114168167114,
      0.04800385981798172
    ],
    [
      0.02509058453142643,
      0.8953623175621033,
      0.07954700291156769
    ],
    [
      0.21231289207935333,
      0.06554020196199417,
      0.7221477031707764
    ],
    [
      0.05690919980406761,
      0.7917409539222717,
      0.1513499766588211
    ],
    [
      0.3770305812358856,
      0.013841179199516773,
      0.6091286540031433
    ],
    [
      0.3343968987464905,
      0.08564642071723938,
      0.5799563527107239
    ],
    [
      0.24712897837162018,
      0.7295584082603455,
      0.023313136771321297
    ],
    [
      0.7656366229057312,
      0.21597641706466675,
      0.01838831789791584
    ],
    [
      0.4298950731754303,
      0.5256229043006897,
      0.04448268562555313
    ],
    [
      0.7394570708274841,
      0.19747377932071686,
      0.06306962668895721
    ],
    [
      0.034801632165908813,
      0.947356641292572,
      0.017841799184679985
    ],
    [
      0.26419323682785034,
      0.6992390155792236,
      0.036567721515893936
    ],
    [
      0.08410129696130753,
      0.37006643414497375,
      0.5458316802978516
    ],
    [
      0.1764613538980484,
      0.5855928063392639,
      0.237946018576622
    ],
    [
      0.09950853139162064,
      0.051463913172483444,
      0.8490266799926758
    ],
    [
      0.2872838079929352,
      0.09311026334762573,
      0.6196064352989197
    ],
    [
      0.23465731739997864,
      0.45516839623451233,
      0.3101743459701538
    ],
    [
      0.060443129390478134,
      0.8889758586883545,
      0.05058084428310394
    ],
    [
      0.45832088589668274,
      0.43559229373931885,
      0.10608632117509842
    ],
    [
      0.06288368254899979,
      0.5575599074363708,
      0.3795569837093353
    ],
    [
      0.09430868923664093,
      0.7936229705810547,
      0.11206876486539841
    ],
    [
      0.1900031715631485,
      0.7797866463661194,
      0.030209681019186974
    ],
    [
      0.47513774037361145,
      0.4713992178440094,
      0.05346338823437691
    ],
    [
      0.226378932595253,
      0.7445961833000183,
      0.029026057571172714
    ],
    [
      0.10814134031534195,
      0.06737268716096878,
      0.8244853019714355
    ],
    [
      0.596343457698822,
      0.0637567788362503,
      0.3398990035057068
    ],
    [
      0.32114335894584656,
      0.6348468661308289,
      0.04401012137532234
    ],
    [
      0.6718621850013733,
      0.1578977257013321,
      0.1702401489019394
    ],
    [
      0.1060756966471672,
      0.5457612872123718,
      0.34816306829452515
    ]
  ],