{
  "N": 112800,
  "usage": [
    0.271965354681015,
    0.5077794790267944,
    0.22025516629219055
  ],
  "entropy_mean": 0.6116928458213806,
  "entropy_std": 0.2497587949037552,
  "top1_share": [
    0.2266046106815338,
    0.5687500238418579,
    0.20464539527893066
  ],
  "P_expert_given_class": [
    [
      0.2631014883518219,
      0.7149860262870789,
      0.02191251702606678
    ],
    [
      0.07390151917934418,
      0.8659995794296265,
      0.06009843200445175
    ],
    [
      0.3051600754261017,
      0.6163196563720703,
      0.07851976901292801
    ],
    [
      0.021985482424497604,
      0.9733820557594299,
      0.004632383584976196
    ],
    [
      0.2918376624584198,
      0.15618325769901276,
      0.5519792437553406
    ],
    [
      0.06128743663430214,
      0.8785547018051147,
      0.060158126056194305
    ],
    [
      0.032456085085868835,
      0.7505089044570923,
      0.217034250497818
    ],
    [
      0.31589025259017944,
      0.6392620801925659,
      0.044846173375844955
    ],
    [
      0.12232255190610886,
      0.8609752655029297,
      0.016703492030501366
    ],
    [
      0.49874114990234375,
      0.4711688160896301,
      0.030090488493442535
    ],
    [
      0.8050081133842468,
      0.0804576501250267,
      0.11453511565923691
    ],
    [
      0.1992230862379074,
      0.7855083346366882,
      0.015268400311470032
    ],
    [
      0.1809314489364624,
      0.7063301801681519,
      0.1127389669418335
    ],
    [
      0.45133477449417114,
      0.5063266754150391,
      0.042338695377111435
    ],
    [
      0.10671708732843399,
      0.8304990530014038,
      0.06278335303068161
    ],
    [
      0.5896807909011841,
      0.36314857006073,
      0.04716954007744789
    ],
    [
      0.19900749623775482,
      0.7164502143859863,
      0.08454202115535736
    ],
    [
      0.1811978965997696,
      0.038700852543115616,
      0.7801014184951782
    ],
    [
      0.10829715430736542,
      0.8376519680023193,
      0.05405125766992569
    ],
    [
      0.032317839562892914,
      0.8952990770339966,
      0.07238303869962692
    ],
    [
      0.19104912877082825,
      0.05094583332538605,
      0.7580052614212036
    ],
    [
      0.0621725395321846,
      0.7859606146812439,
      0.1518668383359909
    ],
    [
      0.27328935265541077,
      0.007202188018709421,
      0.7195079922676086
    ],
    [
      0.3271157145500183,
      0.05912044644355774,
      0.6137638092041016
    ],
    [
      0.25734564661979675,
      0.7178131341934204,
      0.024841293692588806
    ],
    [
      0.7966786623001099,
      0.18931618332862854,
      0.014005620032548904
    ],
    [
      0.5117084980010986,
      0.4522896707057953,
      0.03600180894136429
    ],
    [
      0.7825271487236023,
      0.14927524328231812,
      0.0681973472237587
    ],
    [
      0.042335394769907,
      0.936951220035553,
      0.020712897181510925
    ],
    [
      0.38418659567832947,
      0.5771087408065796,
      0.03870462253689766
    ],
    [
      0.06642968952655792,
      0.3397342562675476,
      0.5938358306884766
    ],
    [
      0.12547288835048676,
      0.5514060854911804,
      0.3231210708618164
    ],
    [
      0.07788825035095215,
      0.04023059457540512,
      0.8818820118904114
    ],
    [
      0.2471560388803482,
      0.08521267771720886,
      0.6676319241523743
    ],
    [
      0.2599821984767914,
      0.42837029695510864,
      0.3116475045681
    ],
    [
      0.0504695400595665,
      0.8981264233589172,
      0.0514039471745491
    ],
    [
      0.48347654938697815,
      0.38760992884635925,
      0.12891247868537903
    ],
    [
      0.04175466671586037,
      0.5542781949043274,
      0.4039672315120697
    ],
    [
      0.11400332301855087,
      0.7966823577880859,
      0.08931437879800797
    ],
    [
      0.25247371196746826,
      0.7144822478294373,
      0.03304430842399597
    ],
    [
      0.5220317244529724,
      0.41715532541275024,
      0.06081242859363556
    ],
    [
      0.27368903160095215,
      0.6933872699737549,
      0.03292384743690491
    ],
    [
      0.08079133182764053,
      0.04972285404801369,
      0.8694853782653809
    ],
    [
      0.5520308017730713,
      0.038277316838502884,
      0.4096924662590027
    ],
    [
      0.37245914340019226,
      0.5817379355430603,
      0.04580344632267952
    ],
    [
      0.6588379740715027,
      0.15245321393013,
      0.18870903551578522
    ],
    [
      0.1346181482076645,
      0.5230710506439209,
      0.34231120347976685
    ]
  ],