{
  "N": 112800,
  "usage": [
    0.4334663450717926,
    0.23395684361457825,
    0.33257684111595154
  ],
  "entropy_mean": 0.5992330312728882,
  "entropy_std": 0.25482386350631714,
  "top1_share": [
    0.48975178599357605,
    0.1780407875776291,
    0.33220744132995605
  ],
  "P_expert_given_class": [
    [
      0.7063447833061218,
      0.04174603149294853,
      0.251909464597702
    ],
    [
      0.00892049353569746,
      0.9162145853042603,
      0.07486409693956375
    ],
    [
      0.3100164234638214,
      0.6190533638000488,
      0.07093152403831482
    ],
    [
      0.48455125093460083,
      0.4834382236003876,
      0.03201064094901085
    ],
    [
      0.30217355489730835,
      0.09125880897045135,
      0.6065678000450134
    ],
    [
      0.8552364110946655,
      0.06601700186729431,
      0.07874620705842972
    ],
    [
      0.2453584522008896,
      0.24060198664665222,
      0.5140389800071716
    ],
    [
      0.3697832524776459,
      0.5433298349380493,
      0.08688706159591675
    ],
    [
      0.7668447494506836,
      0.16503992676734924,
      0.06811542809009552
    ],
    [
      0.8224936127662659,
      0.08829627931118011,
      0.08920993655920029
    ],
    [
      0.6311917304992676,
      0.0436958409845829,
      0.3251134753227234
    ],
    [
      0.7658042311668396,
      0.13345587253570557,
      0.10073895007371902
    ],
    [
      0.571898877620697,
      0.360485702753067,
      0.06761535257101059
    ],
    [
      0.5666755437850952,
      0.04640137776732445,
      0.3869226276874542
    ],
    [
      0.8486482501029968,
      0.12510669231414795,
      0.02624456025660038
    ],
    [
      0.787018358707428,
      0.1692247837781906,
      0.043757352977991104
    ],
    [
      0.7810322642326355,
      0.1014106273651123,
      0.11755724251270294
    ],
    [
      0.06531138718128204,
      0.036939989775419235,
      0.897748589515686
    ],
    [
      0.08500500023365021,
      0.8310055732727051,
      0.08398976922035217
    ],
    [
      0.44815611839294434,
      0.373960942029953,
      0.17788249254226685
    ],
    [
      0.1874600052833557,
      0.11240484565496445,
      0.7001354694366455
    ],
    [
      0.018101589754223824,
      0.8783593773841858,
      0.10353879630565643
    ],
    [
      0.05589481443166733,
      0.0039230515249073505,
      0.9401828050613403
    ],
    [
      0.041257862001657486,
      0.012807642109692097,
      0.9459348320960999
    ],
    [
      0.6685453057289124,
      0.05621260777115822,
      0.2752420902252197
    ],
    [
      0.7872568368911743,
      0.12276242673397064,
      0.08998147398233414
    ],
    [
      0.773381233215332,
      0.05758637562394142,
      0.16903188824653625
    ],
    [
      0.7579345703125,
      0.15864591300487518,
      0.08341982960700989
    ],
    [
      0.8474993109703064,
      0.11757831275463104,
      0.03492239490151405
    ],
    [
      0.7508364319801331,
      0.1758556216955185,
      0.07330905646085739
    ],
    [
      0.08409973233938217,
      0.14516909420490265,
      0.7707315683364868
    ],
    [
      0.03979898616671562,
      0.14924345910549164,
      0.8109575510025024
    ],
    [
      0.03188706561923027,
      0.01374367717653513,
      0.9543688893318176
    ],
    [
      0.13150714337825775,
      0.19744843244552612,
      0.6710448861122131
    ],
    [
      0.18461023271083832,
      0.18259036540985107,
      0.6327997446060181
    ],
    [
      0.2050422728061676,
      0.7635733485221863,
      0.03138547018170357
    ],
    [
      0.6313245296478271,
      0.18322685360908508,
      0.18544897437095642
    ],
    [
      0.09204430133104324,
      0.15697206556797028,
      0.750983715057373
    ],
    [
      0.1132095605134964,
      0.2846921682357788,
      0.6020985245704651
    ],
    [
      0.6903747320175171,
      0.29117244482040405,
      0.018453160300850868
    ],
    [
      0.6878237724304199,
      0.25388723611831665,
      0.058288708329200745
    ],
    [
      0.7189171314239502,
      0.19913314282894135,
      0.08194886893033981
    ],
    [
      0.04368408024311066,
      0.0972532257437706,
      0.8590636253356934
    ],
    [
      0.09701704233884811,
      0.019824381917715073,
      0.8831592798233032
    ],
    [
      0.6819037795066833,
      0.2336902916431427,
      0.08440573513507843
    ],
    [
      0.4617461562156677,
      0.12723380327224731,
      0.411019891500473
    ],
    [
      0.16729699075222015,
      0.5242977738380432,
      0.30840492248535156
    ]
  ],