{
  "N": 112800,
  "usage": [
    0.43923547863960266,
    0.2265910506248474,
    0.33417344093322754
  ],
  "entropy_mean": 0.6313198804855347,
  "entropy_std": 0.23451194167137146,
  "top1_share": [
    0.5025798082351685,
    0.1654609888792038,
    0.33195921778678894
  ],
  "P_expert_given_class": [
    [
      0.700316309928894,
      0.08460302650928497,
      0.21508166193962097
    ],
    [
      0.014750881120562553,
      0.8543803691864014,
      0.1308685690164566
    ],
    [
      0.3333125412464142,
      0.5791063904762268,
      0.08758111298084259
    ],
    [
      0.5185940265655518,
      0.4499061703681946,
      0.03150029480457306
    ],
    [
      0.24036219716072083,
      0.10808442533016205,
      0.6515536904335022
    ],
    [
      0.8557862639427185,
      0.07188516110181808,
      0.07232821732759476
    ],
    [
      0.2858920395374298,
      0.22047539055347443,
      0.49363312125205994
    ],
    [
      0.43640655279159546,
      0.4928213357925415,
      0.07077152281999588
    ],
    [
      0.8050713539123535,
      0.12443627417087555,
      0.07049281895160675
    ],
    [
      0.8023166656494141,
      0.1132347583770752,
      0.08444853872060776
    ],
    [
      0.6189798712730408,
      0.06318202614784241,
      0.31783875823020935
    ],
    [
      0.7704747319221497,
      0.1269141584634781,
      0.1026114970445633
    ],
    [
      0.5480299592018127,
      0.3769460618495941,
      0.07502374053001404
    ],
    [
      0.6283780336380005,
      0.07247511297464371,
      0.2991477847099304
    ],
    [
      0.828910768032074,
      0.1314735859632492,
      0.03961534798145294
    ],
    [
      0.7702111601829529,
      0.17664536833763123,
      0.053144510835409164
    ],
    [
      0.7395178079605103,
      0.13092365860939026,
      0.12955957651138306
    ],
    [
      0.06492198258638382,
      0.039356641471385956,
      0.8957221508026123
    ],
    [
      0.08907809853553772,
      0.7927650213241577,
      0.1181565374135971
    ],
    [
      0.45349034667015076,
      0.352047860622406,
      0.19446218013763428
    ],
    [
      0.18779100477695465,
      0.08403937518596649,
      0.7281692624092102
    ],
    [
      0.027191657572984695,
      0.813396692276001,
      0.15941199660301208
    ],
    [
      0.0648559033870697,
      0.004916383419185877,
      0.9302269220352173
    ],
    [
      0.050045616924762726,
      0.016292786225676537,
      0.9336612820625305
    ],
    [
      0.6768147945404053,
      0.09291745722293854,
      0.2302679717540741
    ],
    [
      0.7834552526473999,
      0.13620194792747498,
      0.08034224808216095
    ],
    [
      0.7808002233505249,
      0.059570301324129105,
      0.1596291959285736
    ],
    [
      0.7463293075561523,
      0.1485087275505066,
      0.10516231507062912
    ],
    [
      0.8189576864242554,
      0.1398768275976181,
      0.04116542637348175
    ],
    [
      0.770081102848053,
      0.15493671596050262,
      0.0749826654791832
    ],
    [
      0.08322826027870178,
      0.17573519051074982,
      0.7410356402397156
    ],
    [
      0.03318098187446594,
      0.1641702800989151,
      0.8026484847068787
    ],
    [
      0.032300930470228195,
      0.018585285171866417,
      0.9491129517555237
    ],
    [
      0.10326005518436432,
      0.130364328622818,
      0.7663754820823669
    ],
    [
      0.15222613513469696,
      0.1987123042345047,
      0.6490609049797058
    ],
    [
      0.2423744648694992,
      0.717300534248352,
      0.040324002504348755
    ],
    [
      0.6315513253211975,
      0.17616787552833557,
      0.19228067994117737
    ],
    [
      0.14284838736057281,
      0.14854346215724945,
      0.7086089849472046
    ],
    [
      0.14334319531917572,
      0.23288924992084503,
      0.623768150806427
    ],
    [
      0.6622214317321777,
      0.3065604865550995,
      0.031218143180012703
    ],
    [
      0.6599483489990234,
      0.2703281044960022,
      0.06972315162420273
    ],
    [
      0.7313197255134583,
      0.1841503232717514,
      0.08453015983104706
    ],
    [
      0.06900696456432343,
      0.10395051538944244,
      0.8270424008369446
    ],
    [
      0.1480180323123932,
      0.027742844074964523,
      0.8242389559745789
    ],
    [
      0.7033209800720215,
      0.20585936307907104,
      0.09081980586051941
    ],
    [
      0.5051952004432678,
      0.0896579846739769,
      0.40514710545539856
    ],
    [
      0.1896025538444519,
      0.4867396950721741,
      0.32365772128105164
    ]
  ],