{
  "N": 112800,
  "usage": [
    0.43065524101257324,
    0.23798410594463348,
    0.33136069774627686
  ],
  "entropy_mean": 0.5895981788635254,
  "entropy_std": 0.2579428553581238,
  "top1_share": [
    0.4877305030822754,
    0.17988474667072296,
    0.33238476514816284
  ],
  "P_expert_given_class": [
    [
      0.7202179431915283,
      0.04038412868976593,
      0.23939776420593262
    ],
    [
      0.007442228961735964,
      0.915298581123352,
      0.07725914567708969
    ],
    [
      0.3078734576702118,
      0.6358795166015625,
      0.05624762177467346
    ],
    [
      0.5011962652206421,
      0.47815942764282227,
      0.0206442903727293
    ],
    [
      0.3081689774990082,
      0.08891665935516357,
      0.6029149293899536
    ],
    [
      0.8673207759857178,
      0.06616798043251038,
      0.06651154905557632
    ],
    [
      0.24477243423461914,
      0.22850735485553741,
      0.526720404624939
    ],
    [
      0.34940895438194275,
      0.5691415667533875,
      0.08144879341125488
    ],
    [
      0.7556166052818298,
      0.1776171326637268,
      0.06676606833934784
    ],
    [
      0.8137215375900269,
      0.0928054079413414,
      0.09347391128540039
    ],
    [
      0.6262710094451904,
      0.04157346114516258,
      0.3321566879749298
    ],
    [
      0.7676798105239868,
      0.13450409471988678,
      0.09781630337238312
    ],
    [
      0.5555890202522278,
      0.37619999051094055,
      0.0682109147310257
    ],
    [
      0.577346682548523,
      0.03966649994254112,
      0.38298657536506653
    ],
    [
      0.8611695170402527,
      0.1173524335026741,
      0.02147766575217247
    ],
    [
      0.7741675972938538,
      0.17830592393875122,
      0.04752620309591293
    ],
    [
      0.7862735390663147,
      0.09507511556148529,
      0.11865074187517166
    ],
    [
      0.05790785327553749,
      0.03104979544878006,
      0.9110426902770996
    ],
    [
      0.08293735235929489,
      0.8288485407829285,
      0.08821511268615723
    ],
    [
      0.43555235862731934,
      0.39519214630126953,
      0.1692548543214798
    ],
    [
      0.18514129519462585,
      0.10192716121673584,
      0.7129318714141846
    ],
    [
      0.017890824005007744,
      0.8774798512458801,
      0.10462936758995056
    ],
    [
      0.055888447910547256,
      0.004360951948910952,
      0.9397507905960083
    ],
    [
      0.034019146114587784,
      0.012353496626019478,
      0.9536279439926147
    ],
    [
      0.680202305316925,
      0.059038195759058,
      0.26075974106788635
    ],
    [
      0.7914097905158997,
      0.11982569098472595,
      0.08876453340053558
    ],
    [
      0.7879882454872131,
      0.05337445065379143,
      0.158636674284935
    ],
    [
      0.7615218758583069,
      0.16053515672683716,
      0.077943354845047
    ],
    [
      0.8550115823745728,
      0.11548019200563431,
      0.029507415369153023
    ],
    [
      0.7393814921379089,
      0.18523961305618286,
      0.07537925243377686
    ],
    [
      0.07153598219156265,
      0.1443636119365692,
      0.7840994000434875
    ],
    [
      0.031377580016851425,
      0.17711904644966125,
      0.791503369808197
    ],
    [
      0.026405569165945053,
      0.011825629509985447,
      0.9617692828178406
    ],
    [
      0.12804612517356873,
      0.2125970870256424,
      0.6593554615974426
    ],
    [
      0.17759467661380768,
      0.22206805646419525,
      0.6003368496894836
    ],
    [
      0.20035354793071747,
      0.7821050882339478,
      0.01754029281437397
    ],
    [
      0.6409934759140015,
      0.18228699266910553,
      0.17671889066696167
    ],
    [
      0.09348514676094055,
      0.14793084561824799,
      0.7585846185684204
    ],
    [
      0.08903372287750244,
      0.29386550188064575,
      0.6171010732650757
    ],
    [
      0.6759500503540039,
      0.3090023398399353,
      0.015047887340188026
    ],
    [
      0.668272852897644,
      0.2692328691482544,
      0.062493693083524704
    ],
    [
      0.7120983600616455,
      0.20640011131763458,
      0.08150090277194977
    ],
    [
      0.04044466093182564,
      0.08512689918279648,
      0.8744286298751831
    ],
    [
      0.09636855125427246,
      0.028228305280208588,
      0.8754024505615234
    ],
    [
      0.6697717308998108,
      0.24097862839698792,
      0.08925033360719681
    ],
    [
      0.44288432598114014,
      0.13442909717559814,
      0.42268645763397217
    ],
    [
      0.16708794236183167,
      0.5174320340156555,
      0.3154798746109009
    ]
  ],