{
  "N": 112800,
  "usage": [
    0.43318480253219604,
    0.22983765602111816,
    0.3369775414466858
  ],
  "entropy_mean": 0.5941346883773804,
  "entropy_std": 0.25239530205726624,
  "top1_share": [
    0.4884485900402069,
    0.17511524260044098,
    0.3364361822605133
  ],
  "P_expert_given_class": [
    [
      0.6957910060882568,
      0.047694213688373566,
      0.2565145492553711
    ],
    [
      0.008936639875173569,
      0.9126025438308716,
      0.07846088707447052
    ],
    [
      0.3203173577785492,
      0.6127605438232422,
      0.06692159175872803
    ],
    [
      0.48548623919487,
      0.48387396335601807,
      0.0306395310908556
    ],
    [
      0.2891837954521179,
      0.07928530871868134,
      0.6315303444862366
    ],
    [
      0.8495111465454102,
      0.06700362265110016,
      0.08348540961742401
    ],
    [
      0.2535422146320343,
      0.21344248950481415,
      0.5330153703689575
    ],
    [
      0.3730616271495819,
      0.5470072627067566,
      0.07993101328611374
    ],
    [
      0.7610573172569275,
      0.17536841332912445,
      0.06357404589653015
    ],
    [
      0.824099063873291,
      0.08792943507432938,
      0.08797135204076767
    ],
    [
      0.6319043636322021,
      0.03735168278217316,
      0.33074504137039185
    ],
    [
      0.7684782147407532,
      0.13347682356834412,
      0.09804488718509674
    ],
    [
      0.5530237555503845,
      0.38133180141448975,
      0.06564494222402573
    ],
    [
      0.5597906112670898,
      0.04766838252544403,
      0.39254042506217957
    ],
    [
      0.8380534052848816,
      0.13503217697143555,
      0.02691509947180748
    ],
    [
      0.7839658260345459,
      0.1704029142856598,
      0.04563174396753311
    ],
    [
      0.7861692905426025,
      0.09639500081539154,
      0.11743572354316711
    ],
    [
      0.06604974716901779,
      0.02738635055720806,
      0.9065636396408081
    ],
    [
      0.08683964610099792,
      0.8253627419471741,
      0.0877978578209877
    ],
    [
      0.45296764373779297,
      0.3608979880809784,
      0.18613572418689728
    ],
    [
      0.1801491230726242,
      0.10409773141145706,
      0.7157537937164307
    ],
    [
      0.018024027347564697,
      0.8786478638648987,
      0.10332843661308289
    ],
    [
      0.05887095630168915,
      0.003302505472674966,
      0.9378253221511841
    ],
    [
      0.036201026290655136,
      0.011509071104228497,
      0.9522904753684998
    ],
    [
      0.6623273491859436,
      0.061067815870046616,
      0.27660515904426575
    ],
    [
      0.7910950779914856,
      0.11921679228544235,
      0.08968833833932877
    ],
    [
      0.7722277641296387,
      0.05399132892489433,
      0.17378056049346924
    ],
    [
      0.7572426795959473,
      0.1579750031232834,
      0.08478173613548279
    ],
    [
      0.8455691337585449,
      0.11849749088287354,
      0.03593340516090393
    ],
    [
      0.7617886066436768,
      0.16554278135299683,
      0.07266920059919357
    ],
    [
      0.07389794290065765,
      0.13464470207691193,
      0.7914562821388245
    ],
    [
      0.033782005310058594,
      0.14198704063892365,
      0.8242314457893372
    ],
    [
      0.028292216360569,
      0.011403081007301807,
      0.9603054523468018
    ],
    [
      0.12706482410430908,
      0.18624769151210785,
      0.6866862773895264
    ],
    [
      0.17123331129550934,
      0.17625857889652252,
      0.6525071263313293
    ],
    [
      0.2215282917022705,
      0.7460720539093018,
      0.03239888325333595
    ],
    [
      0.6358578205108643,
      0.17967167496681213,
      0.18447105586528778
    ],
    [
      0.09535328298807144,
      0.13891558349132538,
      0.7657315135002136
    ],
    [
      0.10833482444286346,
      0.27341681718826294,
      0.6182481050491333
    ],
    [
      0.6875983476638794,
      0.2925216555595398,
      0.01988026313483715
    ],
    [
      0.685828447341919,
      0.25279754400253296,
      0.06137321516871452
    ],
    [
      0.7225108742713928,
      0.1975841224193573,
      0.0799042284488678
    ],
    [
      0.04238578677177429,
      0.09283960610628128,
      0.8647741675376892
    ],
    [
      0.09644745290279388,
      0.018928350880742073,
      0.8846226930618286
    ],
    [
      0.6902238130569458,
      0.22413736581802368,
      0.08563944697380066
    ],
    [
      0.4938725233078003,
      0.11630558222532272,
      0.38982173800468445
    ],
    [
      0.17375196516513824,
      0.502514123916626,
      0.32373422384262085
    ]
  ],