{
  "N": 112800,
  "usage": [
    0.43424680829048157,
    0.2287866771221161,
    0.33696651458740234
  ],
  "entropy_mean": 0.6098084449768066,
  "entropy_std": 0.24276761710643768,
  "top1_share": [
    0.4914184510707855,
    0.1711968034505844,
    0.33738476037979126
  ],
  "P_expert_given_class": [
    [
      0.7009968757629395,
      0.05590363219380379,
      0.24309997260570526
    ],
    [
      0.010700535029172897,
      0.8937664031982422,
      0.09553255885839462
    ],
    [
      0.3121708035469055,
      0.6103610396385193,
      0.07746824622154236
    ],
    [
      0.4952635169029236,
      0.4714955687522888,
      0.03324015066027641
    ],
    [
      0.27294299006462097,
      0.09542334824800491,
      0.6316338777542114
    ],
    [
      0.8382474780082703,
      0.06930442899465561,
      0.09244821220636368
    ],
    [
      0.24698379635810852,
      0.22157244384288788,
      0.5314430594444275
    ],
    [
      0.38639944791793823,
      0.5324083566665649,
      0.08119189739227295
    ],
    [
      0.7758298516273499,
      0.15806400775909424,
      0.0661059021949768
    ],
    [
      0.8106359839439392,
      0.09350303560495377,
      0.09586140513420105
    ],
    [
      0.614047110080719,
      0.0393596850335598,
      0.34659311175346375
    ],
    [
      0.7766954302787781,
      0.12215256690979004,
      0.10115229338407516
    ],
    [
      0.5575039982795715,
      0.3684341609477997,
      0.07406184822320938
    ],
    [
      0.5572376847267151,
      0.05443081632256508,
      0.388332337141037
    ],
    [
      0.8356247544288635,
      0.12794652581214905,
      0.03642871603369713
    ],
    [
      0.7877496480941772,
      0.16243401169776917,
      0.049816157668828964
    ],
    [
      0.776670515537262,
      0.09933362901210785,
      0.12399464845657349
    ],
    [
      0.06864955276250839,
      0.03309673070907593,
      0.8982549905776978
    ],
    [
      0.08668289333581924,
      0.8137413859367371,
      0.09957579523324966
    ],
    [
      0.4485040307044983,
      0.3628768026828766,
      0.18861962854862213
    ],
    [
      0.18606242537498474,
      0.09073527902364731,
      0.7232028245925903
    ],
    [
      0.021084900945425034,
      0.8508580327033997,
      0.12805688381195068
    ],
    [
      0.06760135293006897,
      0.00392586225643754,
      0.9284725189208984
    ],
    [
      0.042592234909534454,
      0.013073017820715904,
      0.9443343281745911
    ],
    [
      0.6773614287376404,
      0.06598905473947525,
      0.25664883852005005
    ],
    [
      0.7995195984840393,
      0.11194717139005661,
      0.08853389322757721
    ],
    [
      0.7805116176605225,
      0.058407992124557495,
      0.16107963025569916
    ],
    [
      0.7711881399154663,
      0.13458935916423798,
      0.09422346204519272
    ],
    [
      0.8403342962265015,
      0.12194392830133438,
      0.03772124648094177
    ],
    [
      0.7663475871086121,
      0.15057143568992615,
      0.08308028429746628
    ],
    [
      0.08269082754850388,
      0.16557978093624115,
      0.7517292499542236
    ],
    [
      0.02932376228272915,
      0.18010833859443665,
      0.7905681133270264
    ],
    [
      0.03443809226155281,
      0.01683851331472397,
      0.9487239718437195
    ],
    [
      0.119074247777462,
      0.1946077048778534,
      0.6863178014755249
    ],
    [
      0.15671998262405396,
      0.20577767491340637,
      0.6375023722648621
    ],
    [
      0.213697150349617,
      0.7486459612846375,
      0.03765641525387764
    ],
    [
      0.6420313715934753,
      0.165074422955513,
      0.19289442896842957
    ],
    [
      0.09797878563404083,
      0.15103447437286377,
      0.7509857416152954
    ],
    [
      0.10296524316072464,
      0.26966971158981323,
      0.6273653507232666
    ],
    [
      0.6850051283836365,
      0.2911509871482849,
      0.023843692615628242
    ],
    [
      0.6893580555915833,
      0.2468290477991104,
      0.0638137012720108
    ],
    [
      0.71533203125,
      0.19535280764102936,
      0.08931531012058258
    ],
    [
      0.04916854202747345,
      0.09453417360782623,
      0.8562987446784973
    ],
    [
      0.11762788146734238,
      0.02091185562312603,
      0.8614598512649536
    ],
    [
      0.6832333207130432,
      0.22096428275108337,
      0.09580231457948685
    ],
    [
      0.5021371245384216,
      0.10186130553483963,
      0.3960016369819641
    ],
    [
      0.1766781061887741,
      0.4963807761669159,
      0.3269414007663727
    ]
  ],