{
  "N": 112800,
  "usage": [
    0.5382683873176575,
    0.16128143668174744,
    0.3004501760005951
  ],
  "entropy_mean": 0.5115735530853271,
  "entropy_std": 0.2573678195476532,
  "top1_share": [
    0.5808421969413757,
    0.11222517490386963,
    0.30693262815475464
  ],
  "P_expert_given_class": [
    [
      0.845373272895813,
      0.06573405861854553,
      0.08889323472976685
    ],
    [
      0.02607339434325695,
      0.7358254790306091,
      0.23810087144374847
    ],
    [
      0.5419678688049316,
      0.40619608759880066,
      0.05183545500040054
    ],
    [
      0.6533184051513672,
      0.3222437798976898,
      0.024438194930553436
    ],
    [
      0.21632122993469238,
      0.09540178626775742,
      0.6882771849632263
    ],
    [
      0.9424199461936951,
      0.04308648779988289,
      0.014493608847260475
    ],
    [
      0.24549326300621033,
      0.33207762241363525,
      0.42242908477783203
    ],
    [
      0.7365057468414307,
      0.22735249996185303,
      0.03614269196987152
    ],
    [
      0.9139222502708435,
      0.05608353391289711,
      0.02999449148774147
    ],
    [
      0.8976424336433411,
      0.07349098473787308,
      0.028866643086075783
    ],
    [
      0.7194710969924927,
      0.044652704149484634,
      0.23587648570537567
    ],
    [
      0.901900053024292,
      0.06124816834926605,
      0.03685180842876434
    ],
    [
      0.7472512722015381,
      0.19310469925403595,
      0.05964302644133568
    ],
    [
      0.8388514518737793,
      0.040987417101860046,
      0.12016171962022781
    ],
    [
      0.9041233062744141,
      0.061324477195739746,
      0.03455253317952156
    ],
    [
      0.8823218941688538,
      0.07654976099729538,
      0.04112812504172325
    ],
    [
      0.7768499255180359,
      0.1534101516008377,
      0.06973950564861298
    ],
    [
      0.10593591630458832,
      0.02676626294851303,
      0.8672972321510315
    ],
    [
      0.11717738956212997,
      0.6725621223449707,
      0.21026062965393066
    ],
    [
      0.5072641968727112,
      0.28420379757881165,
      0.20853108167648315
    ],
    [
      0.1962343007326126,
      0.02650459297001362,
      0.7772613167762756
    ],
    [
      0.03810916468501091,
      0.6891574859619141,
      0.2727339565753937
    ],
    [
      0.33239656686782837,
      0.013139900751411915,
      0.6544637680053711
    ],
    [
      0.1308799535036087,
      0.011102000251412392,
      0.8580183982849121
    ],
    [
      0.8433785438537598,
      0.06855352222919464,
      0.08806906640529633
    ],
    [
      0.902849555015564,
      0.06242424622178078,
      0.034725699573755264
    ],
    [
      0.8939135670661926,
      0.05949898436665535,
      0.046587418764829636
    ],
    [
      0.8846360445022583,
      0.048297904431819916,
      0.06706538796424866
    ],
    [
      0.9007785320281982,
      0.07848020642995834,
      0.020741110667586327
    ],
    [
      0.8329153060913086,
      0.13647933304309845,
      0.030604543164372444
    ],
    [
      0.08760882169008255,
      0.1257365643978119,
      0.7866538763046265
    ],
    [
      0.04621681198477745,
      0.09959699213504791,
      0.8541857004165649
    ],
    [
      0.05796980485320091,
      0.022008027881383896,
      0.920021653175354
    ],
    [
      0.10018040239810944,
      0.028531834483146667,
      0.871288537979126
    ],
    [
      0.11068398505449295,
      0.10141552239656448,
      0.7879002094268799
    ],
    [
      0.4324966371059418,
      0.5333696007728577,
      0.03413304314017296
    ],
    [
      0.7521648406982422,
      0.12702462077140808,
      0.12081081420183182
    ],
    [
      0.17381097376346588,
      0.1150016114115715,
      0.711187481880188
    ],
    [
      0.23853597044944763,
      0.18863147497177124,
      0.5728327035903931
    ],
    [
      0.7495868802070618,
      0.2195970118045807,
      0.03081747703254223
    ],
    [
      0.8323720097541809,
      0.10867181420326233,
      0.058956634253263474
    ],
    [
      0.8499332666397095,
      0.11248523741960526,
      0.037581950426101685
    ],
    [
      0.08861951529979706,
      0.06039969623088837,
      0.8509809970855713
    ],
    [
      0.5011642575263977,
      0.03926708176732063,
      0.45956990122795105
    ],
    [
      0.8581390380859375,
      0.10236284881830215,
      0.03949735313653946
    ],
    [
      0.6515991687774658,
      0.11061520874500275,
      0.23778551816940308
    ],
    [
      0.2912563383579254,
      0.319571852684021,
      0.38917210698127747
    ]
  ],