{
  "N": 112800,
  "usage": [
    0.4397973120212555,
    0.22512125968933105,
    0.3350813686847687
  ],
  "entropy_mean": 0.6313550472259521,
  "entropy_std": 0.22964343428611755,
  "top1_share": [
    0.5087411403656006,
    0.1606471687555313,
    0.3306117057800293
  ],
  "P_expert_given_class": [
    [
      0.6754133105278015,
      0.09198754280805588,
      0.2325984239578247
    ],
    [
      0.015891263261437416,
      0.8523529767990112,
      0.13175641000270844
    ],
    [
      0.3366260528564453,
      0.5750874876976013,
      0.08828672766685486
    ],
    [
      0.530500590801239,
      0.434303343296051,
      0.03519614413380623
    ],
    [
      0.23221349716186523,
      0.11262305080890656,
      0.6551635265350342
    ],
    [
      0.8580934405326843,
      0.06734390556812286,
      0.07456213980913162
    ],
    [
      0.2708917260169983,
      0.21225452423095703,
      0.5168538689613342
    ],
    [
      0.4698297083377838,
      0.4689164161682129,
      0.06125413998961449
    ],
    [
      0.7939457893371582,
      0.12278380244970322,
      0.08327069878578186
    ],
    [
      0.7887813448905945,
      0.1293858289718628,
      0.08183278888463974
    ],
    [
      0.6410926580429077,
      0.07067988067865372,
      0.2882271707057953
    ],
    [
      0.7807945013046265,
      0.12217804044485092,
      0.09702669829130173
    ],
    [
      0.5127333402633667,
      0.4101056456565857,
      0.07716115564107895
    ],
    [
      0.6636571884155273,
      0.07609265297651291,
      0.2602497935295105
    ],
    [
      0.8179794549942017,
      0.14034387469291687,
      0.04167680814862251
    ],
    [
      0.7763775587081909,
      0.17102719843387604,
      0.052595533430576324
    ],
    [
      0.7343956232070923,
      0.13778196275234222,
      0.127822145819664
    ],
    [
      0.06389689445495605,
      0.042973823845386505,
      0.8931294679641724
    ],
    [
      0.09269160777330399,
      0.7843407988548279,
      0.12296678125858307
    ],
    [
      0.45396971702575684,
      0.33472883701324463,
      0.21130098402500153
    ],
    [
      0.17184774577617645,
      0.08402660489082336,
      0.7441262602806091
    ],
    [
      0.026147043332457542,
      0.8124464154243469,
      0.1614067703485489
    ],
    [
      0.08080609142780304,
      0.006221866700798273,
      0.9129709601402283
    ],
    [
      0.05801296979188919,
      0.01794344373047352,
      0.9240426421165466
    ],
    [
      0.6516581177711487,
      0.09662507474422455,
      0.2517171800136566
    ],
    [
      0.7969898581504822,
      0.12657558917999268,
      0.07643480598926544
    ],
    [
      0.7864704132080078,
      0.06164921447634697,
      0.15187972784042358
    ],
    [
      0.7614650130271912,
      0.1464628279209137,
      0.09207112342119217
    ],
    [
      0.7999733686447144,
      0.14845728874206543,
      0.05156893655657768
    ],
    [
      0.7723534107208252,
      0.16431735455989838,
      0.06332945823669434
    ],
    [
      0.07676438987255096,
      0.15637359023094177,
      0.766862154006958
    ],
    [
      0.03126460686326027,
      0.13494069874286652,
      0.8337955474853516
    ],
    [
      0.029433786869049072,
      0.01956965960562229,
      0.9509962201118469
    ],
    [
      0.08651193231344223,
      0.11147765815258026,
      0.8020108342170715
    ],
    [
      0.1331785023212433,
      0.17867521941661835,
      0.6881465315818787
    ],
    [
      0.256602942943573,
      0.7053173184394836,
      0.03807970508933067
    ],
    [
      0.6314336657524109,
      0.18280059099197388,
      0.18576544523239136
    ],
    [
      0.1413087248802185,
      0.13671980798244476,
      0.7219715118408203
    ],
    [
      0.153316468000412,
      0.22723910212516785,
      0.6194442510604858
    ],
    [
      0.6360776424407959,
      0.32638758420944214,
      0.037534333765506744
    ],
    [
      0.6656603217124939,
      0.26404672861099243,
      0.07029236108064651
    ],
    [
      0.7254248261451721,
      0.1871894896030426,
      0.0873858779668808
    ],
    [
      0.06832601875066757,
      0.10886352509260178,
      0.8228102326393127
    ],
    [
      0.18670563399791718,
      0.03009796515107155,
      0.783195972442627
    ],
    [
      0.7041276693344116,
      0.20511724054813385,
      0.09075547754764557
    ],
    [
      0.5340120792388916,
      0.09278785437345505,
      0.3732004165649414
    ],
    [
      0.1948239505290985,
      0.4910764992237091,
      0.31409934163093567
    ]
  ],