{
  "N": 112800,
  "usage": [
    0.4451460540294647,
    0.22198297083377838,
    0.3328709602355957
  ],
  "entropy_mean": 0.6260726451873779,
  "entropy_std": 0.23038923740386963,
  "top1_share": [
    0.510390043258667,
    0.16046985983848572,
    0.3291400671005249
  ],
  "P_expert_given_class": [
    [
      0.6900895833969116,
      0.09327561408281326,
      0.2166355848312378
    ],
    [
      0.01683984510600567,
      0.8284786939620972,
      0.15468168258666992
    ],
    [
      0.33490610122680664,
      0.5810374021530151,
      0.08405694365501404
    ],
    [
      0.5419968366622925,
      0.4252665340900421,
      0.03273729607462883
    ],
    [
      0.22023384273052216,
      0.10676261782646179,
      0.6730036735534668
    ],
    [
      0.8697887063026428,
      0.06556450575590134,
      0.06464643776416779
    ],
    [
      0.27049019932746887,
      0.23510389029979706,
      0.4944056570529938
    ],
    [
      0.49384644627571106,
      0.44496336579322815,
      0.06119144335389137
    ],
    [
      0.803604245185852,
      0.11622373014688492,
      0.08017203956842422
    ],
    [
      0.8096014857292175,
      0.12334093451499939,
      0.06705759465694427
    ],
    [
      0.645126223564148,
      0.07174229621887207,
      0.2831313908100128
    ],
    [
      0.7918838858604431,
      0.11589875817298889,
      0.09221737086772919
    ],
    [
      0.4916568398475647,
      0.42129725217819214,
      0.08704540133476257
    ],
    [
      0.6939300894737244,
      0.07536899298429489,
      0.23070091009140015
    ],
    [
      0.813287079334259,
      0.14116695523262024,
      0.04554549604654312
    ],
    [
      0.7812401652336121,
      0.1694975346326828,
      0.04926183819770813
    ],
    [
      0.7291567325592041,
      0.14966344833374023,
      0.12118060141801834
    ],
    [
      0.0688706710934639,
      0.038981854915618896,
      0.8921482563018799
    ],
    [
      0.09328333288431168,
      0.773178219795227,
      0.13353851437568665
    ],
    [
      0.46252015233039856,
      0.32485073804855347,
      0.21262849867343903
    ],
    [
      0.1763114184141159,
      0.07403717190027237,
      0.7496512532234192
    ],
    [
      0.02710428647696972,
      0.7939489483833313,
      0.17894771695137024
    ],
    [
      0.08121766149997711,
      0.005880606360733509,
      0.9129009246826172
    ],
    [
      0.06674985587596893,
      0.016087215393781662,
      0.9171614646911621
    ],
    [
      0.6684927344322205,
      0.09677412360906601,
      0.2347324639558792
    ],
    [
      0.8074632287025452,
      0.12142926454544067,
      0.07110710442066193
    ],
    [
      0.8048786520957947,
      0.060741912573575974,
      0.134379580616951
    ],
    [
      0.7696951031684875,
      0.14024171233177185,
      0.09006261080503464
    ],
    [
      0.7994930148124695,
      0.14875641465187073,
      0.05175090953707695
    ],
    [
      0.7781934142112732,
      0.16168342530727386,
      0.06012308597564697
    ],
    [
      0.08437158912420273,
      0.1518159806728363,
      0.763812780380249
    ],
    [
      0.03808392584323883,
      0.12118145078420639,
      0.8407340049743652
    ],
    [
      0.03402332589030266,
      0.019220096990466118,
      0.9467563629150391
    ],
    [
      0.09011812508106232,
      0.08503168821334839,
      0.8248507976531982
    ],
    [
      0.1338510364294052,
      0.15812604129314423,
      0.7080230116844177
    ],
    [
      0.2619079351425171,
      0.7031615376472473,
      0.03493081033229828
    ],
    [
      0.6273328065872192,
      0.19147396087646484,
      0.18119223415851593
    ],
    [
      0.15750735998153687,
      0.13734567165374756,
      0.7051458954811096
    ],
    [
      0.18621963262557983,
      0.23154860734939575,
      0.5822327136993408
    ],
    [
      0.6036210656166077,
      0.35711073875427246,
      0.039267975836992264
    ],
    [
      0.675102174282074,
      0.2582283020019531,
      0.06667020171880722
    ],
    [
      0.7376641035079956,
      0.18105052411556244,
      0.08128495514392853
    ],
    [
      0.07737685739994049,
      0.1077485904097557,
      0.8148742914199829
    ],
    [
      0.18256592750549316,
      0.027945315465331078,
      0.7894884347915649
    ],
    [
      0.7201534509658813,
      0.19943071901798248,
      0.08041609078645706
    ],
    [
      0.5063099265098572,
      0.09399351477622986,
      0.39969658851623535
    ],
    [
      0.2037033587694168,
      0.4875450134277344,
      0.30875107645988464
    ]
  ],