{
  "N": 112800,
  "usage": [
    0.510652482509613,
    0.17312641441822052,
    0.31622108817100525
  ],
  "entropy_mean": 0.5583588480949402,
  "entropy_std": 0.24796369671821594,
  "top1_share": [
    0.5685461163520813,
    0.11699467897415161,
    0.3144592344760895
  ],
  "P_expert_given_class": [
    [
      0.7993393540382385,
      0.07273923605680466,
      0.12792174518108368
    ],
    [
      0.024251721799373627,
      0.7190197706222534,
      0.2567283511161804
    ],
    [
      0.48593801259994507,
      0.4574333727359772,
      0.0566287487745285
    ],
    [
      0.6322803497314453,
      0.33822396397590637,
      0.02949485369026661
    ],
    [
      0.23465001583099365,
      0.10449361801147461,
      0.6608558893203735
    ],
    [
      0.9348602294921875,
      0.03961436077952385,
      0.025524506345391273
    ],
    [
      0.24226585030555725,
      0.28664302825927734,
      0.47109076380729675
    ],
    [
      0.6919641494750977,
      0.26055631041526794,
      0.04747937619686127
    ],
    [
      0.8930624127388,
      0.05908212065696716,
      0.04785590246319771
    ],
    [
      0.8659871220588684,
      0.08828886598348618,
      0.04572347179055214
    ],
    [
      0.686534583568573,
      0.05592246353626251,
      0.25754228234291077
    ],
    [
      0.8807436227798462,
      0.06615321338176727,
      0.0531032457947731
    ],
    [
      0.6505762934684753,
      0.27308401465415955,
      0.0763389840722084
    ],
    [
      0.8077749609947205,
      0.04088021069765091,
      0.15134559571743011
    ],
    [
      0.873333752155304,
      0.0834876149892807,
      0.04317917302250862
    ],
    [
      0.8490825891494751,
      0.10918748378753662,
      0.04173018038272858
    ],
    [
      0.7403690814971924,
      0.18009814620018005,
      0.07953261584043503
    ],
    [
      0.0916052982211113,
      0.03393033146858215,
      0.8744643330574036
    ],
    [
      0.11069619655609131,
      0.6656364798545837,
      0.22366686165332794
    ],
    [
      0.5019415020942688,
      0.2646926939487457,
      0.2333659678697586
    ],
    [
      0.19146385788917542,
      0.03363480418920517,
      0.7749007940292358
    ],
    [
      0.03535548597574234,
      0.6848049163818359,
      0.27984046936035156
    ],
    [
      0.2010563760995865,
      0.008911216631531715,
      0.7900325655937195
    ],
    [
      0.10678879916667938,
      0.01179884746670723,
      0.881411612033844
    ],
    [
      0.7916966080665588,
      0.07356790453195572,
      0.13473471999168396
    ],
    [
      0.882394015789032,
      0.07449013739824295,
      0.043116021901369095
    ],
    [
      0.8657730221748352,
      0.06644337624311447,
      0.06778452545404434
    ],
    [
      0.8554911017417908,
      0.07155347615480423,
      0.07295555621385574
    ],
    [
      0.8850812911987305,
      0.08375738561153412,
      0.031161010265350342
    ],
    [
      0.806198000907898,
      0.1504031866788864,
      0.04339906573295593
    ],
    [
      0.08826896548271179,
      0.1299663633108139,
      0.7817652821540833
    ],
    [
      0.04152004420757294,
      0.08679261058568954,
      0.8716881275177002
    ],
    [
      0.053479429334402084,
      0.017431752756237984,
      0.9290886521339417
    ],
    [
      0.08700128644704819,
      0.030206991359591484,
      0.8827922344207764
    ],
    [
      0.1210642009973526,
      0.09363848716020584,
      0.7852970361709595
    ],
    [
      0.4073943495750427,
      0.5500009059906006,
      0.04260494187474251
    ],
    [
      0.7108305096626282,
      0.15862876176834106,
      0.13054019212722778
    ],
    [
      0.16477003693580627,
      0.10352546721696854,
      0.7317039370536804
    ],
    [
      0.2403029054403305,
      0.2365371435880661,
      0.5231595635414124
    ],
    [
      0.6790457963943481,
      0.27870550751686096,
      0.04224739223718643
    ],
    [
      0.7811764478683472,
      0.15877573192119598,
      0.060047175735235214
    ],
    [
      0.8163933753967285,
      0.13169653713703156,
      0.05190999060869217
    ],
    [
      0.08808410167694092,
      0.07553031295537949,
      0.8363860845565796
    ],
    [
      0.4056495130062103,
      0.030818812549114227,
      0.5635322332382202
    ],
    [
      0.8207774758338928,
      0.12476526945829391,
      0.05445661395788193
    ],
    [
      0.6269747018814087,
      0.08955316245555878,
      0.2834721505641937
    ],
    [
      0.24937330186367035,
      0.3818371593952179,
      0.36879053711891174
    ]
  ],