{
  "N": 112800,
  "usage": [
    0.48161640763282776,
    0.19259153306484222,
    0.3257920444011688
  ],
  "entropy_mean": 0.5931599140167236,
  "entropy_std": 0.24366474151611328,
  "top1_share": [
    0.5466046333312988,
    0.13299645483493805,
    0.3203989267349243
  ],
  "P_expert_given_class": [
    [
      0.7443631887435913,
      0.08134276419878006,
      0.1742946356534958
    ],
    [
      0.019628632813692093,
      0.7645139694213867,
      0.21585744619369507
    ],
    [
      0.42695897817611694,
      0.506516695022583,
      0.06652390956878662
    ],
    [
      0.5845087170600891,
      0.38123729825019836,
      0.034253817051649094
    ],
    [
      0.2464618980884552,
      0.12121317535638809,
      0.6323249340057373
    ],
    [
      0.9108867645263672,
      0.046852316707372665,
      0.04226106405258179
    ],
    [
      0.24527059495449066,
      0.2705862820148468,
      0.48414286971092224
    ],
    [
      0.6104496717453003,
      0.33072710037231445,
      0.05882379040122032
    ],
    [
      0.8660935759544373,
      0.07381891459226608,
      0.060086868703365326
    ],
    [
      0.8473383784294128,
      0.09719831496477127,
      0.05546332150697708
    ],
    [
      0.668209969997406,
      0.06661318242549896,
      0.26517683267593384
    ],
    [
      0.8561805486679077,
      0.07598710060119629,
      0.06783328950405121
    ],
    [
      0.5598358511924744,
      0.3422810733318329,
      0.09788337349891663
    ],
    [
      0.7786651253700256,
      0.0465824194252491,
      0.17475228011608124
    ],
    [
      0.8416537642478943,
      0.10202185064554214,
      0.0563238151371479
    ],
    [
      0.820231556892395,
      0.1329917460680008,
      0.046776529401540756
    ],
    [
      0.720899760723114,
      0.18045365810394287,
      0.09864617139101028
    ],
    [
      0.0894811600446701,
      0.042259909212589264,
      0.8682594895362854
    ],
    [
      0.10447990149259567,
      0.7150502800941467,
      0.18047042191028595
    ],
    [
      0.4872152805328369,
      0.27873432636260986,
      0.2340502142906189
    ],
    [
      0.16705742478370667,
      0.045811403542757034,
      0.787132203578949
    ],
    [
      0.03267802298069,
      0.7342838048934937,
      0.23303790390491486
    ],
    [
      0.12456438690423965,
      0.007685352116823196,
      0.8677509427070618
    ],
    [
      0.08232331275939941,
      0.013921909034252167,
      0.9037538766860962
    ],
    [
      0.7263799905776978,
      0.08255191892385483,
      0.1910679191350937
    ],
    [
      0.8596389889717102,
      0.08672955632209778,
      0.05363057926297188
    ],
    [
      0.8400676846504211,
      0.06538670510053635,
      0.09454543143510818
    ],
    [
      0.8204472064971924,
      0.09394292533397675,
      0.08560987561941147
    ],
    [
      0.8472499847412109,
      0.10717365145683289,
      0.04557652398943901
    ],
    [
      0.7849727272987366,
      0.16060097515583038,
      0.05442652851343155
    ],
    [
      0.09001550078392029,
      0.14039993286132812,
      0.7695841193199158
    ],
    [
      0.03768401965498924,
      0.09430626779794693,
      0.8680095672607422
    ],
    [
      0.04506469890475273,
      0.01849665306508541,
      0.9364386200904846
    ],
    [
      0.0742582157254219,
      0.04094001650810242,
      0.8848025798797607
    ],
    [
      0.12737718224525452,
      0.10839780420064926,
      0.764224112033844
    ],
    [
      0.3549027442932129,
      0.6010779142379761,
      0.04401873052120209
    ],
    [
      0.6743676662445068,
      0.1751028150320053,
      0.15052999556064606
    ],
    [
      0.15732449293136597,
      0.1078253835439682,
      0.734850287437439
    ],
    [
      0.2335968017578125,
      0.24631687998771667,
      0.520086407661438
    ],
    [
      0.6349698305130005,
      0.31452733278274536,
      0.05050334334373474
    ],
    [
      0.7357388138771057,
      0.19988879561424255,
      0.06437179446220398
    ],
    [
      0.7866877317428589,
      0.1476065069437027,
      0.06570549309253693
    ],
    [
      0.08057894557714462,
      0.10509632527828217,
      0.8143239617347717
    ],
    [
      0.2991107404232025,
      0.03078361600637436,
      0.6701056361198425
    ],
    [
      0.7859208583831787,
      0.14888472855091095,
      0.06519334763288498
    ],
    [
      0.568702220916748,
      0.09111249446868896,
      0.3401847183704376
    ],
    [
      0.23547755181789398,
      0.42596694827079773,
      0.3385560214519501
    ]
  ],