{
  "N": 112800,
  "usage": [
    0.440407931804657,
    0.2282482087612152,
    0.3313438594341278
  ],
  "entropy_mean": 0.6181394457817078,
  "entropy_std": 0.23913657665252686,
  "top1_share": [
    0.495088666677475,
    0.1722872406244278,
    0.3326241075992584
  ],
  "P_expert_given_class": [
    [
      0.7151740789413452,
      0.06660190969705582,
      0.2182244062423706
    ],
    [
      0.01266185287386179,
      0.8764876127243042,
      0.11085040867328644
    ],
    [
      0.3232896029949188,
      0.5907286405563354,
      0.0859815776348114
    ],
    [
      0.4785347878932953,
      0.49087581038475037,
      0.030589185655117035
    ],
    [
      0.27184462547302246,
      0.09230390191078186,
      0.6358521580696106
    ],
    [
      0.8544930219650269,
      0.061678480356931686,
      0.08382901549339294
    ],
    [
      0.28151190280914307,
      0.20631295442581177,
      0.512175440788269
    ],
    [
      0.40936824679374695,
      0.5202698111534119,
      0.07036140561103821
    ],
    [
      0.7820618152618408,
      0.14214776456356049,
      0.07578964531421661
    ],
    [
      0.8143375515937805,
      0.10203742235898972,
      0.08362580090761185
    ],
    [
      0.6131226420402527,
      0.05191216990351677,
      0.3349650800228119
    ],
    [
      0.7726996541023254,
      0.12623871862888336,
      0.10106232762336731
    ],
    [
      0.5569601058959961,
      0.37184980511665344,
      0.07119040936231613
    ],
    [
      0.5879106521606445,
      0.06602141261100769,
      0.3460685610771179
    ],
    [
      0.8374940156936646,
      0.12756595015525818,
      0.0349394716322422
    ],
    [
      0.7942794561386108,
      0.15878240764141083,
      0.04693906381726265
    ],
    [
      0.7654963731765747,
      0.10523175448179245,
      0.12927207350730896
    ],
    [
      0.0641903355717659,
      0.03720289096236229,
      0.8986064791679382
    ],
    [
      0.08917944878339767,
      0.8002445101737976,
      0.11057669669389725
    ],
    [
      0.45570698380470276,
      0.3462941646575928,
      0.1979977935552597
    ],
    [
      0.19821245968341827,
      0.08748628944158554,
      0.7143007516860962
    ],
    [
      0.024708352982997894,
      0.8319111466407776,
      0.14338046312332153
    ],
    [
      0.060162678360939026,
      0.005379799287766218,
      0.9344581961631775
    ],
    [
      0.04739021882414818,
      0.017900418490171432,
      0.9347091913223267
    ],
    [
      0.695277988910675,
      0.07761280983686447,
      0.2271089404821396
    ],
    [
      0.7968001365661621,
      0.12443842738866806,
      0.07876121252775192
    ],
    [
      0.7860032916069031,
      0.05565942823886871,
      0.15833702683448792
    ],
    [
      0.7633835077285767,
      0.14295421540737152,
      0.09366228431463242
    ],
    [
      0.8359615802764893,
      0.12194132804870605,
      0.04209712892770767
    ],
    [
      0.7698655128479004,
      0.17131206393241882,
      0.05882246792316437
    ],
    [
      0.08758243173360825,
      0.1721479743719101,
      0.7402703166007996
    ],
    [
      0.03163439407944679,
      0.16861093044281006,
      0.7997555732727051
    ],
    [
      0.03677231818437576,
      0.01930915378034115,
      0.9439191818237305
    ],
    [
      0.10703419893980026,
      0.16308929026126862,
      0.729875922203064
    ],
    [
      0.1634664088487625,
      0.18996943533420563,
      0.6465640664100647
    ],
    [
      0.2252606451511383,
      0.7333736419677734,
      0.0413646325469017
    ],
    [
      0.6454548835754395,
      0.17487533390522003,
      0.17966990172863007
    ],
    [
      0.13027715682983398,
      0.15704652667045593,
      0.7126766443252563
    ],
    [
      0.1164146140217781,
      0.27581122517585754,
      0.6077747344970703
    ],
    [
      0.6729528903961182,
      0.30281075835227966,
      0.024236012250185013
    ],
    [
      0.6915184259414673,
      0.24403966963291168,
      0.06444179266691208
    ],
    [
      0.7204163670539856,
      0.19125674664974213,
      0.08832701295614243
    ],
    [
      0.05636097118258476,
      0.1109917089343071,
      0.8326473236083984
    ],
    [
      0.14268377423286438,
      0.03125210851430893,
      0.8260641694068909
    ],
    [
      0.6984775066375732,
      0.20866920053958893,
      0.09285327792167664
    ],
    [
      0.5340767502784729,
      0.09737143665552139,
      0.3685520589351654
    ],
    [
      0.18070872128009796,
      0.5096551775932312,
      0.3096359372138977
    ]
  ],