{
  "N": 112800,
  "usage": [
    0.43382981419563293,
    0.23367395997047424,
    0.3324962258338928
  ],
  "entropy_mean": 0.5846052765846252,
  "entropy_std": 0.2580111026763916,
  "top1_share": [
    0.4902482330799103,
    0.1755407750606537,
    0.33421099185943604
  ],
  "P_expert_given_class": [
    [
      0.722316324710846,
      0.041547518223524094,
      0.23613540828227997
    ],
    [
      0.007941889576613903,
      0.9246810674667358,
      0.06737690418958664
    ],
    [
      0.30820974707603455,
      0.6303806304931641,
      0.061410415917634964
    ],
    [
      0.5052365660667419,
      0.4715137183666229,
      0.023249551653862
    ],
    [
      0.3093003034591675,
      0.0798288956284523,
      0.6108715534210205
    ],
    [
      0.8513444662094116,
      0.06450457125902176,
      0.0841507688164711
    ],
    [
      0.24696505069732666,
      0.2084880769252777,
      0.544546902179718
    ],
    [
      0.345182865858078,
      0.5781872272491455,
      0.07662990689277649
    ],
    [
      0.761621356010437,
      0.17026987671852112,
      0.06810898333787918
    ],
    [
      0.8241259455680847,
      0.08897794783115387,
      0.08689610660076141
    ],
    [
      0.6272005438804626,
      0.0409657284617424,
      0.3318336308002472
    ],
    [
      0.7766322493553162,
      0.1294095665216446,
      0.0939583033323288
    ],
    [
      0.5660971999168396,
      0.36522185802459717,
      0.06868065148591995
    ],
    [
      0.585681676864624,
      0.04040420427918434,
      0.3739144802093506
    ],
    [
      0.8609597682952881,
      0.11900483816862106,
      0.020035473629832268
    ],
    [
      0.7829342484474182,
      0.16897955536842346,
      0.04808617755770683
    ],
    [
      0.7923191785812378,
      0.08700384199619293,
      0.12067587673664093
    ],
    [
      0.05611274763941765,
      0.03214334324002266,
      0.9117440581321716
    ],
    [
      0.0837719738483429,
      0.8355578184127808,
      0.08067063987255096
    ],
    [
      0.44334080815315247,
      0.38742005825042725,
      0.16923917829990387
    ],
    [
      0.2008238136768341,
      0.0988573506474495,
      0.7003185749053955
    ],
    [
      0.016353758051991463,
      0.8884907960891724,
      0.09515434503555298
    ],
    [
      0.05090133845806122,
      0.004449123982340097,
      0.9446488618850708
    ],
    [
      0.03017386794090271,
      0.011475934647023678,
      0.9583499431610107
    ],
    [
      0.6839403510093689,
      0.05454153195023537,
      0.2615177035331726
    ],
    [
      0.7967180013656616,
      0.12055161595344543,
      0.08272932469844818
    ],
    [
      0.7841629981994629,
      0.057255819439888,
      0.1585809886455536
    ],
    [
      0.7656217217445374,
      0.158781960606575,
      0.0755963921546936
    ],
    [
      0.8560448288917542,
      0.10890877991914749,
      0.03504626080393791
    ],
    [
      0.7588256001472473,
      0.17162269353866577,
      0.06955188512802124
    ],
    [
      0.07126142829656601,
      0.14292532205581665,
      0.7858129143714905
    ],
    [
      0.030928269028663635,
      0.16752691566944122,
      0.8015450835227966
    ],
    [
      0.02803283929824829,
      0.012161096557974815,
      0.9598062038421631
    ],
    [
      0.13589593768119812,
      0.20020437240600586,
      0.6638990044593811
    ],
    [
      0.17570461332798004,
      0.20145367085933685,
      0.6228414177894592
    ],
    [
      0.1986202895641327,
      0.7778955698013306,
      0.02348288893699646
    ],
    [
      0.6299563646316528,
      0.18496264517307281,
      0.18508100509643555
    ],
    [
      0.09839178621768951,
      0.14351493120193481,
      0.7580935955047607
    ],
    [
      0.0932413786649704,
      0.26903241872787476,
      0.637726902961731
    ],
    [
      0.688814103603363,
      0.29548379778862,
      0.01570303738117218
    ],
    [
      0.6839537620544434,
      0.25220775604248047,
      0.0638389065861702
    ],
    [
      0.7170970439910889,
      0.19958482682704926,
      0.08331809937953949
    ],
    [
      0.040504202246665955,
      0.09202419966459274,
      0.8674709796905518
    ],
    [
      0.09357450157403946,
      0.026374414563179016,
      0.880051851272583
    ],
    [
      0.6767956018447876,
      0.23528102040290833,
      0.08792340010404587
    ],
    [
      0.45125988125801086,
      0.13294857740402222,
      0.41579219698905945
    ],
    [
      0.17510661482810974,
      0.5096662044525146,
      0.3152267634868622
    ]
  ],