{
  "N": 112800,
  "usage": [
    0.5466362833976746,
    0.15169060230255127,
    0.30167311429977417
  ],
  "entropy_mean": 0.526338517665863,
  "entropy_std": 0.3118709623813629,
  "top1_share": [
    0.5843085050582886,
    0.07975177466869354,
    0.3359397053718567
  ],
  "P_expert_given_class": [
    [
      0.8396245241165161,
      0.0812617763876915,
      0.0791136771440506
    ],
    [
      0.06353762000799179,
      0.5189416408538818,
      0.41752055287361145
    ],
    [
      0.6652390360832214,
      0.2569718062877655,
      0.07778894156217575
    ],
    [
      0.6231319904327393,
      0.3381209969520569,
      0.0387471541762352
    ],
    [
      0.17786794900894165,
      0.1417415291070938,
      0.6803913116455078
    ],
    [
      0.8963255882263184,
      0.07596147805452347,
      0.027712507173419
    ],
    [
      0.2603451907634735,
      0.28278273344039917,
      0.4568721055984497
    ],
    [
      0.7524706721305847,
      0.2085815668106079,
      0.03894835337996483
    ],
    [
      0.869495153427124,
      0.07029015570878983,
      0.0602150484919548
    ],
    [
      0.8379275798797607,
      0.11084931343793869,
      0.051223695278167725
    ],
    [
      0.6602626442909241,
      0.061757124960422516,
      0.27798089385032654
    ],
    [
      0.8668779730796814,
      0.06891011446714401,
      0.06421130150556564
    ],
    [
      0.8289565443992615,
      0.11092036217451096,
      0.06012353301048279
    ],
    [
      0.7958966493606567,
      0.09465815871953964,
      0.10944479703903198
    ],
    [
      0.8967316746711731,
      0.06291386485099792,
      0.04035526141524315
    ],
    [
      0.8447883129119873,
      0.07646596431732178,
      0.07874473929405212
    ],
    [
      0.8288388848304749,
      0.0981796607375145,
      0.0729820728302002
    ],
    [
      0.13613702356815338,
      0.06696188449859619,
      0.7968998551368713
    ],
    [
      0.14924024045467377,
      0.4832182824611664,
      0.36754125356674194
    ],
    [
      0.5033866167068481,
      0.2977852523326874,
      0.19882789254188538
    ],
    [
      0.20865319669246674,
      0.0543750636279583,
      0.736971378326416
    ],
    [
      0.08551188558340073,
      0.48896709084510803,
      0.4255216717720032
    ],
    [
      0.4587412476539612,
      0.05482585355639458,
      0.4864330589771271
    ],
    [
      0.14658385515213013,
      0.04742353782057762,
      0.8059926629066467
    ],
    [
      0.8263057470321655,
      0.08922155946493149,
      0.08447277545928955
    ],
    [
      0.8581214547157288,
      0.06255443394184113,
      0.07932372391223907
    ],
    [
      0.8564935326576233,
      0.07067105919122696,
      0.07283502072095871
    ],
    [
      0.8340721130371094,
      0.050627194344997406,
      0.11530034244060516
    ],
    [
      0.8834521770477295,
      0.08946280181407928,
      0.027084723114967346
    ],
    [
      0.8485277891159058,
      0.12130490690469742,
      0.030166886746883392
    ],
    [
      0.10705843567848206,
      0.1807211935520172,
      0.7122201323509216
    ],
    [
      0.07482092827558517,
      0.1533605307340622,
      0.7718173265457153
    ],
    [
      0.081710085272789,
      0.09096304327249527,
      0.827326774597168
    ],
    [
      0.12954291701316833,
      0.052061740309000015,
      0.8183956742286682
    ],
    [
      0.12277047336101532,
      0.191704660654068,
      0.685524582862854
    ],
    [
      0.6006155610084534,
      0.35442763566970825,
      0.04495684430003166
    ],
    [
      0.7286014556884766,
      0.1249694973230362,
      0.1464286744594574
    ],
    [
      0.20727069675922394,
      0.13968832790851593,
      0.6530407667160034
    ],
    [
      0.20183567702770233,
      0.21504218876361847,
      0.5831217169761658
    ],
    [
      0.8141288757324219,
      0.130986750125885,
      0.054884299635887146
    ],
    [
      0.8131837248802185,
      0.08521536737680435,
      0.10160084813833237
    ],
    [
      0.7929967641830444,
      0.13952451944351196,
      0.06747880578041077
    ],
    [
      0.1034303531050682,
      0.05999945476651192,
      0.8365699052810669
    ],
    [
      0.5899853110313416,
      0.07697928696870804,
      0.3330360949039459
    ],
    [
      0.8014605641365051,
      0.12279992550611496,
      0.0757402777671814
    ],
    [
      0.6652462482452393,
      0.12772239744663239,
      0.2070305496454239
    ],
    [
      0.35369962453842163,
      0.24658742547035217,
      0.3997122049331665
    ]
  ],