{
  "N": 112800,
  "usage": [
    0.45274218916893005,
    0.21820342540740967,
    0.3290543854236603
  ],
  "entropy_mean": 0.6287047863006592,
  "entropy_std": 0.22855451703071594,
  "top1_share": [
    0.5205407738685608,
    0.15402482450008392,
    0.3254343867301941
  ],
  "P_expert_given_class": [
    [
      0.6956213116645813,
      0.09637900441884995,
      0.20799963176250458
    ],
    [
      0.019012125208973885,
      0.8213967680931091,
      0.1595912128686905
    ],
    [
      0.36829864978790283,
      0.5538538098335266,
      0.07784690707921982
    ],
    [
      0.5385714769363403,
      0.43010595440864563,
      0.0313229002058506
    ],
    [
      0.20731757581233978,
      0.12641608715057373,
      0.6662662029266357
    ],
    [
      0.8750165700912476,
      0.06667671352624893,
      0.05830646678805351
    ],
    [
      0.25888487696647644,
      0.24296443164348602,
      0.4981505274772644
    ],
    [
      0.5083411931991577,
      0.435152143239975,
      0.05650683119893074
    ],
    [
      0.8071721792221069,
      0.10976075381040573,
      0.08306695520877838
    ],
    [
      0.8243238925933838,
      0.11497543007135391,
      0.06070056930184364
    ],
    [
      0.6601563096046448,
      0.07625672966241837,
      0.26358702778816223
    ],
    [
      0.7928277254104614,
      0.11646027863025665,
      0.09071142226457596
    ],
    [
      0.518771767616272,
      0.3860485255718231,
      0.09517992287874222
    ],
    [
      0.7147359848022461,
      0.07455180585384369,
      0.21071197092533112
    ],
    [
      0.8281673789024353,
      0.12090004235506058,
      0.050932224839925766
    ],
    [
      0.7947564125061035,
      0.1559663712978363,
      0.049276724457740784
    ],
    [
      0.7214337587356567,
      0.1560823768377304,
      0.12248386442661285
    ],
    [
      0.0649949237704277,
      0.04591275379061699,
      0.8890919089317322
    ],
    [
      0.09791476279497147,
      0.7665837407112122,
      0.1355012059211731
    ],
    [
      0.46117618680000305,
      0.32820793986320496,
      0.21061640977859497
    ],
    [
      0.1685451716184616,
      0.06759374588727951,
      0.7638617157936096
    ],
    [
      0.031111888587474823,
      0.7844910025596619,
      0.1843969225883484
    ],
    [
      0.0916757807135582,
      0.00700734369456768,
      0.9013165235519409
    ],
    [
      0.07852994650602341,
      0.019442759454250336,
      0.9020280241966248
    ],
    [
      0.6703028678894043,
      0.09813790768384933,
      0.23155970871448517
    ],
    [
      0.8151096105575562,
      0.11452145874500275,
      0.07036888599395752
    ],
    [
      0.8000560402870178,
      0.0636477842926979,
      0.13629664480686188
    ],
    [
      0.7731552720069885,
      0.13705649971961975,
      0.08978835493326187
    ],
    [
      0.7942298650741577,
      0.154764324426651,
      0.05100506171584129
    ],
    [
      0.7699766755104065,
      0.17156633734703064,
      0.05845700576901436
    ],
    [
      0.08798889815807343,
      0.1611088663339615,
      0.7509018182754517
    ],
    [
      0.04142450913786888,
      0.12248111516237259,
      0.8360942602157593
    ],
    [
      0.035810645669698715,
      0.022179363295435905,
      0.9420095086097717
    ],
    [
      0.08803920447826385,
      0.08856777101755142,
      0.8233932256698608
    ],
    [
      0.13337202370166779,
      0.1535346359014511,
      0.7130932211875916
    ],
    [
      0.30433228611946106,
      0.6578630805015564,
      0.03780493140220642
    ],
    [
      0.6361932158470154,
      0.18580207228660583,
      0.1780051589012146
    ],
    [
      0.15979009866714478,
      0.13308092951774597,
      0.7071294784545898
    ],
    [
      0.18800760805606842,
      0.2405780851840973,
      0.5714144110679626
    ],
    [
      0.6244363188743591,
      0.33072715997695923,
      0.04483690857887268
    ],
    [
      0.6944743990898132,
      0.23895016312599182,
      0.06657491624355316
    ],
    [
      0.749754786491394,
      0.17311571538448334,
      0.07712934166193008
    ],
    [
      0.07786677777767181,
      0.10989478975534439,
      0.8122380971908569
    ],
    [
      0.23143459856510162,
      0.031546615064144135,
      0.7370180487632751
    ],
    [
      0.7406730055809021,
      0.1844884604215622,
      0.07483844459056854
    ],
    [
      0.5318750143051147,
      0.09831058233976364,
      0.3698154091835022
    ],
    [
      0.2032233625650406,
      0.4804496765136719,
      0.3163272738456726
    ]
  ],