{
  "N": 112800,
  "usage": [
    0.4385075271129608,
    0.2273082733154297,
    0.3341841995716095
  ],
  "entropy_mean": 0.6231971979141235,
  "entropy_std": 0.23741433024406433,
  "top1_share": [
    0.49722516536712646,
    0.1699024885892868,
    0.33287233114242554
  ],
  "P_expert_given_class": [
    [
      0.6950113773345947,
      0.07233502715826035,
      0.2326543629169464
    ],
    [
      0.014127771370112896,
      0.868360161781311,
      0.11751244962215424
    ],
    [
      0.31831252574920654,
      0.5928328037261963,
      0.08885446190834045
    ],
    [
      0.49701157212257385,
      0.46960774064064026,
      0.033380888402462006
    ],
    [
      0.2561296224594116,
      0.09521978348493576,
      0.6486502289772034
    ],
    [
      0.8525357842445374,
      0.0664893388748169,
      0.08097381144762039
    ],
    [
      0.27091988921165466,
      0.21139946579933167,
      0.5176799297332764
    ],
    [
      0.41791415214538574,
      0.511457622051239,
      0.07062813639640808
    ],
    [
      0.787722647190094,
      0.14311552047729492,
      0.06916143000125885
    ],
    [
      0.8063505291938782,
      0.11385957151651382,
      0.0797896683216095
    ],
    [
      0.6245684623718262,
      0.05287506803870201,
      0.32255664467811584
    ],
    [
      0.7730081081390381,
      0.1261332631111145,
      0.10085835307836533
    ],
    [
      0.522197961807251,
      0.40589895844459534,
      0.07190287113189697
    ],
    [
      0.607319712638855,
      0.06535825878381729,
      0.327322393655777
    ],
    [
      0.827878475189209,
      0.13488419353961945,
      0.03723793104290962
    ],
    [
      0.7790288925170898,
      0.1707374006509781,
      0.050234101712703705
    ],
    [
      0.7436877489089966,
      0.12182415276765823,
      0.13448764383792877
    ],
    [
      0.06899023801088333,
      0.03392576426267624,
      0.8970843553543091
    ],
    [
      0.08894967287778854,
      0.7995660305023193,
      0.11148549616336823
    ],
    [
      0.45277729630470276,
      0.34322601556777954,
      0.2039962261915207
    ],
    [
      0.18169650435447693,
      0.08367837220430374,
      0.734623908996582
    ],
    [
      0.025761283934116364,
      0.8232184052467346,
      0.15102025866508484
    ],
    [
      0.0649477019906044,
      0.004372484516352415,
      0.930680513381958
    ],
    [
      0.05302813649177551,
      0.016593901440501213,
      0.9303770065307617
    ],
    [
      0.6747788786888123,
      0.0824848860502243,
      0.24273645877838135
    ],
    [
      0.8010202646255493,
      0.12317643314599991,
      0.0758037194609642
    ],
    [
      0.7705271244049072,
      0.06054730713367462,
      0.16892468929290771
    ],
    [
      0.7638444304466248,
      0.13840697705745697,
      0.09774791449308395
    ],
    [
      0.8238083124160767,
      0.1359572559595108,
      0.04023520648479462
    ],
    [
      0.791036069393158,
      0.14825277030467987,
      0.06071190536022186
    ],
    [
      0.0865529477596283,
      0.15534281730651855,
      0.7581045627593994
    ],
    [
      0.03586164489388466,
      0.15925075113773346,
      0.8048873543739319
    ],
    [
      0.03729326277971268,
      0.017171647399663925,
      0.9455356001853943
    ],
    [
      0.11425112187862396,
      0.15246790647506714,
      0.7332803010940552
    ],
    [
      0.16509033739566803,
      0.2015424221754074,
      0.6333674192428589
    ],
    [
      0.23180760443210602,
      0.727199375629425,
      0.04099254682660103
    ],
    [
      0.6328602433204651,
      0.17841067910194397,
      0.18872937560081482
    ],
    [
      0.12759917974472046,
      0.14461767673492432,
      0.7277836203575134
    ],
    [
      0.13506555557250977,
      0.24218857288360596,
      0.6227452754974365
    ],
    [
      0.6697394251823425,
      0.3038223087787628,
      0.026438238099217415
    ],
    [
      0.6723032593727112,
      0.26174795627593994,
      0.06594779342412949
    ],
    [
      0.7193218469619751,
      0.19631309807300568,
      0.08436491340398788
    ],
    [
      0.06036556884646416,
      0.09701479226350784,
      0.8426204323768616
    ],
    [
      0.14278005063533783,
      0.024668511003255844,
      0.8325509428977966
    ],
    [
      0.6952434778213501,
      0.2150062620639801,
      0.0897509828209877
    ],
    [
      0.5311496257781982,
      0.08796674758195877,
      0.3808839023113251
    ],
    [
      0.19767695665359497,
      0.502962589263916,
      0.29936015605926514
    ]
  ],