{
  "N": 112800,
  "usage": [
    0.46221593022346497,
    0.2078477144241333,
    0.32993635535240173
  ],
  "entropy_mean": 0.6184200644493103,
  "entropy_std": 0.2321556806564331,
  "top1_share": [
    0.5302748084068298,
    0.1473492980003357,
    0.3223758935928345
  ],
  "P_expert_given_class": [
    [
      0.7169128060340881,
      0.08447032421827316,
      0.1986168622970581
    ],
    [
      0.021817848086357117,
      0.7892454266548157,
      0.1889357715845108
    ],
    [
      0.3820786774158478,
      0.5424968600273132,
      0.07542423903942108
    ],
    [
      0.5562378168106079,
      0.4095710217952728,
      0.03419233486056328
    ],
    [
      0.21098485589027405,
      0.1172119751572609,
      0.6718024015426636
    ],
    [
      0.8856110572814941,
      0.06155989319086075,
      0.052829060703516006
    ],
    [
      0.24505533277988434,
      0.27946457266807556,
      0.4754799008369446
    ],
    [
      0.5565676093101501,
      0.3866136372089386,
      0.056818973273038864
    ],
    [
      0.8280330300331116,
      0.092042937874794,
      0.07992422580718994
    ],
    [
      0.8275965452194214,
      0.10697069764137268,
      0.06543288379907608
    ],
    [
      0.6679806113243103,
      0.06817667931318283,
      0.26384279131889343
    ],
    [
      0.818454384803772,
      0.10063699632883072,
      0.08090855181217194
    ],
    [
      0.5201321244239807,
      0.379117488861084,
      0.10075046122074127
    ],
    [
      0.7597906589508057,
      0.05988413468003273,
      0.18032528460025787
    ],
    [
      0.8166421055793762,
      0.12654542922973633,
      0.05681266263127327
    ],
    [
      0.8039916753768921,
      0.1486530750989914,
      0.04735559597611427
    ],
    [
      0.7118930220603943,
      0.17748531699180603,
      0.11062253266572952
    ],
    [
      0.07381615787744522,
      0.04060579836368561,
      0.8855777978897095
    ],
    [
      0.10362289845943451,
      0.7323232293128967,
      0.16405373811721802
    ],
    [
      0.4807251989841461,
      0.2974158525466919,
      0.22185923159122467
    ],
    [
      0.16250395774841309,
      0.06110120937228203,
      0.7763943076133728
    ],
    [
      0.032811809331178665,
      0.7511316537857056,
      0.2160564661026001
    ],
    [
      0.11065947264432907,
      0.006402409169822931,
      0.8829384446144104
    ],
    [
      0.08368651568889618,
      0.017240960150957108,
      0.8990737795829773
    ],
    [
      0.6911693215370178,
      0.08476573973894119,
      0.22406433522701263
    ],
    [
      0.8300232291221619,
      0.1046932190656662,
      0.06528283655643463
    ],
    [
      0.8091784715652466,
      0.06579688936471939,
      0.12502406537532806
    ],
    [
      0.7804060578346252,
      0.1232072189450264,
      0.09638712555170059
    ],
    [
      0.8034372329711914,
      0.14195023477077484,
      0.054612547159194946
    ],
    [
      0.7844257354736328,
      0.16069376468658447,
      0.054881636053323746
    ],
    [
      0.08289281278848648,
      0.14697985351085663,
      0.7701278328895569
    ],
    [
      0.03709739074110985,
      0.10723214596509933,
      0.8556709885597229
    ],
    [
      0.03900810331106186,
      0.019730325788259506,
      0.9412611722946167
    ],
    [
      0.0830179750919342,
      0.060647107660770416,
      0.8563355803489685
    ],
    [
      0.1254412829875946,
      0.12813740968704224,
      0.746421217918396
    ],
    [
      0.3202754855155945,
      0.6364317536354065,
      0.0432930663228035
    ],
    [
      0.6416620016098022,
      0.1791866421699524,
      0.17915134131908417
    ],
    [
      0.15901607275009155,
      0.13596989214420319,
      0.7050136923789978
    ],
    [
      0.2115889936685562,
      0.2459985315799713,
      0.5424121618270874
    ],
    [
      0.6163352131843567,
      0.3311133086681366,
      0.05255100503563881
    ],
    [
      0.7139750719070435,
      0.22406992316246033,
      0.06195501983165741
    ],
    [
      0.7610347270965576,
      0.16091781854629517,
      0.07804737240076065
    ],
    [
      0.0771792009472847,
      0.11872273683547974,
      0.8040974140167236
    ],
    [
      0.2685317099094391,
      0.027674147859215736,
      0.7037937641143799
    ],
    [
      0.7543123960494995,
      0.1686556190252304,
      0.07703161239624023
    ],
    [
      0.5464652180671692,
      0.09307436645030975,
      0.3604606091976166
    ],
    [
      0.21007104218006134,
      0.46682509779930115,
      0.3231031000614166
    ]
  ],