{
  "N": 112800,
  "usage": [
    0.4324357211589813,
    0.23039381206035614,
    0.33717045187950134
  ],
  "entropy_mean": 0.6168901920318604,
  "entropy_std": 0.2405836582183838,
  "top1_share": [
    0.4891400635242462,
    0.1740248203277588,
    0.336835116147995
  ],
  "P_expert_given_class": [
    [
      0.6943263411521912,
      0.06112004444003105,
      0.244554802775383
    ],
    [
      0.011049208231270313,
      0.8749055862426758,
      0.11404555290937424
    ],
    [
      0.3169224262237549,
      0.6025121212005615,
      0.08056551218032837
    ],
    [
      0.482604056596756,
      0.48369282484054565,
      0.0337042361497879
    ],
    [
      0.2677155137062073,
      0.09009120613336563,
      0.6421945095062256
    ],
    [
      0.8424081206321716,
      0.0689510703086853,
      0.08864090591669083
    ],
    [
      0.2905257046222687,
      0.19105705618858337,
      0.5184173583984375
    ],
    [
      0.4005562365055084,
      0.5175327062606812,
      0.08191020786762238
    ],
    [
      0.77574223279953,
      0.15614445507526398,
      0.06811351329088211
    ],
    [
      0.804124653339386,
      0.10889528691768646,
      0.0869797095656395
    ],
    [
      0.6121684312820435,
      0.04577430710196495,
      0.3420574963092804
    ],
    [
      0.7686653137207031,
      0.13533799350261688,
      0.09599718451499939
    ],
    [
      0.5588638186454773,
      0.37390196323394775,
      0.06723412126302719
    ],
    [
      0.5552546381950378,
      0.059494756162166595,
      0.385250985622406
    ],
    [
      0.8332707285881042,
      0.13814859092235565,
      0.028581537306308746
    ],
    [
      0.7727612853050232,
      0.18239963054656982,
      0.044839031994342804
    ],
    [
      0.7730035185813904,
      0.10594063997268677,
      0.12105599790811539
    ],
    [
      0.06425447762012482,
      0.03607761487364769,
      0.8996688723564148
    ],
    [
      0.08544711768627167,
      0.8017597198486328,
      0.1127934679389
    ],
    [
      0.4456697106361389,
      0.35699138045310974,
      0.1973390430212021
    ],
    [
      0.16659270226955414,
      0.09074414521455765,
      0.7426631450653076
    ],
    [
      0.021806733682751656,
      0.8344704508781433,
      0.1437232345342636
    ],
    [
      0.058130983263254166,
      0.0048012868501245975,
      0.9370676875114441
    ],
    [
      0.040801987051963806,
      0.015101839788258076,
      0.9440960884094238
    ],
    [
      0.6727258563041687,
      0.06998728215694427,
      0.25728753209114075
    ],
    [
      0.7841372489929199,
      0.13097916543483734,
      0.08488436788320541
    ],
    [
      0.7845381498336792,
      0.05583122372627258,
      0.15963003039360046
    ],
    [
      0.764094889163971,
      0.1476151943206787,
      0.08828922361135483
    ],
    [
      0.8247345685958862,
      0.13164198398590088,
      0.04362354427576065
    ],
    [
      0.7723461389541626,
      0.1614721566438675,
      0.06618192046880722
    ],
    [
      0.08877989649772644,
      0.15383169054985046,
      0.7573881149291992
    ],
    [
      0.03384185954928398,
      0.15943947434425354,
      0.806718111038208
    ],
    [
      0.03569401800632477,
      0.015887590125203133,
      0.9484184980392456
    ],
    [
      0.1026366651058197,
      0.17870193719863892,
      0.7186616659164429
    ],
    [
      0.16378775238990784,
      0.20866423845291138,
      0.6275476217269897
    ],
    [
      0.2168915867805481,
      0.7427293062210083,
      0.0403796024620533
    ],
    [
      0.6380207538604736,
      0.1735159307718277,
      0.1884640008211136
    ],
    [
      0.11722924560308456,
      0.1444873809814453,
      0.7382831573486328
    ],
    [
      0.11952432245016098,
      0.2645578980445862,
      0.6159180402755737
    ],
    [
      0.6741716265678406,
      0.3014431893825531,
      0.024384882301092148
    ],
    [
      0.6630042791366577,
      0.27454817295074463,
      0.06244760379195213
    ],
    [
      0.7113653421401978,
      0.2025601714849472,
      0.08607494086027145
    ],
    [
      0.047849204391241074,
      0.10546036064624786,
      0.8466903567314148
    ],
    [
      0.11697504669427872,
      0.023923644796013832,
      0.8591015338897705
    ],
    [
      0.6845094561576843,
      0.22403235733509064,
      0.09145796298980713
    ],
    [
      0.48301824927330017,
      0.11204712837934494,
      0.40493425726890564
    ],
    [
      0.181941419839859,
      0.5093055963516235,
      0.3087520897388458
    ]
  ],