{
  "N": 112800,
  "usage": [
    0.4343704283237457,
    0.23388557136058807,
    0.3317439556121826
  ],
  "entropy_mean": 0.5991740822792053,
  "entropy_std": 0.2542756199836731,
  "top1_share": [
    0.4911258816719055,
    0.17323581874370575,
    0.33563828468322754
  ],
  "P_expert_given_class": [
    [
      0.7185876965522766,
      0.045858003199100494,
      0.2355537712574005
    ],
    [
      0.008873886428773403,
      0.9061699509620667,
      0.08495727926492691
    ],
    [
      0.3133179843425751,
      0.6223373413085938,
      0.0643448457121849
    ],
    [
      0.5164376497268677,
      0.459104984998703,
      0.024457646533846855
    ],
    [
      0.3115319311618805,
      0.08210723847150803,
      0.6063607931137085
    ],
    [
      0.8661604523658752,
      0.06578618288040161,
      0.06805352121591568
    ],
    [
      0.24972333014011383,
      0.2171299010515213,
      0.5331469774246216
    ],
    [
      0.34901025891304016,
      0.5630616545677185,
      0.08792836219072342
    ],
    [
      0.7654367089271545,
      0.16926920413970947,
      0.06529361009597778
    ],
    [
      0.8096334934234619,
      0.09445041418075562,
      0.09591668844223022
    ],
    [
      0.6095433831214905,
      0.046115562319755554,
      0.34434130787849426
    ],
    [
      0.7734501361846924,
      0.12813633680343628,
      0.09841396659612656
    ],
    [
      0.5618273019790649,
      0.37012526392936707,
      0.06804807484149933
    ],
    [
      0.5674018859863281,
      0.04349508881568909,
      0.38910314440727234
    ],
    [
      0.8631236553192139,
      0.11310309171676636,
      0.023773284628987312
    ],
    [
      0.777273952960968,
      0.17301081120967865,
      0.049715183675289154
    ],
    [
      0.7907270789146423,
      0.09850344061851501,
      0.11076995730400085
    ],
    [
      0.06131473556160927,
      0.03787887096405029,
      0.9008069634437561
    ],
    [
      0.08593540638685226,
      0.824725866317749,
      0.0893389880657196
    ],
    [
      0.4514037072658539,
      0.3746386170387268,
      0.17395709455013275
    ],
    [
      0.2128494828939438,
      0.10344486683607101,
      0.6837050914764404
    ],
    [
      0.017153050750494003,
      0.8715932369232178,
      0.11125480383634567
    ],
    [
      0.05492071062326431,
      0.004781145602464676,
      0.9402980804443359
    ],
    [
      0.033538006246089935,
      0.014330272562801838,
      0.9521317481994629
    ],
    [
      0.6801100373268127,
      0.06756220012903214,
      0.25232774019241333
    ],
    [
      0.7864376902580261,
      0.11963026970624924,
      0.09393145143985748
    ],
    [
      0.7764371037483215,
      0.05729597806930542,
      0.16626743972301483
    ],
    [
      0.7564190626144409,
      0.1557513177394867,
      0.08782912790775299
    ],
    [
      0.8551429510116577,
      0.11515457183122635,
      0.0297030508518219
    ],
    [
      0.7627270221710205,
      0.16949227452278137,
      0.0677807405591011
    ],
    [
      0.08371268957853317,
      0.14096124470233917,
      0.7753263115882874
    ],
    [
      0.03659576550126076,
      0.1652754843235016,
      0.7981283664703369
    ],
    [
      0.03131420910358429,
      0.01396955456584692,
      0.9547151923179626
    ],
    [
      0.14092761278152466,
      0.20062240958213806,
      0.6584495902061462
    ],
    [
      0.189540296792984,
      0.1852537989616394,
      0.6252050399780273
    ],
    [
      0.20446738600730896,
      0.7678293585777283,
      0.027704207226634026
    ],
    [
      0.6423328518867493,
      0.18540675938129425,
      0.17225994169712067
    ],
    [
      0.09678609669208527,
      0.16412512958049774,
      0.739088773727417
    ],
    [
      0.10148803144693375,
      0.2825651168823242,
      0.6159477233886719
    ],
    [
      0.6893888115882874,
      0.2930063307285309,
      0.017604414373636246
    ],
    [
      0.6693782210350037,
      0.2635003328323364,
      0.0671214833855629
    ],
    [
      0.715457022190094,
      0.20124681293964386,
      0.08329533040523529
    ],
    [
      0.039765845984220505,
      0.10479166358709335,
      0.8554428219795227
    ],
    [
      0.09819907695055008,
      0.028064047917723656,
      0.8737366795539856
    ],
    [
      0.6734281778335571,
      0.23710370063781738,
      0.08946876972913742
    ],
    [
      0.4412408471107483,
      0.13852344453334808,
      0.4202362596988678
    ],
    [
      0.17494100332260132,
      0.5063350200653076,
      0.3187234699726105
    ]
  ],