{
  "N": 112800,
  "usage": [
    0.4388100206851959,
    0.2294328510761261,
    0.33175715804100037
  ],
  "entropy_mean": 0.6016085743904114,
  "entropy_std": 0.2440488189458847,
  "top1_share": [
    0.49577128887176514,
    0.1711081564426422,
    0.33312055468559265
  ],
  "P_expert_given_class": [
    [
      0.7188665866851807,
      0.04844343662261963,
      0.23268958926200867
    ],
    [
      0.009983452036976814,
      0.9015797972679138,
      0.08843614906072617
    ],
    [
      0.3235016465187073,
      0.6064051985740662,
      0.07009284943342209
    ],
    [
      0.48360544443130493,
      0.4870404601097107,
      0.029354212805628777
    ],
    [
      0.2830677032470703,
      0.08633742481470108,
      0.6305951476097107
    ],
    [
      0.8490886092185974,
      0.0699179545044899,
      0.08099365234375
    ],
    [
      0.26286211609840393,
      0.22207576036453247,
      0.5150616765022278
    ],
    [
      0.40676403045654297,
      0.5191158652305603,
      0.07411986589431763
    ],
    [
      0.7841166853904724,
      0.15899699926376343,
      0.05688660964369774
    ],
    [
      0.8213040232658386,
      0.08927346020936966,
      0.0894223004579544
    ],
    [
      0.6194005608558655,
      0.04264117032289505,
      0.33795806765556335
    ],
    [
      0.7693510055541992,
      0.136875718832016,
      0.09377319365739822
    ],
    [
      0.5903603434562683,
      0.3469630479812622,
      0.06267669051885605
    ],
    [
      0.5671029686927795,
      0.05325514078140259,
      0.3796422481536865
    ],
    [
      0.8440230488777161,
      0.12615810334682465,
      0.02981913834810257
    ],
    [
      0.7817782163619995,
      0.17123109102249146,
      0.04699130356311798
    ],
    [
      0.7818443775177002,
      0.10541916638612747,
      0.11273626983165741
    ],
    [
      0.06981655210256577,
      0.03816160932183266,
      0.8920221924781799
    ],
    [
      0.08730655908584595,
      0.8166685104370117,
      0.09602385759353638
    ],
    [
      0.44675761461257935,
      0.36565354466438293,
      0.18758854269981384
    ],
    [
      0.1763954907655716,
      0.10331041365861893,
      0.7202948331832886
    ],
    [
      0.021658290177583694,
      0.861983060836792,
      0.11635922640562057
    ],
    [
      0.06318216025829315,
      0.0042256638407707214,
      0.9325909614562988
    ],
    [
      0.041840698570013046,
      0.013960348442196846,
      0.9441991448402405
    ],
    [
      0.6994429230690002,
      0.06069481000304222,
      0.2398616522550583
    ],
    [
      0.7833375930786133,
      0.12479750066995621,
      0.09186477959156036
    ],
    [
      0.7844874858856201,
      0.05740034207701683,
      0.15811190009117126
    ],
    [
      0.7525417804718018,
      0.16150256991386414,
      0.08595513552427292
    ],
    [
      0.8456659317016602,
      0.12087976187467575,
      0.03345473110675812
    ],
    [
      0.7863263487815857,
      0.1393776684999466,
      0.07429612427949905
    ],
    [
      0.0838562473654747,
      0.14749956130981445,
      0.7686445116996765
    ],
    [
      0.035242997109889984,
      0.14742803573608398,
      0.8173288702964783
    ],
    [
      0.03608359396457672,
      0.016144366934895515,
      0.9477711915969849
    ],
    [
      0.1294257789850235,
      0.18570098280906677,
      0.6848731637001038
    ],
    [
      0.173985093832016,
      0.17976389825344086,
      0.6462504863739014
    ],
    [
      0.2123226821422577,
      0.7522395849227905,
      0.035438019782304764
    ],
    [
      0.6514106392860413,
      0.17777444422245026,
      0.17081394791603088
    ],
    [
      0.10479608178138733,
      0.16347147524356842,
      0.7317331433296204
    ],
    [
      0.10649184882640839,
      0.2612418532371521,
      0.6322664022445679
    ],
    [
      0.6966806054115295,
      0.28309017419815063,
      0.02022998221218586
    ],
    [
      0.6822496056556702,
      0.2584242820739746,
      0.059325769543647766
    ],
    [
      0.7252020239830017,
      0.19521212577819824,
      0.0795852541923523
    ],
    [
      0.04907333105802536,
      0.11197595298290253,
      0.8389516472816467
    ],
    [
      0.11342637240886688,
      0.02233525924384594,
      0.8642383813858032
    ],
    [
      0.6948432326316833,
      0.2197122722864151,
      0.08544421195983887
    ],
    [
      0.49672967195510864,
      0.1116897314786911,
      0.3915803134441376
    ],
    [
      0.17646749317646027,
      0.5092934966087341,
      0.3142389953136444
    ]
  ],