{
  "N": 112800,
  "usage": [
    0.3625763952732086,
    0.4037124216556549,
    0.2337111383676529
  ],
  "entropy_mean": 0.6386707425117493,
  "entropy_std": 0.25863930583000183,
  "top1_share": [
    0.38647162914276123,
    0.41754433512687683,
    0.19598403573036194
  ],
  "P_expert_given_class": [
    [
      0.633097767829895,
      0.24986688792705536,
      0.11703534424304962
    ],
    [
      0.010434819385409355,
      0.9019513130187988,
      0.0876128226518631
    ],
    [
      0.12266085296869278,
      0.059114519506692886,
      0.8182246685028076
    ],
    [
      0.13044504821300507,
      0.499353289604187,
      0.37020164728164673
    ],
    [
      0.20752233266830444,
      0.7200532555580139,
      0.07242454588413239
    ],
    [
      0.7259629964828491,
      0.22085291147232056,
      0.0531831756234169
    ],
    [
      0.4019908308982849,
      0.03688737004995346,
      0.5611209869384766
    ],
    [
      0.04863724112510681,
      0.8786683082580566,
      0.07269493490457535
    ],
    [
      0.7172815203666687,
      0.09790348261594772,
      0.18481510877609253
    ],
    [
      0.3610328137874603,
      0.6179840564727783,
      0.020982177928090096
    ],
    [
      0.44239649176597595,
      0.42705246806144714,
      0.1305508315563202
    ],
    [
      0.8203806281089783,
      0.04247170314192772,
      0.13714788854122162
    ],
    [
      0.6782162189483643,
      0.1359114795923233,
      0.1858721822500229
    ],
    [
      0.5958809852600098,
      0.18797940015792847,
      0.2161397784948349
    ],
    [
      0.8843371868133545,
      0.026726718991994858,
      0.08893635123968124
    ],
    [
      0.7744849920272827,
      0.19255143404006958,
      0.032963450998067856
    ],
    [
      0.7348998785018921,
      0.06571219116449356,
      0.1993887573480606
    ],
    [
      0.05787846818566322,
      0.8170217275619507,
      0.12510010600090027
    ],
    [
      0.07690777629613876,
      0.8009249567985535,
      0.12216710299253464
    ],
    [
      0.21287913620471954,
      0.5204888582229614,
      0.26663219928741455
    ],
    [
      0.39904430508613586,
      0.42377617955207825,
      0.1771789938211441
    ],
    [
      0.030880365520715714,
      0.681262731552124,
      0.28785574436187744
    ],
    [
      0.019088929519057274,
      0.9150183200836182,
      0.06589376926422119
    ],
    [
      0.02878541313111782,
      0.4927116334438324,
      0.47850194573402405
    ],
    [
      0.6581485867500305,
      0.21992281079292297,
      0.12192825227975845
    ],
    [
      0.7073411345481873,
      0.25260329246520996,
      0.040055323392152786
    ],
    [
      0.5952099561691284,
      0.060365352779626846,
      0.34442466497421265
    ],
    [
      0.8161819577217102,
      0.05584276095032692,
      0.12797553837299347
    ],
    [
      0.6961418390274048,
      0.1786094307899475,
      0.12524855136871338
    ],
    [
      0.09281988441944122,
      0.89657062292099,
      0.010609321296215057
    ],
    [
      0.1560889333486557,
      0.43436092138290405,
      0.4095503091812134
    ],
    [
      0.044571541249752045,
      0.8072097301483154,
      0.1482192724943161
    ],
    [
      0.028747139498591423,
      0.4501339793205261,
      0.5211183428764343
    ],
    [
      0.19444265961647034,
      0.5302950739860535,
      0.27526310086250305
    ],
    [
      0.08173574507236481,
      0.8738374710083008,
      0.044427063316106796
    ],
    [
      0.19465360045433044,
      0.09638816863298416,
      0.7089585065841675
    ],
    [
      0.37077802419662476,
      0.08682948350906372,
      0.5423926115036011
    ],
    [
      0.3522702157497406,
      0.07783504575490952,
      0.569894552230835
    ],
    [
      0.13981980085372925,
      0.08956598490476608,
      0.7706137299537659
    ],
    [
      0.8193905353546143,
      0.01566488668322563,
      0.16494499146938324
    ],
    [
      0.7406973242759705,
      0.212813600897789,
      0.046489179134368896
    ],
    [
      0.42802125215530396,
      0.4416917562484741,
      0.1302870512008667
    ],
    [
      0.06593174487352371,
      0.4164678752422333,
      0.5176011323928833
    ],
    [
      0.026953741908073425,
      0.8383238911628723,
      0.13472235202789307
    ],
    [
      0.43167296051979065,
      0.37287425994873047,
      0.1954534649848938
    ],
    [
      0.09636829048395157,
      0.8705563545227051,
      0.03307574987411499
    ],
    [
      0.1879761517047882,
      0.6834774017333984,
      0.12854641675949097
    ]
  ],