{
  "N": 112800,
  "usage": [
    0.2264353334903717,
    0.6862300634384155,
    0.08733457326889038
  ],
  "entropy_mean": 0.5524687170982361,
  "entropy_std": 0.33839455246925354,
  "top1_share": [
    0.18350178003311157,
    0.7715248465538025,
    0.044973403215408325
  ],
  "P_expert_given_class": [
    [
      0.3001449406147003,
      0.637821614742279,
      0.06203364208340645
    ],
    [
      0.015975914895534515,
      0.9555613994598389,
      0.028463367372751236
    ],
    [
      0.18875889480113983,
      0.4745858907699585,
      0.3366555869579315
    ],
    [
      0.06990643590688705,
      0.8444067239761353,
      0.08568686246871948
    ],
    [
      0.08281012624502182,
      0.8559360504150391,
      0.0612538605928421
    ],
    [
      0.3462662398815155,
      0.6219353079795837,
      0.031797949224710464
    ],
    [
      0.32825466990470886,
      0.40620338916778564,
      0.265541672706604
    ],
    [
      0.03468029946088791,
      0.9362964630126953,
      0.02902255393564701
    ],
    [
      0.370073527097702,
      0.5719759464263916,
      0.05795041471719742
    ],
    [
      0.12995545566082,
      0.8247628211975098,
      0.04528210312128067
    ],
    [
      0.37881213426589966,
      0.5381730794906616,
      0.08301463723182678
    ],
    [
      0.49824056029319763,
      0.4280725121498108,
      0.07368767261505127
    ],
    [
      0.38007476925849915,
      0.5644351243972778,
      0.05549023300409317
    ],
    [
      0.3300865590572357,
      0.6062483787536621,
      0.06366658955812454
    ],
    [
      0.7003031373023987,
      0.24485905468463898,
      0.05483736842870712
    ],
    [
      0.4367634952068329,
      0.5297717452049255,
      0.033465441316366196
    ],
    [
      0.44260016083717346,
      0.4734731614589691,
      0.08392656594514847
    ],
    [
      0.07099808007478714,
      0.8795071244239807,
      0.04949524626135826
    ],
    [
      0.04739871993660927,
      0.9102091193199158,
      0.04239289462566376
    ],
    [
      0.08041161298751831,
      0.8549677729606628,
      0.06462042778730392
    ],
    [
      0.2917417585849762,
      0.6678752303123474,
      0.04038342088460922
    ],
    [
      0.04067466780543327,
      0.8309510350227356,
      0.12837472558021545
    ],
    [
      0.07684369385242462,
      0.895297646522522,
      0.02785852737724781
    ],
    [
      0.07357015460729599,
      0.8580774068832397,
      0.06835263222455978
    ],
    [
      0.30559593439102173,
      0.6192349195480347,
      0.07516846060752869
    ],
    [
      0.4134458303451538,
      0.5474293828010559,
      0.03912452980875969
    ],
    [
      0.3038235604763031,
      0.6019124388694763,
      0.09426400810480118
    ],
    [
      0.5359901189804077,
      0.4086712896823883,
      0.05533849820494652
    ],
    [
      0.334228515625,
      0.6260970234870911,
      0.039673566818237305
    ],
    [
      0.051417700946331024,
      0.9363467693328857,
      0.012234642170369625
    ],
    [
      0.05392961576581001,
      0.78165602684021,
      0.1644136756658554
    ],
    [
      0.035014789551496506,
      0.9107179045677185,
      0.0542680025100708
    ],
    [
      0.05826420336961746,
      0.8125247359275818,
      0.12921127676963806
    ],
    [
      0.058159731328487396,
      0.9175786375999451,
      0.02426186390221119
    ],
    [
      0.02384994365274906,
      0.9541497826576233,
      0.022001123055815697
    ],
    [
      0.2061372697353363,
      0.3543725907802582,
      0.4394904673099518
    ],
    [
      0.26251715421676636,
      0.5327143669128418,
      0.2047683149576187
    ],
    [
      0.33004844188690186,
      0.4740287661552429,
      0.1959225982427597
    ],
    [
      0.13993267714977264,
      0.6233760714530945,
      0.23669055104255676
    ],
    [
      0.6439672708511353,
      0.2650570571422577,
      0.09097561240196228
    ],
    [
      0.382046639919281,
      0.578799843788147,
      0.039153456687927246
    ],
    [
      0.20989088714122772,
      0.7078716158866882,
      0.08223710209131241
    ],
    [
      0.1385878026485443,
      0.7810216546058655,
      0.08039002120494843
    ],
    [
      0.05200149118900299,
      0.9299650192260742,
      0.01803269237279892
    ],
    [
      0.2026679813861847,
      0.720856785774231,
      0.0764748603105545
    ],
    [
      0.0733315497636795,
      0.9093068242073059,
      0.017361849546432495
    ],
    [
      0.11226412653923035,
      0.8477226495742798,
      0.040013089776039124
    ]
  ],