{
  "N": 112800,
  "usage": [
    0.37178462743759155,
    0.4225233793258667,
    0.20569199323654175
  ],
  "entropy_mean": 0.6731173992156982,
  "entropy_std": 0.24999240040779114,
  "top1_share": [
    0.41361701488494873,
    0.4327482283115387,
    0.15363475680351257
  ],
  "P_expert_given_class": [
    [
      0.6541467905044556,
      0.20455504953861237,
      0.14129823446273804
    ],
    [
      0.01397799514234066,
      0.8719529509544373,
      0.11406873166561127
    ],
    [
      0.15757796168327332,
      0.11455949395895004,
      0.7278627753257751
    ],
    [
      0.10627774894237518,
      0.6433112621307373,
      0.25041186809539795
    ],
    [
      0.17142334580421448,
      0.7239977717399597,
      0.10457933694124222
    ],
    [
      0.6821855902671814,
      0.2681303024291992,
      0.04968348518013954
    ],
    [
      0.44933441281318665,
      0.0616438053548336,
      0.4890218675136566
    ],
    [
      0.041466325521469116,
      0.8802940845489502,
      0.07823946326971054
    ],
    [
      0.7271612286567688,
      0.12259508669376373,
      0.15024405717849731
    ],
    [
      0.33701351284980774,
      0.6247175931930542,
      0.03826863691210747
    ],
    [
      0.5119768381118774,
      0.34313175082206726,
      0.14489081501960754
    ],
    [
      0.8343233466148376,
      0.05251630023121834,
      0.11315958946943283
    ],
    [
      0.709474503993988,
      0.13039439916610718,
      0.16013093292713165
    ],
    [
      0.6540128588676453,
      0.17208829522132874,
      0.17389903962612152
    ],
    [
      0.8766411542892456,
      0.03693486377596855,
      0.08642345666885376
    ],
    [
      0.729449987411499,
      0.22530776262283325,
      0.045241452753543854
    ],
    [
      0.7294507622718811,
      0.08486407995223999,
      0.1856844276189804
    ],
    [
      0.06658788025379181,
      0.8097256422042847,
      0.12368772178888321
    ],
    [
      0.07454845309257507,
      0.7945343852043152,
      0.13091742992401123
    ],
    [
      0.20309357345104218,
      0.5555110573768616,
      0.24139659106731415
    ],
    [
      0.4357772767543793,
      0.4506632089614868,
      0.1135593056678772
    ],
    [
      0.050881873816251755,
      0.6726477146148682,
      0.2764708399772644
    ],
    [
      0.03504303842782974,
      0.8987200856208801,
      0.06623739004135132
    ],
    [
      0.07873369008302689,
      0.5286065936088562,
      0.3926593065261841
    ],
    [
      0.6651650667190552,
      0.1792752891778946,
      0.15556080639362335
    ],
    [
      0.6886841654777527,
      0.26256436109542847,
      0.048752497881650925
    ],
    [
      0.5896725058555603,
      0.12011534720659256,
      0.2902120351791382
    ],
    [
      0.811843752861023,
      0.06811094284057617,
      0.12004535645246506
    ],
    [
      0.6680951714515686,
      0.2318827360868454,
      0.10002243518829346
    ],
    [
      0.10111481696367264,
      0.8836994171142578,
      0.015186077915132046
    ],
    [
      0.1674364060163498,
      0.5035715699195862,
      0.3289921283721924
    ],
    [
      0.06766269356012344,
      0.8011712431907654,
      0.13116613030433655
    ],
    [
      0.04076486825942993,
      0.632628858089447,
      0.3266064524650574
    ],
    [
      0.19525279104709625,
      0.6300210356712341,
      0.1747264415025711
    ],
    [
      0.06077634170651436,
      0.890195906162262,
      0.04902711510658264
    ],
    [
      0.19010433554649353,
      0.14357805252075195,
      0.6663188934326172
    ],
    [
      0.39591503143310547,
      0.12519297003746033,
      0.4788922667503357
    ],
    [
      0.4322661757469177,
      0.09822525829076767,
      0.4695090353488922
    ],
    [
      0.1591564565896988,
      0.1461874097585678,
      0.6946561932563782
    ],
    [
      0.8008968830108643,
      0.023588690906763077,
      0.1755135953426361
    ],
    [
      0.7190026044845581,
      0.21662196516990662,
      0.06437500566244125
    ],
    [
      0.4697543978691101,
      0.40259885787963867,
      0.12764647603034973
    ],
    [
      0.11479372531175613,
      0.4295116066932678,
      0.45569494366645813
    ],
    [
      0.04376813396811485,
      0.8740254640579224,
      0.08220590651035309
    ],
    [
      0.46224522590637207,
      0.39620059728622437,
      0.14155365526676178
    ],
    [
      0.10382845997810364,
      0.8651067018508911,
      0.031064828857779503
    ],
    [
      0.19511538743972778,
      0.663125216960907,
      0.14175981283187866
    ]
  ],