{
  "N": 112800,
  "usage": [
    0.3579048216342926,
    0.3943784236907959,
    0.24771670997142792
  ],
  "entropy_mean": 0.6222079992294312,
  "entropy_std": 0.2601583003997803,
  "top1_share": [
    0.3751950263977051,
    0.4070921838283539,
    0.21771275997161865
  ],
  "P_expert_given_class": [
    [
      0.6398608684539795,
      0.2474125176668167,
      0.11272669583559036
    ],
    [
      0.011675548739731312,
      0.9238935112953186,
      0.06443125754594803
    ],
    [
      0.10732132196426392,
      0.04245854541659355,
      0.8502195477485657
    ],
    [
      0.13425391912460327,
      0.44076040387153625,
      0.42498528957366943
    ],
    [
      0.20625950396060944,
      0.7268657088279724,
      0.06687462329864502
    ],
    [
      0.7313907742500305,
      0.21421198546886444,
      0.05439797788858414
    ],
    [
      0.36282071471214294,
      0.024730103090405464,
      0.6124491691589355
    ],
    [
      0.060728125274181366,
      0.869053840637207,
      0.07021726667881012
    ],
    [
      0.715527355670929,
      0.0750497356057167,
      0.2094224989414215
    ],
    [
      0.37867939472198486,
      0.6040315628051758,
      0.017288440838456154
    ],
    [
      0.40075817704200745,
      0.4575154185295105,
      0.14172576367855072
    ],
    [
      0.8059334754943848,
      0.0339580737054348,
      0.16010835766792297
    ],
    [
      0.6673562526702881,
      0.14111241698265076,
      0.19153185188770294
    ],
    [
      0.5944985151290894,
      0.1652114987373352,
      0.24029041826725006
    ],
    [
      0.8738757371902466,
      0.03670349344611168,
      0.08942046761512756
    ],
    [
      0.7894108295440674,
      0.1753382682800293,
      0.035250768065452576
    ],
    [
      0.7414772510528564,
      0.05709310993552208,
      0.20143041014671326
    ],
    [
      0.049770306795835495,
      0.8383975028991699,
      0.1118331253528595
    ],
    [
      0.0792752355337143,
      0.811933159828186,
      0.10879188776016235
    ],
    [
      0.22146376967430115,
      0.5328204035758972,
      0.2457161694765091
    ],
    [
      0.4137776494026184,
      0.39790329337120056,
      0.18831972777843475
    ],
    [
      0.025578180328011513,
      0.6996426582336426,
      0.2747787833213806
    ],
    [
      0.019141875207424164,
      0.9202044606208801,
      0.060653895139694214
    ],
    [
      0.026464315131306648,
      0.4558906555175781,
      0.5176439881324768
    ],
    [
      0.6701101064682007,
      0.21132135391235352,
      0.11856811493635178
    ],
    [
      0.6906993985176086,
      0.2661910057067871,
      0.04310980439186096
    ],
    [
      0.5737677216529846,
      0.04640127345919609,
      0.37983155250549316
    ],
    [
      0.8348007798194885,
      0.04802769795060158,
      0.11717230826616287
    ],
    [
      0.7027435898780823,
      0.17513947188854218,
      0.12211760133504868
    ],
    [
      0.09858615696430206,
      0.8909785151481628,
      0.010434441268444061
    ],
    [
      0.13392239809036255,
      0.4048630893230438,
      0.46121445298194885
    ],
    [
      0.045437008142471313,
      0.7954406142234802,
      0.15912210941314697
    ],
    [
      0.02239278145134449,
      0.38628441095352173,
      0.5913224220275879
    ],
    [
      0.18876659870147705,
      0.531338632106781,
      0.27989497780799866
    ],
    [
      0.09211470186710358,
      0.8589843511581421,
      0.048900753259658813
    ],
    [
      0.1721496433019638,
      0.08154260367155075,
      0.746306836605072
    ],
    [
      0.3583259880542755,
      0.07163142412900925,
      0.5700427293777466
    ],
    [
      0.2963534891605377,
      0.060750387609004974,
      0.6428961157798767
    ],
    [
      0.11963479220867157,
      0.08079012483358383,
      0.7995761632919312
    ],
    [
      0.8176450729370117,
      0.015502297319471836,
      0.16685207188129425
    ],
    [
      0.7516494989395142,
      0.19676879048347473,
      0.05158223584294319
    ],
    [
      0.4197041690349579,
      0.4388490915298462,
      0.1414460390806198
    ],
    [
      0.060596078634262085,
      0.35834649205207825,
      0.5810567140579224
    ],
    [
      0.026512254029512405,
      0.8246779441833496,
      0.14881017804145813
    ],
    [
      0.413392037153244,
      0.3547632396221161,
      0.23184451460838318
    ],
    [
      0.10383802652359009,
      0.8624265789985657,
      0.03373445197939873
    ],
    [
      0.17108841240406036,
      0.6825721263885498,
      0.1463392972946167
    ]
  ],