{
  "N": 112800,
  "usage": [
    0.36434656381607056,
    0.39482569694519043,
    0.240827739238739
  ],
  "entropy_mean": 0.6329994797706604,
  "entropy_std": 0.2584272623062134,
  "top1_share": [
    0.38261523842811584,
    0.4133155941963196,
    0.20406915247440338
  ],
  "P_expert_given_class": [
    [
      0.6406165957450867,
      0.2364482432603836,
      0.12293576449155807
    ],
    [
      0.012352063320577145,
      0.9016392230987549,
      0.08600850403308868
    ],
    [
      0.12457282841205597,
      0.05127473920583725,
      0.8241526484489441
    ],
    [
      0.13795356452465057,
      0.480111688375473,
      0.3819354772567749
    ],
    [
      0.20999981462955475,
      0.7097675800323486,
      0.08023228496313095
    ],
    [
      0.7398687601089478,
      0.19713445007801056,
      0.06299606710672379
    ],
    [
      0.3918038010597229,
      0.03198254480957985,
      0.576213538646698
    ],
    [
      0.054790668189525604,
      0.8784747123718262,
      0.06673496216535568
    ],
    [
      0.7173798084259033,
      0.07850611209869385,
      0.20411308109760284
    ],
    [
      0.3761470317840576,
      0.6029300689697266,
      0.020923268049955368
    ],
    [
      0.4359935522079468,
      0.41750460863113403,
      0.14650170505046844
    ],
    [
      0.8106884360313416,
      0.03559209406375885,
      0.15371903777122498
    ],
    [
      0.6852996945381165,
      0.12886275351047516,
      0.18583761155605316
    ],
    [
      0.5877460837364197,
      0.16956722736358643,
      0.24268676340579987
    ],
    [
      0.8912444114685059,
      0.02757900208234787,
      0.08117613941431046
    ],
    [
      0.7917776703834534,
      0.17174863815307617,
      0.03647339344024658
    ],
    [
      0.75433349609375,
      0.05151839926838875,
      0.19414760172367096
    ],
    [
      0.046356555074453354,
      0.8158568143844604,
      0.13778595626354218
    ],
    [
      0.08049846440553665,
      0.800234854221344,
      0.11926760524511337
    ],
    [
      0.22948099672794342,
      0.5127261281013489,
      0.2577928900718689
    ],
    [
      0.3960362374782562,
      0.4246700406074524,
      0.17929348349571228
    ],
    [
      0.03001396171748638,
      0.6868028044700623,
      0.2831825911998749
    ],
    [
      0.0145588843151927,
      0.9248034954071045,
      0.0606381855905056
    ],
    [
      0.02235070988535881,
      0.483071506023407,
      0.4945768713951111
    ],
    [
      0.6714915037155151,
      0.20732073485851288,
      0.12118735164403915
    ],
    [
      0.7156204581260681,
      0.24141913652420044,
      0.042961008846759796
    ],
    [
      0.5954545140266418,
      0.04593207687139511,
      0.3586128354072571
    ],
    [
      0.8238280415534973,
      0.04763351380825043,
      0.1285374015569687
    ],
    [
      0.7038604617118835,
      0.1547573357820511,
      0.14138273894786835
    ],
    [
      0.09736969321966171,
      0.8923934102058411,
      0.010237174108624458
    ],
    [
      0.15024787187576294,
      0.43738478422164917,
      0.4123668968677521
    ],
    [
      0.04700079932808876,
      0.8053774833679199,
      0.14762136340141296
    ],
    [
      0.022610070183873177,
      0.4315122365951538,
      0.5458771586418152
    ],
    [
      0.20104332268238068,
      0.5328788161277771,
      0.2660779654979706
    ],
    [
      0.09941209107637405,
      0.854265570640564,
      0.046322789043188095
    ],
    [
      0.19233231246471405,
      0.08746619522571564,
      0.7202010154724121
    ],
    [
      0.37100833654403687,
      0.0754501074552536,
      0.5535415410995483
    ],
    [
      0.32651153206825256,
      0.06973955780267715,
      0.6037483215332031
    ],
    [
      0.1367434561252594,
      0.08847860246896744,
      0.7747777104377747
    ],
    [
      0.8151816129684448,
      0.012942173518240452,
      0.17187508940696716
    ],
    [
      0.7493729591369629,
      0.19793280959129333,
      0.05269420146942139
    ],
    [
      0.4278447926044464,
      0.4349496066570282,
      0.13720564544200897
    ],
    [
      0.06386343389749527,
      0.38461530208587646,
      0.5515214800834656
    ],
    [
      0.025220852345228195,
      0.8388254046440125,
      0.1359541267156601
    ],
    [
      0.4251502752304077,
      0.35451292991638184,
      0.2203366905450821
    ],
    [
      0.10225731879472733,
      0.8650739789009094,
      0.032668039202690125
    ],
    [
      0.17899292707443237,
      0.6771377325057983,
      0.1438697874546051
    ]
  ],