{
  "N": 112800,
  "usage": [
    0.3710937798023224,
    0.41986727714538574,
    0.20903892815113068
  ],
  "entropy_mean": 0.6669201850891113,
  "entropy_std": 0.25190088152885437,
  "top1_share": [
    0.40927305817604065,
    0.43204787373542786,
    0.1586790829896927
  ],
  "P_expert_given_class": [
    [
      0.6450241208076477,
      0.21607482433319092,
      0.1389005482196808
    ],
    [
      0.013405214995145798,
      0.870094895362854,
      0.11650010198354721
    ],
    [
      0.14263956248760223,
      0.1011401116847992,
      0.7562205195426941
    ],
    [
      0.12185660004615784,
      0.609001874923706,
      0.2691422700881958
    ],
    [
      0.1810975968837738,
      0.7329870462417603,
      0.08591598272323608
    ],
    [
      0.6921380162239075,
      0.2551647126674652,
      0.052696630358695984
    ],
    [
      0.4367285668849945,
      0.05815362185239792,
      0.5051184892654419
    ],
    [
      0.04066561162471771,
      0.8917021751403809,
      0.0676325187087059
    ],
    [
      0.7312034368515015,
      0.10819794982671738,
      0.16059787571430206
    ],
    [
      0.3544904291629791,
      0.614081621170044,
      0.03142843022942543
    ],
    [
      0.5091481804847717,
      0.35345640778541565,
      0.13739588856697083
    ],
    [
      0.8311943411827087,
      0.04644995182752609,
      0.1223556399345398
    ],
    [
      0.6998284459114075,
      0.13298368453979492,
      0.16718710958957672
    ],
    [
      0.6397433876991272,
      0.17682453989982605,
      0.1834317445755005
    ],
    [
      0.8742144703865051,
      0.03420037403702736,
      0.09158550202846527
    ],
    [
      0.7406718730926514,
      0.21531525254249573,
      0.044011808931827545
    ],
    [
      0.7286990284919739,
      0.07691582292318344,
      0.19438505172729492
    ],
    [
      0.07095463573932648,
      0.8241720795631409,
      0.10487324744462967
    ],
    [
      0.07424168288707733,
      0.7917146682739258,
      0.13404378294944763
    ],
    [
      0.19975292682647705,
      0.552317202091217,
      0.2479298859834671
    ],
    [
      0.4392526149749756,
      0.44126537442207336,
      0.11948186159133911
    ],
    [
      0.04624451324343681,
      0.667872965335846,
      0.2858820855617523
    ],
    [
      0.03324801102280617,
      0.8994824290275574,
      0.06726967543363571
    ],
    [
      0.06850513815879822,
      0.5277376770973206,
      0.4037569761276245
    ],
    [
      0.6548290848731995,
      0.19151189923286438,
      0.15365839004516602
    ],
    [
      0.6867150664329529,
      0.26715242862701416,
      0.046131543815135956
    ],
    [
      0.5903527140617371,
      0.10649409145116806,
      0.30315375328063965
    ],
    [
      0.8072044849395752,
      0.06966494023799896,
      0.1231311559677124
    ],
    [
      0.6776148676872253,
      0.21389564871788025,
      0.1084902435541153
    ],
    [
      0.09175945073366165,
      0.8961393237113953,
      0.012102293781936169
    ],
    [
      0.1634785234928131,
      0.4973911643028259,
      0.3391299843788147
    ],
    [
      0.0644368827342987,
      0.814761757850647,
      0.12080201506614685
    ],
    [
      0.03931523486971855,
      0.6169986128807068,
      0.3436851501464844
    ],
    [
      0.20943142473697662,
      0.6069097518920898,
      0.18365901708602905
    ],
    [
      0.06628215312957764,
      0.8926456570625305,
      0.04107171297073364
    ],
    [
      0.18452659249305725,
      0.13936437666416168,
      0.676109254360199
    ],
    [
      0.39703133702278137,
      0.11933930963277817,
      0.4836293160915375
    ],
    [
      0.41585659980773926,
      0.09722191840410233,
      0.4869220554828644
    ],
    [
      0.1476731300354004,
      0.13942226767539978,
      0.7129037976264954
    ],
    [
      0.7994141578674316,
      0.021234778687357903,
      0.1793515831232071
    ],
    [
      0.7370057702064514,
      0.20184463262557983,
      0.061149515211582184
    ],
    [
      0.4759584665298462,
      0.39559832215309143,
      0.12844359874725342
    ],
    [
      0.11183485388755798,
      0.44714590907096863,
      0.44101929664611816
    ],
    [
      0.039417993277311325,
      0.8744637966156006,
      0.08611815422773361
    ],
    [
      0.46983078122138977,
      0.38216060400009155,
      0.1480085849761963
    ],
    [
      0.10528372973203659,
      0.8672216534614563,
      0.027494316920638084
    ],
    [
      0.19120541214942932,
      0.677873969078064,
      0.13092011213302612
    ]
  ],