{
  "N": 112800,
  "usage": [
    0.3612323999404907,
    0.396316260099411,
    0.24245133996009827
  ],
  "entropy_mean": 0.6239421367645264,
  "entropy_std": 0.26331469416618347,
  "top1_share": [
    0.37820035219192505,
    0.41081559658050537,
    0.2109840363264084
  ],
  "P_expert_given_class": [
    [
      0.6254643797874451,
      0.2683415710926056,
      0.10619387030601501
    ],
    [
      0.0115968007594347,
      0.9219337105751038,
      0.06646910309791565
    ],
    [
      0.11958904564380646,
      0.04089883714914322,
      0.8395127654075623
    ],
    [
      0.15558727085590363,
      0.4421975314617157,
      0.4022147059440613
    ],
    [
      0.19976282119750977,
      0.737665593624115,
      0.06257107853889465
    ],
    [
      0.7394861578941345,
      0.205723375082016,
      0.05478996783494949
    ],
    [
      0.39071762561798096,
      0.029144512489438057,
      0.5801383256912231
    ],
    [
      0.06211637333035469,
      0.8716720342636108,
      0.06621198356151581
    ],
    [
      0.7161239385604858,
      0.07718547433614731,
      0.20669101178646088
    ],
    [
      0.37870264053344727,
      0.6032984256744385,
      0.01799892447888851
    ],
    [
      0.40309804677963257,
      0.452353298664093,
      0.14454826712608337
    ],
    [
      0.807301938533783,
      0.037597037851810455,
      0.15510055422782898
    ],
    [
      0.6858148574829102,
      0.12486747652292252,
      0.18931794166564941
    ],
    [
      0.6087799668312073,
      0.16080912947654724,
      0.23041127622127533
    ],
    [
      0.8821079730987549,
      0.03224145993590355,
      0.08565007150173187
    ],
    [
      0.7969677448272705,
      0.16537155210971832,
      0.03766040876507759
    ],
    [
      0.7523936629295349,
      0.056855667382478714,
      0.1907500922679901
    ],
    [
      0.04981774091720581,
      0.8258710503578186,
      0.1243109479546547
    ],
    [
      0.0800374448299408,
      0.8109724521636963,
      0.10898985713720322
    ],
    [
      0.21961601078510284,
      0.5194610953330994,
      0.26092368364334106
    ],
    [
      0.39136195182800293,
      0.41124579310417175,
      0.1973923146724701
    ],
    [
      0.02919706329703331,
      0.6964091062545776,
      0.27439358830451965
    ],
    [
      0.018352041020989418,
      0.9303385615348816,
      0.051309552043676376
    ],
    [
      0.024592209607362747,
      0.45722225308418274,
      0.518185555934906
    ],
    [
      0.6540055274963379,
      0.2298293113708496,
      0.11616494506597519
    ],
    [
      0.7006466388702393,
      0.25293734669685364,
      0.04641629382967949
    ],
    [
      0.5954673290252686,
      0.042818427085876465,
      0.36171388626098633
    ],
    [
      0.8085387945175171,
      0.05539495497941971,
      0.13606636226177216
    ],
    [
      0.6991592049598694,
      0.16877691447734833,
      0.13206374645233154
    ],
    [
      0.09527060389518738,
      0.8943163156509399,
      0.010411803610622883
    ],
    [
      0.1441575586795807,
      0.42424824833869934,
      0.43159419298171997
    ],
    [
      0.04597292095422745,
      0.8096526861190796,
      0.1443738490343094
    ],
    [
      0.02333478070795536,
      0.3879053294658661,
      0.5887590050697327
    ],
    [
      0.19538971781730652,
      0.5564138889312744,
      0.24819587171077728
    ],
    [
      0.09030954539775848,
      0.868052065372467,
      0.041638944298028946
    ],
    [
      0.1896507292985916,
      0.08111249655485153,
      0.7292366027832031
    ],
    [
      0.35812273621559143,
      0.07172103971242905,
      0.5701553821563721
    ],
    [
      0.3249867558479309,
      0.06355869770050049,
      0.6114552617073059
    ],
    [
      0.13353633880615234,
      0.08928179740905762,
      0.7771812677383423
    ],
    [
      0.815956711769104,
      0.014106249436736107,
      0.1699373871088028
    ],
    [
      0.7496283650398254,
      0.19705982506275177,
      0.05331118404865265
    ],
    [
      0.42575693130493164,
      0.43167993426322937,
      0.14256344735622406
    ],
    [
      0.057359516620635986,
      0.3850744366645813,
      0.5575658679008484
    ],
    [
      0.02538791298866272,
      0.8270717263221741,
      0.1475411057472229
    ],
    [
      0.4209567904472351,
      0.34842178225517273,
      0.23062162101268768
    ],
    [
      0.09431800991296768,
      0.8720337748527527,
      0.03364906460046768
    ],
    [
      0.18142296373844147,
      0.6757184863090515,
      0.1428583711385727
    ]
  ],