{
  "N": 112800,
  "usage": [
    0.35756614804267883,
    0.3960336446762085,
    0.24640025198459625
  ],
  "entropy_mean": 0.6146188378334045,
  "entropy_std": 0.2665032148361206,
  "top1_share": [
    0.37277480959892273,
    0.41096630692481995,
    0.21625886857509613
  ],
  "P_expert_given_class": [
    [
      0.6157841682434082,
      0.25474274158477783,
      0.12947341799736023
    ],
    [
      0.012421377934515476,
      0.9250604510307312,
      0.06251829862594604
    ],
    [
      0.10827699303627014,
      0.03939076140522957,
      0.8523330688476562
    ],
    [
      0.15202419459819794,
      0.42777079343795776,
      0.42020538449287415
    ],
    [
      0.2137237787246704,
      0.72722327709198,
      0.05905204638838768
    ],
    [
      0.7592306137084961,
      0.1889762431383133,
      0.05179309472441673
    ],
    [
      0.3517279624938965,
      0.028745895251631737,
      0.619526207447052
    ],
    [
      0.05689458176493645,
      0.8866235613822937,
      0.0564814954996109
    ],
    [
      0.7215373516082764,
      0.07198988646268845,
      0.20647285878658295
    ],
    [
      0.3651205897331238,
      0.6195126175880432,
      0.015366379171609879
    ],
    [
      0.3892727792263031,
      0.4757697582244873,
      0.134957417845726
    ],
    [
      0.7983316779136658,
      0.0350959338247776,
      0.16657277941703796
    ],
    [
      0.6752698421478271,
      0.12623104453086853,
      0.19849935173988342
    ],
    [
      0.577770471572876,
      0.1718779057264328,
      0.2503509223461151
    ],
    [
      0.8873469829559326,
      0.030456434935331345,
      0.08219656348228455
    ],
    [
      0.7993857264518738,
      0.1693078875541687,
      0.03130711242556572
    ],
    [
      0.7496030926704407,
      0.05465886369347572,
      0.19573891162872314
    ],
    [
      0.041756849735975266,
      0.8538654446601868,
      0.10437755286693573
    ],
    [
      0.08459962159395218,
      0.8096109628677368,
      0.10578997433185577
    ],
    [
      0.212806835770607,
      0.5320243835449219,
      0.2551685571670532
    ],
    [
      0.38495609164237976,
      0.42156553268432617,
      0.19347871840000153
    ],
    [
      0.028032861649990082,
      0.6991270184516907,
      0.27283975481987
    ],
    [
      0.01795024611055851,
      0.9258101582527161,
      0.05623992159962654
    ],
    [
      0.023030739277601242,
      0.45989909768104553,
      0.5170705318450928
    ],
    [
      0.6550579071044922,
      0.21143116056919098,
      0.13351085782051086
    ],
    [
      0.7092733383178711,
      0.24610890448093414,
      0.044617995619773865
    ],
    [
      0.5832000970840454,
      0.04965393245220184,
      0.36714592576026917
    ],
    [
      0.8291469812393188,
      0.04998156428337097,
      0.12087132781744003
    ],
    [
      0.7147257328033447,
      0.15802322328090668,
      0.12725135684013367
    ],
    [
      0.08217484503984451,
      0.9090958833694458,
      0.008729871362447739
    ],
    [
      0.13735657930374146,
      0.4009932577610016,
      0.46164992451667786
    ],
    [
      0.047251783311367035,
      0.7801511287689209,
      0.17259681224822998
    ],
    [
      0.021933462470769882,
      0.405021995306015,
      0.5730448961257935
    ],
    [
      0.1911243200302124,
      0.540529191493988,
      0.26834651827812195
    ],
    [
      0.09804601967334747,
      0.8551955223083496,
      0.046758733689785004
    ],
    [
      0.1729246973991394,
      0.0731177106499672,
      0.7539570927619934
    ],
    [
      0.3719724416732788,
      0.07044404000043869,
      0.5575841069221497
    ],
    [
      0.2848092019557953,
      0.06584738194942474,
      0.6493427753448486
    ],
    [
      0.1188330352306366,
      0.07796847820281982,
      0.8031976222991943
    ],
    [
      0.8309025168418884,
      0.014648434706032276,
      0.15444864332675934
    ],
    [
      0.7489145398139954,
      0.20401495695114136,
      0.04707043245434761
    ],
    [
      0.4156803786754608,
      0.444478303194046,
      0.1398419588804245
    ],
    [
      0.05661056563258171,
      0.36573728919029236,
      0.5776514410972595
    ],
    [
      0.027131017297506332,
      0.8335094451904297,
      0.13935935497283936
    ],
    [
      0.4120313823223114,
      0.35753899812698364,
      0.23042988777160645
    ],
    [
      0.09671173244714737,
      0.8711946606636047,
      0.032093923538923264
    ],
    [
      0.17294169962406158,
      0.6935579180717468,
      0.1335001289844513
    ]
  ],