{
  "N": 112800,
  "usage": [
    0.36909255385398865,
    0.4126049876213074,
    0.21830245852470398
  ],
  "entropy_mean": 0.6622328162193298,
  "entropy_std": 0.2515966296195984,
  "top1_share": [
    0.40193262696266174,
    0.42615246772766113,
    0.17191489040851593
  ],
  "P_expert_given_class": [
    [
      0.6539485454559326,
      0.21868130564689636,
      0.12737050652503967
    ],
    [
      0.01203075610101223,
      0.8732465505599976,
      0.11472352594137192
    ],
    [
      0.14600098133087158,
      0.09058108925819397,
      0.7634173631668091
    ],
    [
      0.1251399666070938,
      0.583120584487915,
      0.29173946380615234
    ],
    [
      0.20229162275791168,
      0.7164166569709778,
      0.081291064620018
    ],
    [
      0.6950345039367676,
      0.25067201256752014,
      0.05429365113377571
    ],
    [
      0.4204232394695282,
      0.04940280318260193,
      0.5301737785339355
    ],
    [
      0.046840324997901917,
      0.8816261887550354,
      0.07153242081403732
    ],
    [
      0.7152527570724487,
      0.108969546854496,
      0.17577806115150452
    ],
    [
      0.35831761360168457,
      0.6131998300552368,
      0.028482235968112946
    ],
    [
      0.4809004068374634,
      0.36588382720947266,
      0.15321563184261322
    ],
    [
      0.8257971405982971,
      0.04325421154499054,
      0.1309484839439392
    ],
    [
      0.6974753737449646,
      0.12968119978904724,
      0.17284327745437622
    ],
    [
      0.646405041217804,
      0.1673915684223175,
      0.186203733086586
    ],
    [
      0.8654783368110657,
      0.03324400633573532,
      0.1012774184346199
    ],
    [
      0.7505549192428589,
      0.20752203464508057,
      0.041923921555280685
    ],
    [
      0.7398228645324707,
      0.07284534722566605,
      0.18733219802379608
    ],
    [
      0.07465626299381256,
      0.8049896359443665,
      0.1203542947769165
    ],
    [
      0.07323016971349716,
      0.7935488820075989,
      0.13322225213050842
    ],
    [
      0.20659239590168,
      0.5355414748191833,
      0.2578665018081665
    ],
    [
      0.45029449462890625,
      0.40283432602882385,
      0.14687120914459229
    ],
    [
      0.0420871302485466,
      0.6639842391014099,
      0.29392924904823303
    ],
    [
      0.024747084826231003,
      0.9101604223251343,
      0.0650915578007698
    ],
    [
      0.047375839203596115,
      0.5218023657798767,
      0.4308226406574249
    ],
    [
      0.6634350419044495,
      0.19342580437660217,
      0.14313910901546478
    ],
    [
      0.7157684564590454,
      0.238047793507576,
      0.04618323594331741
    ],
    [
      0.5916205644607544,
      0.09074649959802628,
      0.3176332116127014
    ],
    [
      0.8018823862075806,
      0.06506996601819992,
      0.1330483853816986
    ],
    [
      0.6894462704658508,
      0.19524013996124268,
      0.1153142899274826
    ],
    [
      0.08600927889347076,
      0.9027208685874939,
      0.01126968115568161
    ],
    [
      0.16923432052135468,
      0.46915650367736816,
      0.3616088926792145
    ],
    [
      0.060877665877342224,
      0.8175399303436279,
      0.12158145755529404
    ],
    [
      0.03787674754858017,
      0.5632526874542236,
      0.39887091517448425
    ],
    [
      0.20301364362239838,
      0.6042797565460205,
      0.1927066594362259
    ],
    [
      0.07759413123130798,
      0.882209062576294,
      0.04019733890891075
    ],
    [
      0.2092048078775406,
      0.12717044353485107,
      0.6636256575584412
    ],
    [
      0.37857410311698914,
      0.1105475127696991,
      0.5108789801597595
    ],
    [
      0.37951770424842834,
      0.09661945700645447,
      0.5238626003265381
    ],
    [
      0.13962014019489288,
      0.11627422273159027,
      0.7441057562828064
    ],
    [
      0.806064784526825,
      0.018210383132100105,
      0.175724595785141
    ],
    [
      0.7319977283477783,
      0.209091916680336,
      0.05891070142388344
    ],
    [
      0.45239725708961487,
      0.4131045639514923,
      0.13449826836585999
    ],
    [
      0.08933033794164658,
      0.4503108263015747,
      0.4603583812713623
    ],
    [
      0.03177935257554054,
      0.8626269698143005,
      0.10559339076280594
    ],
    [
      0.44773438572883606,
      0.3805656433105469,
      0.1716998666524887
    ],
    [
      0.09193476289510727,
      0.8763207793235779,
      0.03174426779150963
    ],
    [
      0.19174212217330933,
      0.6713003516197205,
      0.13695737719535828
    ]
  ],