{
  "N": 112800,
  "usage": [
    0.3709505796432495,
    0.43031907081604004,
    0.19873036444187164
  ],
  "entropy_mean": 0.6742940545082092,
  "entropy_std": 0.252421110868454,
  "top1_share": [
    0.4128546118736267,
    0.43875887989997864,
    0.14838652312755585
  ],
  "P_expert_given_class": [
    [
      0.6513321399688721,
      0.21024969220161438,
      0.1384178102016449
    ],
    [
      0.014580843970179558,
      0.8763990998268127,
      0.10902142524719238
    ],
    [
      0.16390542685985565,
      0.11719466000795364,
      0.7188997268676758
    ],
    [
      0.09906873852014542,
      0.6619309186935425,
      0.23900072276592255
    ],
    [
      0.17660924792289734,
      0.7059332132339478,
      0.11745769530534744
    ],
    [
      0.6708214282989502,
      0.28964605927467346,
      0.03953256458044052
    ],
    [
      0.45453181862831116,
      0.06813785433769226,
      0.47732970118522644
    ],
    [
      0.03736451640725136,
      0.8926178216934204,
      0.07001898437738419
    ],
    [
      0.7364503145217896,
      0.12870021164417267,
      0.13484960794448853
    ],
    [
      0.3411756455898285,
      0.6197443008422852,
      0.03907981887459755
    ],
    [
      0.5024490356445312,
      0.34768450260162354,
      0.14986594021320343
    ],
    [
      0.8239354491233826,
      0.06256186217069626,
      0.11350340396165848
    ],
    [
      0.7113499045372009,
      0.13387681543827057,
      0.1547728180885315
    ],
    [
      0.6507998704910278,
      0.19673454761505127,
      0.15246590971946716
    ],
    [
      0.8746839165687561,
      0.03973367437720299,
      0.08558185398578644
    ],
    [
      0.7144516706466675,
      0.23945358395576477,
      0.046094950288534164
    ],
    [
      0.7185015678405762,
      0.09270171821117401,
      0.1887967884540558
    ],
    [
      0.06538130342960358,
      0.827551007270813,
      0.1070670410990715
    ],
    [
      0.0767890140414238,
      0.7956298589706421,
      0.12758032977581024
    ],
    [
      0.20367763936519623,
      0.5721782445907593,
      0.22414405643939972
    ],
    [
      0.4332568943500519,
      0.46528545022010803,
      0.10145754367113113
    ],
    [
      0.05658421665430069,
      0.6749299764633179,
      0.26848575472831726
    ],
    [
      0.03837815672159195,
      0.8976054787635803,
      0.0640164315700531
    ],
    [
      0.09703278541564941,
      0.5481786131858826,
      0.354789137840271
    ],
    [
      0.6581655144691467,
      0.18690119683742523,
      0.15493373572826385
    ],
    [
      0.655849277973175,
      0.2971225380897522,
      0.04702920839190483
    ],
    [
      0.5669916868209839,
      0.1369352787733078,
      0.2960737347602844
    ],
    [
      0.8006009459495544,
      0.07381796091794968,
      0.1255805939435959
    ],
    [
      0.6772092580795288,
      0.24163199961185455,
      0.08115769922733307
    ],
    [
      0.08882122486829758,
      0.8984523415565491,
      0.012727132998406887
    ],
    [
      0.18655070662498474,
      0.49200448393821716,
      0.3214448392391205
    ],
    [
      0.07419263571500778,
      0.7891825437545776,
      0.13662371039390564
    ],
    [
      0.04634557291865349,
      0.6460654735565186,
      0.3075893819332123
    ],
    [
      0.2092423141002655,
      0.633676290512085,
      0.15708139538764954
    ],
    [
      0.05572398379445076,
      0.8903425335884094,
      0.05393315479159355
    ],
    [
      0.18925261497497559,
      0.14096523821353912,
      0.6697826385498047
    ],
    [
      0.4061642587184906,
      0.1314619928598404,
      0.4623737633228302
    ],
    [
      0.4419744908809662,
      0.10508512705564499,
      0.45294031500816345
    ],
    [
      0.17186106741428375,
      0.15357962250709534,
      0.674558699131012
    ],
    [
      0.7980243563652039,
      0.025903036817908287,
      0.17607268691062927
    ],
    [
      0.705095112323761,
      0.22847707569599152,
      0.06642773002386093
    ],
    [
      0.4686732590198517,
      0.4095398187637329,
      0.12178705632686615
    ],
    [
      0.1252772957086563,
      0.45288771390914917,
      0.4218355715274811
    ],
    [
      0.043149255216121674,
      0.8861675262451172,
      0.07068383693695068
    ],
    [
      0.46884724497795105,
      0.39515572786331177,
      0.13599680364131927
    ],
    [
      0.09378547966480255,
      0.8779215216636658,
      0.02829304151237011
    ],
    [
      0.18976612389087677,
      0.6670640110969543,
      0.14316917955875397
    ]
  ],