{
  "N": 112800,
  "usage": [
    0.36084774136543274,
    0.3969147205352783,
    0.24223750829696655
  ],
  "entropy_mean": 0.6318555474281311,
  "entropy_std": 0.26044875383377075,
  "top1_share": [
    0.3787499964237213,
    0.4124911427497864,
    0.2087588608264923
  ],
  "P_expert_given_class": [
    [
      0.6179261207580566,
      0.2655459940433502,
      0.11652743071317673
    ],
    [
      0.011258229613304138,
      0.9117398262023926,
      0.07700178027153015
    ],
    [
      0.12093720585107803,
      0.04402259364724159,
      0.8350410461425781
    ],
    [
      0.13162076473236084,
      0.4480264186859131,
      0.42035290598869324
    ],
    [
      0.21199366450309753,
      0.7171135544776917,
      0.07089255750179291
    ],
    [
      0.730451226234436,
      0.20790928602218628,
      0.061639454215765
    ],
    [
      0.3773048520088196,
      0.03073129989206791,
      0.59196537733078
    ],
    [
      0.057647865265607834,
      0.8698949217796326,
      0.07245765626430511
    ],
    [
      0.7102845311164856,
      0.08168837428092957,
      0.2080262452363968
    ],
    [
      0.3579307496547699,
      0.6244668364524841,
      0.017602812498807907
    ],
    [
      0.41318321228027344,
      0.4474642872810364,
      0.1393538862466812
    ],
    [
      0.805223822593689,
      0.04124264419078827,
      0.15353327989578247
    ],
    [
      0.6916101574897766,
      0.13156001269817352,
      0.176829531788826
    ],
    [
      0.5911253690719604,
      0.17629282176494598,
      0.23258158564567566
    ],
    [
      0.8872467279434204,
      0.030761925503611565,
      0.08199071139097214
    ],
    [
      0.7880265712738037,
      0.17557042837142944,
      0.036402951925992966
    ],
    [
      0.7391776442527771,
      0.05862009525299072,
      0.20220205187797546
    ],
    [
      0.05422598496079445,
      0.8208085298538208,
      0.12496601045131683
    ],
    [
      0.08081521838903427,
      0.8072429895401001,
      0.11194238066673279
    ],
    [
      0.21815842390060425,
      0.5200519561767578,
      0.2617892622947693
    ],
    [
      0.39432579278945923,
      0.40771734714508057,
      0.19795680046081543
    ],
    [
      0.030792992562055588,
      0.6929436326026917,
      0.2762625515460968
    ],
    [
      0.016361262649297714,
      0.920842707157135,
      0.06279686838388443
    ],
    [
      0.023473292589187622,
      0.4679846167564392,
      0.5085421800613403
    ],
    [
      0.6488352417945862,
      0.2323913276195526,
      0.1187734603881836
    ],
    [
      0.7061097025871277,
      0.2501722574234009,
      0.04371758922934532
    ],
    [
      0.6018707156181335,
      0.05303388461470604,
      0.34509554505348206
    ],
    [
      0.8228445649147034,
      0.05081471428275108,
      0.12634070217609406
    ],
    [
      0.6926877498626709,
      0.165350541472435,
      0.14196164906024933
    ],
    [
      0.0967545434832573,
      0.8932681083679199,
      0.009977113455533981
    ],
    [
      0.1502184420824051,
      0.41540640592575073,
      0.43437525629997253
    ],
    [
      0.04651616886258125,
      0.8078567981719971,
      0.14562822878360748
    ],
    [
      0.02334859035909176,
      0.412061482667923,
      0.5645902156829834
    ],
    [
      0.21381939947605133,
      0.5245249271392822,
      0.26165536046028137
    ],
    [
      0.09375102072954178,
      0.8632586598396301,
      0.04299023374915123
    ],
    [
      0.19203265011310577,
      0.0750044658780098,
      0.7329620122909546
    ],
    [
      0.35855910181999207,
      0.07903853803873062,
      0.5624021291732788
    ],
    [
      0.32934266328811646,
      0.06688236445188522,
      0.6037737131118774
    ],
    [
      0.13092438876628876,
      0.08783265948295593,
      0.7812425494194031
    ],
    [
      0.8288764357566833,
      0.014045038260519505,
      0.15707789361476898
    ],
    [
      0.7437528967857361,
      0.20377685129642487,
      0.05247054994106293
    ],
    [
      0.4198349118232727,
      0.43733569979667664,
      0.142830029129982
    ],
    [
      0.0657588541507721,
      0.3879183232784271,
      0.5463231205940247
    ],
    [
      0.02668485976755619,
      0.8345044851303101,
      0.13880985975265503
    ],
    [
      0.4144033193588257,
      0.3611390292644501,
      0.2244570404291153
    ],
    [
      0.10304592549800873,
      0.8665937185287476,
      0.03036060929298401
    ],
    [
      0.1887674182653427,
      0.6725426912307739,
      0.1386897712945938
    ]
  ],