{
  "N": 112800,
  "usage": [
    0.3607277572154999,
    0.3987814784049988,
    0.24049077928066254
  ],
  "entropy_mean": 0.6418015360832214,
  "entropy_std": 0.25696003437042236,
  "top1_share": [
    0.38018617033958435,
    0.4168882966041565,
    0.20292553305625916
  ],
  "P_expert_given_class": [
    [
      0.6247951984405518,
      0.25043877959251404,
      0.1247655376791954
    ],
    [
      0.015479505993425846,
      0.8904709815979004,
      0.09404999762773514
    ],
    [
      0.11792220920324326,
      0.05980554595589638,
      0.8222720623016357
    ],
    [
      0.1386694461107254,
      0.46655339002609253,
      0.39477771520614624
    ],
    [
      0.21475674211978912,
      0.7179996967315674,
      0.06724324077367783
    ],
    [
      0.7191417217254639,
      0.22141583263874054,
      0.05944296345114708
    ],
    [
      0.3763571083545685,
      0.03307850658893585,
      0.5905640125274658
    ],
    [
      0.058901939541101456,
      0.8717682957649231,
      0.06932951509952545
    ],
    [
      0.7090967893600464,
      0.08878250420093536,
      0.20212030410766602
    ],
    [
      0.36988565325737,
      0.611596941947937,
      0.018517382442951202
    ],
    [
      0.4329497218132019,
      0.41965627670288086,
      0.14739397168159485
    ],
    [
      0.8062357306480408,
      0.038686469197273254,
      0.15507808327674866
    ],
    [
      0.670950710773468,
      0.13454337418079376,
      0.19450588524341583
    ],
    [
      0.5707721710205078,
      0.1838715821504593,
      0.2453562617301941
    ],
    [
      0.8798903226852417,
      0.02621743641793728,
      0.09389225393533707
    ],
    [
      0.7887065410614014,
      0.17268286645412445,
      0.038610488176345825
    ],
    [
      0.7247024774551392,
      0.060104891657829285,
      0.2151925414800644
    ],
    [
      0.05549384281039238,
      0.8207242488861084,
      0.12378226965665817
    ],
    [
      0.07939422130584717,
      0.7992648482322693,
      0.12134116142988205
    ],
    [
      0.21686506271362305,
      0.5176800489425659,
      0.2654547393321991
    ],
    [
      0.40091925859451294,
      0.4163440763950348,
      0.1827363222837448
    ],
    [
      0.03217869997024536,
      0.6744986176490784,
      0.2933225631713867
    ],
    [
      0.016355426982045174,
      0.9220651984214783,
      0.06157945096492767
    ],
    [
      0.02773556113243103,
      0.4985860288143158,
      0.47367745637893677
    ],
    [
      0.654882550239563,
      0.21781572699546814,
      0.12730200588703156
    ],
    [
      0.7243306040763855,
      0.22874709963798523,
      0.046922385692596436
    ],
    [
      0.5850566029548645,
      0.05414305254817009,
      0.36080002784729004
    ],
    [
      0.8134788274765015,
      0.05192162096500397,
      0.13459978997707367
    ],
    [
      0.6823291778564453,
      0.18262116611003876,
      0.1350489854812622
    ],
    [
      0.10095726698637009,
      0.887846052646637,
      0.011196729727089405
    ],
    [
      0.14778442680835724,
      0.44234248995780945,
      0.4098731279373169
    ],
    [
      0.052129149436950684,
      0.7970414757728577,
      0.15082888305187225
    ],
    [
      0.027718760073184967,
      0.4470296800136566,
      0.525251030921936
    ],
    [
      0.19514068961143494,
      0.5402337908744812,
      0.26462626457214355
    ],
    [
      0.10094418376684189,
      0.8523960709571838,
      0.04665859416127205
    ],
    [
      0.18994836509227753,
      0.094944529235363,
      0.7151069641113281
    ],
    [
      0.3655446171760559,
      0.08171100914478302,
      0.5527437329292297
    ],
    [
      0.3296578824520111,
      0.07294794172048569,
      0.5973941683769226
    ],
    [
      0.12895548343658447,
      0.09111935645341873,
      0.7799248099327087
    ],
    [
      0.8134585022926331,
      0.013448839075863361,
      0.17309357225894928
    ],
    [
      0.749325692653656,
      0.19572840631008148,
      0.05494661256670952
    ],
    [
      0.4260707199573517,
      0.4471336305141449,
      0.1267949640750885
    ],
    [
      0.06997652351856232,
      0.4067465662956238,
      0.5232771039009094
    ],
    [
      0.024897420778870583,
      0.8455010652542114,
      0.12960125505924225
    ],
    [
      0.4236030876636505,
      0.36502206325531006,
      0.21137459576129913
    ],
    [
      0.10564767569303513,
      0.8610703349113464,
      0.033282507210969925
    ],
    [
      0.19420935213565826,
      0.6683814525604248,
      0.1374090313911438
    ]
  ],