{
  "N": 112800,
  "usage": [
    0.3636627793312073,
    0.4763447344303131,
    0.1599925011396408
  ],
  "entropy_mean": 0.6621633768081665,
  "entropy_std": 0.26836925745010376,
  "top1_share": [
    0.40643617510795593,
    0.47264185547828674,
    0.12092198431491852
  ],
  "P_expert_given_class": [
    [
      0.617709219455719,
      0.26728731393814087,
      0.115003801882267
    ],
    [
      0.01612996682524681,
      0.9002583026885986,
      0.08361170440912247
    ],
    [
      0.21337023377418518,
      0.15037298202514648,
      0.6362563371658325
    ],
    [
      0.10290738940238953,
      0.759830117225647,
      0.13726264238357544
    ],
    [
      0.13684625923633575,
      0.782745897769928,
      0.08040870726108551
    ],
    [
      0.607929527759552,
      0.36632344126701355,
      0.025748342275619507
    ],
    [
      0.4602133631706238,
      0.10255720466375351,
      0.43722885847091675
    ],
    [
      0.042383771389722824,
      0.9001623392105103,
      0.05745320022106171
    ],
    [
      0.6994999051094055,
      0.20291176438331604,
      0.09758856892585754
    ],
    [
      0.34119346737861633,
      0.619698166847229,
      0.039107609540224075
    ],
    [
      0.5008803606033325,
      0.3886100947856903,
      0.11050940304994583
    ],
    [
      0.7858250737190247,
      0.12000226229429245,
      0.09417218714952469
    ],
    [
      0.7103024125099182,
      0.16701069474220276,
      0.12268579751253128
    ],
    [
      0.6316011548042297,
      0.2633780539035797,
      0.10502029955387115
    ],
    [
      0.8814007639884949,
      0.05909249559044838,
      0.05950631573796272
    ],
    [
      0.665191113948822,
      0.3009714186191559,
      0.03383776918053627
    ],
    [
      0.721234142780304,
      0.13360688090324402,
      0.14515897631645203
    ],
    [
      0.05694582685828209,
      0.8813062310218811,
      0.06174727901816368
    ],
    [
      0.07942914962768555,
      0.8252039551734924,
      0.09536736458539963
    ],
    [
      0.19109882414340973,
      0.6478830575942993,
      0.1610180288553238
    ],
    [
      0.41761648654937744,
      0.524480938911438,
      0.05790259689092636
    ],
    [
      0.06193414703011513,
      0.7013856768608093,
      0.23667946457862854
    ],
    [
      0.04497307911515236,
      0.8984333276748657,
      0.05659250169992447
    ],
    [
      0.10510100424289703,
      0.6376895904541016,
      0.25720903277397156
    ],
    [
      0.6151979565620422,
      0.24889467656612396,
      0.13590769469738007
    ],
    [
      0.5761680603027344,
      0.38826388120651245,
      0.03556826338171959
    ],
    [
      0.5697846412658691,
      0.21620623767375946,
      0.21400901675224304
    ],
    [
      0.7729452252388,
      0.13216082751750946,
      0.09489384293556213
    ],
    [
      0.6231818199157715,
      0.3192233741283417,
      0.05759461224079132
    ],
    [
      0.09010656923055649,
      0.9012224078178406,
      0.008670504204928875
    ],
    [
      0.1653079390525818,
      0.5327855348587036,
      0.30190691351890564
    ],
    [
      0.07208851724863052,
      0.8146786689758301,
      0.11323277652263641
    ],
    [
      0.05306011065840721,
      0.6897801756858826,
      0.257159948348999
    ],
    [
      0.2207939475774765,
      0.7057574987411499,
      0.07344894111156464
    ],
    [
      0.04924698919057846,
      0.9105323553085327,
      0.04022045060992241
    ],
    [
      0.21163222193717957,
      0.1540808081626892,
      0.6342882513999939
    ],
    [
      0.42177465558052063,
      0.17893001437187195,
      0.39929571747779846
    ],
    [
      0.45246008038520813,
      0.15175122022628784,
      0.39578908681869507
    ],
    [
      0.22285893559455872,
      0.19636066257953644,
      0.5807794332504272
    ],
    [
      0.805621325969696,
      0.0542369969189167,
      0.14014184474945068
    ],
    [
      0.6457038521766663,
      0.30753734707832336,
      0.04675846919417381
    ],
    [
      0.4709022641181946,
      0.4209912121295929,
      0.10810646414756775
    ],
    [
      0.17421777546405792,
      0.5146226286888123,
      0.3111601769924164
    ],
    [
      0.04874134808778763,
      0.9078514575958252,
      0.043406467884778976
    ],
    [
      0.4635523855686188,
      0.42388397455215454,
      0.11256469786167145
    ],
    [
      0.10015816986560822,
      0.8793442845344543,
      0.02049773931503296
    ],
    [
      0.17492809891700745,
      0.7379023432731628,
      0.0871691182255745
    ]
  ],