{
  "N": 112800,
  "usage": [
    0.3698490262031555,
    0.4124356806278229,
    0.217715322971344
  ],
  "entropy_mean": 0.6637611985206604,
  "entropy_std": 0.2536694407463074,
  "top1_share": [
    0.4028812050819397,
    0.42635637521743774,
    0.17076240479946136
  ],
  "P_expert_given_class": [
    [
      0.6597083806991577,
      0.20739895105361938,
      0.1328931450843811
    ],
    [
      0.01321695651859045,
      0.8740410208702087,
      0.1127423569560051
    ],
    [
      0.15082846581935883,
      0.0888015553355217,
      0.7603697180747986
    ],
    [
      0.13456733524799347,
      0.5852732062339783,
      0.2801600396633148
    ],
    [
      0.1897902637720108,
      0.7236728072166443,
      0.08653642982244492
    ],
    [
      0.6922882795333862,
      0.25285881757736206,
      0.054852601140737534
    ],
    [
      0.4242077171802521,
      0.05133699253201485,
      0.524455189704895
    ],
    [
      0.04813465476036072,
      0.878567099571228,
      0.07329846918582916
    ],
    [
      0.731825053691864,
      0.10006992518901825,
      0.16810525953769684
    ],
    [
      0.3547045588493347,
      0.6141300201416016,
      0.031164662912487984
    ],
    [
      0.49242356419563293,
      0.35363253951072693,
      0.1539437621831894
    ],
    [
      0.8271291851997375,
      0.044283099472522736,
      0.12858784198760986
    ],
    [
      0.7041578888893127,
      0.11984798312187195,
      0.17599400877952576
    ],
    [
      0.6335870027542114,
      0.17189359664916992,
      0.1945190578699112
    ],
    [
      0.8645657300949097,
      0.032236430794000626,
      0.10319805145263672
    ],
    [
      0.7461075782775879,
      0.2101827710866928,
      0.043708864599466324
    ],
    [
      0.7213408946990967,
      0.07475797832012177,
      0.20390118658542633
    ],
    [
      0.07235591858625412,
      0.8138713836669922,
      0.11377249658107758
    ],
    [
      0.07456409186124802,
      0.7953990697860718,
      0.13003705441951752
    ],
    [
      0.20566874742507935,
      0.5453998446464539,
      0.248930886387825
    ],
    [
      0.4406859278678894,
      0.41739988327026367,
      0.14191386103630066
    ],
    [
      0.048101115971803665,
      0.6636552214622498,
      0.2882429361343384
    ],
    [
      0.020667709410190582,
      0.9144992232322693,
      0.06483355164527893
    ],
    [
      0.04817291721701622,
      0.5275112390518188,
      0.4243156313896179
    ],
    [
      0.6713585257530212,
      0.18065491318702698,
      0.14798608422279358
    ],
    [
      0.7083234190940857,
      0.24288329482078552,
      0.04879345744848251
    ],
    [
      0.578194260597229,
      0.09649026393890381,
      0.32531556487083435
    ],
    [
      0.7962293028831482,
      0.06843452155590057,
      0.1353360414505005
    ],
    [
      0.6926741600036621,
      0.19528676569461823,
      0.11203832179307938
    ],
    [
      0.0916283130645752,
      0.8967614769935608,
      0.011609788052737713
    ],
    [
      0.16844287514686584,
      0.47818872332572937,
      0.35336774587631226
    ],
    [
      0.057018179446458817,
      0.8221958875656128,
      0.12078497558832169
    ],
    [
      0.037667907774448395,
      0.5910284519195557,
      0.3713034689426422
    ],
    [
      0.2028437703847885,
      0.5851340293884277,
      0.21202175319194794
    ],
    [
      0.0677599087357521,
      0.8895648121833801,
      0.042675215750932693
    ],
    [
      0.20248420536518097,
      0.11589659005403519,
      0.6816190481185913
    ],
    [
      0.3731951117515564,
      0.11144208163022995,
      0.515362560749054
    ],
    [
      0.39368438720703125,
      0.08865350484848022,
      0.5176611542701721
    ],
    [
      0.14837650954723358,
      0.12061009556055069,
      0.7310135364532471
    ],
    [
      0.8022071123123169,
      0.017739687114953995,
      0.18005342781543732
    ],
    [
      0.7321019768714905,
      0.20751287043094635,
      0.060384586453437805
    ],
    [
      0.468117892742157,
      0.39709585905075073,
      0.134786456823349
    ],
    [
      0.10144079476594925,
      0.43657103180885315,
      0.4619886875152588
    ],
    [
      0.03196451812982559,
      0.8696885108947754,
      0.09834645688533783
    ],
    [
      0.4625864624977112,
      0.3724178969860077,
      0.16499540209770203
    ],
    [
      0.09855843335390091,
      0.8704171776771545,
      0.031024418771266937
    ],
    [
      0.19724418222904205,
      0.6690821051597595,
      0.13367299735546112
    ]
  ],