{
  "N": 112800,
  "usage": [
    0.3710152208805084,
    0.44297218322753906,
    0.18601258099079132
  ],
  "entropy_mean": 0.6754738688468933,
  "entropy_std": 0.25535398721694946,
  "top1_share": [
    0.4125620424747467,
    0.4479787349700928,
    0.13945922255516052
  ],
  "P_expert_given_class": [
    [
      0.6365662217140198,
      0.2301216423511505,
      0.13331197202205658
    ],
    [
      0.014741905964910984,
      0.8853723406791687,
      0.09988654404878616
    ],
    [
      0.19037650525569916,
      0.12251846492290497,
      0.6871041059494019
    ],
    [
      0.10345044732093811,
      0.7062903046607971,
      0.19025935232639313
    ],
    [
      0.15638084709644318,
      0.7361849546432495,
      0.10743477195501328
    ],
    [
      0.6622288227081299,
      0.3039804995059967,
      0.0337909460067749
    ],
    [
      0.4511490762233734,
      0.07647582143545151,
      0.47237497568130493
    ],
    [
      0.037877656519412994,
      0.9004911184310913,
      0.06163216754794121
    ],
    [
      0.7279573678970337,
      0.14903289079666138,
      0.12301032990217209
    ],
    [
      0.3296423554420471,
      0.6309041976928711,
      0.03945313021540642
    ],
    [
      0.4936894178390503,
      0.3671105206012726,
      0.13920088112354279
    ],
    [
      0.8066310882568359,
      0.08183228224515915,
      0.1115366518497467
    ],
    [
      0.7154969573020935,
      0.13660040497779846,
      0.1479029357433319
    ],
    [
      0.6420731544494629,
      0.21918678283691406,
      0.13874110579490662
    ],
    [
      0.8783007860183716,
      0.04230770841240883,
      0.07939089089632034
    ],
    [
      0.6971915364265442,
      0.2602607011795044,
      0.04254860058426857
    ],
    [
      0.7245513796806335,
      0.10188949108123779,
      0.17355948686599731
    ],
    [
      0.06950443983078003,
      0.844151496887207,
      0.08634284883737564
    ],
    [
      0.07917671650648117,
      0.8076457977294922,
      0.11317704617977142
    ],
    [
      0.2077905833721161,
      0.5867370367050171,
      0.2054726630449295
    ],
    [
      0.4584048390388489,
      0.460506796836853,
      0.08108833432197571
    ],
    [
      0.06396209448575974,
      0.6793051958084106,
      0.25673243403434753
    ],
    [
      0.04885457828640938,
      0.888727605342865,
      0.06241888180375099
    ],
    [
      0.10606694221496582,
      0.5881713628768921,
      0.3057614266872406
    ],
    [
      0.6371043920516968,
      0.2099321484565735,
      0.1529635637998581
    ],
    [
      0.6215766072273254,
      0.3320731222629547,
      0.04634986072778702
    ],
    [
      0.571374773979187,
      0.16320377588272095,
      0.265421599149704
    ],
    [
      0.7858821749687195,
      0.09074953198432922,
      0.1233692318201065
    ],
    [
      0.6786410808563232,
      0.24985212087631226,
      0.07150629907846451
    ],
    [
      0.09323165565729141,
      0.8948869109153748,
      0.01188185065984726
    ],
    [
      0.1796615719795227,
      0.4966694116592407,
      0.3236687481403351
    ],
    [
      0.06924748420715332,
      0.8001521229743958,
      0.13060128688812256
    ],
    [
      0.05486947298049927,
      0.6633150577545166,
      0.28181517124176025
    ],
    [
      0.23860381543636322,
      0.633102536201477,
      0.1282939463853836
    ],
    [
      0.04849567264318466,
      0.8959016799926758,
      0.055603861808776855
    ],
    [
      0.20523770153522491,
      0.13794435560703278,
      0.6568171381950378
    ],
    [
      0.40591898560523987,
      0.14739622175693512,
      0.44668471813201904
    ],
    [
      0.443716436624527,
      0.11810815334320068,
      0.43817493319511414
    ],
    [
      0.1927265077829361,
      0.16250115633010864,
      0.6447731256484985
    ],
    [
      0.7903177738189697,
      0.034930530935525894,
      0.1747504621744156
    ],
    [
      0.6807985305786133,
      0.25944116711616516,
      0.059760626405477524
    ],
    [
      0.47248488664627075,
      0.41130611300468445,
      0.11620895564556122
    ],
    [
      0.15887828171253204,
      0.45758792757987976,
      0.383534699678421
    ],
    [
      0.05049779638648033,
      0.8892612457275391,
      0.06024158373475075
    ],
    [
      0.463858038187027,
      0.40957120060920715,
      0.1265702247619629
    ],
    [
      0.10225528478622437,
      0.8690863847732544,
      0.028657853603363037
    ],
    [
      0.19027237594127655,
      0.6869211792945862,
      0.12280654907226562
    ]
  ],