{
  "N": 112800,
  "usage": [
    0.3643699586391449,
    0.40328484773635864,
    0.23234520852565765
  ],
  "entropy_mean": 0.6547107696533203,
  "entropy_std": 0.2534307539463043,
  "top1_share": [
    0.39261525869369507,
    0.41670212149620056,
    0.19068261981010437
  ],
  "P_expert_given_class": [
    [
      0.6474918723106384,
      0.21097184717655182,
      0.14153526723384857
    ],
    [
      0.012211238034069538,
      0.8890871405601501,
      0.09870105236768723
    ],
    [
      0.13931138813495636,
      0.07550571113824844,
      0.7851828336715698
    ],
    [
      0.14402133226394653,
      0.5108796954154968,
      0.3450998067855835
    ],
    [
      0.2025935798883438,
      0.7197191715240479,
      0.0776875764131546
    ],
    [
      0.7233989238739014,
      0.2161962389945984,
      0.06040492281317711
    ],
    [
      0.4191858470439911,
      0.037526801228523254,
      0.5432873964309692
    ],
    [
      0.04982457682490349,
      0.8775863647460938,
      0.07258906215429306
    ],
    [
      0.6884958148002625,
      0.1097472533583641,
      0.2017570436000824
    ],
    [
      0.36850523948669434,
      0.6089732646942139,
      0.022521641105413437
    ],
    [
      0.46880900859832764,
      0.38096705079078674,
      0.15022403001785278
    ],
    [
      0.803756594657898,
      0.04242484271526337,
      0.15381860733032227
    ],
    [
      0.6797916293144226,
      0.13331295549869537,
      0.18689559400081635
    ],
    [
      0.6014321446418762,
      0.17352117598056793,
      0.2250477373600006
    ],
    [
      0.8654142022132874,
      0.031773172318935394,
      0.1028125137090683
    ],
    [
      0.7723739147186279,
      0.19286689162254333,
      0.0347587950527668
    ],
    [
      0.7443701028823853,
      0.06828569620847702,
      0.18734410405158997
    ],
    [
      0.054745305329561234,
      0.8125002384185791,
      0.13275529444217682
    ],
    [
      0.07646869868040085,
      0.7943758964538574,
      0.12915503978729248
    ],
    [
      0.2204946130514145,
      0.5157201886177063,
      0.2637846767902374
    ],
    [
      0.41160088777542114,
      0.40993332862854004,
      0.1784658282995224
    ],
    [
      0.03429849073290825,
      0.6755123734474182,
      0.2901899516582489
    ],
    [
      0.021262332797050476,
      0.9165422320365906,
      0.06219539791345596
    ],
    [
      0.035525932908058167,
      0.5039792656898499,
      0.4604952037334442
    ],
    [
      0.6655772924423218,
      0.18962694704532623,
      0.144795760512352
    ],
    [
      0.7213111519813538,
      0.23480857908725739,
      0.04387984797358513
    ],
    [
      0.5830256938934326,
      0.0679396539926529,
      0.3490355312824249
    ],
    [
      0.7978278994560242,
      0.060127582401037216,
      0.14204517006874084
    ],
    [
      0.6873350143432617,
      0.18418696522712708,
      0.12847784161567688
    ],
    [
      0.09198762476444244,
      0.8964957594871521,
      0.011515943333506584
    ],
    [
      0.1545904278755188,
      0.45022720098495483,
      0.3951823115348816
    ],
    [
      0.045932404696941376,
      0.8182083368301392,
      0.13585859537124634
    ],
    [
      0.02810833603143692,
      0.49636998772621155,
      0.4755217432975769
    ],
    [
      0.19708986580371857,
      0.5544273853302002,
      0.2484823316335678
    ],
    [
      0.08828848600387573,
      0.8622570037841797,
      0.04945550858974457
    ],
    [
      0.19859448075294495,
      0.1156541183590889,
      0.6857510805130005
    ],
    [
      0.35913580656051636,
      0.09067874401807785,
      0.5501857399940491
    ],
    [
      0.35592585802078247,
      0.07785656303167343,
      0.5662168860435486
    ],
    [
      0.14147880673408508,
      0.09894426167011261,
      0.7595769762992859
    ],
    [
      0.8032813668251038,
      0.016248438507318497,
      0.18047039210796356
    ],
    [
      0.7495941519737244,
      0.20210379362106323,
      0.04830223694443703
    ],
    [
      0.43824443221092224,
      0.4338816702365875,
      0.12787330150604248
    ],
    [
      0.0784774124622345,
      0.42689454555511475,
      0.4946278929710388
    ],
    [
      0.03357136622071266,
      0.8500418066978455,
      0.11638634651899338
    ],
    [
      0.43573394417762756,
      0.37732598185539246,
      0.1869400590658188
    ],
    [
      0.10003213584423065,
      0.8671853542327881,
      0.03278302401304245
    ],
    [
      0.18486018478870392,
      0.6749885082244873,
      0.14015136659145355
    ]
  ],