{
  "N": 112800,
  "usage": [
    0.32656797766685486,
    0.5385575890541077,
    0.1348744034767151
  ],
  "entropy_mean": 0.6310611367225647,
  "entropy_std": 0.29501834511756897,
  "top1_share": [
    0.36087766289711,
    0.533102810382843,
    0.1060195043683052
  ],
  "P_expert_given_class": [
    [
      0.5586212277412415,
      0.34045735001564026,
      0.10092077404260635
    ],
    [
      0.010009370744228363,
      0.9294291138648987,
      0.06056120619177818
    ],
    [
      0.2288912981748581,
      0.20976737141609192,
      0.5613409876823425
    ],
    [
      0.08952991664409637,
      0.8115641474723816,
      0.09890623390674591
    ],
    [
      0.0978398397564888,
      0.8392764329910278,
      0.06288251280784607
    ],
    [
      0.5444701910018921,
      0.4310718774795532,
      0.02445799671113491
    ],
    [
      0.4150128960609436,
      0.14748603105545044,
      0.4375009536743164
    ],
    [
      0.03369113430380821,
      0.9177083373069763,
      0.04860059916973114
    ],
    [
      0.6239607930183411,
      0.3051081597805023,
      0.07093101739883423
    ],
    [
      0.27433088421821594,
      0.6926635503768921,
      0.033005647361278534
    ],
    [
      0.46076563000679016,
      0.4454633593559265,
      0.09377136826515198
    ],
    [
      0.7149698734283447,
      0.20911474525928497,
      0.07591572403907776
    ],
    [
      0.6659877300262451,
      0.2459099143743515,
      0.08810185641050339
    ],
    [
      0.5784679651260376,
      0.32755494117736816,
      0.09397802501916885
    ],
    [
      0.8729742169380188,
      0.0814160481095314,
      0.04561058431863785
    ],
    [
      0.5966970920562744,
      0.3792811334133148,
      0.02402176894247532
    ],
    [
      0.6872419714927673,
      0.19483159482479095,
      0.11792677640914917
    ],
    [
      0.042660973966121674,
      0.9138969779014587,
      0.04344238340854645
    ],
    [
      0.07020142674446106,
      0.8469253778457642,
      0.08287296444177628
    ],
    [
      0.16488002240657806,
      0.708349883556366,
      0.12677007913589478
    ],
    [
      0.34933438897132874,
      0.6104364991188049,
      0.04022987186908722
    ],
    [
      0.05110521987080574,
      0.7459304928779602,
      0.20296455919742584
    ],
    [
      0.04336291924118996,
      0.9171333909034729,
      0.03950369358062744
    ],
    [
      0.0815497636795044,
      0.7346460819244385,
      0.18380367755889893
    ],
    [
      0.5446887612342834,
      0.3279413878917694,
      0.12736977636814117
    ],
    [
      0.5343226790428162,
      0.4375248849391937,
      0.02815260924398899
    ],
    [
      0.520829975605011,
      0.33468934893608093,
      0.1444808542728424
    ],
    [
      0.7119739055633545,
      0.22049778699874878,
      0.0675281509757042
    ],
    [
      0.5663288831710815,
      0.38303738832473755,
      0.05063331872224808
    ],
    [
      0.06663215160369873,
      0.9274036884307861,
      0.005963641218841076
    ],
    [
      0.10076995193958282,
      0.611551821231842,
      0.28767767548561096
    ],
    [
      0.04790963977575302,
      0.8627830743789673,
      0.0893072783946991
    ],
    [
      0.04690273478627205,
      0.7199951410293579,
      0.2331017553806305
    ],
    [
      0.1274919956922531,
      0.830722987651825,
      0.04178633540868759
    ],
    [
      0.03058967925608158,
      0.9437507390975952,
      0.025659147650003433
    ],
    [
      0.21471941471099854,
      0.17040285468101501,
      0.6148779988288879
    ],
    [
      0.39013680815696716,
      0.2595290243625641,
      0.35033437609672546
    ],
    [
      0.4176272451877594,
      0.21440045535564423,
      0.3679720163345337
    ],
    [
      0.20935988426208496,
      0.2904859185218811,
      0.5001541376113892
    ],
    [
      0.7988390326499939,
      0.0884091854095459,
      0.11275163292884827
    ],
    [
      0.5582777261734009,
      0.41030263900756836,
      0.0314205065369606
    ],
    [
      0.38948625326156616,
      0.5154014825820923,
      0.09511207044124603
    ],
    [
      0.156866654753685,
      0.6218833923339844,
      0.2212502509355545
    ],
    [
      0.04701795428991318,
      0.9254311323165894,
      0.02755059488117695
    ],
    [
      0.38859301805496216,
      0.5192514657974243,
      0.09215553104877472
    ],
    [
      0.08118234574794769,
      0.9073536396026611,
      0.011463848873972893
    ],
    [
      0.14159245789051056,
      0.8040370345115662,
      0.05437137559056282
    ]
  ],