{
  "N": 112800,
  "usage": [
    0.3620409369468689,
    0.3770311772823334,
    0.26092788577079773
  ],
  "entropy_mean": 0.7327860593795776,
  "entropy_std": 0.22918222844600677,
  "top1_share": [
    0.40940603613853455,
    0.3530053198337555,
    0.23758865892887115
  ],
  "P_expert_given_class": [
    [
      0.8075206279754639,
      0.07968246191740036,
      0.1127975583076477
    ],
    [
      0.010133781470358372,
      0.7804239392280579,
      0.20944181084632874
    ],
    [
      0.5899280309677124,
      0.07305151969194412,
      0.33702027797698975
    ],
    [
      0.3174950182437897,
      0.05781906098127365,
      0.6246854066848755
    ],
    [
      0.10490966588258743,
      0.7968124151229858,
      0.09827779978513718
    ],
    [
      0.18711598217487335,
      0.23606373369693756,
      0.5768205523490906
    ],
    [
      0.08881396055221558,
      0.14692026376724243,
      0.7642679810523987
    ],
    [
      0.5965346693992615,
      0.3378389775753021,
      0.0656265988945961
    ],
    [
      0.47124359011650085,
      0.15103782713413239,
      0.3777189552783966
    ],
    [
      0.6488032937049866,
      0.30103975534439087,
      0.050156574696302414
    ],
    [
      0.6202895045280457,
      0.25896456837654114,
      0.12074671685695648
    ],
    [
      0.5206899642944336,
      0.0826919674873352,
      0.39661717414855957
    ],
    [
      0.5653349757194519,
      0.1779739409685135,
      0.2566913068294525
    ],
    [
      0.6536015868186951,
      0.10160484164953232,
      0.24479463696479797
    ],
    [
      0.26299959421157837,
      0.2534756362438202,
      0.4835246205329895
    ],
    [
      0.2744653522968292,
      0.5802477598190308,
      0.1452861875295639
    ],
    [
      0.3966341018676758,
      0.1610688418149948,
      0.4422968029975891
    ],
    [
      0.08073844760656357,
      0.8142292499542236,
      0.10503216087818146
    ],
    [
      0.03922304883599281,
      0.6609079241752625,
      0.2998688519001007
    ],
    [
      0.14172786474227905,
      0.27057352662086487,
      0.5876979231834412
    ],
    [
      0.08167286217212677,
      0.7398489117622375,
      0.17847765982151031
    ],
    [
      0.0244058258831501,
      0.5913314819335938,
      0.38426294922828674
    ],
    [
      0.6182510852813721,
      0.3360854387283325,
      0.0456634983420372
    ],
    [
      0.3793690502643585,
      0.5068073272705078,
      0.11382325738668442
    ],
    [
      0.8110635876655579,
      0.07594325393438339,
      0.11299293488264084
    ],
    [
      0.5492532849311829,
      0.39055904746055603,
      0.060187868773937225
    ],
    [
      0.7574645280838013,
      0.12795375287532806,
      0.1145826056599617
    ],
    [
      0.6589764952659607,
      0.2055107057094574,
      0.135512575507164
    ],
    [
      0.24407735466957092,
      0.24448589980602264,
      0.5114362835884094
    ],
    [
      0.1898406744003296,
      0.7500074505805969,
      0.060151152312755585
    ],
    [
      0.12606680393218994,
      0.7117553353309631,
      0.16217783093452454
    ],
    [
      0.02731943130493164,
      0.8947297930717468,
      0.07795051485300064
    ],
    [
      0.10650961846113205,
      0.8320732116699219,
      0.06141821667551994
    ],
    [
      0.14369994401931763,
      0.7913239002227783,
      0.06497728079557419
    ],
    [
      0.059928882867097855,
      0.8345946669578552,
      0.10547532141208649
    ],
    [
      0.4157990515232086,
      0.04967869073152542,
      0.5345221161842346
    ],
    [
      0.7734230756759644,
      0.09304196387529373,
      0.1335352510213852
    ],
    [
      0.0887766107916832,
      0.1330946832895279,
      0.7781298160552979
    ],
    [
      0.30457738041877747,
      0.1376405507326126,
      0.5577817559242249
    ],
    [
      0.6624787449836731,
      0.0989762544631958,
      0.23854510486125946
    ],
    [
      0.32904452085494995,
      0.5050745606422424,
      0.1658819168806076
    ],
    [
      0.5727916955947876,
      0.18754076957702637,
      0.2396681010723114
    ],
    [
      0.13063368201255798,
      0.3927496671676636,
      0.476616770029068
    ],
    [
      0.6823698878288269,
      0.2583766579627991,
      0.059253204613924026
    ],
    [
      0.6173274517059326,
      0.23060546815395355,
      0.1520663946866989
    ],
    [
      0.20679545402526855,
      0.7435441613197327,
      0.04966028407216072
    ],
    [
      0.07580484449863434,
      0.5347048044204712,
      0.3894902765750885
    ]
  ],