{
  "N": 112800,
  "usage": [
    0.3632811903953552,
    0.42941156029701233,
    0.20730726420879364
  ],
  "entropy_mean": 0.7323693037033081,
  "entropy_std": 0.2358730286359787,
  "top1_share": [
    0.4166223406791687,
    0.4204609990119934,
    0.1629166603088379
  ],
  "P_expert_given_class": [
    [
      0.7906696200370789,
      0.09850608557462692,
      0.1108250692486763
    ],
    [
      0.023756597191095352,
      0.7979689240455627,
      0.17827391624450684
    ],
    [
      0.6263824105262756,
      0.09787554293870926,
      0.27574101090431213
    ],
    [
      0.34845447540283203,
      0.13367697596549988,
      0.5178695917129517
    ],
    [
      0.0851590633392334,
      0.8206058144569397,
      0.09423574805259705
    ],
    [
      0.16022366285324097,
      0.45514392852783203,
      0.3846326768398285
    ],
    [
      0.11795149743556976,
      0.25256168842315674,
      0.6294863224029541
    ],
    [
      0.5413815379142761,
      0.41996780037879944,
      0.038649871945381165
    ],
    [
      0.47946518659591675,
      0.22938524186611176,
      0.2911493480205536
    ],
    [
      0.578481137752533,
      0.38249245285987854,
      0.039026640355587006
    ],
    [
      0.6269776225090027,
      0.2972979247570038,
      0.07572392374277115
    ],
    [
      0.5551713705062866,
      0.1426485925912857,
      0.3021795153617859
    ],
    [
      0.5614831447601318,
      0.2324487864971161,
      0.20606884360313416
    ],
    [
      0.6814088225364685,
      0.11673912405967712,
      0.20185205340385437
    ],
    [
      0.19386577606201172,
      0.4799336791038513,
      0.3262007534503937
    ],
    [
      0.23073890805244446,
      0.685343325138092,
      0.08391691744327545
    ],
    [
      0.4294544458389282,
      0.25438636541366577,
      0.31615883111953735
    ],
    [
      0.09584714472293854,
      0.8010401129722595,
      0.10311287641525269
    ],
    [
      0.05947325378656387,
      0.6691109538078308,
      0.2714161276817322
    ],
    [
      0.1554289609193802,
      0.3853788673877716,
      0.4591929018497467
    ],
    [
      0.08136750757694244,
      0.7918218374252319,
      0.12681075930595398
    ],
    [
      0.05107844993472099,
      0.6170933842658997,
      0.3318280279636383
    ],
    [
      0.6083898544311523,
      0.3467535078525543,
      0.04485691338777542
    ],
    [
      0.4116658568382263,
      0.4971954822540283,
      0.09113883972167969
    ],
    [
      0.7917964458465576,
      0.09545168280601501,
      0.1127527505159378
    ],
    [
      0.5631422400474548,
      0.3998579978942871,
      0.037000369280576706
    ],
    [
      0.7269873023033142,
      0.1822758913040161,
      0.09073693305253983
    ],
    [
      0.625813901424408,
      0.284418523311615,
      0.08976729214191437
    ],
    [
      0.1938849240541458,
      0.4203072786331177,
      0.38580799102783203
    ],
    [
      0.18840479850769043,
      0.7834160923957825,
      0.028178686276078224
    ],
    [
      0.15416602790355682,
      0.6692319512367249,
      0.176600843667984
    ],
    [
      0.028977295383810997,
      0.9140288233757019,
      0.05699355527758598
    ],
    [
      0.10973165929317474,
      0.815140426158905,
      0.07512836158275604
    ],
    [
      0.17439638078212738,
      0.783524751663208,
      0.04208004102110863
    ],
    [
      0.08559899777173996,
      0.8523315191268921,
      0.062069155275821686
    ],
    [
      0.4386967420578003,
      0.09614550322294235,
      0.4651581943035126
    ],
    [
      0.7464385032653809,
      0.12924908101558685,
      0.12431278079748154
    ],
    [
      0.10119421780109406,
      0.17220479249954224,
      0.7266011238098145
    ],
    [
      0.3318166136741638,
      0.1984032690525055,
      0.4697806239128113
    ],
    [
      0.6409014463424683,
      0.1620122343301773,
      0.19708678126335144
    ],
    [
      0.2731093764305115,
      0.6272889375686646,
      0.0996018797159195
    ],
    [
      0.5827813148498535,
      0.2454870343208313,
      0.17173103988170624
    ],
    [
      0.19498439133167267,
      0.42489874362945557,
      0.3801164925098419
    ],
    [
      0.6581223011016846,
      0.308472216129303,
      0.033406537026166916
    ],
    [
      0.5935178399085999,
      0.29521644115448,
      0.11126572638750076
    ],
    [
      0.2828099727630615,
      0.6905924081802368,
      0.026597153395414352
    ],
    [
      0.09266700595617294,
      0.627011239528656,
      0.2803223431110382
    ]
  ],