{
  "N": 112800,
  "usage": [
    0.36907869577407837,
    0.38933679461479187,
    0.24158445000648499
  ],
  "entropy_mean": 0.7319065928459167,
  "entropy_std": 0.23266685009002686,
  "top1_share": [
    0.4201063811779022,
    0.36171984672546387,
    0.21817375719547272
  ],
  "P_expert_given_class": [
    [
      0.8038001656532288,
      0.07931160926818848,
      0.11688856780529022
    ],
    [
      0.019208326935768127,
      0.7663428783416748,
      0.21444852650165558
    ],
    [
      0.6141904592514038,
      0.07530951499938965,
      0.3104996085166931
    ],
    [
      0.33543577790260315,
      0.07659336179494858,
      0.5879704356193542
    ],
    [
      0.10298401117324829,
      0.7971937656402588,
      0.0998220220208168
    ],
    [
      0.1904963105916977,
      0.28231820464134216,
      0.5271861553192139
    ],
    [
      0.10318784415721893,
      0.17652083933353424,
      0.7202915549278259
    ],
    [
      0.6076490879058838,
      0.33405473828315735,
      0.0582958422601223
    ],
    [
      0.46590062975883484,
      0.18216584622859955,
      0.35193365812301636
    ],
    [
      0.628385066986084,
      0.32816269993782043,
      0.04345259815454483
    ],
    [
      0.636735200881958,
      0.27037644386291504,
      0.09288795292377472
    ],
    [
      0.526157557964325,
      0.10060783475637436,
      0.3732337951660156
    ],
    [
      0.5868396162986755,
      0.1819056123495102,
      0.23125483095645905
    ],
    [
      0.6645353436470032,
      0.0980859100818634,
      0.2373790442943573
    ],
    [
      0.25513407588005066,
      0.30123719573020935,
      0.4436289966106415
    ],
    [
      0.2607460021972656,
      0.6249226331710815,
      0.11433153599500656
    ],
    [
      0.41717711091041565,
      0.18410323560237885,
      0.39871999621391296
    ],
    [
      0.07979690283536911,
      0.821395993232727,
      0.09880752861499786
    ],
    [
      0.05319410189986229,
      0.6538642644882202,
      0.2929413318634033
    ],
    [
      0.15321460366249084,
      0.29724499583244324,
      0.5495402812957764
    ],
    [
      0.07407112419605255,
      0.7680898308753967,
      0.15783903002738953
    ],
    [
      0.042522549629211426,
      0.5878477692604065,
      0.3696289360523224
    ],
    [
      0.6219186782836914,
      0.33783620595932007,
      0.040245067328214645
    ],
    [
      0.41014817357063293,
      0.4842318296432495,
      0.10562020540237427
    ],
    [
      0.8084823489189148,
      0.0762854740023613,
      0.11523210257291794
    ],
    [
      0.5607167482376099,
      0.3908126652240753,
      0.04847042262554169
    ],
    [
      0.7634782195091248,
      0.13964501023292542,
      0.09687574207782745
    ],
    [
      0.6499409079551697,
      0.2366754412651062,
      0.11338333040475845
    ],
    [
      0.23620645701885223,
      0.2744196355342865,
      0.4893742799758911
    ],
    [
      0.21545125544071198,
      0.7462378144264221,
      0.03831133618950844
    ],
    [
      0.14372216165065765,
      0.6890974044799805,
      0.16717980802059174
    ],
    [
      0.027123095467686653,
      0.9075202345848083,
      0.06535666435956955
    ],
    [
      0.10351011902093887,
      0.8269439935684204,
      0.06954557448625565
    ],
    [
      0.1525351107120514,
      0.7921984195709229,
      0.05526687577366829
    ],
    [
      0.064036063849926,
      0.8501335978507996,
      0.08583077043294907
    ],
    [
      0.42362144589424133,
      0.06441225111484528,
      0.5119664669036865
    ],
    [
      0.7703574895858765,
      0.10134508460760117,
      0.12829792499542236
    ],
    [
      0.09835191071033478,
      0.14169317483901978,
      0.759954035282135
    ],
    [
      0.3233505189418793,
      0.14625267684459686,
      0.5303974151611328
    ],
    [
      0.6760315895080566,
      0.11581418663263321,
      0.20815356075763702
    ],
    [
      0.30955255031585693,
      0.5559404492378235,
      0.13450679183006287
    ],
    [
      0.5795890688896179,
      0.20794236660003662,
      0.2124687135219574
    ],
    [
      0.17303045094013214,
      0.3996330201625824,
      0.427336186170578
    ],
    [
      0.6782745122909546,
      0.275564968585968,
      0.04615999385714531
    ],
    [
      0.6103768944740295,
      0.2537497878074646,
      0.1358736902475357
    ],
    [
      0.24235062301158905,
      0.7222704291343689,
      0.03537935018539429
    ],
    [
      0.08317870646715164,
      0.5745205879211426,
      0.3423006236553192
    ]
  ],