{
  "N": 112800,
  "usage": [
    0.1908121109008789,
    0.3595932126045227,
    0.4495947062969208
  ],
  "entropy_mean": 0.6961963176727295,
  "entropy_std": 0.264028400182724,
  "top1_share": [
    0.11492908000946045,
    0.37302306294441223,
    0.5120478868484497
  ],
  "P_expert_given_class": [
    [
      0.5946570038795471,
      0.05433439090847969,
      0.35100850462913513
    ],
    [
      0.009566977620124817,
      0.9679006934165955,
      0.022532105445861816
    ],
    [
      0.13352398574352264,
      0.5811849236488342,
      0.2852911651134491
    ],
    [
      0.12500403821468353,
      0.8286554217338562,
      0.04633988440036774
    ],
    [
      0.2449100762605667,
      0.12505413591861725,
      0.6300361752510071
    ],
    [
      0.07217039167881012,
      0.7842914462089539,
      0.14353910088539124
    ],
    [
      0.0910290777683258,
      0.18530768156051636,
      0.7236631512641907
    ],
    [
      0.16620028018951416,
      0.6839837431907654,
      0.14981569349765778
    ],
    [
      0.23445704579353333,
      0.5468191504478455,
      0.2187233418226242
    ],
    [
      0.352487713098526,
      0.43487605452537537,
      0.21263624727725983
    ],
    [
      0.29234179854393005,
      0.06722874939441681,
      0.6404293179512024
    ],
    [
      0.36157259345054626,
      0.28525683283805847,
      0.35317036509513855
    ],
    [
      0.14708557724952698,
      0.18144530057907104,
      0.6714694499969482
    ],
    [
      0.4822120666503906,
      0.20608364045619965,
      0.3117038607597351
    ],
    [
      0.0368545837700367,
      0.5521445870399475,
      0.41100022196769714
    ],
    [
      0.05599474534392357,
      0.5345544219017029,
      0.4094511866569519
    ],
    [
      0.17163580656051636,
      0.3709905743598938,
      0.4573739171028137
    ],
    [
      0.3325912654399872,
      0.0172930508852005,
      0.6501160860061646
    ],
    [
      0.009909314103424549,
      0.9404121041297913,
      0.049679387360811234
    ],
    [
      0.08470254391431808,
      0.8006922602653503,
      0.11460567265748978
    ],
    [
      0.13422271609306335,
      0.0725935772061348,
      0.7931836843490601
    ],
    [
      0.020019646733999252,
      0.8423826098442078,
      0.13759781420230865
    ],
    [
      0.0905652716755867,
      0.011158859357237816,
      0.8982753753662109
    ],
    [
      0.21274949610233307,
      0.019833289086818695,
      0.7674172520637512
    ],
    [
      0.5444315671920776,
      0.04489659518003464,
      0.4106721878051758
    ],
    [
      0.3198423683643341,
      0.2330787181854248,
      0.4470794200897217
    ],
    [
      0.49722203612327576,
      0.14280228316783905,
      0.35997676849365234
    ],
    [
      0.1824508160352707,
      0.104762963950634,
      0.7127863764762878
    ],
    [
      0.08867916464805603,
      0.7735850811004639,
      0.1377360224723816
    ],
    [
      0.02826291136443615,
      0.7922422885894775,
      0.17949526011943817
    ],
    [
      0.3698519468307495,
      0.055367838591337204,
      0.5747799277305603
    ],
    [
      0.18483340740203857,
      0.11441539973020554,
      0.7007516622543335
    ],
    [
      0.18283380568027496,
      0.035014208406209946,
      0.7821511030197144
    ],
    [
      0.14854036271572113,
      0.16319651901721954,
      0.6882635354995728
    ],
    [
      0.1981506198644638,
      0.32116350531578064,
      0.48068633675575256
    ],
    [
      0.0717400461435318,
      0.7219982743263245,
      0.2062610387802124
    ],
    [
      0.2762947082519531,
      0.1304612159729004,
      0.5932440757751465
    ],
    [
      0.14180390536785126,
      0.18717095255851746,
      0.6710248589515686
    ],
    [
      0.18307240307331085,
      0.28143295645713806,
      0.5354944467544556
    ],
    [
      0.09967823326587677,
      0.26231715083122253,
      0.6380055546760559
    ],
    [
      0.05165122076869011,
      0.5813592672348022,
      0.36699017882347107
    ],
    [
      0.2785327732563019,
      0.467459112405777,
      0.2540077865123749
    ],
    [
      0.07179305702447891,
      0.11023296415805817,
      0.8179731369018555
    ],
    [
      0.21662628650665283,
      0.0432552807033062,
      0.7401189208030701
    ],
    [
      0.28309956192970276,
      0.4165927767753601,
      0.3003072738647461
    ],
    [
      0.04970582202076912,
      0.34101012349128723,
      0.6092843413352966
    ],
    [
      0.042608343064785004,
      0.482589453458786,
      0.47480249404907227
    ]
  ],