{
  "N": 112800,
  "usage": [
    0.21960285305976868,
    0.35611289739608765,
    0.42428427934646606
  ],
  "entropy_mean": 0.7145684957504272,
  "entropy_std": 0.2604215145111084,
  "top1_share": [
    0.15281029045581818,
    0.3756028413772583,
    0.4715868830680847
  ],
  "P_expert_given_class": [
    [
      0.6653971076011658,
      0.03901158645749092,
      0.2955910861492157
    ],
    [
      0.00589872756972909,
      0.9606737494468689,
      0.03342616185545921
    ],
    [
      0.16512325406074524,
      0.5687452554702759,
      0.2661305069923401
    ],
    [
      0.1496383100748062,
      0.793943464756012,
      0.056417401880025864
    ],
    [
      0.2667722702026367,
      0.12423113733530045,
      0.6089968085289001
    ],
    [
      0.08847388625144958,
      0.7316789627075195,
      0.1798466593027115
    ],
    [
      0.10202600061893463,
      0.190809428691864,
      0.7071648240089417
    ],
    [
      0.20490410923957825,
      0.6670727133750916,
      0.12802302837371826
    ],
    [
      0.2511339485645294,
      0.590816080570221,
      0.15804947912693024
    ],
    [
      0.38072437047958374,
      0.4169319272041321,
      0.2023441046476364
    ],
    [
      0.35611674189567566,
      0.05808528885245323,
      0.5857987403869629
    ],
    [
      0.43346843123435974,
      0.27581852674484253,
      0.2907124161720276
    ],
    [
      0.18727661669254303,
      0.19997523725032806,
      0.6127476096153259
    ],
    [
      0.5688456892967224,
      0.16729463636875153,
      0.2638600170612335
    ],
    [
      0.05548219755291939,
      0.5666137933731079,
      0.3779035806655884
    ],
    [
      0.05902789533138275,
      0.5335193872451782,
      0.4074521064758301
    ],
    [
      0.22607356309890747,
      0.3209218978881836,
      0.45300373435020447
    ],
    [
      0.3880068361759186,
      0.016173046082258224,
      0.5958195924758911
    ],
    [
      0.010173005051910877,
      0.935472309589386,
      0.0543561689555645
    ],
    [
      0.08775067329406738,
      0.769355833530426,
      0.14289265871047974
    ],
    [
      0.17356565594673157,
      0.09928827732801437,
      0.7271456122398376
    ],
    [
      0.020324504002928734,
      0.8304716944694519,
      0.14920352399349213
    ],
    [
      0.10314681380987167,
      0.007330749649554491,
      0.889521598815918
    ],
    [
      0.22165165841579437,
      0.01603688858449459,
      0.7623120546340942
    ],
    [
      0.6060931086540222,
      0.03570449724793434,
      0.35820329189300537
    ],
    [
      0.35641640424728394,
      0.2557739019393921,
      0.38781052827835083
    ],
    [
      0.5448977947235107,
      0.12973737716674805,
      0.3253645896911621
    ],
    [
      0.24906237423419952,
      0.12635058164596558,
      0.6245864629745483
    ],
    [
      0.1240166500210762,
      0.7265288233757019,
      0.14945515990257263
    ],
    [
      0.03367893397808075,
      0.7955289483070374,
      0.1707918494939804
    ],
    [
      0.42441707849502563,
      0.04247157648205757,
      0.5331114530563354
    ],
    [
      0.20678003132343292,
      0.13084402680397034,
      0.6623757481575012
    ],
    [
      0.19919520616531372,
      0.0289032943546772,
      0.7719020247459412
    ],
    [
      0.19852305948734283,
      0.1900980919599533,
      0.611379086971283
    ],
    [
      0.19345088303089142,
      0.3198404014110565,
      0.4867085814476013
    ],
    [
      0.07343897223472595,
      0.7439368963241577,
      0.18262377381324768
    ],
    [
      0.3144209384918213,
      0.11919023841619492,
      0.5663884878158569
    ],
    [
      0.14478272199630737,
      0.18369697034358978,
      0.6715204119682312
    ],
    [
      0.21783414483070374,
      0.2782720923423767,
      0.5038934946060181
    ],
    [
      0.1608056128025055,
      0.28599312901496887,
      0.5532006621360779
    ],
    [
      0.05564013123512268,
      0.6004654169082642,
      0.3438948690891266
    ],
    [
      0.3096488416194916,
      0.4510321617126465,
      0.23931923508644104
    ],
    [
      0.06062619388103485,
      0.10663528740406036,
      0.8327386379241943
    ],
    [
      0.26428768038749695,
      0.03209554776549339,
      0.7036176323890686
    ],
    [
      0.30234014987945557,
      0.4245777130126953,
      0.2730816900730133
    ],
    [
      0.06476345658302307,
      0.35795965790748596,
      0.5772771835327148
    ],
    [
      0.04521175101399422,
      0.49139368534088135,
      0.46339473128318787
    ]
  ],