{
  "N": 112800,
  "usage": [
    0.24089698493480682,
    0.3549066483974457,
    0.4041963815689087
  ],
  "entropy_mean": 0.7247895002365112,
  "entropy_std": 0.260789155960083,
  "top1_share": [
    0.18614362180233002,
    0.371471643447876,
    0.4423847496509552
  ],
  "P_expert_given_class": [
    [
      0.7317743301391602,
      0.04056812450289726,
      0.22765736281871796
    ],
    [
      0.006835808977484703,
      0.9517015814781189,
      0.041463788598775864
    ],
    [
      0.20574234426021576,
      0.5276558995246887,
      0.2666018605232239
    ],
    [
      0.1694852113723755,
      0.7753491401672363,
      0.05516515672206879
    ],
    [
      0.3185983896255493,
      0.12253572046756744,
      0.5588662624359131
    ],
    [
      0.08961815387010574,
      0.7205719351768494,
      0.1898110955953598
    ],
    [
      0.10474194586277008,
      0.18973930180072784,
      0.7055194973945618
    ],
    [
      0.22755050659179688,
      0.6250719428062439,
      0.14737845957279205
    ],
    [
      0.24441251158714294,
      0.6170340180397034,
      0.1385522335767746
    ],
    [
      0.431360125541687,
      0.37468764185905457,
      0.19395199418067932
    ],
    [
      0.39451396465301514,
      0.06638029962778091,
      0.5391056537628174
    ],
    [
      0.47206807136535645,
      0.28214675188064575,
      0.24578583240509033
    ],
    [
      0.19813230633735657,
      0.23075471818447113,
      0.5711128115653992
    ],
    [
      0.6211466193199158,
      0.16561956703662872,
      0.213234081864357
    ],
    [
      0.06315527111291885,
      0.573248565196991,
      0.3635956645011902
    ],
    [
      0.05504991486668587,
      0.5511994361877441,
      0.39375004172325134
    ],
    [
      0.26432010531425476,
      0.2954213321208954,
      0.44025883078575134
    ],
    [
      0.4165205657482147,
      0.01932574436068535,
      0.564153790473938
    ],
    [
      0.01102848257869482,
      0.9316816329956055,
      0.05728984996676445
    ],
    [
      0.0891755223274231,
      0.7589274644851685,
      0.15189693868160248
    ],
    [
      0.18255707621574402,
      0.12168844789266586,
      0.6957548260688782
    ],
    [
      0.019415324553847313,
      0.8186449408531189,
      0.16193842887878418
    ],
    [
      0.11649750918149948,
      0.006145174149423838,
      0.877358078956604
    ],
    [
      0.24150395393371582,
      0.015604585409164429,
      0.7428911924362183
    ],
    [
      0.6683126091957092,
      0.036126717925071716,
      0.2955608665943146
    ],
    [
      0.36666548252105713,
      0.29775527119636536,
      0.33557918667793274
    ],
    [
      0.5940921306610107,
      0.12449867278337479,
      0.28140902519226074
    ],
    [
      0.27797025442123413,
      0.16657514870166779,
      0.5554543137550354
    ],
    [
      0.1435389518737793,
      0.7148837447166443,
      0.14157791435718536
    ],
    [
      0.030246222391724586,
      0.7837551236152649,
      0.1859988123178482
    ],
    [
      0.4727524220943451,
      0.04020265117287636,
      0.48704519867897034
    ],
    [
      0.26033109426498413,
      0.14171728491783142,
      0.5979516506195068
    ],
    [
      0.18419300019741058,
      0.02510085329413414,
      0.7907058596611023
    ],
    [
      0.2160739153623581,
      0.1951051652431488,
      0.5888214111328125
    ],
    [
      0.22532086074352264,
      0.31352880597114563,
      0.4611509144306183
    ],
    [
      0.08889872580766678,
      0.6993922591209412,
      0.2117099016904831
    ],
    [
      0.36685094237327576,
      0.10788185149431229,
      0.5252673625946045
    ],
    [
      0.11818993836641312,
      0.19099166989326477,
      0.6908179521560669
    ],
    [
      0.2545945346355438,
      0.25821366906166077,
      0.48719125986099243
    ],
    [
      0.19826291501522064,
      0.29215145111083984,
      0.5095852613449097
    ],
    [
      0.05429648235440254,
      0.6298056244850159,
      0.3158974349498749
    ],
    [
      0.3556298613548279,
      0.43272557854652405,
      0.21164430677890778
    ],
    [
      0.048169076442718506,
      0.13295812904834747,
      0.8188728094100952
    ],
    [
      0.28561198711395264,
      0.032918404787778854,
      0.6814689040184021
    ],
    [
      0.33275163173675537,
      0.4193570911884308,
      0.24789118766784668
    ],
    [
      0.06283789873123169,
      0.3802097737789154,
      0.5569531321525574
    ],
    [
      0.04136386886239052,
      0.48305222392082214,
      0.47558435797691345
    ]
  ],