{
  "N": 112800,
  "usage": [
    0.1392316371202469,
    0.34956076741218567,
    0.511207640171051
  ],
  "entropy_mean": 0.647451639175415,
  "entropy_std": 0.2750955820083618,
  "top1_share": [
    0.044574469327926636,
    0.3578014075756073,
    0.5976241230964661
  ],
  "P_expert_given_class": [
    [
      0.4380318224430084,
      0.06461125612258911,
      0.4973564147949219
    ],
    [
      0.00480664474889636,
      0.9525903463363647,
      0.04260348528623581
    ],
    [
      0.10930978506803513,
      0.5562567710876465,
      0.3344328999519348
    ],
    [
      0.07654833048582077,
      0.8490735292434692,
      0.07437760382890701
    ],
    [
      0.2087215930223465,
      0.12406576424837112,
      0.6672126054763794
    ],
    [
      0.05193086341023445,
      0.799606204032898,
      0.14846302568912506
    ],
    [
      0.06674601137638092,
      0.1619325876235962,
      0.7713199257850647
    ],
    [
      0.12271849066019058,
      0.7454144358634949,
      0.13186664879322052
    ],
    [
      0.1735619753599167,
      0.47515371441841125,
      0.3512847423553467
    ],
    [
      0.2989596426486969,
      0.48493286967277527,
      0.2161075323820114
    ],
    [
      0.21399642527103424,
      0.061293549835681915,
      0.7247099280357361
    ],
    [
      0.2600366175174713,
      0.2363068163394928,
      0.5036571025848389
    ],
    [
      0.11952096223831177,
      0.1821126788854599,
      0.6983662247657776
    ],
    [
      0.36094024777412415,
      0.17234748601913452,
      0.466712087392807
    ],
    [
      0.03466600179672241,
      0.41787588596343994,
      0.547458291053772
    ],
    [
      0.06806254386901855,
      0.5515885353088379,
      0.3803497552871704
    ],
    [
      0.1379016488790512,
      0.3912354111671448,
      0.4708627462387085
    ],
    [
      0.22901330888271332,
      0.01999342069029808,
      0.7509931921958923
    ],
    [
      0.0077282278798520565,
      0.9281771779060364,
      0.06409427523612976
    ],
    [
      0.06776507943868637,
      0.7913951277732849,
      0.14083963632583618
    ],
    [
      0.07527486979961395,
      0.055077191442251205,
      0.8696482181549072
    ],
    [
      0.018231626600027084,
      0.798793613910675,
      0.18297497928142548
    ],
    [
      0.05684686824679375,
      0.025764741003513336,
      0.9173883199691772
    ],
    [
      0.11819794028997421,
      0.023734111338853836,
      0.8580677509307861
    ],
    [
      0.3820097744464874,
      0.051259636878967285,
      0.5667307376861572
    ],
    [
      0.24749794602394104,
      0.2711086869239807,
      0.4813935458660126
    ],
    [
      0.3878905773162842,
      0.15093787014484406,
      0.46117061376571655
    ],
    [
      0.13384616374969482,
      0.08962655067443848,
      0.7765274047851562
    ],
    [
      0.05355744808912277,
      0.7995871305465698,
      0.14685554802417755
    ],
    [
      0.03526667132973671,
      0.8276544809341431,
      0.13707876205444336
    ],
    [
      0.2521462142467499,
      0.060624778270721436,
      0.687229335308075
    ],
    [
      0.09341831505298615,
      0.0598982609808445,
      0.8466836810112
    ],
    [
      0.142031729221344,
      0.03480574116110802,
      0.8231629729270935
    ],
    [
      0.06535515189170837,
      0.1773039549589157,
      0.7573413252830505
    ],
    [
      0.13635779917240143,
      0.2919009029865265,
      0.5717411637306213
    ],
    [
      0.05563744157552719,
      0.6826719641685486,
      0.2616901695728302
    ],
    [
      0.20969820022583008,
      0.14538933336734772,
      0.6449131369590759
    ],
    [
      0.08330968767404556,
      0.12868434190750122,
      0.7880067825317383
    ],
    [
      0.1093924343585968,
      0.24229446053504944,
      0.6483133435249329
    ],
    [
      0.06940221786499023,
      0.19030731916427612,
      0.7402904033660889
    ],
    [
      0.0640154555439949,
      0.5557323098182678,
      0.38025104999542236
    ],
    [
      0.22001972794532776,
      0.46980711817741394,
      0.3101728856563568
    ],
    [
      0.05110190808773041,
      0.0938708558678627,
      0.855027973651886
    ],
    [
      0.12215456366539001,
      0.04081317409873009,
      0.8370326161384583
    ],
    [
      0.22631436586380005,
      0.41572898626327515,
      0.35795629024505615
    ],
    [
      0.03939611092209816,
      0.32296332716941833,
      0.6376403570175171
    ],
    [
      0.04454990103840828,
      0.4570501744747162,
      0.4984000027179718
    ]
  ],