{
  "N": 112800,
  "usage": [
    0.17968273162841797,
    0.36202916502952576,
    0.4582880437374115
  ],
  "entropy_mean": 0.6920410394668579,
  "entropy_std": 0.26191070675849915,
  "top1_share": [
    0.09913120418787003,
    0.375,
    0.5258687734603882
  ],
  "P_expert_given_class": [
    [
      0.5527014136314392,
      0.06675969809293747,
      0.3805387020111084
    ],
    [
      0.010271168313920498,
      0.9641284942626953,
      0.025599993765354156
    ],
    [
      0.12117362022399902,
      0.5913671851158142,
      0.28745850920677185
    ],
    [
      0.10401420295238495,
      0.8496850728988647,
      0.046300388872623444
    ],
    [
      0.2389141321182251,
      0.12371135503053665,
      0.6373738050460815
    ],
    [
      0.06177062168717384,
      0.7940614819526672,
      0.1441679149866104
    ],
    [
      0.08906777203083038,
      0.1867573857307434,
      0.7241747975349426
    ],
    [
      0.14584138989448547,
      0.710065484046936,
      0.1440933346748352
    ],
    [
      0.22471484541893005,
      0.5423258543014526,
      0.23295842111110687
    ],
    [
      0.3386498987674713,
      0.45040035247802734,
      0.21094919741153717
    ],
    [
      0.27045804262161255,
      0.06762346625328064,
      0.6619185209274292
    ],
    [
      0.3336380422115326,
      0.27985909581184387,
      0.3865029215812683
    ],
    [
      0.13311155140399933,
      0.18804895877838135,
      0.6788389086723328
    ],
    [
      0.43150216341018677,
      0.2227935791015625,
      0.34570395946502686
    ],
    [
      0.03599863499403,
      0.5411292314529419,
      0.42287173867225647
    ],
    [
      0.05815767124295235,
      0.5325443744659424,
      0.4092980623245239
    ],
    [
      0.15014898777008057,
      0.4044417142868042,
      0.44540953636169434
    ],
    [
      0.3175119161605835,
      0.01651105284690857,
      0.6659759879112244
    ],
    [
      0.01033584401011467,
      0.936240553855896,
      0.05342235043644905
    ],
    [
      0.0777432769536972,
      0.8073958158493042,
      0.11486171931028366
    ],
    [
      0.1287786364555359,
      0.06590014696121216,
      0.8053203225135803
    ],
    [
      0.019962206482887268,
      0.8440298438072205,
      0.13600781559944153
    ],
    [
      0.09193314611911774,
      0.013665612787008286,
      0.8944012522697449
    ],
    [
      0.20572085678577423,
      0.020977437496185303,
      0.7733016014099121
    ],
    [
      0.5062998533248901,
      0.053459282964468,
      0.440240740776062
    ],
    [
      0.316832572221756,
      0.23368439078330994,
      0.449483186006546
    ],
    [
      0.46741968393325806,
      0.15911757946014404,
      0.373463898897171
    ],
    [
      0.17925964295864105,
      0.1000392958521843,
      0.7207006216049194
    ],
    [
      0.07572540640830994,
      0.7845156788825989,
      0.13975897431373596
    ],
    [
      0.027298374101519585,
      0.7934364080429077,
      0.17926454544067383
    ],
    [
      0.34834957122802734,
      0.061166808009147644,
      0.5904837250709534
    ],
    [
      0.1817072331905365,
      0.10136712342500687,
      0.7169250249862671
    ],
    [
      0.17869696021080017,
      0.03588530048727989,
      0.7854174375534058
    ],
    [
      0.13915495574474335,
      0.1553805023431778,
      0.7054649591445923
    ],
    [
      0.20795421302318573,
      0.3193877041339874,
      0.47265753149986267
    ],
    [
      0.06546216458082199,
      0.7233229279518127,
      0.21121487021446228
    ],
    [
      0.2604654133319855,
      0.13683843612670898,
      0.6026954650878906
    ],
    [
      0.13203036785125732,
      0.18298079073429108,
      0.6849880218505859
    ],
    [
      0.15986424684524536,
      0.26510879397392273,
      0.5750263929367065
    ],
    [
      0.09141547232866287,
      0.25837260484695435,
      0.6502116322517395
    ],
    [
      0.05278573930263519,
      0.5721695423126221,
      0.3750450611114502
    ],
    [
      0.2627626359462738,
      0.4828077256679535,
      0.25442996621131897
    ],
    [
      0.07070300728082657,
      0.10639733821153641,
      0.8228998780250549
    ],
    [
      0.20761576294898987,
      0.041401755064725876,
      0.7509821057319641
    ],
    [
      0.2693377733230591,
      0.42275628447532654,
      0.30790579319000244
    ],
    [
      0.04896136373281479,
      0.3243870139122009,
      0.6266511678695679
    ],
    [
      0.042866677045822144,
      0.48096227645874023,
      0.47617125511169434
    ]
  ],