{
  "N": 112800,
  "usage": [
    0.20622308552265167,
    0.3596259355545044,
    0.4341509938240051
  ],
  "entropy_mean": 0.699064314365387,
  "entropy_std": 0.2689732313156128,
  "top1_share": [
    0.13892731070518494,
    0.37608155608177185,
    0.4849911332130432
  ],
  "P_expert_given_class": [
    [
      0.6298854947090149,
      0.048707231879234314,
      0.32140764594078064
    ],
    [
      0.007380403578281403,
      0.9736940264701843,
      0.018926531076431274
    ],
    [
      0.1497374027967453,
      0.5701763033866882,
      0.2800857722759247
    ],
    [
      0.12451052665710449,
      0.8252462148666382,
      0.050243549048900604
    ],
    [
      0.2623564600944519,
      0.11654387414455414,
      0.6211000680923462
    ],
    [
      0.07137930393218994,
      0.7756103277206421,
      0.15300951898097992
    ],
    [
      0.10172507911920547,
      0.17387712001800537,
      0.7243974208831787
    ],
    [
      0.18237146735191345,
      0.6827630400657654,
      0.1348651498556137
    ],
    [
      0.24711835384368896,
      0.5799462199211121,
      0.17293471097946167
    ],
    [
      0.3617238402366638,
      0.4285556674003601,
      0.2097204476594925
    ],
    [
      0.3301522433757782,
      0.060796674340963364,
      0.6090509295463562
    ],
    [
      0.39796990156173706,
      0.2741625905036926,
      0.32786720991134644
    ],
    [
      0.16784429550170898,
      0.1861918717622757,
      0.6459634900093079
    ],
    [
      0.5142608880996704,
      0.19809211790561676,
      0.28764697909355164
    ],
    [
      0.04469318687915802,
      0.5721232891082764,
      0.383183091878891
    ],
    [
      0.0550464391708374,
      0.5336796641349792,
      0.4112740457057953
    ],
    [
      0.19280412793159485,
      0.33664268255233765,
      0.4705539047718048
    ],
    [
      0.3684883415699005,
      0.014588981866836548,
      0.6169223189353943
    ],
    [
      0.009940261952579021,
      0.9470323920249939,
      0.04302825778722763
    ],
    [
      0.07565734535455704,
      0.8075966238975525,
      0.11674638092517853
    ],
    [
      0.16633513569831848,
      0.08047621697187424,
      0.7531890273094177
    ],
    [
      0.020888835191726685,
      0.8487986326217651,
      0.13031192123889923
    ],
    [
      0.0941481813788414,
      0.007598001044243574,
      0.8982532620429993
    ],
    [
      0.21715103089809418,
      0.018004151061177254,
      0.7648441195487976
    ],
    [
      0.5831741094589233,
      0.04317918047308922,
      0.37364673614501953
    ],
    [
      0.3519827723503113,
      0.24282094836235046,
      0.4051964282989502
    ],
    [
      0.5227742791175842,
      0.13685640692710876,
      0.34036874771118164
    ],
    [
      0.22619381546974182,
      0.11501387506723404,
      0.6587924957275391
    ],
    [
      0.09995841234922409,
      0.7638804912567139,
      0.1361607164144516
    ],
    [
      0.029028384014964104,
      0.7975977659225464,
      0.1733735352754593
    ],
    [
      0.4067872166633606,
      0.048028647899627686,
      0.5451838970184326
    ],
    [
      0.19961977005004883,
      0.12240573763847351,
      0.6779741048812866
    ],
    [
      0.18968527019023895,
      0.0336637906730175,
      0.7766507267951965
    ],
    [
      0.18155893683433533,
      0.17267721891403198,
      0.6457642912864685
    ],
    [
      0.19883768260478973,
      0.31876492500305176,
      0.48239704966545105
    ],
    [
      0.07732302695512772,
      0.7237396836280823,
      0.19893749058246613
    ],
    [
      0.3004786968231201,
      0.11675118654966354,
      0.5827704071998596
    ],
    [
      0.1523951143026352,
      0.18480023741722107,
      0.6628050804138184
    ],
    [
      0.20487643778324127,
      0.27078473567962646,
      0.5243390202522278
    ],
    [
      0.1264357566833496,
      0.2902229428291321,
      0.5833412408828735
    ],
    [
      0.05037788301706314,
      0.5852794051170349,
      0.3643431067466736
    ],
    [
      0.2911504805088043,
      0.46172720193862915,
      0.2471226304769516
    ],
    [
      0.07492303103208542,
      0.10717960447072983,
      0.817898154258728
    ],
    [
      0.23667274415493011,
      0.03622234985232353,
      0.727104127407074
    ],
    [
      0.29302093386650085,
      0.42065733671188354,
      0.2863217890262604
    ],
    [
      0.05881305783987045,
      0.35311055183410645,
      0.5880759954452515
    ],
    [
      0.042849861085414886,
      0.49614888429641724,
      0.4610002040863037
    ]
  ],