{
  "N": 112800,
  "usage": [
    0.11816209554672241,
    0.346224844455719,
    0.5356130599975586
  ],
  "entropy_mean": 0.6320898532867432,
  "entropy_std": 0.28200480341911316,
  "top1_share": [
    0.017934396862983704,
    0.3515602946281433,
    0.6305053234100342
  ],
  "P_expert_given_class": [
    [
      0.3730965852737427,
      0.06867355853319168,
      0.5582292675971985
    ],
    [
      0.003310859901830554,
      0.9552257061004639,
      0.0414632111787796
    ],
    [
      0.10668214410543442,
      0.5232140421867371,
      0.3701044023036957
    ],
    [
      0.05635041370987892,
      0.8375200033187866,
      0.10612881183624268
    ],
    [
      0.2018396556377411,
      0.13377514481544495,
      0.6643849015235901
    ],
    [
      0.050778768956661224,
      0.7745118141174316,
      0.17470958828926086
    ],
    [
      0.0586535781621933,
      0.1587499976158142,
      0.7825972437858582
    ],
    [
      0.08039198070764542,
      0.7682876586914062,
      0.15131984651088715
    ],
    [
      0.13380549848079681,
      0.4424339830875397,
      0.4237605333328247
    ],
    [
      0.24601705372333527,
      0.5020278096199036,
      0.25195565819740295
    ],
    [
      0.18063591420650482,
      0.07719875872135162,
      0.7421655654907227
    ],
    [
      0.20266081392765045,
      0.24342498183250427,
      0.5539137721061707
    ],
    [
      0.12593160569667816,
      0.16701646149158478,
      0.7070522904396057
    ],
    [
      0.3172207474708557,
      0.15003083646297455,
      0.5327484011650085
    ],
    [
      0.03703238070011139,
      0.3776412010192871,
      0.5853259563446045
    ],
    [
      0.0663948580622673,
      0.5142865777015686,
      0.41931822896003723
    ],
    [
      0.1263163685798645,
      0.3948867917060852,
      0.47879698872566223
    ],
    [
      0.19844837486743927,
      0.026050107553601265,
      0.7755010724067688
    ],
    [
      0.0073045045137405396,
      0.9246980547904968,
      0.06799793243408203
    ],
    [
      0.06531739234924316,
      0.7760071754455566,
      0.15867505967617035
    ],
    [
      0.058428775519132614,
      0.04431719705462456,
      0.8972523808479309
    ],
    [
      0.020486392080783844,
      0.7905349731445312,
      0.1889786273241043
    ],
    [
      0.04753735661506653,
      0.03513752669095993,
      0.9173254370689392
    ],
    [
      0.08919409662485123,
      0.021848510950803757,
      0.8889579176902771
    ],
    [
      0.3197390139102936,
      0.056473471224308014,
      0.6237871050834656
    ],
    [
      0.20453153550624847,
      0.2857874631881714,
      0.5096808075904846
    ],
    [
      0.326480507850647,
      0.15224918723106384,
      0.5212699174880981
    ],
    [
      0.11645568907260895,
      0.08913785964250565,
      0.7944060564041138
    ],
    [
      0.045722804963588715,
      0.7875296473503113,
      0.16674818098545074
    ],
    [
      0.028988424688577652,
      0.835929274559021,
      0.13508155941963196
    ],
    [
      0.21597668528556824,
      0.058573804795742035,
      0.72544926404953
    ],
    [
      0.08226893842220306,
      0.04994823783636093,
      0.8677828907966614
    ],
    [
      0.1341472715139389,
      0.036775123327970505,
      0.8290774822235107
    ],
    [
      0.045805636793375015,
      0.1689639836549759,
      0.7852299213409424
    ],
    [
      0.11256025731563568,
      0.3083924353122711,
      0.5790477395057678
    ],
    [
      0.0566272996366024,
      0.655073881149292,
      0.2882992923259735
    ],
    [
      0.17519888281822205,
      0.1506064236164093,
      0.6741947531700134
    ],
    [
      0.06590680778026581,
      0.1304032802581787,
      0.8036893010139465
    ],
    [
      0.08691688627004623,
      0.27922338247299194,
      0.6338602900505066
    ],
    [
      0.06166798248887062,
      0.18414457142353058,
      0.7541871666908264
    ],
    [
      0.06166775897145271,
      0.529726505279541,
      0.4086051881313324
    ],
    [
      0.17630936205387115,
      0.46294230222702026,
      0.360748827457428
    ],
    [
      0.03899180889129639,
      0.08200428634881973,
      0.8790048360824585
    ],
    [
      0.0827670618891716,
      0.046194497495889664,
      0.8710387945175171
    ],
    [
      0.18881791830062866,
      0.4138316810131073,
      0.39734992384910583
    ],
    [
      0.03244173526763916,
      0.3178744316101074,
      0.6496841907501221
    ],
    [
      0.03979175537824631,
      0.48328232765197754,
      0.4769253134727478
    ]
  ],