{
  "N": 112800,
  "usage": [
    0.23474445939064026,
    0.35561051964759827,
    0.4096449613571167
  ],
  "entropy_mean": 0.723217248916626,
  "entropy_std": 0.2641057074069977,
  "top1_share": [
    0.1735372394323349,
    0.3714095652103424,
    0.4550531804561615
  ],
  "P_expert_given_class": [
    [
      0.7070212960243225,
      0.043855950236320496,
      0.24912215769290924
    ],
    [
      0.006279705557972193,
      0.9633714556694031,
      0.030348876491189003
    ],
    [
      0.18637177348136902,
      0.5390149354934692,
      0.2746132016181946
    ],
    [
      0.1726323515176773,
      0.7789238691329956,
      0.048443276435136795
    ],
    [
      0.29565954208374023,
      0.12640699744224548,
      0.5779331922531128
    ],
    [
      0.08866917341947556,
      0.7247675657272339,
      0.18656378984451294
    ],
    [
      0.11832359433174133,
      0.18683205544948578,
      0.6948456168174744
    ],
    [
      0.2249193787574768,
      0.6238369941711426,
      0.15124240517616272
    ],
    [
      0.26291391253471375,
      0.5933497548103333,
      0.14373646676540375
    ],
    [
      0.41162410378456116,
      0.40188634395599365,
      0.1864895075559616
    ],
    [
      0.3742753565311432,
      0.06689729541540146,
      0.5588276386260986
    ],
    [
      0.46882542967796326,
      0.2741912007331848,
      0.25698357820510864
    ],
    [
      0.19104546308517456,
      0.22884397208690643,
      0.5801107883453369
    ],
    [
      0.5997401475906372,
      0.1741771101951599,
      0.22608225047588348
    ],
    [
      0.06315594911575317,
      0.555563747882843,
      0.38128045201301575
    ],
    [
      0.053416479378938675,
      0.5449634194374084,
      0.40161973237991333
    ],
    [
      0.2514510750770569,
      0.3031241297721863,
      0.44542476534843445
    ],
    [
      0.4007609188556671,
      0.01662762276828289,
      0.5826112627983093
    ],
    [
      0.010910706594586372,
      0.9365912675857544,
      0.05249803885817528
    ],
    [
      0.08337287604808807,
      0.7766890525817871,
      0.1399374008178711
    ],
    [
      0.1876448392868042,
      0.11725269258022308,
      0.6951021552085876
    ],
    [
      0.022375063970685005,
      0.832230269908905,
      0.14539487659931183
    ],
    [
      0.10922268033027649,
      0.006476377137005329,
      0.8843002319335938
    ],
    [
      0.2310025840997696,
      0.016186678782105446,
      0.7528114914894104
    ],
    [
      0.6431262493133545,
      0.04049462825059891,
      0.3163788318634033
    ],
    [
      0.36835289001464844,
      0.2717038094997406,
      0.3599429130554199
    ],
    [
      0.5834771394729614,
      0.1218000054359436,
      0.29472240805625916
    ],
    [
      0.2702988386154175,
      0.14579933881759644,
      0.583901047706604
    ],
    [
      0.1389828473329544,
      0.720416784286499,
      0.14060021936893463
    ],
    [
      0.029403172433376312,
      0.7827073931694031,
      0.18788976967334747
    ],
    [
      0.46059271693229675,
      0.044844094663858414,
      0.49456363916397095
    ],
    [
      0.22583043575286865,
      0.1439698040485382,
      0.630199670791626
    ],
    [
      0.19283470511436462,
      0.027806507423520088,
      0.7793588638305664
    ],
    [
      0.22071312367916107,
      0.20263034105300903,
      0.5766564011573792
    ],
    [
      0.21703417599201202,
      0.3190873861312866,
      0.4638786315917969
    ],
    [
      0.09127801656723022,
      0.7067797780036926,
      0.20194308459758759
    ],
    [
      0.3479500114917755,
      0.1159413680434227,
      0.5361084938049316
    ],
    [
      0.1396327018737793,
      0.18667078018188477,
      0.673696756362915
    ],
    [
      0.24500279128551483,
      0.26192715764045715,
      0.49307000637054443
    ],
    [
      0.18905597925186157,
      0.29562416672706604,
      0.5153201222419739
    ],
    [
      0.05299985781311989,
      0.6098105311393738,
      0.3371898829936981
    ],
    [
      0.3418595790863037,
      0.44649073481559753,
      0.21165044605731964
    ],
    [
      0.05667702481150627,
      0.11817426979541779,
      0.8251476287841797
    ],
    [
      0.27565842866897583,
      0.03329554572701454,
      0.6910461187362671
    ],
    [
      0.32029977440834045,
      0.4311153292655945,
      0.2485852837562561
    ],
    [
      0.059769514948129654,
      0.36673763394355774,
      0.5734928250312805
    ],
    [
      0.040544237941503525,
      0.4878077208995819,
      0.4716482162475586
    ]
  ],