{
  "N": 112800,
  "usage": [
    0.09491273015737534,
    0.44205784797668457,
    0.4630294144153595
  ],
  "entropy_mean": 0.7130274772644043,
  "entropy_std": 0.2693217694759369,
  "top1_share": [
    0.0011081560514867306,
    0.4303014278411865,
    0.5685904026031494
  ],
  "P_expert_given_class": [
    [
      0.2386256605386734,
      0.18985074758529663,
      0.5715229511260986
    ],
    [
      0.023213917389512062,
      0.9089503884315491,
      0.06783592700958252
    ],
    [
      0.07841886579990387,
      0.5231388211250305,
      0.39844226837158203
    ],
    [
      0.053706634789705276,
      0.7399389743804932,
      0.20635461807250977
    ],
    [
      0.12435472756624222,
      0.37947431206703186,
      0.49617135524749756
    ],
    [
      0.07434415817260742,
      0.5718694925308228,
      0.3537859618663788
    ],
    [
      0.06001104414463043,
      0.36594128608703613,
      0.5740475058555603
    ],
    [
      0.05138944089412689,
      0.8285087943077087,
      0.12010214477777481
    ],
    [
      0.09812984615564346,
      0.43919891119003296,
      0.4626707434654236
    ],
    [
      0.11458908021450043,
      0.6356275081634521,
      0.24978436529636383
    ],
    [
      0.12303651124238968,
      0.25580474734306335,
      0.6211598515510559
    ],
    [
      0.1524055451154709,
      0.265046626329422,
      0.5825474858283997
    ],
    [
      0.11042049527168274,
      0.3609406650066376,
      0.5286393165588379
    ],
    [
      0.1942807137966156,
      0.20933282375335693,
      0.5963867902755737
    ],
    [
      0.06720831245183945,
      0.36292535066604614,
      0.5698661208152771
    ],
    [
      0.06490465253591537,
      0.5472254157066345,
      0.387870192527771
    ],
    [
      0.12229480594396591,
      0.39827582240104675,
      0.4794289171695709
    ],
    [
      0.1401408165693283,
      0.17182187736034393,
      0.6880366206169128
    ],
    [
      0.027968302369117737,
      0.8658798336982727,
      0.10615329444408417
    ],
    [
      0.06455767899751663,
      0.7123743295669556,
      0.22306795418262482
    ],
    [
      0.07183455675840378,
      0.2331872582435608,
      0.6949788331985474
    ],
    [
      0.030867531895637512,
      0.8079297542572021,
      0.16120301187038422
    ],
    [
      0.09400161355733871,
      0.2425033003091812,
      0.6634953022003174
    ],
    [
      0.09667994827032089,
      0.18714562058448792,
      0.7161741256713867
    ],
    [
      0.20982706546783447,
      0.1819964498281479,
      0.6081758141517639
    ],
    [
      0.1115582138299942,
      0.4627928137779236,
      0.4256495535373688
    ],
    [
      0.20065824687480927,
      0.2574080228805542,
      0.541934072971344
    ],
    [
      0.1093132421374321,
      0.2231934815645218,
      0.6674938797950745
    ],
    [
      0.0700422003865242,
      0.5774907469749451,
      0.3524658679962158
    ],
    [
      0.0371415838599205,
      0.8595343828201294,
      0.10332378000020981
    ],
    [
      0.1593960076570511,
      0.23433105647563934,
      0.6062725782394409
    ],
    [
      0.09042481333017349,
      0.2809329032897949,
      0.6286422610282898
    ],
    [
      0.12425357848405838,
      0.2134336531162262,
      0.6623125076293945
    ],
    [
      0.06197905167937279,
      0.36317017674446106,
      0.5748514533042908
    ],
    [
      0.07563723623752594,
      0.5830734968185425,
      0.341289758682251
    ],
    [
      0.08674255013465881,
      0.5073297619819641,
      0.40592753887176514
    ],
    [
      0.1297089010477066,
      0.32155081629753113,
      0.5487398505210876
    ],
    [
      0.059982310980558395,
      0.31421583890914917,
      0.6258014440536499
    ],
    [
      0.06247299909591675,
      0.5509302616119385,
      0.38659659028053284
    ],
    [
      0.07673928141593933,
      0.28512075543403625,
      0.6381391286849976
    ],
    [
      0.060594476759433746,
      0.5517471432685852,
      0.3876584768295288
    ],
    [
      0.10861968994140625,
      0.5148361921310425,
      0.3765436112880707
    ],
    [
      0.05696531757712364,
      0.2811388671398163,
      0.661896288394928
    ],
    [
      0.10196832567453384,
      0.2360474169254303,
      0.6619833111763
    ],
    [
      0.10954675078392029,
      0.5294438004493713,
      0.3610101640224457
    ],
    [
      0.03455810621380806,
      0.6312251687049866,
      0.3342166244983673
    ],
    [
      0.04538344964385033,
      0.612887442111969,
      0.3417286276817322
    ]
  ],