{
  "N": 112800,
  "usage": [
    0.2399117350578308,
    0.35520139336586,
    0.4048868715763092
  ],
  "entropy_mean": 0.7239110469818115,
  "entropy_std": 0.26024094223976135,
  "top1_share": [
    0.18531915545463562,
    0.37347516417503357,
    0.4412056803703308
  ],
  "P_expert_given_class": [
    [
      0.7238879799842834,
      0.045556679368019104,
      0.23055602610111237
    ],
    [
      0.006467258092015982,
      0.9485286474227905,
      0.045003168284893036
    ],
    [
      0.19935761392116547,
      0.5334979891777039,
      0.26714468002319336
    ],
    [
      0.16338059306144714,
      0.7748470306396484,
      0.061771996319293976
    ],
    [
      0.3101702928543091,
      0.12226656824350357,
      0.5675634145736694
    ],
    [
      0.08426239341497421,
      0.7173977494239807,
      0.19834014773368835
    ],
    [
      0.11358903348445892,
      0.19165316224098206,
      0.6947576403617859
    ],
    [
      0.2367909699678421,
      0.6314487457275391,
      0.1317603439092636
    ],
    [
      0.25158676505088806,
      0.6111804842948914,
      0.1372317373752594
    ],
    [
      0.41909363865852356,
      0.3890433609485626,
      0.19186344742774963
    ],
    [
      0.3936152160167694,
      0.06523812562227249,
      0.5411469340324402
    ],
    [
      0.47030091285705566,
      0.2747986614704132,
      0.2549000680446625
    ],
    [
      0.1957000494003296,
      0.2349632829427719,
      0.569337010383606
    ],
    [
      0.614867627620697,
      0.1725326031446457,
      0.21259960532188416
    ],
    [
      0.061432138085365295,
      0.5705257058143616,
      0.3680414855480194
    ],
    [
      0.055310286581516266,
      0.5389711260795593,
      0.40571844577789307
    ],
    [
      0.26797613501548767,
      0.2941170632839203,
      0.4379059374332428
    ],
    [
      0.426003098487854,
      0.018098564818501472,
      0.5558988451957703
    ],
    [
      0.01094062440097332,
      0.9267138838768005,
      0.06234513595700264
    ],
    [
      0.08403384685516357,
      0.7711849808692932,
      0.14478158950805664
    ],
    [
      0.18388301134109497,
      0.1153206154704094,
      0.700796365737915
    ],
    [
      0.020094899460673332,
      0.8215200901031494,
      0.15838481485843658
    ],
    [
      0.1176542267203331,
      0.006564093288034201,
      0.8757814764976501
    ],
    [
      0.24567222595214844,
      0.015066994354128838,
      0.7392607927322388
    ],
    [
      0.6640589237213135,
      0.04103833809494972,
      0.29490309953689575
    ],
    [
      0.37763655185699463,
      0.2868988811969757,
      0.33546483516693115
    ],
    [
      0.5869375467300415,
      0.12218324095010757,
      0.2908799350261688
    ],
    [
      0.27874061465263367,
      0.15112042427062988,
      0.5701387524604797
    ],
    [
      0.13805702328681946,
      0.7127434015274048,
      0.14919976890087128
    ],
    [
      0.02953779511153698,
      0.8033096790313721,
      0.16715306043624878
    ],
    [
      0.4774809777736664,
      0.03948037326335907,
      0.4830384850502014
    ],
    [
      0.25157400965690613,
      0.14149561524391174,
      0.606930673122406
    ],
    [
      0.19556263089179993,
      0.025380747392773628,
      0.7790554165840149
    ],
    [
      0.22022758424282074,
      0.1874632090330124,
      0.5923090577125549
    ],
    [
      0.21376581490039825,
      0.3229539394378662,
      0.46327999234199524
    ],
    [
      0.0901128351688385,
      0.7139641046524048,
      0.19592224061489105
    ],
    [
      0.3658769130706787,
      0.10431241244077682,
      0.5298112034797668
    ],
    [
      0.12593384087085724,
      0.18714560568332672,
      0.6869205236434937
    ],
    [
      0.2590130567550659,
      0.2546076476573944,
      0.48637914657592773
    ],
    [
      0.19090770184993744,
      0.3005436062812805,
      0.5085490942001343
    ],
    [
      0.05414564907550812,
      0.6095761656761169,
      0.3362776041030884
    ],
    [
      0.3416394293308258,
      0.4433991014957428,
      0.21496134996414185
    ],
    [
      0.054286688566207886,
      0.11859238892793655,
      0.8271204829216003
    ],
    [
      0.282728910446167,
      0.031525980681180954,
      0.6857457756996155
    ],
    [
      0.3229796588420868,
      0.4305516481399536,
      0.24646860361099243
    ],
    [
      0.05895097181200981,
      0.37778759002685547,
      0.5632615685462952
    ],
    [
      0.03962908685207367,
      0.4973513185977936,
      0.46301960945129395
    ]
  ],