{
  "N": 112800,
  "usage": [
    0.226211279630661,
    0.3546086549758911,
    0.4191800355911255
  ],
  "entropy_mean": 0.7222486734390259,
  "entropy_std": 0.2625005543231964,
  "top1_share": [
    0.16143617033958435,
    0.3731028437614441,
    0.46546098589897156
  ],
  "P_expert_given_class": [
    [
      0.6869358420372009,
      0.04205787181854248,
      0.27100658416748047
    ],
    [
      0.006881434004753828,
      0.9654542207717896,
      0.027664760127663612
    ],
    [
      0.17943254113197327,
      0.5546398162841797,
      0.2659272253513336
    ],
    [
      0.161691814661026,
      0.782992422580719,
      0.05531536042690277
    ],
    [
      0.27670612931251526,
      0.11747097223997116,
      0.6058225631713867
    ],
    [
      0.094029501080513,
      0.7114607095718384,
      0.19450850784778595
    ],
    [
      0.10429714620113373,
      0.18961291015148163,
      0.7060908675193787
    ],
    [
      0.20692771673202515,
      0.6493219137191772,
      0.14374980330467224
    ],
    [
      0.2552984654903412,
      0.5929316878318787,
      0.15176939964294434
    ],
    [
      0.38380539417266846,
      0.4070277214050293,
      0.2091662585735321
    ],
    [
      0.36539536714553833,
      0.0628446564078331,
      0.5717600584030151
    ],
    [
      0.4517495334148407,
      0.26964709162712097,
      0.27860352396965027
    ],
    [
      0.19244924187660217,
      0.20379960536956787,
      0.6037507653236389
    ],
    [
      0.5763787031173706,
      0.17529693245887756,
      0.2483242303133011
    ],
    [
      0.05872058868408203,
      0.5757609009742737,
      0.36551907658576965
    ],
    [
      0.0605425201356411,
      0.5335609912872314,
      0.4058966636657715
    ],
    [
      0.2396857887506485,
      0.3080720603466034,
      0.4522430896759033
    ],
    [
      0.38902390003204346,
      0.01755080185830593,
      0.5934250950813293
    ],
    [
      0.010933640412986279,
      0.9391626119613647,
      0.04990345984697342
    ],
    [
      0.088842011988163,
      0.7632114887237549,
      0.14794674515724182
    ],
    [
      0.18079042434692383,
      0.11487565189599991,
      0.7043339014053345
    ],
    [
      0.021513991057872772,
      0.8339135646820068,
      0.1445726603269577
    ],
    [
      0.10332150012254715,
      0.00733825983479619,
      0.8893401026725769
    ],
    [
      0.2216540277004242,
      0.017417456954717636,
      0.7609280943870544
    ],
    [
      0.6277463436126709,
      0.03866250813007355,
      0.33359140157699585
    ],
    [
      0.36752554774284363,
      0.254598468542099,
      0.37787559628486633
    ],
    [
      0.5590929388999939,
      0.13040709495544434,
      0.31049981713294983
    ],
    [
      0.26094645261764526,
      0.1383824199438095,
      0.6006703972816467
    ],
    [
      0.13747356832027435,
      0.7052050232887268,
      0.15732181072235107
    ],
    [
      0.030828796327114105,
      0.7892467975616455,
      0.1799256056547165
    ],
    [
      0.43467310070991516,
      0.042653996497392654,
      0.5226737856864929
    ],
    [
      0.21620839834213257,
      0.138067364692688,
      0.6457227468490601
    ],
    [
      0.18635469675064087,
      0.029869280755519867,
      0.783775806427002
    ],
    [
      0.20041999220848083,
      0.2091740518808365,
      0.5904057025909424
    ],
    [
      0.21016354858875275,
      0.320058137178421,
      0.4697777330875397
    ],
    [
      0.07997103780508041,
      0.7305244207382202,
      0.18950417637825012
    ],
    [
      0.3344964385032654,
      0.11443107575178146,
      0.5510725378990173
    ],
    [
      0.14121279120445251,
      0.18374575674533844,
      0.6750411987304688
    ],
    [
      0.23507294058799744,
      0.26344525814056396,
      0.5014809966087341
    ],
    [
      0.17381349205970764,
      0.2942301034927368,
      0.5319557189941406
    ],
    [
      0.05652301758527756,
      0.5915176272392273,
      0.35195955634117126
    ],
    [
      0.3242819607257843,
      0.4398881494998932,
      0.2358299195766449
    ],
    [
      0.05625530332326889,
      0.11975371092557907,
      0.8239908218383789
    ],
    [
      0.26393935084342957,
      0.032632648944854736,
      0.7034275531768799
    ],
    [
      0.3104124963283539,
      0.421581506729126,
      0.2680063247680664
    ],
    [
      0.06478944420814514,
      0.35850098729133606,
      0.5767098069190979
    ],
    [
      0.04272236302495003,
      0.48460742831230164,
      0.47266969084739685
    ]
  ],