{
  "N": 112800,
  "usage": [
    0.21741437911987305,
    0.35743746161460876,
    0.4251481592655182
  ],
  "entropy_mean": 0.7194157242774963,
  "entropy_std": 0.2621609568595886,
  "top1_share": [
    0.14622341096401215,
    0.3771187961101532,
    0.47665780782699585
  ],
  "P_expert_given_class": [
    [
      0.6584194302558899,
      0.039608389139175415,
      0.3019728362560272
    ],
    [
      0.008010372519493103,
      0.9664750099182129,
      0.02551470883190632
    ],
    [
      0.16384455561637878,
      0.5748139023780823,
      0.26134127378463745
    ],
    [
      0.15850360691547394,
      0.7876402139663696,
      0.05385683849453926
    ],
    [
      0.26203882694244385,
      0.12475336343050003,
      0.6132078766822815
    ],
    [
      0.08987484872341156,
      0.7314712405204773,
      0.17865419387817383
    ],
    [
      0.10707420110702515,
      0.18423554301261902,
      0.7086902260780334
    ],
    [
      0.1940407156944275,
      0.6594679951667786,
      0.1464911252260208
    ],
    [
      0.25290682911872864,
      0.5785926580429077,
      0.16850042343139648
    ],
    [
      0.36312708258628845,
      0.420550137758255,
      0.21632222831249237
    ],
    [
      0.34197360277175903,
      0.06541161984205246,
      0.5926144123077393
    ],
    [
      0.4269435703754425,
      0.274222195148468,
      0.29883435368537903
    ],
    [
      0.18306918442249298,
      0.19552555680274963,
      0.6214049458503723
    ],
    [
      0.5580562949180603,
      0.17284472286701202,
      0.26909884810447693
    ],
    [
      0.05641559138894081,
      0.5682651996612549,
      0.3753194510936737
    ],
    [
      0.056162286549806595,
      0.5388346910476685,
      0.4050028324127197
    ],
    [
      0.22246882319450378,
      0.3235805332660675,
      0.4539509117603302
    ],
    [
      0.3743078112602234,
      0.01727791130542755,
      0.6084138751029968
    ],
    [
      0.011666379868984222,
      0.9440994262695312,
      0.0442335419356823
    ],
    [
      0.08675156533718109,
      0.7798096537590027,
      0.13343936204910278
    ],
    [
      0.17350132763385773,
      0.1035786122083664,
      0.7229203581809998
    ],
    [
      0.02287161722779274,
      0.8419082164764404,
      0.13522066175937653
    ],
    [
      0.1051153913140297,
      0.007805684581398964,
      0.8870787620544434
    ],
    [
      0.22389750182628632,
      0.018127957358956337,
      0.7579749822616577
    ],
    [
      0.6031928658485413,
      0.03466949984431267,
      0.3621372580528259
    ],
    [
      0.3435593247413635,
      0.25470080971717834,
      0.4017392098903656
    ],
    [
      0.5359721183776855,
      0.14197956025600433,
      0.3220480680465698
    ],
    [
      0.23530571162700653,
      0.13781391084194183,
      0.6268806457519531
    ],
    [
      0.1264030486345291,
      0.7230221629142761,
      0.15057562291622162
    ],
    [
      0.030357733368873596,
      0.7959617376327515,
      0.17368091642856598
    ],
    [
      0.4165883958339691,
      0.044784195721149445,
      0.5386273860931396
    ],
    [
      0.2155153453350067,
      0.11759727448225021,
      0.6668869256973267
    ],
    [
      0.20350469648838043,
      0.03171764686703682,
      0.7647773623466492
    ],
    [
      0.19340814650058746,
      0.20218230783939362,
      0.6044094562530518
    ],
    [
      0.20339836180210114,
      0.31869274377822876,
      0.4779086709022522
    ],
    [
      0.08359070122241974,
      0.7392215132713318,
      0.1771879494190216
    ],
    [
      0.3113313913345337,
      0.1197066530585289,
      0.5689616799354553
    ],
    [
      0.15918663144111633,
      0.18969875574111938,
      0.6511148810386658
    ],
    [
      0.21839171648025513,
      0.278563916683197,
      0.5030450224876404
    ],
    [
      0.15027137100696564,
      0.2841731011867523,
      0.5655552744865417
    ],
    [
      0.05424303561449051,
      0.5949786901473999,
      0.35077881813049316
    ],
    [
      0.3032962679862976,
      0.4495210349559784,
      0.24718213081359863
    ],
    [
      0.07143614441156387,
      0.11278418451547623,
      0.8157802224159241
    ],
    [
      0.25667455792427063,
      0.03412420675158501,
      0.7092022895812988
    ],
    [
      0.29205501079559326,
      0.4255847632884979,
      0.28236037492752075
    ],
    [
      0.06372345238924026,
      0.3538401126861572,
      0.5824370384216309
    ],
    [
      0.04602715000510216,
      0.4953438937664032,
      0.45862844586372375
    ]
  ],