{
  "N": 112800,
  "usage": [
    0.101463682949543,
    0.3554525077342987,
    0.5430837869644165
  ],
  "entropy_mean": 0.6408478617668152,
  "entropy_std": 0.2773115038871765,
  "top1_share": [
    0.004166666883975267,
    0.3465780019760132,
    0.6492553353309631
  ],
  "P_expert_given_class": [
    [
      0.3224215507507324,
      0.0819866806268692,
      0.5955916047096252
    ],
    [
      0.003626800375059247,
      0.9532420635223389,
      0.04313233494758606
    ],
    [
      0.1003967747092247,
      0.4864857494831085,
      0.413117915391922
    ],
    [
      0.0475759319961071,
      0.822727382183075,
      0.12969687581062317
    ],
    [
      0.17766796052455902,
      0.19171738624572754,
      0.6306149363517761
    ],
    [
      0.05280400067567825,
      0.7084300518035889,
      0.23876655101776123
    ],
    [
      0.053350843489170074,
      0.1948004961013794,
      0.751849353313446
    ],
    [
      0.06819044798612595,
      0.7925013303756714,
      0.13930872082710266
    ],
    [
      0.10862886160612106,
      0.42194855213165283,
      0.46942219138145447
    ],
    [
      0.20140141248703003,
      0.5565134882926941,
      0.24208363890647888
    ],
    [
      0.14740698039531708,
      0.1199558898806572,
      0.732637345790863
    ],
    [
      0.16391247510910034,
      0.250354140996933,
      0.5857324004173279
    ],
    [
      0.12243922054767609,
      0.18233364820480347,
      0.6952263116836548
    ],
    [
      0.2683946490287781,
      0.13248251378536224,
      0.5991231799125671
    ],
    [
      0.03554182127118111,
      0.3273822069168091,
      0.6370759606361389
    ],
    [
      0.062245890498161316,
      0.47017696499824524,
      0.4675770103931427
    ],
    [
      0.11499649286270142,
      0.3871026635169983,
      0.4979013502597809
    ],
    [
      0.16411638259887695,
      0.04976002499461174,
      0.7861242890357971
    ],
    [
      0.008837148547172546,
      0.9140281081199646,
      0.07713495194911957
    ],
    [
      0.06718958914279938,
      0.7507630586624146,
      0.18204641342163086
    ],
    [
      0.046258047223091125,
      0.05702834948897362,
      0.8967129588127136
    ],
    [
      0.022701174020767212,
      0.7770994305610657,
      0.200200155377388
    ],
    [
      0.04613374546170235,
      0.05773168057203293,
      0.896134614944458
    ],
    [
      0.07364281266927719,
      0.03483607992529869,
      0.8915197849273682
    ],
    [
      0.27172112464904785,
      0.07454782724380493,
      0.6537304520606995
    ],
    [
      0.1669221669435501,
      0.3111416697502136,
      0.521935224533081
    ],
    [
      0.2664918899536133,
      0.17141710221767426,
      0.5620908737182617
    ],
    [
      0.09261701256036758,
      0.11453814059495926,
      0.7928445935249329
    ],
    [
      0.045203205198049545,
      0.7420889735221863,
      0.21270816028118134
    ],
    [
      0.02493312768638134,
      0.8595861792564392,
      0.11548049002885818
    ],
    [
      0.186760812997818,
      0.08818406611680984,
      0.7250548601150513
    ],
    [
      0.07712388783693314,
      0.07104186713695526,
      0.8518338799476624
    ],
    [
      0.11579693853855133,
      0.052516162395477295,
      0.8316864371299744
    ],
    [
      0.03915366902947426,
      0.20071107149124146,
      0.7601349949836731
    ],
    [
      0.09227298945188522,
      0.3768211603164673,
      0.5309056043624878
    ],
    [
      0.06794652342796326,
      0.5877821445465088,
      0.3442714810371399
    ],
    [
      0.14740312099456787,
      0.18779753148555756,
      0.6647999882698059
    ],
    [
      0.04839346185326576,
      0.15899896621704102,
      0.7926077842712402
    ],
    [
      0.06468284875154495,
      0.3654794692993164,
      0.5698372721672058
    ],
    [
      0.048922374844551086,
      0.19756044447422028,
      0.7535169720649719
    ],
    [
      0.06014147400856018,
      0.4887573719024658,
      0.45110082626342773
    ],
    [
      0.14846710860729218,
      0.47161665558815,
      0.37991634011268616
    ],
    [
      0.031241178512573242,
      0.09154430031776428,
      0.877214252948761
    ],
    [
      0.0699990764260292,
      0.06837348639965057,
      0.8616279363632202
    ],
    [
      0.16222727298736572,
      0.4453985095024109,
      0.3923741281032562
    ],
    [
      0.02484029531478882,
      0.3421466648578644,
      0.6330127716064453
    ],
    [
      0.03565067797899246,
      0.5168320536613464,
      0.4475175440311432
    ]
  ],