{
  "N": 112800,
  "usage": [
    0.22952669858932495,
    0.35468289256095886,
    0.4157904386520386
  ],
  "entropy_mean": 0.7246867418289185,
  "entropy_std": 0.2631359100341797,
  "top1_share": [
    0.1671365201473236,
    0.37184396386146545,
    0.46101951599121094
  ],
  "P_expert_given_class": [
    [
      0.6913225054740906,
      0.04370811954140663,
      0.264969140291214
    ],
    [
      0.006979126948863268,
      0.9631713032722473,
      0.029849831014871597
    ],
    [
      0.18231512606143951,
      0.5553876161575317,
      0.26229771971702576
    ],
    [
      0.1705375611782074,
      0.7728794813156128,
      0.05658186599612236
    ],
    [
      0.2819024622440338,
      0.1223154067993164,
      0.5957818031311035
    ],
    [
      0.09383644908666611,
      0.7144787907600403,
      0.19168467819690704
    ],
    [
      0.11041264981031418,
      0.19801323115825653,
      0.6915740370750427
    ],
    [
      0.21585507690906525,
      0.6392695903778076,
      0.14487531781196594
    ],
    [
      0.26009225845336914,
      0.5893205404281616,
      0.1505870372056961
    ],
    [
      0.39301159977912903,
      0.4022102653980255,
      0.20477837324142456
    ],
    [
      0.3636128306388855,
      0.06738174706697464,
      0.5690050721168518
    ],
    [
      0.45288822054862976,
      0.27425509691238403,
      0.2728566825389862
    ],
    [
      0.20534946024417877,
      0.21352404356002808,
      0.5811266899108887
    ],
    [
      0.5805495977401733,
      0.17749479413032532,
      0.2419549524784088
    ],
    [
      0.06485991179943085,
      0.5647318363189697,
      0.3704080581665039
    ],
    [
      0.06241361051797867,
      0.5293789505958557,
      0.4082072377204895
    ],
    [
      0.24254809319972992,
      0.31547290086746216,
      0.4419788122177124
    ],
    [
      0.38694238662719727,
      0.017257938161492348,
      0.5957990288734436
    ],
    [
      0.011516348458826542,
      0.9382177591323853,
      0.05026594176888466
    ],
    [
      0.09071527421474457,
      0.7576605081558228,
      0.15162377059459686
    ],
    [
      0.17446467280387878,
      0.11034172028303146,
      0.7151938080787659
    ],
    [
      0.024168778210878372,
      0.8309552669525146,
      0.14487536251544952
    ],
    [
      0.10461944341659546,
      0.007446324918419123,
      0.8879338502883911
    ],
    [
      0.22552989423274994,
      0.01659301668405533,
      0.7578768134117126
    ],
    [
      0.6333954334259033,
      0.04082006216049194,
      0.32578498125076294
    ],
    [
      0.3790348172187805,
      0.2515972852706909,
      0.36936789751052856
    ],
    [
      0.5701468586921692,
      0.11951853334903717,
      0.31033429503440857
    ],
    [
      0.26304420828819275,
      0.13865885138511658,
      0.598296582698822
    ],
    [
      0.1410997360944748,
      0.7081302404403687,
      0.15077070891857147
    ],
    [
      0.031981103122234344,
      0.7899608016014099,
      0.1780589520931244
    ],
    [
      0.44180959463119507,
      0.043273817747831345,
      0.5149166584014893
    ],
    [
      0.2099064588546753,
      0.13412676751613617,
      0.6559661626815796
    ],
    [
      0.1942240595817566,
      0.02806360274553299,
      0.7777121067047119
    ],
    [
      0.2066817581653595,
      0.2058650404214859,
      0.5874534249305725
    ],
    [
      0.20432400703430176,
      0.31674957275390625,
      0.47892630100250244
    ],
    [
      0.0873149037361145,
      0.7289062142372131,
      0.1837797462940216
    ],
    [
      0.34221693873405457,
      0.11452561616897583,
      0.5432573556900024
    ],
    [
      0.13614240288734436,
      0.19900768995285034,
      0.6648498773574829
    ],
    [
      0.24341677129268646,
      0.2616255283355713,
      0.4949587881565094
    ],
    [
      0.17566876113414764,
      0.30226561427116394,
      0.5220655798912048
    ],
    [
      0.057918764650821686,
      0.5903887152671814,
      0.35169339179992676
    ],
    [
      0.3307197690010071,
      0.4391861855983734,
      0.2300937920808792
    ],
    [
      0.05019544064998627,
      0.12391678988933563,
      0.8258876800537109
    ],
    [
      0.27303600311279297,
      0.0346156470477581,
      0.6923468112945557
    ],
    [
      0.31197619438171387,
      0.4235783517360687,
      0.26444509625434875
    ],
    [
      0.06349650770425797,
      0.3644533157348633,
      0.5720512866973877
    ],
    [
      0.04355936869978905,
      0.489396870136261,
      0.4670441150665283
    ]
  ],