{
  "N": 112800,
  "usage": [
    0.16685138642787933,
    0.3601858615875244,
    0.47296273708343506
  ],
  "entropy_mean": 0.6803354024887085,
  "entropy_std": 0.2647782564163208,
  "top1_share": [
    0.08032801747322083,
    0.3721453845500946,
    0.5475265979766846
  ],
  "P_expert_given_class": [
    [
      0.505785346031189,
      0.07234573364257812,
      0.42186862230300903
    ],
    [
      0.008936462923884392,
      0.9635221362113953,
      0.02754031866788864
    ],
    [
      0.11221063882112503,
      0.5845099091529846,
      0.3032795190811157
    ],
    [
      0.09555692970752716,
      0.8505674004554749,
      0.05387628450989723
    ],
    [
      0.2182900309562683,
      0.12921759486198425,
      0.6524916887283325
    ],
    [
      0.058528684079647064,
      0.7997050881385803,
      0.1417659968137741
    ],
    [
      0.0822720155119896,
      0.19484779238700867,
      0.7228808999061584
    ],
    [
      0.13627712428569794,
      0.7218921184539795,
      0.1418314278125763
    ],
    [
      0.22004994750022888,
      0.523531973361969,
      0.25641757249832153
    ],
    [
      0.3337332606315613,
      0.4665963351726532,
      0.19967016577720642
    ],
    [
      0.25788506865501404,
      0.0625120997428894,
      0.6796020269393921
    ],
    [
      0.3142417371273041,
      0.2725711464881897,
      0.4131873548030853
    ],
    [
      0.11500149965286255,
      0.19171614944934845,
      0.6932826638221741
    ],
    [
      0.399751752614975,
      0.22531361877918243,
      0.37493541836738586
    ],
    [
      0.03385103866457939,
      0.5180231928825378,
      0.4481255114078522
    ],
    [
      0.06065061688423157,
      0.546373724937439,
      0.39297470450401306
    ],
    [
      0.14899995923042297,
      0.41184088587760925,
      0.4391593039035797
    ],
    [
      0.2892974019050598,
      0.016729077324271202,
      0.6939736604690552
    ],
    [
      0.009005892090499401,
      0.9385790824890137,
      0.0524146668612957
    ],
    [
      0.07595228403806686,
      0.7917641997337341,
      0.13228368759155273
    ],
    [
      0.1121978908777237,
      0.060614604502916336,
      0.8271870017051697
    ],
    [
      0.01818086951971054,
      0.8351670503616333,
      0.1466522365808487
    ],
    [
      0.0873444527387619,
      0.016751278191804886,
      0.8959044218063354
    ],
    [
      0.184001624584198,
      0.02158324606716633,
      0.7944148778915405
    ],
    [
      0.4605604410171509,
      0.05565468594431877,
      0.4837843179702759
    ],
    [
      0.3011719882488251,
      0.24794453382492065,
      0.45088323950767517
    ],
    [
      0.45004913210868835,
      0.1528097540140152,
      0.3971411883831024
    ],
    [
      0.1704484224319458,
      0.09161021560430527,
      0.7379413843154907
    ],
    [
      0.07040166854858398,
      0.7887207269668579,
      0.14087817072868347
    ],
    [
      0.02666071429848671,
      0.7945457696914673,
      0.17879360914230347
    ],
    [
      0.30916574597358704,
      0.0605633482336998,
      0.6302713751792908
    ],
    [
      0.15011967718601227,
      0.08615151047706604,
      0.7637284398078918
    ],
    [
      0.16556520760059357,
      0.03488482907414436,
      0.7995498776435852
    ],
    [
      0.12586502730846405,
      0.156645730137825,
      0.7174890041351318
    ],
    [
      0.17975196242332458,
      0.3120840787887573,
      0.5081642270088196
    ],
    [
      0.05680174008011818,
      0.7147831916809082,
      0.2284148633480072
    ],
    [
      0.2402953803539276,
      0.1385081559419632,
      0.621196985244751
    ],
    [
      0.11692865937948227,
      0.17174255847930908,
      0.7113288640975952
    ],
    [
      0.14455527067184448,
      0.25252583622932434,
      0.602918803691864
    ],
    [
      0.07749728858470917,
      0.24120701849460602,
      0.6812952756881714
    ],
    [
      0.057727716863155365,
      0.5717031359672546,
      0.37056875228881836
    ],
    [
      0.25515758991241455,
      0.47931182384490967,
      0.26553162932395935
    ],
    [
      0.06793589890003204,
      0.09949633479118347,
      0.8325678110122681
    ],
    [
      0.1928863823413849,
      0.04079779237508774,
      0.7663156390190125
    ],
    [
      0.2585459053516388,
      0.4217291474342346,
      0.319724440574646
    ],
    [
      0.04397915303707123,
      0.3285678029060364,
      0.6274532675743103
    ],
    [
      0.04194074869155884,
      0.47047027945518494,
      0.48758891224861145
    ]
  ],