{
  "N": 112800,
  "usage": [
    0.2385181486606598,
    0.3536425530910492,
    0.407839298248291
  ],
  "entropy_mean": 0.7256790995597839,
  "entropy_std": 0.2644445598125458,
  "top1_share": [
    0.18017730116844177,
    0.3734397292137146,
    0.44638296961784363
  ],
  "P_expert_given_class": [
    [
      0.7166824340820312,
      0.036977894604206085,
      0.2463400810956955
    ],
    [
      0.00691773509606719,
      0.962714433670044,
      0.030367141589522362
    ],
    [
      0.2020164430141449,
      0.5270892381668091,
      0.2708941698074341
    ],
    [
      0.17749570310115814,
      0.7592132687568665,
      0.06328969448804855
    ],
    [
      0.3019096851348877,
      0.13345356285572052,
      0.5646360516548157
    ],
    [
      0.09085982292890549,
      0.710615336894989,
      0.1985246241092682
    ],
    [
      0.11536850035190582,
      0.19498854875564575,
      0.6896427869796753
    ],
    [
      0.23475725948810577,
      0.6224379539489746,
      0.14280594885349274
    ],
    [
      0.26428014039993286,
      0.591731071472168,
      0.14398892223834991
    ],
    [
      0.406791090965271,
      0.3937484323978424,
      0.19946052134037018
    ],
    [
      0.3734348714351654,
      0.06791801750659943,
      0.5586466193199158
    ],
    [
      0.4771140515804291,
      0.2704556882381439,
      0.25242987275123596
    ],
    [
      0.19784581661224365,
      0.22117352485656738,
      0.5809804797172546
    ],
    [
      0.6111946702003479,
      0.16784633696079254,
      0.22095900774002075
    ],
    [
      0.063627690076828,
      0.5752915740013123,
      0.36108094453811646
    ],
    [
      0.05725814774632454,
      0.536574125289917,
      0.40616825222969055
    ],
    [
      0.2637063264846802,
      0.2985187768936157,
      0.4377745985984802
    ],
    [
      0.4009803235530853,
      0.017997540533542633,
      0.581021249294281
    ],
    [
      0.011572853662073612,
      0.9415740966796875,
      0.04685366898775101
    ],
    [
      0.09004565328359604,
      0.7663891315460205,
      0.14356441795825958
    ],
    [
      0.1812696009874344,
      0.11324169486761093,
      0.7054880857467651
    ],
    [
      0.02201729826629162,
      0.829807698726654,
      0.1481744945049286
    ],
    [
      0.11301694065332413,
      0.005980145651847124,
      0.8810030221939087
    ],
    [
      0.23264488577842712,
      0.014604968950152397,
      0.7527495622634888
    ],
    [
      0.6566911339759827,
      0.03366977721452713,
      0.30963900685310364
    ],
    [
      0.37266355752944946,
      0.27495449781417847,
      0.3523821234703064
    ],
    [
      0.5830409526824951,
      0.12294702976942062,
      0.29401227831840515
    ],
    [
      0.27085041999816895,
      0.1452462077140808,
      0.5839042067527771
    ],
    [
      0.14371509850025177,
      0.7080943584442139,
      0.14819027483463287
    ],
    [
      0.030330801382660866,
      0.7881778478622437,
      0.1814912110567093
    ],
    [
      0.47360554337501526,
      0.03938654065132141,
      0.4870079457759857
    ],
    [
      0.24395810067653656,
      0.150670126080513,
      0.6053709983825684
    ],
    [
      0.19613437354564667,
      0.024184707552194595,
      0.7796811461448669
    ],
    [
      0.21538609266281128,
      0.19834530353546143,
      0.5862693190574646
    ],
    [
      0.21790561079978943,
      0.33392009139060974,
      0.44817423820495605
    ],
    [
      0.09565918892621994,
      0.6954043507575989,
      0.20893657207489014
    ],
    [
      0.3542284369468689,
      0.10627513378858566,
      0.5394962430000305
    ],
    [
      0.1348431557416916,
      0.20072360336780548,
      0.6644337177276611
    ],
    [
      0.2634313404560089,
      0.2648003399372101,
      0.47176849842071533
    ],
    [
      0.19200673699378967,
      0.3035920560359955,
      0.5044011473655701
    ],
    [
      0.05712597072124481,
      0.6053367853164673,
      0.33753812313079834
    ],
    [
      0.3446578085422516,
      0.4351745545864105,
      0.2201675921678543
    ],
    [
      0.052392199635505676,
      0.11995408684015274,
      0.8276546597480774
    ],
    [
      0.2785562574863434,
      0.0286880936473608,
      0.6927551031112671
    ],
    [
      0.3180348575115204,
      0.42723017930984497,
      0.25473517179489136
    ],
    [
      0.05889324098825455,
      0.36251378059387207,
      0.5785915851593018
    ],
    [
      0.04343491420149803,
      0.49156641960144043,
      0.4649984836578369
    ]
  ],