{
  "N": 112800,
  "usage": [
    0.548082709312439,
    0.16042281687259674,
    0.2914944887161255
  ],
  "entropy_mean": 0.7149651646614075,
  "entropy_std": 0.22258716821670532,
  "top1_share": [
    0.6686258912086487,
    0.057429078966379166,
    0.27394503355026245
  ],
  "P_expert_given_class": [
    [
      0.6000747084617615,
      0.06100970506668091,
      0.33891546726226807
    ],
    [
      0.1665172576904297,
      0.10081464797258377,
      0.7326676249504089
    ],
    [
      0.7975888848304749,
      0.12942323088645935,
      0.07298751920461655
    ],
    [
      0.81017005443573,
      0.11729961633682251,
      0.07253047823905945
    ],
    [
      0.518032968044281,
      0.28557145595550537,
      0.19639545679092407
    ],
    [
      0.7076736688613892,
      0.18801820278167725,
      0.10430823266506195
    ],
    [
      0.8397754430770874,
      0.0825142189860344,
      0.07770990580320358
    ],
    [
      0.16772760450839996,
      0.047179341316223145,
      0.7850934267044067
    ],
    [
      0.7467257380485535,
      0.07171005755662918,
      0.1815640926361084
    ],
    [
      0.4545939266681671,
      0.0764324739575386,
      0.4689732789993286
    ],
    [
      0.6048057675361633,
      0.1662435233592987,
      0.22894999384880066
    ],
    [
      0.8380992412567139,
      0.07561937719583511,
      0.08628121018409729
    ],
    [
      0.5365116000175476,
      0.05450446531176567,
      0.40898409485816956
    ],
    [
      0.6773409247398376,
      0.09961393475532532,
      0.22304509580135345
    ],
    [
      0.787774920463562,
      0.05018889904022217,
      0.16203711926937103
    ],
    [
      0.5006951689720154,
      0.08616114407777786,
      0.4131433069705963
    ],
    [
      0.8432980179786682,
      0.08677394688129425,
      0.0699276477098465
    ],
    [
      0.6181628704071045,
      0.28145211935043335,
      0.10038550943136215
    ],
    [
      0.22713012993335724,
      0.10260620713233948,
      0.6702638268470764
    ],
    [
      0.5834144949913025,
      0.18393343687057495,
      0.23265299201011658
    ],
    [
      0.5323067903518677,
      0.39761510491371155,
      0.07007797062397003
    ],
    [
      0.28984183073043823,
      0.15920253098011017,
      0.5509552955627441
    ],
    [
      0.5397937893867493,
      0.2725139558315277,
      0.18769234418869019
    ],
    [
      0.4874238669872284,
      0.3061075806617737,
      0.2064683586359024
    ],
    [
      0.5477653741836548,
      0.07636943459510803,
      0.37586501240730286
    ],
    [
      0.31038138270378113,
      0.03608160465955734,
      0.6535363793373108
    ],
    [
      0.7254973649978638,
      0.10990207642316818,
      0.16460084915161133
    ],
    [
      0.7220030426979065,
      0.10950644314289093,
      0.16848962008953094
    ],
    [
      0.7001533508300781,
      0.22821027040481567,
      0.07163684815168381
    ],
    [
      0.13815902173519135,
      0.08221019804477692,
      0.7796313166618347
    ],
    [
      0.472311407327652,
      0.26813438534736633,
      0.25955432653427124
    ],
    [
      0.281971275806427,
      0.08412094414234161,
      0.6339077353477478
    ],
    [
      0.6348680257797241,
      0.2268274873495102,
      0.13830456137657166
    ],
    [
      0.2932452857494354,
      0.648994505405426,
      0.05776035785675049
    ],
    [
      0.3047291934490204,
      0.24507786333560944,
      0.45019271969795227
    ],
    [
      0.7639862298965454,
      0.12515319883823395,
      0.1108608990907669
    ],
    [
      0.6568732261657715,
      0.15558290481567383,
      0.1875433474779129
    ],
    [
      0.7855489253997803,
      0.17680932581424713,
      0.03764145076274872
    ],
    [
      0.5982783436775208,
      0.336980938911438,
      0.0647398829460144
    ],
    [
      0.5869531631469727,
      0.038844428956508636,
      0.374203085899353
    ],
    [
      0.5935894250869751,
      0.10788282752037048,
      0.2985270917415619
    ],
    [
      0.6432738900184631,
      0.1186029314994812,
      0.23812372982501984
    ],
    [
      0.6634578704833984,
      0.2810208797454834,
      0.0555216409265995
    ],
    [
      0.24736005067825317,
      0.1469183713197708,
      0.6057215332984924
    ],
    [
      0.5703696608543396,
      0.09743420779705048,
      0.33219611644744873
    ],
    [
      0.16458038985729218,
      0.04545127600431442,
      0.7899690270423889
    ],
    [
      0.479049414396286,
      0.3112459182739258,
      0.20970399677753448
    ]
  ],