{
  "N": 112800,
  "usage": [
    0.4636862874031067,
    0.23774337768554688,
    0.29857033491134644
  ],
  "entropy_mean": 0.763120174407959,
  "entropy_std": 0.22967569530010223,
  "top1_share": [
    0.4888652563095093,
    0.20610815286636353,
    0.3050265908241272
  ],
  "P_expert_given_class": [
    [
      0.41235029697418213,
      0.11859636008739471,
      0.4690532386302948
    ],
    [
      0.1234586089849472,
      0.09524980187416077,
      0.7812919020652771
    ],
    [
      0.7964727878570557,
      0.14753326773643494,
      0.05599440261721611
    ],
    [
      0.9051349759101868,
      0.07165134698152542,
      0.02321561425924301
    ],
    [
      0.2837521731853485,
      0.5339946746826172,
      0.182252898812294
    ],
    [
      0.7735004425048828,
      0.12628552317619324,
      0.10021268576383591
    ],
    [
      0.7557132840156555,
      0.13469667732715607,
      0.10958965122699738
    ],
    [
      0.19523121416568756,
      0.059313349425792694,
      0.7454551458358765
    ],
    [
      0.717006266117096,
      0.06280358135700226,
      0.2201908379793167
    ],
    [
      0.4121573567390442,
      0.13422589004039764,
      0.45361775159835815
    ],
    [
      0.35817572474479675,
      0.45263803005218506,
      0.18918561935424805
    ],
    [
      0.8444617986679077,
      0.0984388068318367,
      0.05709964036941528
    ],
    [
      0.3686021864414215,
      0.1764981746673584,
      0.4549001455307007
    ],
    [
      0.5885538458824158,
      0.16578398644924164,
      0.2456604242324829
    ],
    [
      0.731216549873352,
      0.06748860329389572,
      0.2012944370508194
    ],
    [
      0.45675787329673767,
      0.13066425919532776,
      0.41257789731025696
    ],
    [
      0.7845296263694763,
      0.12173310667276382,
      0.09373729676008224
    ],
    [
      0.3596069812774658,
      0.5763465166091919,
      0.0640469491481781
    ],
    [
      0.18513351678848267,
      0.12487711757421494,
      0.6899891495704651
    ],
    [
      0.5428107976913452,
      0.21081310510635376,
      0.2463758885860443
    ],
    [
      0.26245760917663574,
      0.6437962651252747,
      0.09374503046274185
    ],
    [
      0.18586494028568268,
      0.21746566891670227,
      0.5966683626174927
    ],
    [
      0.34003889560699463,
      0.5350301861763,
      0.12493092566728592
    ],
    [
      0.3489285409450531,
      0.3615072965621948,
      0.2895645797252655
    ],
    [
      0.37009957432746887,
      0.12628379464149475,
      0.5036170482635498
    ],
    [
      0.2575957179069519,
      0.07904335856437683,
      0.6633607745170593
    ],
    [
      0.6567990183830261,
      0.13091501593589783,
      0.21228404343128204
    ],
    [
      0.5724925994873047,
      0.23604309558868408,
      0.19146469235420227
    ],
    [
      0.7718186974525452,
      0.15750794112682343,
      0.07067304104566574
    ],
    [
      0.12722070515155792,
      0.12716835737228394,
      0.7456105351448059
    ],
    [
      0.24659030139446259,
      0.42661991715431213,
      0.3267901539802551
    ],
    [
      0.1582447588443756,
      0.11650507897138596,
      0.7252506017684937
    ],
    [
      0.6549786925315857,
      0.23069654405117035,
      0.11432460695505142
    ],
    [
      0.1934491991996765,
      0.7342734932899475,
      0.07227719575166702
    ],
    [
      0.24041017889976501,
      0.3223506510257721,
      0.43723946809768677
    ],
    [
      0.8249746561050415,
      0.09730351716279984,
      0.07772256433963776
    ],
    [
      0.45995309948921204,
      0.3056776821613312,
      0.23436906933784485
    ],
    [
      0.685166597366333,
      0.2776460647583008,
      0.03718721866607666
    ],
    [
      0.538191020488739,
      0.40462857484817505,
      0.05717974528670311
    ],
    [
      0.5197688937187195,
      0.06541311740875244,
      0.4148178696632385
    ],
    [
      0.529883861541748,
      0.17102588713169098,
      0.29909005761146545
    ],
    [
      0.6140395998954773,
      0.16163700819015503,
      0.22432345151901245
    ],
    [
      0.4736349582672119,
      0.46196120977401733,
      0.06440432369709015
    ],
    [
      0.18147090077400208,
      0.38941624760627747,
      0.4291127026081085
    ],
    [
      0.513594388961792,
      0.1654907763004303,
      0.32091498374938965
    ],
    [
      0.10316336154937744,
      0.13352075219154358,
      0.7633155584335327
    ],
    [
      0.367796391248703,
      0.48537760972976685,
      0.14682641625404358
    ]
  ],