{
  "N": 112800,
  "usage": [
    0.4249314069747925,
    0.2639234662055969,
    0.3111451268196106
  ],
  "entropy_mean": 0.7496944665908813,
  "entropy_std": 0.23774056136608124,
  "top1_share": [
    0.43418440222740173,
    0.2460992932319641,
    0.31971630454063416
  ],
  "P_expert_given_class": [
    [
      0.3690764307975769,
      0.1346300095319748,
      0.49629342555999756
    ],
    [
      0.09025441110134125,
      0.0828961655497551,
      0.8268496990203857
    ],
    [
      0.8052549958229065,
      0.14216499030590057,
      0.0525796078145504
    ],
    [
      0.8961925506591797,
      0.0830293521285057,
      0.020778900012373924
    ],
    [
      0.22298593819141388,
      0.5623682737350464,
      0.21464595198631287
    ],
    [
      0.7614026665687561,
      0.11565813422203064,
      0.12294015288352966
    ],
    [
      0.7133585214614868,
      0.1822054088115692,
      0.10443588346242905
    ],
    [
      0.16213788092136383,
      0.05563017353415489,
      0.7822303771972656
    ],
    [
      0.7380465269088745,
      0.06173018738627434,
      0.2002229243516922
    ],
    [
      0.318074494600296,
      0.13356761634349823,
      0.5483572483062744
    ],
    [
      0.2724817097187042,
      0.5591893792152405,
      0.16832883656024933
    ],
    [
      0.8280050754547119,
      0.12094666808843613,
      0.05104759708046913
    ],
    [
      0.3440793752670288,
      0.1990964561700821,
      0.45682424306869507
    ],
    [
      0.5630519390106201,
      0.2050251066684723,
      0.23192347586154938
    ],
    [
      0.702208936214447,
      0.08443359285593033,
      0.21335797011852264
    ],
    [
      0.43521907925605774,
      0.13443580269813538,
      0.43034541606903076
    ],
    [
      0.7367714047431946,
      0.16357558965682983,
      0.09965326637029648
    ],
    [
      0.2849510908126831,
      0.6498041152954102,
      0.06524517387151718
    ],
    [
      0.15960267186164856,
      0.10874782502651215,
      0.7316492795944214
    ],
    [
      0.47751662135124207,
      0.24295054376125336,
      0.2795328199863434
    ],
    [
      0.2062443047761917,
      0.698589563369751,
      0.09516609460115433
    ],
    [
      0.14584216475486755,
      0.22597941756248474,
      0.6281787753105164
    ],
    [
      0.21265330910682678,
      0.6589203476905823,
      0.1284261792898178
    ],
    [
      0.2702348530292511,
      0.4366833567619324,
      0.29308173060417175
    ],
    [
      0.34348076581954956,
      0.1434767097234726,
      0.5130420327186584
    ],
    [
      0.23443841934204102,
      0.0726674422621727,
      0.6928936839103699
    ],
    [
      0.6205487251281738,
      0.15025265514850616,
      0.22919870913028717
    ],
    [
      0.58515864610672,
      0.22586537897586823,
      0.1889757513999939
    ],
    [
      0.7641792893409729,
      0.1671421378850937,
      0.06867840141057968
    ],
    [
      0.10834302008152008,
      0.11430556327104568,
      0.7773515582084656
    ],
    [
      0.1896127462387085,
      0.45174264907836914,
      0.35864531993865967
    ],
    [
      0.1249900832772255,
      0.1250184327363968,
      0.7499911189079285
    ],
    [
      0.6220691800117493,
      0.26516106724739075,
      0.11276977509260178
    ],
    [
      0.14503440260887146,
      0.785875141620636,
      0.06908990442752838
    ],
    [
      0.16868191957473755,
      0.35740670561790466,
      0.473910927772522
    ],
    [
      0.8045037984848022,
      0.11954613775014877,
      0.07594986259937286
    ],
    [
      0.43520745635032654,
      0.32316938042640686,
      0.24162356555461884
    ],
    [
      0.6424535512924194,
      0.3204492926597595,
      0.03709784150123596
    ],
    [
      0.43697500228881836,
      0.503220796585083,
      0.059803422540426254
    ],
    [
      0.5063600540161133,
      0.07243385910987854,
      0.4212062656879425
    ],
    [
      0.5057189464569092,
      0.19290755689144135,
      0.30137312412261963
    ],
    [
      0.6034740209579468,
      0.1664121448993683,
      0.23011434078216553
    ],
    [
      0.39984816312789917,
      0.5346677303314209,
      0.06548400223255157
    ],
    [
      0.1352110356092453,
      0.4713722765445709,
      0.3934173882007599
    ],
    [
      0.4792422354221344,
      0.16871607303619385,
      0.35204097628593445
    ],
    [
      0.07783209532499313,
      0.10980608314275742,
      0.8123624920845032
    ],
    [
      0.3227667212486267,
      0.5205309391021729,
      0.15670186281204224
    ]
  ],