{
  "N": 112800,
  "usage": [
    0.44381052255630493,
    0.25261059403419495,
    0.30357885360717773
  ],
  "entropy_mean": 0.7648242115974426,
  "entropy_std": 0.2292921096086502,
  "top1_share": [
    0.45488473773002625,
    0.22974291443824768,
    0.3153723478317261
  ],
  "P_expert_given_class": [
    [
      0.37908047437667847,
      0.1303732991218567,
      0.4905458986759186
    ],
    [
      0.1054295003414154,
      0.09905832260847092,
      0.7955123782157898
    ],
    [
      0.8006877899169922,
      0.1493559628725052,
      0.049955472350120544
    ],
    [
      0.9035703539848328,
      0.0751439705491066,
      0.021285833790898323
    ],
    [
      0.25586187839508057,
      0.5488517880439758,
      0.19528652727603912
    ],
    [
      0.7489505410194397,
      0.1270294189453125,
      0.12402015924453735
    ],
    [
      0.7281811237335205,
      0.17260213196277618,
      0.09921710193157196
    ],
    [
      0.18942560255527496,
      0.06292402744293213,
      0.7476509213447571
    ],
    [
      0.7189709544181824,
      0.06206410005688667,
      0.2189643383026123
    ],
    [
      0.3699089586734772,
      0.13283662497997284,
      0.49725520610809326
    ],
    [
      0.31242066621780396,
      0.506649374961853,
      0.18092970550060272
    ],
    [
      0.8390814065933228,
      0.10763154178857803,
      0.05328667536377907
    ],
    [
      0.34892281889915466,
      0.196650892496109,
      0.45442673563957214
    ],
    [
      0.5809810161590576,
      0.17521367967128754,
      0.24380584061145782
    ],
    [
      0.7288586497306824,
      0.06885351240634918,
      0.20228824019432068
    ],
    [
      0.4479012191295624,
      0.13458308577537537,
      0.41751629114151
    ],
    [
      0.7549095749855042,
      0.15070034563541412,
      0.09439024329185486
    ],
    [
      0.32908475399017334,
      0.6064863801002502,
      0.06442876160144806
    ],
    [
      0.17138874530792236,
      0.12548832595348358,
      0.7031230926513672
    ],
    [
      0.49951833486557007,
      0.22937306761741638,
      0.271108478307724
    ],
    [
      0.24136365950107574,
      0.6584410667419434,
      0.10019540786743164
    ],
    [
      0.16480761766433716,
      0.22952613234519958,
      0.6056665182113647
    ],
    [
      0.2818939983844757,
      0.5875306725502014,
      0.13057537376880646
    ],
    [
      0.31243064999580383,
      0.4000716805458069,
      0.2874978184700012
    ],
    [
      0.34444817900657654,
      0.1410587877035141,
      0.5144928097724915
    ],
    [
      0.25020766258239746,
      0.08393242210149765,
      0.665860116481781
    ],
    [
      0.6381917595863342,
      0.14424532651901245,
      0.21756304800510406
    ],
    [
      0.5711989402770996,
      0.23764798045158386,
      0.1911529153585434
    ],
    [
      0.7503137588500977,
      0.1714548021554947,
      0.0782315582036972
    ],
    [
      0.11745885014533997,
      0.13231128454208374,
      0.7502300143241882
    ],
    [
      0.21678471565246582,
      0.4417861998081207,
      0.34142932295799255
    ],
    [
      0.1494341343641281,
      0.1272672861814499,
      0.7232991456985474
    ],
    [
      0.6455298066139221,
      0.2502145767211914,
      0.10425551980733871
    ],
    [
      0.17897820472717285,
      0.7411063313484192,
      0.0799158364534378
    ],
    [
      0.21062837541103363,
      0.34127920866012573,
      0.44809281826019287
    ],
    [
      0.8259504437446594,
      0.10485576093196869,
      0.06919427961111069
    ],
    [
      0.44239553809165955,
      0.31649187207221985,
      0.2411128282546997
    ],
    [
      0.6629684567451477,
      0.3021291494369507,
      0.034903060644865036
    ],
    [
      0.48381155729293823,
      0.46096181869506836,
      0.055226944386959076
    ],
    [
      0.5195480585098267,
      0.07129161804914474,
      0.4091603755950928
    ],
    [
      0.5108502507209778,
      0.18558426201343536,
      0.3035656809806824
    ],
    [
      0.6066656112670898,
      0.16353490948677063,
      0.22979973256587982
    ],
    [
      0.4381040036678314,
      0.49741312861442566,
      0.06448283046483994
    ],
    [
      0.15496976673603058,
      0.4166126549243927,
      0.4284171462059021
    ],
    [
      0.49374303221702576,
      0.16993659734725952,
      0.3363204300403595
    ],
    [
      0.08837049454450607,
      0.12992531061172485,
      0.7817044854164124
    ],
    [
      0.34491661190986633,
      0.5042203068733215,
      0.1508634239435196
    ]
  ],