{
  "N": 112800,
  "usage": [
    0.4370573163032532,
    0.2586086094379425,
    0.30433398485183716
  ],
  "entropy_mean": 0.7643887400627136,
  "entropy_std": 0.2308623492717743,
  "top1_share": [
    0.4495212733745575,
    0.23645390570163727,
    0.31402483582496643
  ],
  "P_expert_given_class": [
    [
      0.3794823884963989,
      0.13901814818382263,
      0.48150017857551575
    ],
    [
      0.103648342192173,
      0.10076853632926941,
      0.7955833673477173
    ],
    [
      0.7947044968605042,
      0.15133003890514374,
      0.053965676575899124
    ],
    [
      0.9037126898765564,
      0.0743989646434784,
      0.021889030933380127
    ],
    [
      0.24311861395835876,
      0.5515530109405518,
      0.20532864332199097
    ],
    [
      0.7594585418701172,
      0.1187075674533844,
      0.12183414399623871
    ],
    [
      0.7185428738594055,
      0.17829006910324097,
      0.1031671017408371
    ],
    [
      0.18714134395122528,
      0.06201745942234993,
      0.7508410811424255
    ],
    [
      0.7291471362113953,
      0.06245119869709015,
      0.20840123295783997
    ],
    [
      0.36146655678749084,
      0.13272514939308167,
      0.5058083534240723
    ],
    [
      0.2966131865978241,
      0.5226486921310425,
      0.18073727190494537
    ],
    [
      0.8323358297348022,
      0.11391992121934891,
      0.05374433472752571
    ],
    [
      0.35199615359306335,
      0.2092699557542801,
      0.43873330950737
    ],
    [
      0.5627914071083069,
      0.19108670949935913,
      0.2461225688457489
    ],
    [
      0.7020323872566223,
      0.07698579132556915,
      0.22098243236541748
    ],
    [
      0.4416334629058838,
      0.1356879025697708,
      0.42267873883247375
    ],
    [
      0.7483174204826355,
      0.15431049466133118,
      0.09737211465835571
    ],
    [
      0.313933789730072,
      0.6211844682693481,
      0.06488272547721863
    ],
    [
      0.1726023554801941,
      0.1267501264810562,
      0.7006462812423706
    ],
    [
      0.49782446026802063,
      0.2350141704082489,
      0.2671615183353424
    ],
    [
      0.22510604560375214,
      0.6785793900489807,
      0.09631457924842834
    ],
    [
      0.15466421842575073,
      0.2421901673078537,
      0.6031463146209717
    ],
    [
      0.25070059299468994,
      0.6161440014839172,
      0.13315506279468536
    ],
    [
      0.30198976397514343,
      0.4121989905834198,
      0.2858109772205353
    ],
    [
      0.34546151757240295,
      0.1459101289510727,
      0.5086283087730408
    ],
    [
      0.2493741810321808,
      0.08442740887403488,
      0.6661975383758545
    ],
    [
      0.6326417326927185,
      0.14635294675827026,
      0.22100412845611572
    ],
    [
      0.5726637244224548,
      0.23527908325195312,
      0.19205686450004578
    ],
    [
      0.7614425420761108,
      0.16396555304527283,
      0.07459176331758499
    ],
    [
      0.11371488869190216,
      0.12240391969680786,
      0.763881504535675
    ],
    [
      0.20927868783473969,
      0.4414776563644409,
      0.3492445647716522
    ],
    [
      0.14729833602905273,
      0.12230248749256134,
      0.7303987145423889
    ],
    [
      0.6379878520965576,
      0.25660961866378784,
      0.10540173947811127
    ],
    [
      0.16058950126171112,
      0.7649064064025879,
      0.07450423389673233
    ],
    [
      0.19368021190166473,
      0.34560298919677734,
      0.46071624755859375
    ],
    [
      0.810345470905304,
      0.11884952336549759,
      0.07080583274364471
    ],
    [
      0.43593883514404297,
      0.31630340218544006,
      0.2477577179670334
    ],
    [
      0.6511552929878235,
      0.31107059121131897,
      0.03777351230382919
    ],
    [
      0.4602985084056854,
      0.48151662945747375,
      0.05818416550755501
    ],
    [
      0.5162736773490906,
      0.07404046505689621,
      0.40968599915504456
    ],
    [
      0.5095417499542236,
      0.19257697463035583,
      0.2978808879852295
    ],
    [
      0.6089860200881958,
      0.16609686613082886,
      0.22491735219955444
    ],
    [
      0.4247922897338867,
      0.5119625329971313,
      0.06324548274278641
    ],
    [
      0.15417735278606415,
      0.43262091279029846,
      0.41320186853408813
    ],
    [
      0.49259063601493835,
      0.1702406108379364,
      0.3371690511703491
    ],
    [
      0.08789961785078049,
      0.12917765974998474,
      0.7829227447509766
    ],
    [
      0.33260002732276917,
      0.5136796832084656,
      0.1537202000617981
    ]
  ],