{
  "N": 112800,
  "usage": [
    0.5095338225364685,
    0.13726547360420227,
    0.3532007038593292
  ],
  "entropy_mean": 0.7082991600036621,
  "entropy_std": 0.23907305300235748,
  "top1_share": [
    0.5673226714134216,
    0.0617641843855381,
    0.3709131181240082
  ],
  "P_expert_given_class": [
    [
      0.5412371158599854,
      0.06586655229330063,
      0.3928966224193573
    ],
    [
      0.2214483916759491,
      0.05780113860964775,
      0.7207505106925964
    ],
    [
      0.6697491407394409,
      0.15126484632492065,
      0.17898547649383545
    ],
    [
      0.6465173959732056,
      0.12514284253120422,
      0.22833964228630066
    ],
    [
      0.559257447719574,
      0.16381870210170746,
      0.2769239842891693
    ],
    [
      0.5897169709205627,
      0.12432852387428284,
      0.2859547436237335
    ],
    [
      0.7037777304649353,
      0.14001144468784332,
      0.15621060132980347
    ],
    [
      0.19256168603897095,
      0.03889225795865059,
      0.7685462832450867
    ],
    [
      0.6026527881622314,
      0.11143378913402557,
      0.2859134376049042
    ],
    [
      0.3797214925289154,
      0.0694970190525055,
      0.5507819056510925
    ],
    [
      0.5439803600311279,
      0.15972554683685303,
      0.29629337787628174
    ],
    [
      0.6117842197418213,
      0.11392804235219955,
      0.2742871940135956
    ],
    [
      0.5448382496833801,
      0.07657760381698608,
      0.3785834014415741
    ],
    [
      0.5444324016571045,
      0.08398517221212387,
      0.3715819716453552
    ],
    [
      0.5939283967018127,
      0.1060187965631485,
      0.3000531792640686
    ],
    [
      0.3983938992023468,
      0.08745861053466797,
      0.514147162437439
    ],
    [
      0.6631196737289429,
      0.11813824623823166,
      0.21874244511127472
    ],
    [
      0.602620005607605,
      0.17116139829158783,
      0.22621884942054749
    ],
    [
      0.25479793548583984,
      0.057387251406908035,
      0.6878147721290588
    ],
    [
      0.4987638294696808,
      0.12623843550682068,
      0.374997615814209
    ],
    [
      0.5711904764175415,
      0.3054482936859131,
      0.12336142361164093
    ],
    [
      0.35472798347473145,
      0.08931128680706024,
      0.555961012840271
    ],
    [
      0.5500140190124512,
      0.24206730723381042,
      0.20791856944561005
    ],
    [
      0.5496450066566467,
      0.31729310750961304,
      0.13306212425231934
    ],
    [
      0.5651803612709045,
      0.08937370777130127,
      0.3454461693763733
    ],
    [
      0.3042449951171875,
      0.06583555787801743,
      0.6299185156822205
    ],
    [
      0.6332237720489502,
      0.11357991397380829,
      0.25319573283195496
    ],
    [
      0.5888330340385437,
      0.1458325982093811,
      0.26533496379852295
    ],
    [
      0.6259371042251587,
      0.13846750557422638,
      0.23559506237506866
    ],
    [
      0.20209082961082458,
      0.0486634261906147,
      0.7492455244064331
    ],
    [
      0.5739306211471558,
      0.18075281381607056,
      0.24531619250774384
    ],
    [
      0.3927294909954071,
      0.08510129153728485,
      0.5221694707870483
    ],
    [
      0.5851424932479858,
      0.2819240987300873,
      0.13293331861495972
    ],
    [
      0.48551222681999207,
      0.38351696729660034,
      0.1309700757265091
    ],
    [
      0.36283063888549805,
      0.10039197653532028,
      0.5367773175239563
    ],
    [
      0.6588802337646484,
      0.14028164744377136,
      0.20083847641944885
    ],
    [
      0.6438066363334656,
      0.16768483817577362,
      0.18850868940353394
    ],
    [
      0.6946041584014893,
      0.179056316614151,
      0.12633900344371796
    ],
    [
      0.5754139423370361,
      0.2799299657344818,
      0.14465750753879547
    ],
    [
      0.5839819312095642,
      0.14003732800483704,
      0.27598077058792114
    ],
    [
      0.4811747372150421,
      0.09711403399705887,
      0.4217115342617035
    ],
    [
      0.5353623628616333,
      0.10587117820978165,
      0.3587663769721985
    ],
    [
      0.6140238046646118,
      0.23810364305973053,
      0.14787209033966064
    ],
    [
      0.27336081862449646,
      0.08756834268569946,
      0.6390715837478638
    ],
    [
      0.49092763662338257,
      0.08554759621620178,
      0.42352494597435
    ],
    [
      0.17444074153900146,
      0.044756967574357986,
      0.7808031439781189
    ],
    [
      0.5135818719863892,
      0.14928969740867615,
      0.3371288776397705
    ]
  ],