{
  "N": 112800,
  "usage": [
    0.4530608057975769,
    0.24587729573249817,
    0.3010619282722473
  ],
  "entropy_mean": 0.764435887336731,
  "entropy_std": 0.2308928668498993,
  "top1_share": [
    0.4685460925102234,
    0.2183244675397873,
    0.3131294250488281
  ],
  "P_expert_given_class": [
    [
      0.3974594175815582,
      0.12098170071840286,
      0.48155948519706726
    ],
    [
      0.11153564602136612,
      0.09664355963468552,
      0.7918204665184021
    ],
    [
      0.7994855046272278,
      0.14833323657512665,
      0.052181363105773926
    ],
    [
      0.9085542559623718,
      0.06936816871166229,
      0.02207905240356922
    ],
    [
      0.2719227075576782,
      0.5377073287963867,
      0.19037030637264252
    ],
    [
      0.7657576203346252,
      0.12415625154972076,
      0.1100863516330719
    ],
    [
      0.7386640906333923,
      0.15587131679058075,
      0.1054641380906105
    ],
    [
      0.18992172181606293,
      0.06134577468037605,
      0.7487319707870483
    ],
    [
      0.7146283984184265,
      0.06398441642522812,
      0.22138720750808716
    ],
    [
      0.39113563299179077,
      0.13623185455799103,
      0.4726325571537018
    ],
    [
      0.3344945013523102,
      0.48263829946517944,
      0.18286758661270142
    ],
    [
      0.8406798839569092,
      0.10235899686813354,
      0.05696144700050354
    ],
    [
      0.35954639315605164,
      0.18965977430343628,
      0.45079299807548523
    ],
    [
      0.5856729745864868,
      0.1675960123538971,
      0.24673181772232056
    ],
    [
      0.7246511578559875,
      0.070012167096138,
      0.2053370475769043
    ],
    [
      0.4493352770805359,
      0.13371050357818604,
      0.4169546663761139
    ],
    [
      0.769588828086853,
      0.13388951122760773,
      0.09652117639780045
    ],
    [
      0.3341447114944458,
      0.6025496125221252,
      0.06330568343400955
    ],
    [
      0.1784721314907074,
      0.12400443106889725,
      0.697523832321167
    ],
    [
      0.5206226110458374,
      0.21914009749889374,
      0.26023736596107483
    ],
    [
      0.24688084423542023,
      0.6573927998542786,
      0.09572654962539673
    ],
    [
      0.17133401334285736,
      0.22727623581886292,
      0.6013892889022827
    ],
    [
      0.3173697292804718,
      0.5562302470207214,
      0.12639997899532318
    ],
    [
      0.3361203372478485,
      0.38057705760002136,
      0.2833022475242615
    ],
    [
      0.3567371964454651,
      0.1308850646018982,
      0.5123787522315979
    ],
    [
      0.2480929046869278,
      0.08798518031835556,
      0.6639220118522644
    ],
    [
      0.6412288546562195,
      0.1409555971622467,
      0.21781517565250397
    ],
    [
      0.5683497786521912,
      0.2442392259836197,
      0.1874113529920578
    ],
    [
      0.7667187452316284,
      0.1611708402633667,
      0.0721103847026825
    ],
    [
      0.11866445094347,
      0.14237070083618164,
      0.7389646768569946
    ],
    [
      0.230875164270401,
      0.4341019093990326,
      0.33502230048179626
    ],
    [
      0.16029953956604004,
      0.11768146604299545,
      0.7220181822776794
    ],
    [
      0.6492494940757751,
      0.23939722776412964,
      0.11135322600603104
    ],
    [
      0.18409480154514313,
      0.7440961003303528,
      0.0718093290925026
    ],
    [
      0.2283659130334854,
      0.3259028196334839,
      0.44573184847831726
    ],
    [
      0.8266823887825012,
      0.10030457377433777,
      0.07301310449838638
    ],
    [
      0.45074936747550964,
      0.3117097318172455,
      0.23754160106182098
    ],
    [
      0.6706972718238831,
      0.2925046980381012,
      0.036797910928726196
    ],
    [
      0.5070192217826843,
      0.4353131651878357,
      0.05766787752509117
    ],
    [
      0.5183570981025696,
      0.0699213370680809,
      0.4117215871810913
    ],
    [
      0.5204672813415527,
      0.1781248301267624,
      0.30140799283981323
    ],
    [
      0.610939621925354,
      0.16464512050151825,
      0.2244153618812561
    ],
    [
      0.4482937753200531,
      0.4876416027545929,
      0.06406445056200027
    ],
    [
      0.1737527847290039,
      0.39192819595336914,
      0.43431854248046875
    ],
    [
      0.5032029747962952,
      0.16927818953990936,
      0.32751893997192383
    ],
    [
      0.09243253618478775,
      0.134774848818779,
      0.772792398929596
    ],
    [
      0.3606114685535431,
      0.4896400570869446,
      0.14974819123744965
    ]
  ],