{
  "N": 112800,
  "usage": [
    0.4208274483680725,
    0.26686447858810425,
    0.31230801343917847
  ],
  "entropy_mean": 0.74507737159729,
  "entropy_std": 0.2389548271894455,
  "top1_share": [
    0.42591312527656555,
    0.24922873079776764,
    0.324858158826828
  ],
  "P_expert_given_class": [
    [
      0.37298715114593506,
      0.13230688869953156,
      0.49470534920692444
    ],
    [
      0.07770693302154541,
      0.08331743627786636,
      0.8389760255813599
    ],
    [
      0.800269365310669,
      0.1479014903306961,
      0.05182981491088867
    ],
    [
      0.8949333429336548,
      0.08727768808603287,
      0.01778915897011757
    ],
    [
      0.21738670766353607,
      0.5562275648117065,
      0.2263844758272171
    ],
    [
      0.7665209174156189,
      0.10614491999149323,
      0.12733446061611176
    ],
    [
      0.7165742516517639,
      0.18175344169139862,
      0.1016731709241867
    ],
    [
      0.18056903779506683,
      0.05632004514336586,
      0.7631106972694397
    ],
    [
      0.7628669738769531,
      0.05720425769686699,
      0.17992958426475525
    ],
    [
      0.29542794823646545,
      0.1428174376487732,
      0.561754047870636
    ],
    [
      0.2515902817249298,
      0.5861624479293823,
      0.1622469425201416
    ],
    [
      0.8217514157295227,
      0.13241371512413025,
      0.04583461582660675
    ],
    [
      0.35025033354759216,
      0.2018560916185379,
      0.44789230823516846
    ],
    [
      0.5597801804542542,
      0.2079395353794098,
      0.232279971241951
    ],
    [
      0.6985586881637573,
      0.08290205895900726,
      0.21853874623775482
    ],
    [
      0.4147529900074005,
      0.13411588966846466,
      0.4511312246322632
    ],
    [
      0.7249187231063843,
      0.1721445471048355,
      0.10293667018413544
    ],
    [
      0.2980899214744568,
      0.6407239437103271,
      0.06118644028902054
    ],
    [
      0.14351627230644226,
      0.1095273345708847,
      0.7469561100006104
    ],
    [
      0.45778024196624756,
      0.25041186809539795,
      0.2918071448802948
    ],
    [
      0.1885043978691101,
      0.7133641242980957,
      0.09813202172517776
    ],
    [
      0.13997557759284973,
      0.22507835924625397,
      0.6349457502365112
    ],
    [
      0.20786461234092712,
      0.6567202806472778,
      0.13541434705257416
    ],
    [
      0.2621268332004547,
      0.43909308314323425,
      0.29878026247024536
    ],
    [
      0.3468687832355499,
      0.1416262835264206,
      0.5115050673484802
    ],
    [
      0.23029650747776031,
      0.07675401866436005,
      0.6929501891136169
    ],
    [
      0.6179705262184143,
      0.1596996784210205,
      0.22233055531978607
    ],
    [
      0.5891088843345642,
      0.23122470080852509,
      0.17966678738594055
    ],
    [
      0.7639142870903015,
      0.16837374866008759,
      0.06771182268857956
    ],
    [
      0.12868182361125946,
      0.11417369544506073,
      0.7571447491645813
    ],
    [
      0.18251176178455353,
      0.45440566539764404,
      0.36308249831199646
    ],
    [
      0.12097287178039551,
      0.12431832402944565,
      0.7547087669372559
    ],
    [
      0.62919020652771,
      0.26343563199043274,
      0.10737395286560059
    ],
    [
      0.13004891574382782,
      0.7908556461334229,
      0.07909563928842545
    ],
    [
      0.15569500625133514,
      0.3607061803340912,
      0.4835991859436035
    ],
    [
      0.7926191687583923,
      0.13835492730140686,
      0.06902595609426498
    ],
    [
      0.42800018191337585,
      0.3322787582874298,
      0.23972119390964508
    ],
    [
      0.6608209013938904,
      0.30396732687950134,
      0.035212013870477676
    ],
    [
      0.4211135804653168,
      0.5218403935432434,
      0.05704653263092041
    ],
    [
      0.519531786441803,
      0.0724678635597229,
      0.4080006778240204
    ],
    [
      0.481692910194397,
      0.19684408605098724,
      0.3214628994464874
    ],
    [
      0.5986877083778381,
      0.17264625430107117,
      0.22866582870483398
    ],
    [
      0.3934612274169922,
      0.5441369414329529,
      0.06240135058760643
    ],
    [
      0.1279507577419281,
      0.4564342796802521,
      0.41561540961265564
    ],
    [
      0.4706016480922699,
      0.17910878360271454,
      0.35028934478759766
    ],
    [
      0.07462560385465622,
      0.10629131644964218,
      0.8190826177597046
    ],
    [
      0.3098243772983551,
      0.528960645198822,
      0.16121485829353333
    ]
  ],