{
  "N": 112800,
  "usage": [
    0.42347538471221924,
    0.26675283908843994,
    0.30977171659469604
  ],
  "entropy_mean": 0.7396315932273865,
  "entropy_std": 0.2412347048521042,
  "top1_share": [
    0.429290771484375,
    0.24862588942050934,
    0.32208332419395447
  ],
  "P_expert_given_class": [
    [
      0.3630900979042053,
      0.13610044121742249,
      0.5008098483085632
    ],
    [
      0.08924735337495804,
      0.08816900849342346,
      0.8225848078727722
    ],
    [
      0.7997165322303772,
      0.15046921372413635,
      0.04981400445103645
    ],
    [
      0.894264817237854,
      0.08700980246067047,
      0.01872648485004902
    ],
    [
      0.20966358482837677,
      0.5632984042167664,
      0.22703760862350464
    ],
    [
      0.7733203172683716,
      0.10398991405963898,
      0.12268984317779541
    ],
    [
      0.7327324151992798,
      0.1746550351381302,
      0.09261178225278854
    ],
    [
      0.1671464443206787,
      0.06316566467285156,
      0.7696888446807861
    ],
    [
      0.7741357684135437,
      0.056282833218574524,
      0.16958098113536835
    ],
    [
      0.28126153349876404,
      0.13894779980182648,
      0.5797914862632751
    ],
    [
      0.2599043548107147,
      0.5793598294258118,
      0.16073569655418396
    ],
    [
      0.836718738079071,
      0.12464242428541183,
      0.038638774305582047
    ],
    [
      0.3446211516857147,
      0.19649840891361237,
      0.45888108015060425
    ],
    [
      0.5607903599739075,
      0.21131841838359833,
      0.2278919517993927
    ],
    [
      0.7296260595321655,
      0.07528240978717804,
      0.19509178400039673
    ],
    [
      0.4413750171661377,
      0.12873709201812744,
      0.4298878610134125
    ],
    [
      0.7360147833824158,
      0.1704874336719513,
      0.09349782019853592
    ],
    [
      0.2966914772987366,
      0.6408237814903259,
      0.062483832240104675
    ],
    [
      0.14839696884155273,
      0.11167275905609131,
      0.7399299740791321
    ],
    [
      0.4698830246925354,
      0.25310051441192627,
      0.27701613306999207
    ],
    [
      0.19525566697120667,
      0.7057499289512634,
      0.09899421036243439
    ],
    [
      0.14923229813575745,
      0.22663597762584686,
      0.6241315007209778
    ],
    [
      0.20808197557926178,
      0.6620429158210754,
      0.12987615168094635
    ],
    [
      0.26176339387893677,
      0.4359235167503357,
      0.3023127615451813
    ],
    [
      0.33971673250198364,
      0.1445656567811966,
      0.5157174468040466
    ],
    [
      0.23395711183547974,
      0.07852450758218765,
      0.6875175833702087
    ],
    [
      0.623141348361969,
      0.15737517178058624,
      0.21948350965976715
    ],
    [
      0.603637158870697,
      0.2223607897758484,
      0.17400194704532623
    ],
    [
      0.7658087611198425,
      0.16660216450691223,
      0.06758876144886017
    ],
    [
      0.11223416775465012,
      0.11868865042924881,
      0.7690772414207458
    ],
    [
      0.1840461790561676,
      0.45439696311950684,
      0.36155667901039124
    ],
    [
      0.12538591027259827,
      0.12985239923000336,
      0.7447622418403625
    ],
    [
      0.6206294298171997,
      0.27061477303504944,
      0.1087557002902031
    ],
    [
      0.13634246587753296,
      0.78580641746521,
      0.07785042375326157
    ],
    [
      0.15310660004615784,
      0.37036263942718506,
      0.47652995586395264
    ],
    [
      0.7861766815185547,
      0.14596381783485413,
      0.06785895675420761
    ],
    [
      0.423259973526001,
      0.33069491386413574,
      0.2460448443889618
    ],
    [
      0.6860403418540955,
      0.2827589809894562,
      0.031199995428323746
    ],
    [
      0.41667914390563965,
      0.5295515656471252,
      0.053768474608659744
    ],
    [
      0.5056174397468567,
      0.07238258421421051,
      0.4219997525215149
    ],
    [
      0.5078563690185547,
      0.19069859385490417,
      0.30144497752189636
    ],
    [
      0.6012319326400757,
      0.16727498173713684,
      0.231492280960083
    ],
    [
      0.39106130599975586,
      0.5515172481536865,
      0.05742186680436134
    ],
    [
      0.12124162167310715,
      0.4696218967437744,
      0.4091365337371826
    ],
    [
      0.4702317714691162,
      0.1725076138973236,
      0.35726043581962585
    ],
    [
      0.0641292929649353,
      0.11308026313781738,
      0.822791337966919
    ],
    [
      0.30887848138809204,
      0.5278140306472778,
      0.16330762207508087
    ]
  ],