{
  "N": 112800,
  "usage": [
    0.4227333962917328,
    0.264664888381958,
    0.3126017451286316
  ],
  "entropy_mean": 0.7452451586723328,
  "entropy_std": 0.2389000952243805,
  "top1_share": [
    0.42615246772766113,
    0.24465425312519073,
    0.32919326424598694
  ],
  "P_expert_given_class": [
    [
      0.37254464626312256,
      0.13119171559810638,
      0.49626395106315613
    ],
    [
      0.08922690898180008,
      0.08694452047348022,
      0.8238282203674316
    ],
    [
      0.795766294002533,
      0.15272843837738037,
      0.051505427807569504
    ],
    [
      0.8884939551353455,
      0.0914706438779831,
      0.020035678520798683
    ],
    [
      0.2119598090648651,
      0.5626472234725952,
      0.22539304196834564
    ],
    [
      0.7694899439811707,
      0.1119375228881836,
      0.11857282370328903
    ],
    [
      0.719296932220459,
      0.17810246348381042,
      0.10260043293237686
    ],
    [
      0.17657779157161713,
      0.05195381119847298,
      0.771468460559845
    ],
    [
      0.760776162147522,
      0.05678585171699524,
      0.18243706226348877
    ],
    [
      0.2925260365009308,
      0.13303345441818237,
      0.574441134929657
    ],
    [
      0.2622184455394745,
      0.5749091506004333,
      0.16287143528461456
    ],
    [
      0.8340372443199158,
      0.12053313106298447,
      0.04543004184961319
    ],
    [
      0.33683350682258606,
      0.21364730596542358,
      0.44951969385147095
    ],
    [
      0.5684407353401184,
      0.19981984794139862,
      0.23173904418945312
    ],
    [
      0.7132943868637085,
      0.07962293922901154,
      0.20708221197128296
    ],
    [
      0.41436445713043213,
      0.13721060752868652,
      0.44842463731765747
    ],
    [
      0.733126699924469,
      0.16928350925445557,
      0.09758946299552917
    ],
    [
      0.29256686568260193,
      0.646605908870697,
      0.060827624052762985
    ],
    [
      0.1553121656179428,
      0.11089679598808289,
      0.7337914705276489
    ],
    [
      0.46670547127723694,
      0.2434532195329666,
      0.28984129428863525
    ],
    [
      0.20055150985717773,
      0.7049142718315125,
      0.09453416615724564
    ],
    [
      0.1463153213262558,
      0.22908994555473328,
      0.6245942115783691
    ],
    [
      0.2159014344215393,
      0.6463702917098999,
      0.13772810995578766
    ],
    [
      0.2584903836250305,
      0.437057226896286,
      0.3044528663158417
    ],
    [
      0.3437017798423767,
      0.1425808221101761,
      0.5137172341346741
    ],
    [
      0.23276376724243164,
      0.07730477303266525,
      0.6899325847625732
    ],
    [
      0.6254090070724487,
      0.14986614882946014,
      0.22472500801086426
    ],
    [
      0.5839303731918335,
      0.23075881600379944,
      0.18531104922294617
    ],
    [
      0.7638095617294312,
      0.16771839559078217,
      0.0684717521071434
    ],
    [
      0.1319705843925476,
      0.11535176634788513,
      0.752677857875824
    ],
    [
      0.17954228818416595,
      0.446489155292511,
      0.37396854162216187
    ],
    [
      0.11111719906330109,
      0.12266142666339874,
      0.7662211656570435
    ],
    [
      0.6349627375602722,
      0.25741225481033325,
      0.10762550681829453
    ],
    [
      0.13861286640167236,
      0.7852321863174438,
      0.0761556401848793
    ],
    [
      0.1552073359489441,
      0.3500652015209198,
      0.49472713470458984
    ],
    [
      0.7963609099388123,
      0.13319352269172668,
      0.07044561207294464
    ],
    [
      0.4268259108066559,
      0.32697972655296326,
      0.24619397521018982
    ],
    [
      0.6551365852355957,
      0.3083230257034302,
      0.03654106706380844
    ],
    [
      0.4297965466976166,
      0.5121766328811646,
      0.05802762880921364
    ],
    [
      0.5092518329620361,
      0.07701555639505386,
      0.41373318433761597
    ],
    [
      0.48401200771331787,
      0.19619211554527283,
      0.3197953999042511
    ],
    [
      0.5965983867645264,
      0.16922445595264435,
      0.23417720198631287
    ],
    [
      0.39031100273132324,
      0.5489076972007751,
      0.06078142672777176
    ],
    [
      0.13760116696357727,
      0.4455896019935608,
      0.4168089032173157
    ],
    [
      0.4719832241535187,
      0.17044483125209808,
      0.3575716018676758
    ],
    [
      0.07610373944044113,
      0.11153476685285568,
      0.8123608827590942
    ],
    [
      0.3186433017253876,
      0.5240171551704407,
      0.15733954310417175
    ]
  ],