{
  "N": 112800,
  "usage": [
    0.4958752989768982,
    0.21944598853588104,
    0.28467872738838196
  ],
  "entropy_mean": 0.7679373025894165,
  "entropy_std": 0.23044580221176147,
  "top1_share": [
    0.5546808242797852,
    0.17045213282108307,
    0.2748670279979706
  ],
  "P_expert_given_class": [
    [
      0.47352105379104614,
      0.1244901493191719,
      0.4019884765148163
    ],
    [
      0.1474854052066803,
      0.08747313916683197,
      0.7650412321090698
    ],
    [
      0.7914527058601379,
      0.14744320511817932,
      0.06110452488064766
    ],
    [
      0.9048099517822266,
      0.06704720854759216,
      0.02814193069934845
    ],
    [
      0.29411980509757996,
      0.51581209897995,
      0.1900685876607895
    ],
    [
      0.8197599649429321,
      0.10765696316957474,
      0.07258358597755432
    ],
    [
      0.7910974621772766,
      0.11025147885084152,
      0.09865064918994904
    ],
    [
      0.2335299402475357,
      0.07353300601243973,
      0.6929373741149902
    ],
    [
      0.709047257900238,
      0.07002164423465729,
      0.2209310680627823
    ],
    [
      0.46843740344047546,
      0.13020724058151245,
      0.40135589241981506
    ],
    [
      0.41859883069992065,
      0.3756101727485657,
      0.20579063892364502
    ],
    [
      0.8508594632148743,
      0.0866788923740387,
      0.06246231868863106
    ],
    [
      0.44140249490737915,
      0.16263358294963837,
      0.3959634602069855
    ],
    [
      0.5900939702987671,
      0.17226144671440125,
      0.23764541745185852
    ],
    [
      0.769606351852417,
      0.059603139758110046,
      0.1707901507616043
    ],
    [
      0.4860677123069763,
      0.11665144562721252,
      0.3972805142402649
    ],
    [
      0.8189703822135925,
      0.0979539081454277,
      0.08307486027479172
    ],
    [
      0.41889122128486633,
      0.5063430070877075,
      0.07476643472909927
    ],
    [
      0.20157106220722198,
      0.10920003056526184,
      0.6892277002334595
    ],
    [
      0.5965412259101868,
      0.18908168375492096,
      0.21437691152095795
    ],
    [
      0.3173397183418274,
      0.5831368565559387,
      0.09952326118946075
    ],
    [
      0.21861165761947632,
      0.1925176978111267,
      0.5888713002204895
    ],
    [
      0.40414339303970337,
      0.47197723388671875,
      0.12387929111719131
    ],
    [
      0.3751625418663025,
      0.35276275873184204,
      0.27207452058792114
    ],
    [
      0.4220283329486847,
      0.13890059292316437,
      0.43907174468040466
    ],
    [
      0.31496161222457886,
      0.07502633333206177,
      0.6100122332572937
    ],
    [
      0.6918988823890686,
      0.12001591920852661,
      0.18808414041996002
    ],
    [
      0.6040213108062744,
      0.2104770541191101,
      0.18550224602222443
    ],
    [
      0.8213426470756531,
      0.1227758377790451,
      0.055881697684526443
    ],
    [
      0.13605649769306183,
      0.13686837255954742,
      0.7270750403404236
    ],
    [
      0.3010006844997406,
      0.392007976770401,
      0.3069916367530823
    ],
    [
      0.21083837747573853,
      0.10948798060417175,
      0.6796729564666748
    ],
    [
      0.6475051641464233,
      0.23453129827976227,
      0.1179644763469696
    ],
    [
      0.22501516342163086,
      0.6933295726776123,
      0.08165600150823593
    ],
    [
      0.2801456153392792,
      0.29053589701652527,
      0.42931824922561646
    ],
    [
      0.8114597201347351,
      0.09979046136140823,
      0.08874986320734024
    ],
    [
      0.49990662932395935,
      0.30418092012405396,
      0.1959124654531479
    ],
    [
      0.692150890827179,
      0.27103734016418457,
      0.036811795085668564
    ],
    [
      0.5723753571510315,
      0.3685256838798523,
      0.05909912288188934
    ],
    [
      0.5323451161384583,
      0.05586198344826698,
      0.4117930829524994
    ],
    [
      0.5497782230377197,
      0.14771729707717896,
      0.30250418186187744
    ],
    [
      0.6241056323051453,
      0.15703211724758148,
      0.21886250376701355
    ],
    [
      0.5506404638290405,
      0.388477087020874,
      0.06088237091898918
    ],
    [
      0.21767786145210266,
      0.3549349009990692,
      0.427387535572052
    ],
    [
      0.5404018759727478,
      0.16078242659568787,
      0.2988155484199524
    ],
    [
      0.1257685273885727,
      0.1323087364435196,
      0.7419223785400391
    ],
    [
      0.39359354972839355,
      0.4390086233615875,
      0.1673981249332428
    ]
  ],