{
  "N": 112800,
  "usage": [
    0.42825180292129517,
    0.26326316595077515,
    0.3084850609302521
  ],
  "entropy_mean": 0.7516458630561829,
  "entropy_std": 0.23597882688045502,
  "top1_share": [
    0.4378368854522705,
    0.24400709569454193,
    0.31815603375434875
  ],
  "P_expert_given_class": [
    [
      0.37949153780937195,
      0.13339921832084656,
      0.48710936307907104
    ],
    [
      0.08749925345182419,
      0.0857059434056282,
      0.8267953991889954
    ],
    [
      0.8026074171066284,
      0.14817333221435547,
      0.04921922832727432
    ],
    [
      0.8964712619781494,
      0.08220744132995605,
      0.021320782601833344
    ],
    [
      0.23593387007713318,
      0.5575594902038574,
      0.20650680363178253
    ],
    [
      0.759930431842804,
      0.11376140266656876,
      0.12630806863307953
    ],
    [
      0.7168279886245728,
      0.1823837012052536,
      0.10078831017017365
    ],
    [
      0.16497115790843964,
      0.05591370910406113,
      0.7791147232055664
    ],
    [
      0.7300793528556824,
      0.060845132917165756,
      0.20907582342624664
    ],
    [
      0.31165024638175964,
      0.1429373174905777,
      0.5454133749008179
    ],
    [
      0.2833171486854553,
      0.543306827545166,
      0.1733761578798294
    ],
    [
      0.833554208278656,
      0.11500668525695801,
      0.05143868178129196
    ],
    [
      0.35321417450904846,
      0.21227292716503143,
      0.4345133900642395
    ],
    [
      0.5739251971244812,
      0.18928992748260498,
      0.23678480088710785
    ],
    [
      0.7133257985115051,
      0.08405327051877975,
      0.20262016355991364
    ],
    [
      0.4256085157394409,
      0.1414232701063156,
      0.43296805024147034
    ],
    [
      0.7372708320617676,
      0.16323626041412354,
      0.09949330240488052
    ],
    [
      0.29147809743881226,
      0.6451264023780823,
      0.0633959099650383
    ],
    [
      0.15822869539260864,
      0.10929024964570999,
      0.7324820160865784
    ],
    [
      0.4778691232204437,
      0.24173098802566528,
      0.28039976954460144
    ],
    [
      0.2131974697113037,
      0.693135678768158,
      0.09366653114557266
    ],
    [
      0.1460704356431961,
      0.22962915897369385,
      0.6243009567260742
    ],
    [
      0.2290959656238556,
      0.6420548558235168,
      0.12884928286075592
    ],
    [
      0.2915627956390381,
      0.429709255695343,
      0.2787277102470398
    ],
    [
      0.3509514331817627,
      0.14055246114730835,
      0.5084962248802185
    ],
    [
      0.23172955214977264,
      0.08533603698015213,
      0.6829352974891663
    ],
    [
      0.6302313804626465,
      0.14288438856601715,
      0.22688376903533936
    ],
    [
      0.578704297542572,
      0.23318608105182648,
      0.1881094127893448
    ],
    [
      0.763536810874939,
      0.16445311903953552,
      0.07201046496629715
    ],
    [
      0.10628147423267365,
      0.12249327450990677,
      0.7712253332138062
    ],
    [
      0.19669602811336517,
      0.4521872401237488,
      0.3511162996292114
    ],
    [
      0.12425202876329422,
      0.12922422587871552,
      0.7465236186981201
    ],
    [
      0.6378317475318909,
      0.26058831810951233,
      0.10157979279756546
    ],
    [
      0.15243451297283173,
      0.7755922675132751,
      0.07197443395853043
    ],
    [
      0.17133989930152893,
      0.3549256920814514,
      0.4737339913845062
    ],
    [
      0.8133412599563599,
      0.11887205392122269,
      0.06778797507286072
    ],
    [
      0.43968653678894043,
      0.32437098026275635,
      0.23594248294830322
    ],
    [
      0.6521115303039551,
      0.31164366006851196,
      0.0362439788877964
    ],
    [
      0.4375010132789612,
      0.5058519244194031,
      0.05664708465337753
    ],
    [
      0.5205419659614563,
      0.07765991985797882,
      0.40179872512817383
    ],
    [
      0.49645549058914185,
      0.19935402274131775,
      0.30419036746025085
    ],
    [
      0.5947751402854919,
      0.17070327699184418,
      0.23452110588550568
    ],
    [
      0.39927423000335693,
      0.5364624857902527,
      0.06426282227039337
    ],
    [
      0.1417594850063324,
      0.4408191442489624,
      0.41742104291915894
    ],
    [
      0.4755398631095886,
      0.17561852931976318,
      0.3488423526287079
    ],
    [
      0.07673142105340958,
      0.12633270025253296,
      0.7969353199005127
    ],
    [
      0.32294461131095886,
      0.5221039652824402,
      0.154951274394989
    ]
  ],