{
  "N": 112800,
  "usage": [
    0.41862449049949646,
    0.26803916692733765,
    0.3133363127708435
  ],
  "entropy_mean": 0.7355431914329529,
  "entropy_std": 0.24131472408771515,
  "top1_share": [
    0.4262765944004059,
    0.24730496108531952,
    0.3264184296131134
  ],
  "P_expert_given_class": [
    [
      0.3553727865219116,
      0.14146088063716888,
      0.5031659007072449
    ],
    [
      0.08024556189775467,
      0.0773438960313797,
      0.8424092531204224
    ],
    [
      0.7867583632469177,
      0.1641218364238739,
      0.049120593816041946
    ],
    [
      0.8879655003547668,
      0.09318657964468002,
      0.018847648054361343
    ],
    [
      0.2038760781288147,
      0.5690916180610657,
      0.22703221440315247
    ],
    [
      0.7715242505073547,
      0.1071089580655098,
      0.12136638909578323
    ],
    [
      0.7283312678337097,
      0.17364783585071564,
      0.09802021086215973
    ],
    [
      0.1578381061553955,
      0.06612253934144974,
      0.7760388851165771
    ],
    [
      0.7853830456733704,
      0.05877404659986496,
      0.155843123793602
    ],
    [
      0.2734469473361969,
      0.1347712278366089,
      0.5917815566062927
    ],
    [
      0.24814994633197784,
      0.5956132411956787,
      0.15623661875724792
    ],
    [
      0.8224320411682129,
      0.13963890075683594,
      0.03792865201830864
    ],
    [
      0.3469841480255127,
      0.18672384321689606,
      0.4662918746471405
    ],
    [
      0.5530394315719604,
      0.2204115241765976,
      0.2265479564666748
    ],
    [
      0.7199355363845825,
      0.08573276549577713,
      0.19433222711086273
    ],
    [
      0.43236103653907776,
      0.13135111331939697,
      0.43628793954849243
    ],
    [
      0.7355635762214661,
      0.17029835283756256,
      0.0941382572054863
    ],
    [
      0.28190916776657104,
      0.6577032208442688,
      0.06038735806941986
    ],
    [
      0.14270322024822235,
      0.10508391261100769,
      0.7522130012512207
    ],
    [
      0.45519307255744934,
      0.25405576825141907,
      0.29075127840042114
    ],
    [
      0.18573269248008728,
      0.71875,
      0.09551819413900375
    ],
    [
      0.1417652815580368,
      0.2164657562971115,
      0.641768217086792
    ],
    [
      0.20755542814731598,
      0.6582030653953552,
      0.13424067199230194
    ],
    [
      0.2656826674938202,
      0.4343830943107605,
      0.2999332547187805
    ],
    [
      0.33140918612480164,
      0.14579369127750397,
      0.5227972269058228
    ],
    [
      0.2243068367242813,
      0.07125958800315857,
      0.7044339776039124
    ],
    [
      0.6242141723632812,
      0.15872140228748322,
      0.21706458926200867
    ],
    [
      0.6013979315757751,
      0.2200259417295456,
      0.17857636511325836
    ],
    [
      0.7676643133163452,
      0.16879525780677795,
      0.06354007869958878
    ],
    [
      0.11717060208320618,
      0.11640269309282303,
      0.7664269804954529
    ],
    [
      0.18294425308704376,
      0.4453994631767273,
      0.37165623903274536
    ],
    [
      0.1128515973687172,
      0.11016926169395447,
      0.7769789695739746
    ],
    [
      0.63509202003479,
      0.25940096378326416,
      0.1055070161819458
    ],
    [
      0.13166068494319916,
      0.7947378158569336,
      0.07360073924064636
    ],
    [
      0.1524573713541031,
      0.355928510427475,
      0.4916139841079712
    ],
    [
      0.7594890594482422,
      0.1744031459093094,
      0.06610863655805588
    ],
    [
      0.42458903789520264,
      0.3294564187526703,
      0.2459535151720047
    ],
    [
      0.6771591305732727,
      0.289850115776062,
      0.032990194857120514
    ],
    [
      0.4183698892593384,
      0.5300748348236084,
      0.05155516788363457
    ],
    [
      0.49885687232017517,
      0.0735204666852951,
      0.4276215732097626
    ],
    [
      0.5024571418762207,
      0.19326035678386688,
      0.3042822480201721
    ],
    [
      0.5939021706581116,
      0.16800715029239655,
      0.238090381026268
    ],
    [
      0.3844907581806183,
      0.553642988204956,
      0.0618668869137764
    ],
    [
      0.12119880318641663,
      0.47641295194625854,
      0.40238839387893677
    ],
    [
      0.46780136227607727,
      0.1705814003944397,
      0.36161690950393677
    ],
    [
      0.07192879915237427,
      0.09917797148227692,
      0.8288931846618652
    ],
    [
      0.3041868507862091,
      0.5327727794647217,
      0.16304072737693787
    ]
  ],