{
  "N": 112800,
  "usage": [
    0.5370045900344849,
    0.17658284306526184,
    0.2864125370979309
  ],
  "entropy_mean": 0.73384028673172,
  "entropy_std": 0.2213948369026184,
  "top1_share": [
    0.6503013968467712,
    0.08496453613042831,
    0.26473402976989746
  ],
  "P_expert_given_class": [
    [
      0.5432885885238647,
      0.08114803582429886,
      0.3755633234977722
    ],
    [
      0.15519630908966064,
      0.06881007552146912,
      0.7759942412376404
    ],
    [
      0.8096401691436768,
      0.1231478750705719,
      0.06721217185258865
    ],
    [
      0.8392715454101562,
      0.09221386909484863,
      0.06851501762866974
    ],
    [
      0.45551884174346924,
      0.3756800889968872,
      0.16880135238170624
    ],
    [
      0.7288708090782166,
      0.1642366200685501,
      0.10689312219619751
    ],
    [
      0.8429692983627319,
      0.08897283673286438,
      0.06805851310491562
    ],
    [
      0.1909167617559433,
      0.04951881617307663,
      0.7595638036727905
    ],
    [
      0.7152319550514221,
      0.07132679224014282,
      0.21344123780727386
    ],
    [
      0.4801034927368164,
      0.08993641287088394,
      0.4299599826335907
    ],
    [
      0.5453881025314331,
      0.2661767601966858,
      0.18843495845794678
    ],
    [
      0.8310887813568115,
      0.08135126531124115,
      0.08756106346845627
    ],
    [
      0.5602455139160156,
      0.05821196362376213,
      0.38154348731040955
    ],
    [
      0.6452904343605042,
      0.12107976526021957,
      0.23362979292869568
    ],
    [
      0.7928301692008972,
      0.04859296977519989,
      0.1585770845413208
    ],
    [
      0.5110341906547546,
      0.09070143103599548,
      0.3982642889022827
    ],
    [
      0.8468493223190308,
      0.0783415287733078,
      0.07480921596288681
    ],
    [
      0.5824711322784424,
      0.33920636773109436,
      0.0783228650689125
    ],
    [
      0.2230808287858963,
      0.07941868156194687,
      0.6975005269050598
    ],
    [
      0.5826554894447327,
      0.18033765256404877,
      0.2370065301656723
    ],
    [
      0.5170719623565674,
      0.3972780108451843,
      0.08564986288547516
    ],
    [
      0.26317545771598816,
      0.15067820250988007,
      0.586146354675293
    ],
    [
      0.5237137675285339,
      0.3417225182056427,
      0.13456478714942932
    ],
    [
      0.44647884368896484,
      0.33324265480041504,
      0.2202783226966858
    ],
    [
      0.4820998013019562,
      0.11260604858398438,
      0.4052944779396057
    ],
    [
      0.2900441586971283,
      0.03896600380539894,
      0.6709898114204407
    ],
    [
      0.7247669100761414,
      0.10896001011133194,
      0.1662730574607849
    ],
    [
      0.7079078555107117,
      0.13406023383140564,
      0.15803170204162598
    ],
    [
      0.7244733572006226,
      0.20574899017810822,
      0.06977728754281998
    ],
    [
      0.1481192708015442,
      0.07937563955783844,
      0.7725056409835815
    ],
    [
      0.42065903544425964,
      0.30156978964805603,
      0.2777719497680664
    ],
    [
      0.28317105770111084,
      0.08743645250797272,
      0.6293933987617493
    ],
    [
      0.6589260697364807,
      0.20575372874736786,
      0.13532042503356934
    ],
    [
      0.26471030712127686,
      0.679709792137146,
      0.0555797815322876
    ],
    [
      0.3003106713294983,
      0.27624860405921936,
      0.4234403371810913
    ],
    [
      0.7923354506492615,
      0.10218527168035507,
      0.10547927767038345
    ],
    [
      0.608331561088562,
      0.22232747077941895,
      0.1693408340215683
    ],
    [
      0.7301755547523499,
      0.23236429691314697,
      0.03746023401618004
    ],
    [
      0.596272349357605,
      0.34037989377975464,
      0.06334763765335083
    ],
    [
      0.5375763773918152,
      0.030772127211093903,
      0.43165135383605957
    ],
    [
      0.5957621335983276,
      0.11262267082929611,
      0.2916143536567688
    ],
    [
      0.6420538425445557,
      0.13362041115760803,
      0.22432535886764526
    ],
    [
      0.6470651626586914,
      0.30502718687057495,
      0.04790695384144783
    ],
    [
      0.2563992440700531,
      0.26700079441070557,
      0.4766002297401428
    ],
    [
      0.5803552865982056,
      0.12392576783895493,
      0.29571932554244995
    ],
    [
      0.16935418546199799,
      0.06890014559030533,
      0.7617454528808594
    ],
    [
      0.44596797227859497,
      0.3584999740123749,
      0.19553205370903015
    ]
  ],