{
  "N": 112800,
  "usage": [
    0.48684296011924744,
    0.2301015406847,
    0.28305545449256897
  ],
  "entropy_mean": 0.771550714969635,
  "entropy_std": 0.23104099929332733,
  "top1_share": [
    0.5389539003372192,
    0.18284574151039124,
    0.2782003581523895
  ],
  "P_expert_given_class": [
    [
      0.4477594494819641,
      0.13430200517177582,
      0.4179382920265198
    ],
    [
      0.14439569413661957,
      0.09844131022691727,
      0.7571627497673035
    ],
    [
      0.8017123937606812,
      0.14322519302368164,
      0.055062562227249146
    ],
    [
      0.9081789255142212,
      0.06700554490089417,
      0.02481483668088913
    ],
    [
      0.296616792678833,
      0.5223310589790344,
      0.18105193972587585
    ],
    [
      0.8085657954216003,
      0.113525390625,
      0.07790849357843399
    ],
    [
      0.7726046442985535,
      0.1251417100429535,
      0.10225329548120499
    ],
    [
      0.22719739377498627,
      0.0744834914803505,
      0.698319673538208
    ],
    [
      0.7107722163200378,
      0.07170631736516953,
      0.21752266585826874
    ],
    [
      0.46410125494003296,
      0.13944491744041443,
      0.39645349979400635
    ],
    [
      0.41462060809135437,
      0.3915022611618042,
      0.19387729465961456
    ],
    [
      0.8493847250938416,
      0.09219983965158463,
      0.058414846658706665
    ],
    [
      0.41786807775497437,
      0.18072132766246796,
      0.40141037106513977
    ],
    [
      0.5817609429359436,
      0.17844000458717346,
      0.2397986799478531
    ],
    [
      0.7564177513122559,
      0.06869369000196457,
      0.17488929629325867
    ],
    [
      0.47426578402519226,
      0.12327881902456284,
      0.4024556875228882
    ],
    [
      0.8087268471717834,
      0.10579483956098557,
      0.085478276014328
    ],
    [
      0.4013591706752777,
      0.5325413942337036,
      0.06609936058521271
    ],
    [
      0.19900578260421753,
      0.12386298179626465,
      0.6771311163902283
    ],
    [
      0.5800381898880005,
      0.19524145126342773,
      0.2247198224067688
    ],
    [
      0.28929609060287476,
      0.6167829632759094,
      0.09392154216766357
    ],
    [
      0.21418409049510956,
      0.20703759789466858,
      0.5787782073020935
    ],
    [
      0.39858293533325195,
      0.4752180874347687,
      0.12619946897029877
    ],
    [
      0.35882118344306946,
      0.3594151735305786,
      0.2817632555961609
    ],
    [
      0.3987974524497986,
      0.14441978931427002,
      0.45678308606147766
    ],
    [
      0.3136453628540039,
      0.08252201974391937,
      0.6038327217102051
    ],
    [
      0.6817389726638794,
      0.1321752369403839,
      0.18608582019805908
    ],
    [
      0.5862275958061218,
      0.22827811539173126,
      0.18549437820911407
    ],
    [
      0.8039396405220032,
      0.13665176928043365,
      0.05940818786621094
    ],
    [
      0.12634696066379547,
      0.14663945138454437,
      0.7270137071609497
    ],
    [
      0.27657845616340637,
      0.4135423004627228,
      0.3098791837692261
    ],
    [
      0.18917176127433777,
      0.11991617828607559,
      0.6909112930297852
    ],
    [
      0.6507827043533325,
      0.23445439338684082,
      0.11476234346628189
    ],
    [
      0.21169118583202362,
      0.7136226296424866,
      0.07468647509813309
    ],
    [
      0.27227234840393066,
      0.3143649697303772,
      0.4133627712726593
    ],
    [
      0.8269530534744263,
      0.09506230056285858,
      0.07798509299755096
    ],
    [
      0.48371413350105286,
      0.308024138212204,
      0.20826205611228943
    ],
    [
      0.6856167912483215,
      0.2789636254310608,
      0.035418517887592316
    ],
    [
      0.5661832094192505,
      0.3791733682155609,
      0.054642703384160995
    ],
    [
      0.533363401889801,
      0.06282536685466766,
      0.4038105309009552
    ],
    [
      0.5412596464157104,
      0.15812714397907257,
      0.30061352252960205
    ],
    [
      0.6217774748802185,
      0.16459821164608002,
      0.21362437307834625
    ],
    [
      0.5349668860435486,
      0.403976172208786,
      0.0610562264919281
    ],
    [
      0.2098686546087265,
      0.37481120228767395,
      0.41532039642333984
    ],
    [
      0.5363940596580505,
      0.16735991835594177,
      0.2962455451488495
    ],
    [
      0.12204015254974365,
      0.14966431260108948,
      0.728295624256134
    ],
    [
      0.3820517063140869,
      0.4652615487575531,
      0.15268658101558685
    ]
  ],