{
  "N": 112800,
  "usage": [
    0.4153554439544678,
    0.26876676082611084,
    0.3158777952194214
  ],
  "entropy_mean": 0.7378199100494385,
  "entropy_std": 0.23878005146980286,
  "top1_share": [
    0.4240514039993286,
    0.2514716386795044,
    0.324476957321167
  ],
  "P_expert_given_class": [
    [
      0.3503303825855255,
      0.1352425515651703,
      0.5144274234771729
    ],
    [
      0.08751212805509567,
      0.08446405082941055,
      0.8280238509178162
    ],
    [
      0.8007757663726807,
      0.1471375674009323,
      0.052086085081100464
    ],
    [
      0.8776885867118835,
      0.10337953269481659,
      0.018932590261101723
    ],
    [
      0.19686216115951538,
      0.5699617266654968,
      0.2331760674715042
    ],
    [
      0.7636203765869141,
      0.10280269384384155,
      0.13357658684253693
    ],
    [
      0.7224217653274536,
      0.17777110636234283,
      0.09980689734220505
    ],
    [
      0.16567431390285492,
      0.060393817722797394,
      0.7739317417144775
    ],
    [
      0.7833533883094788,
      0.058498453348875046,
      0.158148393034935
    ],
    [
      0.2555326819419861,
      0.1449543684720993,
      0.599513590335846
    ],
    [
      0.2444867640733719,
      0.5978042483329773,
      0.15770956873893738
    ],
    [
      0.8285409808158875,
      0.13568075001239777,
      0.035778891295194626
    ],
    [
      0.3527085483074188,
      0.17935340106487274,
      0.4679373800754547
    ],
    [
      0.5459374785423279,
      0.21148444712162018,
      0.24257785081863403
    ],
    [
      0.703030526638031,
      0.08509816229343414,
      0.21187062561511993
    ],
    [
      0.43410298228263855,
      0.12700693309307098,
      0.4388900697231293
    ],
    [
      0.7276689410209656,
      0.16789939999580383,
      0.10443133860826492
    ],
    [
      0.2842485308647156,
      0.654204785823822,
      0.06154726818203926
    ],
    [
      0.14825688302516937,
      0.10848025977611542,
      0.7432624101638794
    ],
    [
      0.4510714113712311,
      0.25567060708999634,
      0.29325711727142334
    ],
    [
      0.17442652583122253,
      0.7218362092971802,
      0.10373681038618088
    ],
    [
      0.14347606897354126,
      0.22267042100429535,
      0.63385409116745
    ],
    [
      0.20342646539211273,
      0.6602306962013245,
      0.1363435834646225
    ],
    [
      0.2522592842578888,
      0.4473402500152588,
      0.30040043592453003
    ],
    [
      0.3268258273601532,
      0.14206457138061523,
      0.531109631061554
    ],
    [
      0.2256404310464859,
      0.07019713521003723,
      0.7041618227958679
    ],
    [
      0.6164416670799255,
      0.16243767738342285,
      0.221120685338974
    ],
    [
      0.6055887341499329,
      0.21810311079025269,
      0.17630746960639954
    ],
    [
      0.7564895749092102,
      0.17247095704078674,
      0.07103987783193588
    ],
    [
      0.11580927670001984,
      0.10667752474546432,
      0.7775128483772278
    ],
    [
      0.17164668440818787,
      0.452940970659256,
      0.3754124641418457
    ],
    [
      0.11935309320688248,
      0.11811739951372147,
      0.762528657913208
    ],
    [
      0.6255538463592529,
      0.2698407471179962,
      0.10460478812456131
    ],
    [
      0.12047728151082993,
      0.7939552068710327,
      0.08556775748729706
    ],
    [
      0.14930535852909088,
      0.37043195962905884,
      0.48026224970817566
    ],
    [
      0.7719547152519226,
      0.15524791181087494,
      0.07279680669307709
    ],
    [
      0.42429861426353455,
      0.3306623697280884,
      0.24503850936889648
    ],
    [
      0.6678440570831299,
      0.2985937297344208,
      0.03356239199638367
    ],
    [
      0.41739699244499207,
      0.5290672779083252,
      0.05353562533855438
    ],
    [
      0.49385905265808105,
      0.07031099498271942,
      0.4358300268650055
    ],
    [
      0.5013912916183472,
      0.1905275136232376,
      0.30808165669441223
    ],
    [
      0.5846408009529114,
      0.17577408254146576,
      0.23958514630794525
    ],
    [
      0.384589821100235,
      0.5573253035545349,
      0.05808491259813309
    ],
    [
      0.11782657355070114,
      0.475789338350296,
      0.4063841998577118
    ],
    [
      0.45828932523727417,
      0.17450402677059174,
      0.3672069311141968
    ],
    [
      0.07115623354911804,
      0.09939072281122208,
      0.8294529914855957
    ],
    [
      0.2979122996330261,
      0.5382428765296936,
      0.16384629905223846
    ]
  ],