{
  "N": 112800,
  "usage": [
    0.5184879302978516,
    0.1977539360523224,
    0.28375813364982605
  ],
  "entropy_mean": 0.7504202127456665,
  "entropy_std": 0.23297089338302612,
  "top1_share": [
    0.6057713031768799,
    0.13259752094745636,
    0.26163119077682495
  ],
  "P_expert_given_class": [
    [
      0.549952507019043,
      0.1130329892039299,
      0.3370151221752167
    ],
    [
      0.12039897590875626,
      0.0695028156042099,
      0.8100983500480652
    ],
    [
      0.7961743474006653,
      0.13731403648853302,
      0.06651175022125244
    ],
    [
      0.9037804007530212,
      0.05743000656366348,
      0.038789428770542145
    ],
    [
      0.3531687259674072,
      0.4551633596420288,
      0.19166694581508636
    ],
    [
      0.8145703077316284,
      0.1100408136844635,
      0.07538885623216629
    ],
    [
      0.8237732648849487,
      0.08805307745933533,
      0.08817315101623535
    ],
    [
      0.2291720062494278,
      0.06404070556163788,
      0.7067862153053284
    ],
    [
      0.7025830149650574,
      0.06664348393678665,
      0.23077231645584106
    ],
    [
      0.48768797516822815,
      0.10536149144172668,
      0.40695077180862427
    ],
    [
      0.47397851943969727,
      0.33589640259742737,
      0.1901252418756485
    ],
    [
      0.8450591564178467,
      0.08458264172077179,
      0.07035911828279495
    ],
    [
      0.514919102191925,
      0.11807803064584732,
      0.367003470659256
    ],
    [
      0.6431682705879211,
      0.15514326095581055,
      0.20168852806091309
    ],
    [
      0.76042640209198,
      0.06441588699817657,
      0.17515845596790314
    ],
    [
      0.5002797245979309,
      0.10844354331493378,
      0.3912762403488159
    ],
    [
      0.8390762209892273,
      0.08380744606256485,
      0.07711642235517502
    ],
    [
      0.48558712005615234,
      0.4344311058521271,
      0.07998193800449371
    ],
    [
      0.19581598043441772,
      0.08165806531906128,
      0.7225261926651001
    ],
    [
      0.6139398813247681,
      0.17556904256343842,
      0.21049006283283234
    ],
    [
      0.37627023458480835,
      0.5146795511245728,
      0.10905049741268158
    ],
    [
      0.2104574292898178,
      0.1703002005815506,
      0.6192421913146973
    ],
    [
      0.4511048495769501,
      0.42179712653160095,
      0.1270982325077057
    ],
    [
      0.3988768756389618,
      0.3444077968597412,
      0.256715327501297
    ],
    [
      0.48742440342903137,
      0.1393257975578308,
      0.37325000762939453
    ],
    [
      0.3125044107437134,
      0.058964863419532776,
      0.6285319328308105
    ],
    [
      0.721513032913208,
      0.108523890376091,
      0.16996361315250397
    ],
    [
      0.6313750147819519,
      0.1812584400177002,
      0.18736615777015686
    ],
    [
      0.8281879425048828,
      0.12006410956382751,
      0.05174800381064415
    ],
    [
      0.1541321873664856,
      0.11526571959257126,
      0.7306017279624939
    ],
    [
      0.3435097932815552,
      0.37410491704940796,
      0.2823852598667145
    ],
    [
      0.24085131287574768,
      0.09981811046600342,
      0.6593299508094788
    ],
    [
      0.6523357033729553,
      0.22388674318790436,
      0.12377727776765823
    ],
    [
      0.23279938101768494,
      0.6834006309509277,
      0.08379969000816345
    ],
    [
      0.2809417247772217,
      0.24603962898254395,
      0.47301870584487915
    ],
    [
      0.7903876900672913,
      0.10282387584447861,
      0.10678782314062119
    ],
    [
      0.5533229112625122,
      0.296251505613327,
      0.15042568743228912
    ],
    [
      0.6960880160331726,
      0.26694926619529724,
      0.036962710320949554
    ],
    [
      0.5967242121696472,
      0.3350261449813843,
      0.0682494044303894
    ],
    [
      0.5476474761962891,
      0.04330794885754585,
      0.4090438485145569
    ],
    [
      0.568024754524231,
      0.1312275528907776,
      0.30074769258499146
    ],
    [
      0.6469702124595642,
      0.1331557333469391,
      0.21987418830394745
    ],
    [
      0.6083558797836304,
      0.3341512680053711,
      0.05749356746673584
    ],
    [
      0.23772135376930237,
      0.3187236785888672,
      0.4435555636882782
    ],
    [
      0.5755743384361267,
      0.13254888355731964,
      0.29187679290771484
    ],
    [
      0.14896127581596375,
      0.10605420917272568,
      0.7449843883514404
    ],
    [
      0.4233591854572296,
      0.3837679326534271,
      0.19287264347076416
    ]
  ],