{
  "N": 112800,
  "usage": [
    0.5071406960487366,
    0.21003223955631256,
    0.28282707929611206
  ],
  "entropy_mean": 0.7608261108398438,
  "entropy_std": 0.23789064586162567,
  "top1_share": [
    0.5770655870437622,
    0.155868798494339,
    0.2670656144618988
  ],
  "P_expert_given_class": [
    [
      0.5096293687820435,
      0.12931030988693237,
      0.36106008291244507
    ],
    [
      0.12490716576576233,
      0.08615190535783768,
      0.7889407277107239
    ],
    [
      0.79330974817276,
      0.14245297014713287,
      0.06423671543598175
    ],
    [
      0.9147624969482422,
      0.05452427640557289,
      0.03071308694779873
    ],
    [
      0.30686017870903015,
      0.49610209465026855,
      0.19703808426856995
    ],
    [
      0.8282825946807861,
      0.10207612067461014,
      0.06964098662137985
    ],
    [
      0.8089653253555298,
      0.09744234383106232,
      0.09359241276979446
    ],
    [
      0.24463994801044464,
      0.07282896339893341,
      0.6825309991836548
    ],
    [
      0.7183411121368408,
      0.06620266288518906,
      0.21545572578907013
    ],
    [
      0.4772845506668091,
      0.11729708313941956,
      0.4054192304611206
    ],
    [
      0.4478641748428345,
      0.3473798930644989,
      0.20475634932518005
    ],
    [
      0.858671247959137,
      0.07867366820573807,
      0.0626547709107399
    ],
    [
      0.4719124734401703,
      0.14491970837116241,
      0.3831680119037628
    ],
    [
      0.6120086908340454,
      0.17575281858444214,
      0.21223869919776917
    ],
    [
      0.7678467631340027,
      0.06142091006040573,
      0.1707332283258438
    ],
    [
      0.4873458445072174,
      0.1136074811220169,
      0.39904630184173584
    ],
    [
      0.8351544141769409,
      0.08819012343883514,
      0.07665710151195526
    ],
    [
      0.43968695402145386,
      0.4806002378463745,
      0.0797128900885582
    ],
    [
      0.19564613699913025,
      0.10128400474786758,
      0.7030701637268066
    ],
    [
      0.6194761395454407,
      0.17864173650741577,
      0.20188245177268982
    ],
    [
      0.3448666036128998,
      0.54496169090271,
      0.11017146706581116
    ],
    [
      0.20310716331005096,
      0.18927784264087677,
      0.607614278793335
    ],
    [
      0.42809757590293884,
      0.4496922194957733,
      0.12221066653728485
    ],
    [
      0.37988826632499695,
      0.35604843497276306,
      0.2640632688999176
    ],
    [
      0.45670726895332336,
      0.14897534251213074,
      0.39431747794151306
    ],
    [
      0.3132278323173523,
      0.06558337807655334,
      0.6211891174316406
    ],
    [
      0.7108110785484314,
      0.11350017786026001,
      0.1756877452135086
    ],
    [
      0.617969274520874,
      0.195761576294899,
      0.18626980483531952
    ],
    [
      0.8366168737411499,
      0.1112603023648262,
      0.05212189257144928
    ],
    [
      0.15754921734333038,
      0.13223963975906372,
      0.7102113962173462
    ],
    [
      0.3204077184200287,
      0.3844923675060272,
      0.29510024189949036
    ],
    [
      0.22867979109287262,
      0.10819224268198013,
      0.6631281971931458
    ],
    [
      0.6366654634475708,
      0.2416403442621231,
      0.12169431149959564
    ],
    [
      0.23517681658267975,
      0.6758826971054077,
      0.0889398381114006
    ],
    [
      0.2736716568470001,
      0.2711411416530609,
      0.45518702268600464
    ],
    [
      0.8025289177894592,
      0.09990023076534271,
      0.09757061302661896
    ],
    [
      0.5273162722587585,
      0.30022022128105164,
      0.17246320843696594
    ],
    [
      0.6920220255851746,
      0.270759254693985,
      0.0372200608253479
    ],
    [
      0.5846939086914062,
      0.34989091753959656,
      0.06541449576616287
    ],
    [
      0.5411550998687744,
      0.04933389276266098,
      0.40951043367385864
    ],
    [
      0.5445922613143921,
      0.14460565149784088,
      0.3108009994029999
    ],
    [
      0.6411283016204834,
      0.1424625813961029,
      0.21640878915786743
    ],
    [
      0.5737577676773071,
      0.3665889799594879,
      0.05965326353907585
    ],
    [
      0.2307468205690384,
      0.34026941657066345,
      0.4289839267730713
    ],
    [
      0.5547978281974792,
      0.14743919670581818,
      0.29776304960250854
    ],
    [
      0.13469654321670532,
      0.1168302521109581,
      0.7484739422798157
    ],
    [
      0.40213868021965027,
      0.4197046756744385,
      0.17815707623958588
    ]
  ],