{
  "N": 112800,
  "usage": [
    0.4774114489555359,
    0.23194532096385956,
    0.29064327478408813
  ],
  "entropy_mean": 0.7659580111503601,
  "entropy_std": 0.23088045418262482,
  "top1_share": [
    0.5119060277938843,
    0.1945035457611084,
    0.2935904264450073
  ],
  "P_expert_given_class": [
    [
      0.42933207750320435,
      0.11964956670999527,
      0.45101869106292725
    ],
    [
      0.13872432708740234,
      0.09924021363258362,
      0.7620354294776917
    ],
    [
      0.8047809600830078,
      0.1379212886095047,
      0.05729775130748749
    ],
    [
      0.9140641093254089,
      0.06174701079726219,
      0.02419031783938408
    ],
    [
      0.2958068251609802,
      0.5283480882644653,
      0.17584510147571564
    ],
    [
      0.8000150918960571,
      0.11722228676080704,
      0.08276169747114182
    ],
    [
      0.7543137669563293,
      0.13601981103420258,
      0.10966658592224121
    ],
    [
      0.21651634573936462,
      0.06359295547008514,
      0.7198907136917114
    ],
    [
      0.7174635529518127,
      0.06395496428012848,
      0.21858158707618713
    ],
    [
      0.44375208020210266,
      0.13126400113105774,
      0.42498379945755005
    ],
    [
      0.3896695077419281,
      0.42337632179260254,
      0.18695466220378876
    ],
    [
      0.8487803936004639,
      0.09187323600053787,
      0.0593457855284214
    ],
    [
      0.39588192105293274,
      0.17470234632492065,
      0.42941564321517944
    ],
    [
      0.5876312851905823,
      0.1605285406112671,
      0.25184065103530884
    ],
    [
      0.7484925389289856,
      0.06846126914024353,
      0.18304628133773804
    ],
    [
      0.46481266617774963,
      0.12813058495521545,
      0.40705743432044983
    ],
    [
      0.7957462668418884,
      0.11406604945659637,
      0.0901879146695137
    ],
    [
      0.3765774667263031,
      0.560829222202301,
      0.06259328126907349
    ],
    [
      0.19541485607624054,
      0.12718892097473145,
      0.6773969531059265
    ],
    [
      0.566648542881012,
      0.20347341895103455,
      0.2298789769411087
    ],
    [
      0.27453166246414185,
      0.6324860453605652,
      0.09298224747180939
    ],
    [
      0.2026161253452301,
      0.21443024277687073,
      0.5829537510871887
    ],
    [
      0.36489182710647583,
      0.5078534483909607,
      0.1272556632757187
    ],
    [
      0.35705673694610596,
      0.35948121547698975,
      0.2834620475769043
    ],
    [
      0.3843148946762085,
      0.12996017932891846,
      0.48572468757629395
    ],
    [
      0.28211286664009094,
      0.07977163046598434,
      0.6381160616874695
    ],
    [
      0.6688862442970276,
      0.125264972448349,
      0.20584902167320251
    ],
    [
      0.5882795453071594,
      0.22130121290683746,
      0.19041934609413147
    ],
    [
      0.7979809045791626,
      0.14055456221103668,
      0.06146465986967087
    ],
    [
      0.1355292648077011,
      0.1304338574409485,
      0.734036386013031
    ],
    [
      0.25982019305229187,
      0.42674520611763,
      0.31343406438827515
    ],
    [
      0.1713906079530716,
      0.12019229680299759,
      0.7084165215492249
    ],
    [
      0.6556515693664551,
      0.23102393746376038,
      0.11332468688488007
    ],
    [
      0.20755502581596375,
      0.7202640175819397,
      0.07218051701784134
    ],
    [
      0.25886428356170654,
      0.32183656096458435,
      0.41929948329925537
    ],
    [
      0.824948251247406,
      0.0951467901468277,
      0.07990466803312302
    ],
    [
      0.4828099012374878,
      0.299972802400589,
      0.21721720695495605
    ],
    [
      0.6791631579399109,
      0.2826763093471527,
      0.03815983608365059
    ],
    [
      0.5585384964942932,
      0.3856388032436371,
      0.055822815746068954
    ],
    [
      0.5176411867141724,
      0.06327749788761139,
      0.4190804958343506
    ],
    [
      0.5320770740509033,
      0.16668148338794708,
      0.301240473985672
    ],
    [
      0.6304398775100708,
      0.15417620539665222,
      0.2153848260641098
    ],
    [
      0.48792606592178345,
      0.44695988297462463,
      0.06511309742927551
    ],
    [
      0.20101283490657806,
      0.3691769540309906,
      0.4298095107078552
    ],
    [
      0.5319519639015198,
      0.1607923060655594,
      0.3072553277015686
    ],
    [
      0.11944510042667389,
      0.13090606033802032,
      0.7496488094329834
    ],
    [
      0.3784784972667694,
      0.4728343188762665,
      0.1486867070198059
    ]
  ],