{
  "N": 112800,
  "usage": [
    0.5338321924209595,
    0.18365681171417236,
    0.28251102566719055
  ],
  "entropy_mean": 0.7330530881881714,
  "entropy_std": 0.23197169601917267,
  "top1_share": [
    0.6367996335029602,
    0.10845744609832764,
    0.25474292039871216
  ],
  "P_expert_given_class": [
    [
      0.5576800107955933,
      0.08773956447839737,
      0.35458025336265564
    ],
    [
      0.1264934092760086,
      0.0584903210401535,
      0.8150164484977722
    ],
    [
      0.811358630657196,
      0.12623099982738495,
      0.0624106340110302
    ],
    [
      0.8848987817764282,
      0.06945193558931351,
      0.04564911499619484
    ],
    [
      0.40557795763015747,
      0.42222368717193604,
      0.17219804227352142
    ],
    [
      0.7851639986038208,
      0.12672032415866852,
      0.08811558037996292
    ],
    [
      0.8415417671203613,
      0.08336427062749863,
      0.07509417086839676
    ],
    [
      0.22377625107765198,
      0.05166752636432648,
      0.7245559096336365
    ],
    [
      0.7122257947921753,
      0.0635162815451622,
      0.22425812482833862
    ],
    [
      0.5051319003105164,
      0.09866339713335037,
      0.39620494842529297
    ],
    [
      0.49206915497779846,
      0.3230127990245819,
      0.1849173605442047
    ],
    [
      0.8375507593154907,
      0.0805954709649086,
      0.08185414969921112
    ],
    [
      0.5615156292915344,
      0.07474671304225922,
      0.3637380599975586
    ],
    [
      0.6560552716255188,
      0.12750323116779327,
      0.21644116938114166
    ],
    [
      0.7812688946723938,
      0.053063005208969116,
      0.1656685322523117
    ],
    [
      0.5119887590408325,
      0.09627833217382431,
      0.39173272252082825
    ],
    [
      0.8510516881942749,
      0.075559601187706,
      0.07338975369930267
    ],
    [
      0.540476381778717,
      0.38261374831199646,
      0.07690944522619247
    ],
    [
      0.20181390643119812,
      0.06916633248329163,
      0.7290193438529968
    ],
    [
      0.6172769069671631,
      0.1700308918952942,
      0.21269257366657257
    ],
    [
      0.4582906663417816,
      0.4389415979385376,
      0.1027674451470375
    ],
    [
      0.23250813782215118,
      0.15167011320590973,
      0.615821361541748
    ],
    [
      0.47447651624679565,
      0.3970397412776947,
      0.12848305702209473
    ],
    [
      0.4139944612979889,
      0.34566575288772583,
      0.24033981561660767
    ],
    [
      0.4917221665382385,
      0.12023114413022995,
      0.3880458176136017
    ],
    [
      0.294830858707428,
      0.046017277985811234,
      0.6591517925262451
    ],
    [
      0.731226921081543,
      0.10253947228193283,
      0.16623395681381226
    ],
    [
      0.6636798977851868,
      0.1549907922744751,
      0.1813298612833023
    ],
    [
      0.8024668097496033,
      0.1402648240327835,
      0.05726861208677292
    ],
    [
      0.16367731988430023,
      0.08911829441785812,
      0.7472044229507446
    ],
    [
      0.38454145193099976,
      0.338166207075119,
      0.2772921919822693
    ],
    [
      0.2747329771518707,
      0.092800073325634,
      0.6324664354324341
    ],
    [
      0.6597309112548828,
      0.21376727521419525,
      0.12650202214717865
    ],
    [
      0.2542021572589874,
      0.6760250329971313,
      0.06977333128452301
    ],
    [
      0.3015596866607666,
      0.24556612968444824,
      0.4528745114803314
    ],
    [
      0.7984097599983215,
      0.09671857953071594,
      0.10487091541290283
    ],
    [
      0.5893737077713013,
      0.2667882740497589,
      0.14383850991725922
    ],
    [
      0.7050394415855408,
      0.25864842534065247,
      0.036312464624643326
    ],
    [
      0.6203849911689758,
      0.31697797775268555,
      0.0626373440027237
    ],
    [
      0.5494481921195984,
      0.03272663801908493,
      0.417824923992157
    ],
    [
      0.5972707867622375,
      0.11661230772733688,
      0.28611671924591064
    ],
    [
      0.6612318158149719,
      0.1281425654888153,
      0.21062573790550232
    ],
    [
      0.6304594874382019,
      0.31475481390953064,
      0.05478638783097267
    ],
    [
      0.2414238303899765,
      0.31788569688796997,
      0.4406909644603729
    ],
    [
      0.5963941812515259,
      0.12392479926347733,
      0.2796808183193207
    ],
    [
      0.154531329870224,
      0.09538926929235458,
      0.7500797510147095
    ],
    [
      0.4395914077758789,
      0.3698589503765106,
      0.19054944813251495
    ]
  ],