{
  "N": 112800,
  "usage": [
    0.36115792393684387,
    0.49772557616233826,
    0.1411164551973343
  ],
  "entropy_mean": 0.5760374665260315,
  "entropy_std": 0.27707716822624207,
  "top1_share": [
    0.35464540123939514,
    0.531923770904541,
    0.11343085020780563
  ],
  "P_expert_given_class": [
    [
      0.612200915813446,
      0.36911243200302124,
      0.018686996772885323
    ],
    [
      0.017037011682987213,
      0.05663588270545006,
      0.9263253808021545
    ],
    [
      0.19570106267929077,
      0.7616614103317261,
      0.042638007551431656
    ],
    [
      0.01998322457075119,
      0.9478510618209839,
      0.032165177166461945
    ],
    [
      0.6227255463600159,
      0.2581135928630829,
      0.11915968358516693
    ],
    [
      0.05556168779730797,
      0.906773567199707,
      0.03766505420207977
    ],
    [
      0.4039316177368164,
      0.5290775299072266,
      0.06699052453041077
    ],
    [
      0.10381285846233368,
      0.798599362373352,
      0.09758817404508591
    ],
    [
      0.11309131979942322,
      0.8546990752220154,
      0.03221003711223602
    ],
    [
      0.18115776777267456,
      0.7757450342178345,
      0.04309634119272232
    ],
    [
      0.5263257026672363,
      0.45526424050331116,
      0.01840924099087715
    ],
    [
      0.30601727962493896,
      0.6845905780792236,
      0.009392423555254936
    ],
    [
      0.3098553717136383,
      0.5600206851959229,
      0.1301237940788269
    ],
    [
      0.5914626121520996,
      0.38734450936317444,
      0.02119329757988453
    ],
    [
      0.12968701124191284,
      0.84278404712677,
      0.02753015235066414
    ],
    [
      0.1586671620607376,
      0.7759692668914795,
      0.06536273658275604
    ],
    [
      0.24821807444095612,
      0.7367129325866699,
      0.015068712644279003
    ],
    [
      0.866534411907196,
      0.11252982169389725,
      0.020934710279107094
    ],
    [
      0.03032229095697403,
      0.15684574842453003,
      0.8128327131271362
    ],
    [
      0.132721409201622,
      0.5838375687599182,
      0.2834414541721344
    ],
    [
      0.6750319004058838,
      0.1869792491197586,
      0.13798825442790985
    ],
    [
      0.12791019678115845,
      0.1093553900718689,
      0.7627343535423279
    ],
    [
      0.8444154262542725,
      0.12373360991477966,
      0.031850725412368774
    ],
    [
      0.8806657791137695,
      0.07051514089107513,
      0.04881696775555611
    ],
    [
      0.5800578594207764,
      0.401197224855423,
      0.018745379522442818
    ],
    [
      0.3579292595386505,
      0.5959450006484985,
      0.046126533299684525
    ],
    [
      0.5612756013870239,
      0.42618218064308167,
      0.012541535310447216
    ],
    [
      0.4142891764640808,
      0.5641401410102844,
      0.02157086320221424
    ],
    [
      0.053099650889635086,
      0.9181084036827087,
      0.028792668133974075
    ],
    [
      0.07918737083673477,
      0.8416808843612671,
      0.07913114875555038
    ],
    [
      0.7369716763496399,
      0.11519043147563934,
      0.14783750474452972
    ],
    [
      0.4139572083950043,
      0.09977753460407257,
      0.48626449704170227
    ],
    [
      0.8804343938827515,
      0.05184286832809448,
      0.06772251427173615
    ],
    [
      0.5254663228988647,
      0.25570935010910034,
      0.2188248634338379
    ],
    [
      0.20120979845523834,
      0.17556624114513397,
      0.6232246160507202
    ],
    [
      0.06628088653087616,
      0.9069992303848267,
      0.026719948276877403
    ],
    [
      0.37229183316230774,
      0.6084892153739929,
      0.019217992201447487
    ],
    [
      0.4720941185951233,
      0.45632389187812805,
      0.07158227264881134
    ],
    [
      0.3778578042984009,
      0.5377193689346313,
      0.08442270755767822
    ],
    [
      0.18742135167121887,
      0.7749184370040894,
      0.037660904228687286
    ],
    [
      0.17203575372695923,
      0.7499380111694336,
      0.0780259370803833
    ],
    [
      0.1670689582824707,
      0.7800463438034058,
      0.05288466066122055
    ],
    [
      0.7054949402809143,
      0.2051796019077301,
      0.08932510763406754
    ],
    [
      0.7367495894432068,
      0.23112136125564575,
      0.032128315418958664
    ],
    [
      0.20296427607536316,
      0.7374687790870667,
      0.05956711620092392
    ],
    [
      0.29724910855293274,
      0.39692938327789307,
      0.30582156777381897
    ],
    [
      0.25999265909194946,
      0.517878532409668,
      0.22212916612625122
    ]
  ],