{
  "N": 112800,
  "usage": [
    0.3724284768104553,
    0.4363245666027069,
    0.19124695658683777
  ],
  "entropy_mean": 0.6329621076583862,
  "entropy_std": 0.26771098375320435,
  "top1_share": [
    0.38399821519851685,
    0.46677306294441223,
    0.14922872185707092
  ],
  "P_expert_given_class": [
    [
      0.7160247564315796,
      0.21537628769874573,
      0.06859798729419708
    ],
    [
      0.011131968349218369,
      0.041810162365436554,
      0.9470576047897339
    ],
    [
      0.23794962465763092,
      0.6953983306884766,
      0.06665337085723877
    ],
    [
      0.030401211231946945,
      0.8892084956169128,
      0.0803898498415947
    ],
    [
      0.5951634049415588,
      0.21669556200504303,
      0.18814091384410858
    ],
    [
      0.06584873795509338,
      0.8086053133010864,
      0.12554563581943512
    ],
    [
      0.5305554866790771,
      0.39090028405189514,
      0.0785437747836113
    ],
    [
      0.07682015001773834,
      0.7691559195518494,
      0.15402387082576752
    ],
    [
      0.14485564827919006,
      0.7718648314476013,
      0.08327873051166534
    ],
    [
      0.24232511222362518,
      0.6832931041717529,
      0.07438157498836517
    ],
    [
      0.47557947039604187,
      0.49228164553642273,
      0.032138656824827194
    ],
    [
      0.36685046553611755,
      0.6085277795791626,
      0.024621684104204178
    ],
    [
      0.3541504144668579,
      0.49035924673080444,
      0.15549015998840332
    ],
    [
      0.6765872240066528,
      0.26355770230293274,
      0.0598551444709301
    ],
    [
      0.10258767753839493,
      0.8463559746742249,
      0.05105604976415634
    ],
    [
      0.14766453206539154,
      0.7206466794013977,
      0.13168813288211823
    ],
    [
      0.3114936351776123,
      0.6635689735412598,
      0.02493596076965332
    ],
    [
      0.8329454660415649,
      0.12389645725488663,
      0.04315862059593201
    ],
    [
      0.02252364344894886,
      0.13118799030780792,
      0.8462884426116943
    ],
    [
      0.10218341648578644,
      0.49232152104377747,
      0.40549445152282715
    ],
    [
      0.6178444623947144,
      0.14492672681808472,
      0.237229123711586
    ],
    [
      0.11678794771432877,
      0.08730965852737427,
      0.7959016561508179
    ],
    [
      0.8594252467155457,
      0.10467828065156937,
      0.035897113382816315
    ],
    [
      0.8699536919593811,
      0.04579732567071915,
      0.0842491015791893
    ],
    [
      0.6884949207305908,
      0.23790492117404938,
      0.07360011339187622
    ],
    [
      0.35362160205841064,
      0.5297775268554688,
      0.1166016161441803
    ],
    [
      0.642505943775177,
      0.3403521478176117,
      0.01714220643043518
    ],
    [
      0.3889523148536682,
      0.5764241814613342,
      0.034623127430677414
    ],
    [
      0.07380659133195877,
      0.8214658498764038,
      0.10472766309976578
    ],
    [
      0.06549839675426483,
      0.7509684562683105,
      0.18353307247161865
    ],
    [
      0.6877730488777161,
      0.08901339769363403,
      0.22321391105651855
    ],
    [
      0.31043514609336853,
      0.08099474757909775,
      0.6085704565048218
    ],
    [
      0.9000265598297119,
      0.029929490759968758,
      0.07004448771476746
    ],
    [
      0.4501994848251343,
      0.1848977655172348,
      0.3649030327796936
    ],
    [
      0.15234589576721191,
      0.1310817152261734,
      0.7165727019309998
    ],
    [
      0.07919157296419144,
      0.8689979910850525,
      0.05180966854095459
    ],
    [
      0.482270747423172,
      0.48779532313346863,
      0.029933610931038857
    ],
    [
      0.5318501591682434,
      0.34577101469039917,
      0.12237847596406937
    ],
    [
      0.45797887444496155,
      0.4041728377342224,
      0.13784809410572052
    ],
    [
      0.20660530030727386,
      0.7286387085914612,
      0.06475536525249481
    ],
    [
      0.1613975465297699,
      0.6888233423233032,
      0.14977923035621643
    ],
    [
      0.20698989927768707,
      0.6902058124542236,
      0.10280358046293259
    ],
    [
      0.6955143213272095,
      0.20627382397651672,
      0.09821119159460068
    ],
    [
      0.7476818561553955,
      0.19156073033809662,
      0.06075691059231758
    ],
    [
      0.24433304369449615,
      0.6604695320129395,
      0.09519726037979126
    ],
    [
      0.2510792911052704,
      0.3501569330692291,
      0.39876389503479004
    ],
    [
      0.21793365478515625,
      0.4138469398021698,
      0.3682202100753784
    ]
  ],