{
  "N": 112800,
  "usage": [
    0.3762779235839844,
    0.4397723376750946,
    0.18394973874092102
  ],
  "entropy_mean": 0.622045636177063,
  "entropy_std": 0.26496392488479614,
  "top1_share": [
    0.38758864998817444,
    0.46802306175231934,
    0.14438830316066742
  ],
  "P_expert_given_class": [
    [
      0.720748782157898,
      0.2254197746515274,
      0.05383172258734703
    ],
    [
      0.011524535715579987,
      0.05012222006917,
      0.9383522272109985
    ],
    [
      0.23991729319095612,
      0.7046143412590027,
      0.05546778813004494
    ],
    [
      0.030208313837647438,
      0.9046157598495483,
      0.06517499685287476
    ],
    [
      0.6016729474067688,
      0.21787777543067932,
      0.18045005202293396
    ],
    [
      0.06514928489923477,
      0.8158327341079712,
      0.11901770532131195
    ],
    [
      0.5290638208389282,
      0.39979639649391174,
      0.07113997638225555
    ],
    [
      0.09202143549919128,
      0.7705963850021362,
      0.13738229870796204
    ],
    [
      0.14216692745685577,
      0.7801265716552734,
      0.07770594209432602
    ],
    [
      0.23138244450092316,
      0.7020813226699829,
      0.06653529405593872
    ],
    [
      0.47537410259246826,
      0.4955785572528839,
      0.029047193005681038
    ],
    [
      0.37953421473503113,
      0.600161612033844,
      0.0203043594956398
    ],
    [
      0.3634983003139496,
      0.47949615120887756,
      0.15700575709342957
    ],
    [
      0.6770432591438293,
      0.2778870463371277,
      0.04506918787956238
    ],
    [
      0.10457942634820938,
      0.8488805890083313,
      0.04654066637158394
    ],
    [
      0.1409636288881302,
      0.7340425848960876,
      0.12499352544546127
    ],
    [
      0.316593736410141,
      0.6604233384132385,
      0.022982969880104065
    ],
    [
      0.8414854407310486,
      0.12026237696409225,
      0.038252465426921844
    ],
    [
      0.02468634396791458,
      0.13829948008060455,
      0.8370135426521301
    ],
    [
      0.10525625944137573,
      0.5001958012580872,
      0.3945474624633789
    ],
    [
      0.6373655200004578,
      0.1438402235507965,
      0.21879400312900543
    ],
    [
      0.12206067144870758,
      0.0900036096572876,
      0.787936806678772
    ],
    [
      0.8613057732582092,
      0.10234539210796356,
      0.03634939342737198
    ],
    [
      0.8669753074645996,
      0.04533729702234268,
      0.08768663555383682
    ],
    [
      0.6917814016342163,
      0.24890004098415375,
      0.059318579733371735
    ],
    [
      0.34540149569511414,
      0.5454546213150024,
      0.10914374142885208
    ],
    [
      0.649355947971344,
      0.3351980745792389,
      0.015446492470800877
    ],
    [
      0.3953201472759247,
      0.5724973082542419,
      0.03218251094222069
    ],
    [
      0.0744703859090805,
      0.8322917222976685,
      0.09323767572641373
    ],
    [
      0.07178421318531036,
      0.7521294951438904,
      0.17608560621738434
    ],
    [
      0.6982042193412781,
      0.07903189212083817,
      0.22276310622692108
    ],
    [
      0.31812164187431335,
      0.07934275269508362,
      0.6025358438491821
    ],
    [
      0.8945502638816833,
      0.02991470880806446,
      0.07553558051586151
    ],
    [
      0.48292189836502075,
      0.1686418652534485,
      0.34843626618385315
    ],
    [
      0.15935936570167542,
      0.12937407195568085,
      0.711266815662384
    ],
    [
      0.08643246442079544,
      0.8738594651222229,
      0.03970739617943764
    ],
    [
      0.47963231801986694,
      0.4923212230205536,
      0.02804560586810112
    ],
    [
      0.5473455190658569,
      0.3533649742603302,
      0.09929011017084122
    ],
    [
      0.4645370543003082,
      0.41695889830589294,
      0.1185038611292839
    ],
    [
      0.20531290769577026,
      0.7304589152336121,
      0.0642276182770729
    ],
    [
      0.15546312928199768,
      0.7031578421592712,
      0.14137795567512512
    ],
    [
      0.20304588973522186,
      0.7009933590888977,
      0.09596037864685059
    ],
    [
      0.7049912214279175,
      0.2053792029619217,
      0.08962953835725784
    ],
    [
      0.7545426487922668,
      0.18248040974140167,
      0.06297655403614044
    ],
    [
      0.2421298772096634,
      0.6679919362068176,
      0.08987762778997421
    ],
    [
      0.2568020522594452,
      0.34446221590042114,
      0.39873549342155457
    ],
    [
      0.2229793816804886,
      0.4172487258911133,
      0.3597715497016907
    ]
  ],