{
  "N": 112800,
  "usage": [
    0.3514454960823059,
    0.5203300714492798,
    0.1282244324684143
  ],
  "entropy_mean": 0.559451699256897,
  "entropy_std": 0.2808835506439209,
  "top1_share": [
    0.338838666677475,
    0.5547429323196411,
    0.1064184382557869
  ],
  "P_expert_given_class": [
    [
      0.5916915535926819,
      0.39438286423683167,
      0.013926776126027107
    ],
    [
      0.019086036831140518,
      0.0652664303779602,
      0.9156473875045776
    ],
    [
      0.16711749136447906,
      0.794613778591156,
      0.03826902434229851
    ],
    [
      0.01802556961774826,
      0.9566730856895447,
      0.025301285088062286
    ],
    [
      0.6156876683235168,
      0.28044283390045166,
      0.1038694754242897
    ],
    [
      0.05037505179643631,
      0.9258685111999512,
      0.023755831643939018
    ],
    [
      0.37648892402648926,
      0.5634266138076782,
      0.06008464843034744
    ],
    [
      0.09858552366495132,
      0.8129788637161255,
      0.08843579143285751
    ],
    [
      0.09325315058231354,
      0.8801283836364746,
      0.0266175027936697
    ],
    [
      0.16899511218070984,
      0.7944440841674805,
      0.036559198051691055
    ],
    [
      0.5236656665802002,
      0.4609108567237854,
      0.015423609875142574
    ],
    [
      0.2654294967651367,
      0.7272536158561707,
      0.007317460607737303
    ],
    [
      0.3133326470851898,
      0.5821489691734314,
      0.10451791435480118
    ],
    [
      0.5696389675140381,
      0.4142588973045349,
      0.01610199734568596
    ],
    [
      0.12207499146461487,
      0.8583775758743286,
      0.0195473600178957
    ],
    [
      0.16482964158058167,
      0.7811005711555481,
      0.05406944453716278
    ],
    [
      0.2201824188232422,
      0.7678402662277222,
      0.011977571994066238
    ],
    [
      0.8615949749946594,
      0.11826829612255096,
      0.020136738196015358
    ],
    [
      0.03093838132917881,
      0.16659140586853027,
      0.802470326423645
    ],
    [
      0.13788513839244843,
      0.6088569760322571,
      0.2532569468021393
    ],
    [
      0.6894142627716064,
      0.20504765212535858,
      0.10553815960884094
    ],
    [
      0.13197243213653564,
      0.11755101382732391,
      0.7504768371582031
    ],
    [
      0.8228057622909546,
      0.1502586305141449,
      0.02693571150302887
    ],
    [
      0.8686106204986572,
      0.08930736780166626,
      0.04208199307322502
    ],
    [
      0.5610198378562927,
      0.4259514808654785,
      0.013028576038777828
    ],
    [
      0.3493015766143799,
      0.6148300766944885,
      0.03586772456765175
    ],
    [
      0.5293969511985779,
      0.46028387546539307,
      0.010318980552256107
    ],
    [
      0.40085214376449585,
      0.5816065073013306,
      0.017541173845529556
    ],
    [
      0.04494921863079071,
      0.9367581009864807,
      0.01829301007091999
    ],
    [
      0.08236095309257507,
      0.8566062450408936,
      0.061033084988594055
    ],
    [
      0.7218000292778015,
      0.13685667514801025,
      0.1413440704345703
    ],
    [
      0.4431830942630768,
      0.1223246231675148,
      0.4344918429851532
    ],
    [
      0.8669494390487671,
      0.06497659534215927,
      0.0680745393037796
    ],
    [
      0.5207828879356384,
      0.2863532602787018,
      0.1928640753030777
    ],
    [
      0.2300134301185608,
      0.2180076390504837,
      0.5519788265228271
    ],
    [
      0.04926325008273125,
      0.9292137622833252,
      0.021521978080272675
    ],
    [
      0.3279368579387665,
      0.6570320725440979,
      0.01503149513155222
    ],
    [
      0.4481967091560364,
      0.5002789497375488,
      0.051524583250284195
    ],
    [
      0.34545567631721497,
      0.5750638246536255,
      0.07948035001754761
    ],
    [
      0.1763409674167633,
      0.7986441254615784,
      0.025014543905854225
    ],
    [
      0.18663670122623444,
      0.7492525577545166,
      0.06411167234182358
    ],
    [
      0.15508118271827698,
      0.7995073199272156,
      0.045410726219415665
    ],
    [
      0.7006644010543823,
      0.2253113090991974,
      0.07402385026216507
    ],
    [
      0.690828263759613,
      0.2857774496078491,
      0.023394403979182243
    ],
    [
      0.19006328284740448,
      0.7586827278137207,
      0.05125350132584572
    ],
    [
      0.30992135405540466,
      0.4196578562259674,
      0.2704204320907593
    ],
    [
      0.26526036858558655,
      0.5365338921546936,
      0.19820532202720642
    ]
  ],