{
  "N": 112800,
  "usage": [
    0.36067867279052734,
    0.417947381734848,
    0.22137399017810822
  ],
  "entropy_mean": 0.6454647183418274,
  "entropy_std": 0.2705856263637543,
  "top1_share": [
    0.37998226284980774,
    0.44509750604629517,
    0.1749202162027359
  ],
  "P_expert_given_class": [
    [
      0.7024077773094177,
      0.20864219963550568,
      0.08895037323236465
    ],
    [
      0.006648295093327761,
      0.030160529538989067,
      0.9631906151771545
    ],
    [
      0.2846630811691284,
      0.6243383884429932,
      0.09099800884723663
    ],
    [
      0.028466729447245598,
      0.8731882572174072,
      0.09834477305412292
    ],
    [
      0.5913412570953369,
      0.19859161972999573,
      0.21006688475608826
    ],
    [
      0.04046931117773056,
      0.7870518565177917,
      0.1724790632724762
    ],
    [
      0.5578909516334534,
      0.3289445638656616,
      0.11316441744565964
    ],
    [
      0.0914037898182869,
      0.6705095767974854,
      0.23808680474758148
    ],
    [
      0.1092991754412651,
      0.7851606011390686,
      0.10554112493991852
    ],
    [
      0.2500764727592468,
      0.6691552400588989,
      0.08076833933591843
    ],
    [
      0.46979862451553345,
      0.4909772276878357,
      0.03922365978360176
    ],
    [
      0.34909725189208984,
      0.6224056482315063,
      0.028497571125626564
    ],
    [
      0.29969510436058044,
      0.5355027318000793,
      0.16480228304862976
    ],
    [
      0.6528944969177246,
      0.26790645718574524,
      0.07919980585575104
    ],
    [
      0.07803219556808472,
      0.8528255224227905,
      0.06914254277944565
    ],
    [
      0.13080814480781555,
      0.6995244026184082,
      0.16966737806797028
    ],
    [
      0.3411094844341278,
      0.6288852691650391,
      0.030004577711224556
    ],
    [
      0.8083747625350952,
      0.13702240586280823,
      0.05460240691900253
    ],
    [
      0.016704769805073738,
      0.11901018768548965,
      0.8642850518226624
    ],
    [
      0.0775105357170105,
      0.44102951884269714,
      0.4814595580101013
    ],
    [
      0.5695526599884033,
      0.13528622686862946,
      0.29516029357910156
    ],
    [
      0.09811439365148544,
      0.06819771975278854,
      0.8336876630783081
    ],
    [
      0.856315016746521,
      0.08388499915599823,
      0.05979951098561287
    ],
    [
      0.8428817987442017,
      0.04615996405482292,
      0.11095824092626572
    ],
    [
      0.6736252307891846,
      0.23143786191940308,
      0.09493740648031235
    ],
    [
      0.33788272738456726,
      0.5161499381065369,
      0.14596742391586304
    ],
    [
      0.6716985106468201,
      0.3052164316177368,
      0.023085204884409904
    ],
    [
      0.37230268120765686,
      0.5818883180618286,
      0.045808885246515274
    ],
    [
      0.06282366812229156,
      0.8035151362419128,
      0.1336599886417389
    ],
    [
      0.060107264667749405,
      0.7000274062156677,
      0.23986414074897766
    ],
    [
      0.6817125678062439,
      0.07761313766241074,
      0.24067510664463043
    ],
    [
      0.24021898210048676,
      0.06862621009349823,
      0.6911544799804688
    ],
    [
      0.8967244625091553,
      0.031538620591163635,
      0.07173731178045273
    ],
    [
      0.4117262065410614,
      0.15738700330257416,
      0.430886447429657
    ],
    [
      0.13374276459217072,
      0.11554109305143356,
      0.7507162094116211
    ],
    [
      0.09789945185184479,
      0.8304855823516846,
      0.07161492109298706
    ],
    [
      0.5141894221305847,
      0.45292866230010986,
      0.032881781458854675
    ],
    [
      0.5360018610954285,
      0.2929227650165558,
      0.17107568681240082
    ],
    [
      0.45060989260673523,
      0.38267940282821655,
      0.16671119630336761
    ],
    [
      0.17819306254386902,
      0.7471192479133606,
      0.07468686997890472
    ],
    [
      0.15207676589488983,
      0.648953378200531,
      0.19897010922431946
    ],
    [
      0.193916454911232,
      0.6852849721908569,
      0.12079758942127228
    ],
    [
      0.6720232367515564,
      0.19486306607723236,
      0.13311274349689484
    ],
    [
      0.7296314239501953,
      0.1793854832649231,
      0.0909830629825592
    ],
    [
      0.23809804022312164,
      0.6521005630493164,
      0.10980208218097687
    ],
    [
      0.2201538383960724,
      0.31458112597465515,
      0.4652644395828247
    ],
    [
      0.17298191785812378,
      0.36891719698905945,
      0.4581013023853302
    ]
  ],