{
  "N": 112800,
  "usage": [
    0.3597029447555542,
    0.42888888716697693,
    0.21140815317630768
  ],
  "entropy_mean": 0.6455333232879639,
  "entropy_std": 0.2708273231983185,
  "top1_share": [
    0.3768705725669861,
    0.45676419138908386,
    0.16636525094509125
  ],
  "P_expert_given_class": [
    [
      0.7027655243873596,
      0.21926984190940857,
      0.07796504348516464
    ],
    [
      0.006565628573298454,
      0.035190824419260025,
      0.9582436084747314
    ],
    [
      0.2717021703720093,
      0.6485404372215271,
      0.07975807785987854
    ],
    [
      0.027768027037382126,
      0.886381208896637,
      0.08584938943386078
    ],
    [
      0.5828876495361328,
      0.21215848624706268,
      0.20495383441448212
    ],
    [
      0.04805351421236992,
      0.7893366813659668,
      0.1626097559928894
    ],
    [
      0.5505325198173523,
      0.3534100353717804,
      0.09605756402015686
    ],
    [
      0.08664844185113907,
      0.6895298957824707,
      0.22382116317749023
    ],
    [
      0.11743266135454178,
      0.7842943072319031,
      0.0982736125588417
    ],
    [
      0.24225066602230072,
      0.6776279211044312,
      0.08012145012617111
    ],
    [
      0.4528728723526001,
      0.5091804265975952,
      0.037946343421936035
    ],
    [
      0.34478819370269775,
      0.6281554102897644,
      0.027055811136960983
    ],
    [
      0.3240697979927063,
      0.5192206501960754,
      0.15670998394489288
    ],
    [
      0.6524240374565125,
      0.28056102991104126,
      0.06701428443193436
    ],
    [
      0.07367237657308578,
      0.866763174533844,
      0.05956372618675232
    ],
    [
      0.12993712723255157,
      0.7147882580757141,
      0.1552743762731552
    ],
    [
      0.32956773042678833,
      0.6431568264961243,
      0.027275068685412407
    ],
    [
      0.8011500835418701,
      0.14562590420246124,
      0.053222909569740295
    ],
    [
      0.016919787973165512,
      0.12352193146944046,
      0.8595569133758545
    ],
    [
      0.08749084174633026,
      0.45736628770828247,
      0.4551420509815216
    ],
    [
      0.5676298141479492,
      0.1427363008260727,
      0.28963398933410645
    ],
    [
      0.10326750576496124,
      0.07673736661672592,
      0.8199952840805054
    ],
    [
      0.8628222942352295,
      0.09091654419898987,
      0.046261608600616455
    ],
    [
      0.8470436930656433,
      0.04944785311818123,
      0.10350816696882248
    ],
    [
      0.6762041449546814,
      0.23935267329216003,
      0.0844433456659317
    ],
    [
      0.32701215147972107,
      0.5284452438354492,
      0.1445421725511551
    ],
    [
      0.6646690368652344,
      0.313742458820343,
      0.021588508039712906
    ],
    [
      0.3663840591907501,
      0.590080201625824,
      0.043534956872463226
    ],
    [
      0.07163073867559433,
      0.7983788251876831,
      0.12999066710472107
    ],
    [
      0.0621335543692112,
      0.7058286070823669,
      0.23203781247138977
    ],
    [
      0.6748881340026855,
      0.08138524740934372,
      0.24372723698616028
    ],
    [
      0.2673256993293762,
      0.07951417565345764,
      0.653160035610199
    ],
    [
      0.8929666876792908,
      0.029672298580408096,
      0.0773598849773407
    ],
    [
      0.3996634781360626,
      0.17129933834075928,
      0.4290372133255005
    ],
    [
      0.1390988975763321,
      0.13735328614711761,
      0.7235479354858398
    ],
    [
      0.09395340085029602,
      0.8429217338562012,
      0.06312469393014908
    ],
    [
      0.5127262473106384,
      0.4566068649291992,
      0.030666477978229523
    ],
    [
      0.528897762298584,
      0.32398805022239685,
      0.147114560008049
    ],
    [
      0.4444407522678375,
      0.38192886114120483,
      0.17363066971302032
    ],
    [
      0.17503352463245392,
      0.7548040151596069,
      0.07016270607709885
    ],
    [
      0.15542052686214447,
      0.667327344417572,
      0.17725235223770142
    ],
    [
      0.19259577989578247,
      0.6941152215003967,
      0.11328933387994766
    ],
    [
      0.6598910093307495,
      0.2252621203660965,
      0.11484716087579727
    ],
    [
      0.7233955264091492,
      0.20120683312416077,
      0.07539793848991394
    ],
    [
      0.23739825189113617,
      0.6583654284477234,
      0.10423652827739716
    ],
    [
      0.22540725767612457,
      0.3373188078403473,
      0.43727415800094604
    ],
    [
      0.18463824689388275,
      0.39496105909347534,
      0.4204007387161255
    ]
  ],