{
  "N": 112800,
  "usage": [
    0.37038955092430115,
    0.4324081540107727,
    0.19720233976840973
  ],
  "entropy_mean": 0.6405709981918335,
  "entropy_std": 0.26585716009140015,
  "top1_share": [
    0.38614362478256226,
    0.462597519159317,
    0.15125887095928192
  ],
  "P_expert_given_class": [
    [
      0.7251212000846863,
      0.205643892288208,
      0.06923529505729675
    ],
    [
      0.009905943647027016,
      0.042059190571308136,
      0.9480357766151428
    ],
    [
      0.242615208029747,
      0.686845600605011,
      0.07053904235363007
    ],
    [
      0.025230078026652336,
      0.8894357085227966,
      0.08533484488725662
    ],
    [
      0.5962588787078857,
      0.20869563519954681,
      0.1950453519821167
    ],
    [
      0.05753396824002266,
      0.8012017607688904,
      0.14126430451869965
    ],
    [
      0.5426186919212341,
      0.3710234463214874,
      0.08635809272527695
    ],
    [
      0.08903418481349945,
      0.737704336643219,
      0.17326174676418304
    ],
    [
      0.1272517591714859,
      0.7764379382133484,
      0.09630902856588364
    ],
    [
      0.25078609585762024,
      0.6699979901313782,
      0.07921607792377472
    ],
    [
      0.4572277367115021,
      0.5061863660812378,
      0.03658667951822281
    ],
    [
      0.3513180911540985,
      0.6228757500648499,
      0.02580537088215351
    ],
    [
      0.3638787865638733,
      0.48134344816207886,
      0.15477769076824188
    ],
    [
      0.6706018447875977,
      0.2676290273666382,
      0.06176900118589401
    ],
    [
      0.09605401009321213,
      0.8502521514892578,
      0.05369412153959274
    ],
    [
      0.14809753000736237,
      0.7132142186164856,
      0.13868819177150726
    ],
    [
      0.31887614727020264,
      0.6547035574913025,
      0.02641948126256466
    ],
    [
      0.8124279379844666,
      0.13526681065559387,
      0.05230448767542839
    ],
    [
      0.02156350389122963,
      0.13024525344371796,
      0.8481905460357666
    ],
    [
      0.10077803581953049,
      0.47663870453834534,
      0.42258358001708984
    ],
    [
      0.6125649809837341,
      0.15083825588226318,
      0.23659756779670715
    ],
    [
      0.11766865849494934,
      0.08321695774793625,
      0.7991140484809875
    ],
    [
      0.8673913478851318,
      0.09070347249507904,
      0.041904740035533905
    ],
    [
      0.8552402853965759,
      0.048648085445165634,
      0.09611232578754425
    ],
    [
      0.6956259608268738,
      0.22863833606243134,
      0.07573525607585907
    ],
    [
      0.34749069809913635,
      0.5215843319892883,
      0.1309250444173813
    ],
    [
      0.6482362747192383,
      0.3344772458076477,
      0.0172857865691185
    ],
    [
      0.37836694717407227,
      0.5849429368972778,
      0.036690738052129745
    ],
    [
      0.06730883568525314,
      0.8157666921615601,
      0.11692482978105545
    ],
    [
      0.07155901938676834,
      0.7342413067817688,
      0.19420038163661957
    ],
    [
      0.6825901865959167,
      0.08863174170255661,
      0.22877861559391022
    ],
    [
      0.3077946603298187,
      0.07265470921993256,
      0.6195496916770935
    ],
    [
      0.8958152532577515,
      0.0314849354326725,
      0.07269956916570663
    ],
    [
      0.44635987281799316,
      0.18432742357254028,
      0.36931273341178894
    ],
    [
      0.16075901687145233,
      0.13206547498703003,
      0.7071753144264221
    ],
    [
      0.07687124609947205,
      0.8677840232849121,
      0.055345479398965836
    ],
    [
      0.48472824692726135,
      0.48530614376068115,
      0.029965490102767944
    ],
    [
      0.5298961997032166,
      0.3367789089679718,
      0.13332484662532806
    ],
    [
      0.4521269202232361,
      0.3984789550304413,
      0.14939384162425995
    ],
    [
      0.2019832581281662,
      0.7332600951194763,
      0.06475627422332764
    ],
    [
      0.16492311656475067,
      0.680721640586853,
      0.15435539186000824
    ],
    [
      0.20162470638751984,
      0.6903303265571594,
      0.10804495215415955
    ],
    [
      0.6718381643295288,
      0.2171430140733719,
      0.11101819574832916
    ],
    [
      0.7457520365715027,
      0.186200812458992,
      0.06804724037647247
    ],
    [
      0.246469646692276,
      0.6536291241645813,
      0.09990108758211136
    ],
    [
      0.25535449385643005,
      0.3301141560077667,
      0.41453179717063904
    ],
    [
      0.2147873193025589,
      0.41381457448005676,
      0.3713977038860321
    ]
  ],