{
  "N": 112800,
  "usage": [
    0.37111321091651917,
    0.47292521595954895,
    0.1559615433216095
  ],
  "entropy_mean": 0.5880204439163208,
  "entropy_std": 0.2740040123462677,
  "top1_share": [
    0.3776152431964874,
    0.4973049759864807,
    0.12507978081703186
  ],
  "P_expert_given_class": [
    [
      0.6620557308197021,
      0.31710463762283325,
      0.02084105834364891
    ],
    [
      0.014009131118655205,
      0.05951249599456787,
      0.9264774322509766
    ],
    [
      0.2205342799425125,
      0.7333309054374695,
      0.04613496735692024
    ],
    [
      0.01888192817568779,
      0.9346676468849182,
      0.0464492030441761
    ],
    [
      0.6142290830612183,
      0.2324509471654892,
      0.15331998467445374
    ],
    [
      0.05534518510103226,
      0.8844647407531738,
      0.060190558433532715
    ],
    [
      0.4550599157810211,
      0.4795575439929962,
      0.06538303941488266
    ],
    [
      0.09356985241174698,
      0.8090846538543701,
      0.09734532982110977
    ],
    [
      0.11614160239696503,
      0.8395894169807434,
      0.04426935687661171
    ],
    [
      0.18860311806201935,
      0.7611244320869446,
      0.05027303099632263
    ],
    [
      0.5181582570075989,
      0.4577479958534241,
      0.024093853309750557
    ],
    [
      0.34901735186576843,
      0.6371497511863708,
      0.01383287739008665
    ],
    [
      0.3487921953201294,
      0.5204505324363708,
      0.1307574063539505
    ],
    [
      0.6142582893371582,
      0.36073487997055054,
      0.025007428601384163
    ],
    [
      0.1308441311120987,
      0.8364125490188599,
      0.03274403512477875
    ],
    [
      0.15100257098674774,
      0.7680890560150146,
      0.08090793341398239
    ],
    [
      0.2758178412914276,
      0.7059915065765381,
      0.01818999834358692
    ],
    [
      0.8699151873588562,
      0.10174378007650375,
      0.02834146097302437
    ],
    [
      0.02734200842678547,
      0.1511329710483551,
      0.821524977684021
    ],
    [
      0.11710143089294434,
      0.5515580773353577,
      0.331340491771698
    ],
    [
      0.6720707416534424,
      0.15252503752708435,
      0.1754043698310852
    ],
    [
      0.129453644156456,
      0.10565751045942307,
      0.7648888826370239
    ],
    [
      0.8679707050323486,
      0.100275918841362,
      0.03175288066267967
    ],
    [
      0.8778184056282043,
      0.05785572528839111,
      0.06432662159204483
    ],
    [
      0.6349589824676514,
      0.3417847752571106,
      0.02325623668730259
    ],
    [
      0.3494170904159546,
      0.5880532264709473,
      0.06253030151128769
    ],
    [
      0.6027095317840576,
      0.38496115803718567,
      0.012330150231719017
    ],
    [
      0.42727193236351013,
      0.5460450053215027,
      0.026683034375309944
    ],
    [
      0.06012629717588425,
      0.8925235271453857,
      0.0473509281873703
    ],
    [
      0.07744257152080536,
      0.8090149164199829,
      0.11354309320449829
    ],
    [
      0.7315583825111389,
      0.10190301388502121,
      0.16653838753700256
    ],
    [
      0.3687599301338196,
      0.09728015214204788,
      0.533960223197937
    ],
    [
      0.8885442018508911,
      0.04264916107058525,
      0.06880680471658707
    ],
    [
      0.5218452215194702,
      0.2089240700006485,
      0.2692302167415619
    ],
    [
      0.1700095236301422,
      0.1557079255580902,
      0.6742821931838989
    ],
    [
      0.08719516545534134,
      0.8795986175537109,
      0.03320569172501564
    ],
    [
      0.4394315183162689,
      0.5385603904724121,
      0.022007890045642853
    ],
    [
      0.518887460231781,
      0.39515429735183716,
      0.08595884591341019
    ],
    [
      0.4140797555446625,
      0.49843475222587585,
      0.08748536556959152
    ],
    [
      0.20891723036766052,
      0.7357533574104309,
      0.05532905459403992
    ],
    [
      0.15918439626693726,
      0.7451890110969543,
      0.0956280529499054
    ],
    [
      0.17656807601451874,
      0.7548874616622925,
      0.06854414939880371
    ],
    [
      0.7177804112434387,
      0.18577244877815247,
      0.09644661843776703
    ],
    [
      0.7577670216560364,
      0.19801241159439087,
      0.04422074183821678
    ],
    [
      0.21480722725391388,
      0.7140199542045593,
      0.07117237895727158
    ],
    [
      0.28527528047561646,
      0.37411031126976013,
      0.340614914894104
    ],
    [
      0.24179419875144958,
      0.4809359312057495,
      0.277269572019577
    ]
  ],