{
  "N": 112800,
  "usage": [
    0.3667376935482025,
    0.48295828700065613,
    0.15030397474765778
  ],
  "entropy_mean": 0.5832396745681763,
  "entropy_std": 0.27522382140159607,
  "top1_share": [
    0.36535459756851196,
    0.5134662985801697,
    0.12117908149957657
  ],
  "P_expert_given_class": [
    [
      0.6363125443458557,
      0.3426949381828308,
      0.02099277265369892
    ],
    [
      0.015476757660508156,
      0.060647811740636826,
      0.923875629901886
    ],
    [
      0.21253691613674164,
      0.742632269859314,
      0.04483053833246231
    ],
    [
      0.0210303645581007,
      0.936555802822113,
      0.04241359233856201
    ],
    [
      0.6195318102836609,
      0.23873740434646606,
      0.14173051714897156
    ],
    [
      0.05323494225740433,
      0.8989876508712769,
      0.047776781022548676
    ],
    [
      0.42516446113586426,
      0.5100905299186707,
      0.06474523991346359
    ],
    [
      0.09618318825960159,
      0.8049608469009399,
      0.09885495901107788
    ],
    [
      0.11354216188192368,
      0.846285879611969,
      0.040171392261981964
    ],
    [
      0.194335475564003,
      0.7567874789237976,
      0.04887722432613373
    ],
    [
      0.5282189249992371,
      0.4504556655883789,
      0.021325593814253807
    ],
    [
      0.3245251774787903,
      0.6638992428779602,
      0.011575642041862011
    ],
    [
      0.3243340849876404,
      0.5369334816932678,
      0.13873213529586792
    ],
    [
      0.5931541919708252,
      0.38369324803352356,
      0.023152634501457214
    ],
    [
      0.12721124291419983,
      0.8437650799751282,
      0.029024183750152588
    ],
    [
      0.15984384715557098,
      0.7696489691734314,
      0.07050742208957672
    ],
    [
      0.2601456642150879,
      0.7234315276145935,
      0.016422182321548462
    ],
    [
      0.8767903447151184,
      0.09872157126665115,
      0.024488264694809914
    ],
    [
      0.028806762769818306,
      0.15521471202373505,
      0.8159781098365784
    ],
    [
      0.12267667055130005,
      0.5633304119110107,
      0.3139927387237549
    ],
    [
      0.6776574850082397,
      0.1629307121038437,
      0.15941111743450165
    ],
    [
      0.13106665015220642,
      0.1094394400715828,
      0.7594936490058899
    ],
    [
      0.8564198017120361,
      0.11210716515779495,
      0.031472865492105484
    ],
    [
      0.8827210664749146,
      0.05983715131878853,
      0.05744215473532677
    ],
    [
      0.6068916320800781,
      0.37099379301071167,
      0.022113991901278496
    ],
    [
      0.3590562045574188,
      0.5853132009506226,
      0.055631186813116074
    ],
    [
      0.5846595168113708,
      0.4028833210468292,
      0.012457705102860928
    ],
    [
      0.416787713766098,
      0.5584763884544373,
      0.024736078456044197
    ],
    [
      0.054357852786779404,
      0.9084351658821106,
      0.03720781207084656
    ],
    [
      0.08316260576248169,
      0.8134815692901611,
      0.10335563123226166
    ],
    [
      0.7283986806869507,
      0.10005108267068863,
      0.17155005037784576
    ],
    [
      0.380583256483078,
      0.09882662445306778,
      0.5205899477005005
    ],
    [
      0.887529730796814,
      0.04342007264494896,
      0.06905034184455872
    ],
    [
      0.5252125263214111,
      0.22577905654907227,
      0.24900951981544495
    ],
    [
      0.17992575466632843,
      0.16560512781143188,
      0.6544700860977173
    ],
    [
      0.08080073446035385,
      0.8871025443077087,
      0.03209691494703293
    ],
    [
      0.40760597586631775,
      0.5710875988006592,
      0.02130649797618389
    ],
    [
      0.5028225183486938,
      0.4206642806529999,
      0.07651360332965851
    ],
    [
      0.3977406322956085,
      0.5192011594772339,
      0.08305846154689789
    ],
    [
      0.18935877084732056,
      0.7622226476669312,
      0.048419296741485596
    ],
    [
      0.16835066676139832,
      0.7465251088142395,
      0.08512440323829651
    ],
    [
      0.17319242656230927,
      0.7628844976425171,
      0.0639231875538826
    ],
    [
      0.7128833532333374,
      0.19368727505207062,
      0.09342905133962631
    ],
    [
      0.7533889412879944,
      0.2069990187883377,
      0.039612021297216415
    ],
    [
      0.21279340982437134,
      0.7204660773277283,
      0.06674079596996307
    ],
    [
      0.29248887300491333,
      0.37288951873779297,
      0.33462172746658325
    ],
    [
      0.2577597498893738,
      0.4902588427066803,
      0.25198084115982056
    ]
  ],