{
  "N": 112800,
  "usage": [
    0.36354511976242065,
    0.4211108982563019,
    0.21534393727779388
  ],
  "entropy_mean": 0.6500673294067383,
  "entropy_std": 0.2700587213039398,
  "top1_share": [
    0.3809397220611572,
    0.44911348819732666,
    0.1699468046426773
  ],
  "P_expert_given_class": [
    [
      0.6982660293579102,
      0.21877911686897278,
      0.08295533806085587
    ],
    [
      0.008383156731724739,
      0.032965585589408875,
      0.9586514234542847
    ],
    [
      0.27561160922050476,
      0.6403154730796814,
      0.08407344669103622
    ],
    [
      0.031173454597592354,
      0.876210629940033,
      0.09261605888605118
    ],
    [
      0.5953234434127808,
      0.1992499977350235,
      0.2054259181022644
    ],
    [
      0.04794520139694214,
      0.7893416881561279,
      0.16271276772022247
    ],
    [
      0.5478296875953674,
      0.3469526171684265,
      0.10521826893091202
    ],
    [
      0.0899946317076683,
      0.6934451460838318,
      0.21656008064746857
    ],
    [
      0.1264888048171997,
      0.7734622955322266,
      0.10004913061857224
    ],
    [
      0.2577663064002991,
      0.6612308025360107,
      0.08100271970033646
    ],
    [
      0.47200560569763184,
      0.4878634214401245,
      0.040130406618118286
    ],
    [
      0.3663698434829712,
      0.604875922203064,
      0.028753843158483505
    ],
    [
      0.31408995389938354,
      0.5227794647216797,
      0.16313119232654572
    ],
    [
      0.6458309292793274,
      0.28180989623069763,
      0.07236004620790482
    ],
    [
      0.07595983147621155,
      0.8595582842826843,
      0.06448065489530563
    ],
    [
      0.1421668976545334,
      0.6972838640213013,
      0.16054955124855042
    ],
    [
      0.3271760046482086,
      0.6429543495178223,
      0.02986970916390419
    ],
    [
      0.8159658908843994,
      0.12876614928245544,
      0.055268555879592896
    ],
    [
      0.018853412941098213,
      0.1237218827009201,
      0.8574250340461731
    ],
    [
      0.08333409577608109,
      0.4415886402130127,
      0.47507715225219727
    ],
    [
      0.5634505748748779,
      0.14346513152122498,
      0.2930840849876404
    ],
    [
      0.10271737724542618,
      0.07447639852762222,
      0.8228070735931396
    ],
    [
      0.8608887791633606,
      0.09049319475889206,
      0.0486181378364563
    ],
    [
      0.843146562576294,
      0.04506073519587517,
      0.1117924228310585
    ],
    [
      0.6780386567115784,
      0.23683324456214905,
      0.08512704074382782
    ],
    [
      0.3522546887397766,
      0.5067700743675232,
      0.14097434282302856
    ],
    [
      0.6699985861778259,
      0.30693408846855164,
      0.023067137226462364
    ],
    [
      0.3692494332790375,
      0.5849798321723938,
      0.045770980417728424
    ],
    [
      0.06530353426933289,
      0.8095750212669373,
      0.12512168288230896
    ],
    [
      0.06365609169006348,
      0.6942121386528015,
      0.24213147163391113
    ],
    [
      0.6815663576126099,
      0.08001609146595001,
      0.23841756582260132
    ],
    [
      0.275694340467453,
      0.0705583468079567,
      0.6537473797798157
    ],
    [
      0.8961747288703918,
      0.02971573919057846,
      0.07410911470651627
    ],
    [
      0.40742698311805725,
      0.15169234573841095,
      0.4408804774284363
    ],
    [
      0.1470537632703781,
      0.1239900216460228,
      0.7289571166038513
    ],
    [
      0.09226910024881363,
      0.8427982330322266,
      0.06493249535560608
    ],
    [
      0.513041079044342,
      0.4556795656681061,
      0.031279515475034714
    ],
    [
      0.5288730263710022,
      0.30919861793518066,
      0.1619284600019455
    ],
    [
      0.44732996821403503,
      0.3725682497024536,
      0.18010163307189941
    ],
    [
      0.17443500459194183,
      0.7513180375099182,
      0.07424680143594742
    ],
    [
      0.16264475882053375,
      0.6522467732429504,
      0.18510891497135162
    ],
    [
      0.1994401514530182,
      0.6820484399795532,
      0.11851127445697784
    ],
    [
      0.6705859899520874,
      0.21073423326015472,
      0.11868059635162354
    ],
    [
      0.7202292680740356,
      0.19607959687709808,
      0.08369062840938568
    ],
    [
      0.24929198622703552,
      0.6428453922271729,
      0.10786223411560059
    ],
    [
      0.22601814568042755,
      0.33593297004699707,
      0.43804818391799927
    ],
    [
      0.18530994653701782,
      0.3688312768936157,
      0.44585829973220825
    ]
  ],