{
  "N": 112800,
  "usage": [
    0.3751084506511688,
    0.44491565227508545,
    0.17997592687606812
  ],
  "entropy_mean": 0.6233901381492615,
  "entropy_std": 0.2658063471317291,
  "top1_share": [
    0.38770389556884766,
    0.47275710105895996,
    0.13953900337219238
  ],
  "P_expert_given_class": [
    [
      0.7038321495056152,
      0.25146254897117615,
      0.044705282896757126
    ],
    [
      0.012037616223096848,
      0.05240289866924286,
      0.935560405254364
    ],
    [
      0.24126482009887695,
      0.6985243558883667,
      0.06021092087030411
    ],
    [
      0.027527719736099243,
      0.9083404541015625,
      0.06413163244724274
    ],
    [
      0.6082075238227844,
      0.21782410144805908,
      0.17396844923496246
    ],
    [
      0.05964856967329979,
      0.8266924023628235,
      0.11365929991006851
    ],
    [
      0.5195879340171814,
      0.40739715099334717,
      0.07301492989063263
    ],
    [
      0.0875476524233818,
      0.7764502167701721,
      0.1360016167163849
    ],
    [
      0.14399856328964233,
      0.7831258773803711,
      0.07287615537643433
    ],
    [
      0.22040387988090515,
      0.7132343053817749,
      0.06636255979537964
    ],
    [
      0.4799356162548065,
      0.4904713034629822,
      0.029592011123895645
    ],
    [
      0.3791990280151367,
      0.6009324193000793,
      0.01986853778362274
    ],
    [
      0.3620305359363556,
      0.4799087941646576,
      0.15806104242801666
    ],
    [
      0.6658266186714172,
      0.2904013693332672,
      0.04377177730202675
    ],
    [
      0.10511519014835358,
      0.8480287790298462,
      0.04685697332024574
    ],
    [
      0.1374397873878479,
      0.7398123145103455,
      0.1227477416396141
    ],
    [
      0.30490702390670776,
      0.6710088849067688,
      0.024084599688649178
    ],
    [
      0.8463320136070251,
      0.1186288595199585,
      0.035039111971855164
    ],
    [
      0.025417929515242577,
      0.14166294038295746,
      0.8329204320907593
    ],
    [
      0.11339640617370605,
      0.5027344822883606,
      0.38386937975883484
    ],
    [
      0.6355146169662476,
      0.1518203169107437,
      0.21266499161720276
    ],
    [
      0.12139658629894257,
      0.09632892161607742,
      0.7822747230529785
    ],
    [
      0.8539746999740601,
      0.11132436245679855,
      0.034701671451330185
    ],
    [
      0.8627768754959106,
      0.051263391971588135,
      0.08596043288707733
    ],
    [
      0.6804527044296265,
      0.2708941400051117,
      0.04865424707531929
    ],
    [
      0.338285356760025,
      0.5584696531295776,
      0.1032448410987854
    ],
    [
      0.6374038457870483,
      0.3479936420917511,
      0.01460216660052538
    ],
    [
      0.40231743454933167,
      0.565131425857544,
      0.03255101665854454
    ],
    [
      0.06515681743621826,
      0.8460881114006042,
      0.08875437825918198
    ],
    [
      0.07476598769426346,
      0.7463409900665283,
      0.1788930743932724
    ],
    [
      0.7097713947296143,
      0.08637252449989319,
      0.20385634899139404
    ],
    [
      0.3614386022090912,
      0.07884994149208069,
      0.559711754322052
    ],
    [
      0.8938772678375244,
      0.034023530781269073,
      0.07210050523281097
    ],
    [
      0.48561325669288635,
      0.18116900324821472,
      0.3332175016403198
    ],
    [
      0.16567805409431458,
      0.13542865216732025,
      0.6988929510116577
    ],
    [
      0.0915433019399643,
      0.8656651973724365,
      0.04279196262359619
    ],
    [
      0.47981634736061096,
      0.49167296290397644,
      0.0285114124417305
    ],
    [
      0.5404863953590393,
      0.3541065454483032,
      0.10540679097175598
    ],
    [
      0.4506092369556427,
      0.43320170044898987,
      0.11618983000516891
    ],
    [
      0.2052839994430542,
      0.7301977276802063,
      0.06451958417892456
    ],
    [
      0.15357130765914917,
      0.7079592347145081,
      0.13847000896930695
    ],
    [
      0.20042946934700012,
      0.7052569389343262,
      0.09431381523609161
    ],
    [
      0.7019609808921814,
      0.20074915885925293,
      0.09728962182998657
    ],
    [
      0.7539834976196289,
      0.18892692029476166,
      0.0570884644985199
    ],
    [
      0.23917236924171448,
      0.6735813617706299,
      0.08724672347307205
    ],
    [
      0.2567395865917206,
      0.3517078161239624,
      0.3915523588657379
    ],
    [
      0.22442328929901123,
      0.4274693429470062,
      0.34810739755630493
    ]
  ],