{
  "N": 112800,
  "usage": [
    0.3751600682735443,
    0.4623059928417206,
    0.1625339537858963
  ],
  "entropy_mean": 0.6014354825019836,
  "entropy_std": 0.2667407989501953,
  "top1_share": [
    0.3839273154735565,
    0.48801419138908386,
    0.1280585080385208
  ],
  "P_expert_given_class": [
    [
      0.6845422983169556,
      0.2869403064250946,
      0.028518501669168472
    ],
    [
      0.016518978402018547,
      0.06130644306540489,
      0.9221733808517456
    ],
    [
      0.23254232108592987,
      0.7190050482749939,
      0.048452865332365036
    ],
    [
      0.023788638412952423,
      0.9210063815116882,
      0.05520443618297577
    ],
    [
      0.6153709888458252,
      0.22571663558483124,
      0.1589118391275406
    ],
    [
      0.05725596845149994,
      0.8678252100944519,
      0.07491881400346756
    ],
    [
      0.4822559058666229,
      0.4504145383834839,
      0.06732886284589767
    ],
    [
      0.08686097711324692,
      0.8002241849899292,
      0.11291566491127014
    ],
    [
      0.13006092607975006,
      0.8170413374900818,
      0.052898041903972626
    ],
    [
      0.20429348945617676,
      0.7382951378822327,
      0.05741081386804581
    ],
    [
      0.5044727325439453,
      0.47186991572380066,
      0.02365732751786709
    ],
    [
      0.3669397830963135,
      0.6182870864868164,
      0.014772300608456135
    ],
    [
      0.35331642627716064,
      0.5049594640731812,
      0.14172393083572388
    ],
    [
      0.6378113031387329,
      0.33245107531547546,
      0.029737917706370354
    ],
    [
      0.1116926446557045,
      0.8527892231941223,
      0.03551926463842392
    ],
    [
      0.1453542560338974,
      0.7677474021911621,
      0.08689757436513901
    ],
    [
      0.2933081090450287,
      0.6867373585700989,
      0.019953560084104538
    ],
    [
      0.8614648580551147,
      0.1087084710597992,
      0.02982725389301777
    ],
    [
      0.03064967505633831,
      0.1512419730424881,
      0.8181079626083374
    ],
    [
      0.11825069785118103,
      0.5371196269989014,
      0.3446291983127594
    ],
    [
      0.6677121520042419,
      0.15143169462680817,
      0.18085640668869019
    ],
    [
      0.13034331798553467,
      0.10248850286006927,
      0.7671680450439453
    ],
    [
      0.8610334992408752,
      0.10344456136226654,
      0.035522010177373886
    ],
    [
      0.8710530400276184,
      0.05400260165333748,
      0.07494443655014038
    ],
    [
      0.6609113812446594,
      0.30804693698883057,
      0.0310418251901865
    ],
    [
      0.3452450633049011,
      0.5827945470809937,
      0.07195959240198135
    ],
    [
      0.6204562783241272,
      0.3666050434112549,
      0.012938513420522213
    ],
    [
      0.4138212203979492,
      0.5593673586845398,
      0.026811491698026657
    ],
    [
      0.06644821912050247,
      0.8744583129882812,
      0.059093404561281204
    ],
    [
      0.07949549704790115,
      0.7869512438774109,
      0.13355280458927155
    ],
    [
      0.727753221988678,
      0.08888494223356247,
      0.18336178362369537
    ],
    [
      0.367374449968338,
      0.0862111896276474,
      0.5464141964912415
    ],
    [
      0.8890479803085327,
      0.040397677570581436,
      0.07055347412824631
    ],
    [
      0.5216553211212158,
      0.19491061568260193,
      0.28343436121940613
    ],
    [
      0.17109976708889008,
      0.13773903250694275,
      0.691162109375
    ],
    [
      0.09040115028619766,
      0.8732829689979553,
      0.036316365003585815
    ],
    [
      0.4531594216823578,
      0.5227499008178711,
      0.02409086748957634
    ],
    [
      0.5350398421287537,
      0.37478020787239075,
      0.09017929434776306
    ],
    [
      0.4221954643726349,
      0.48407334089279175,
      0.09373126178979874
    ],
    [
      0.20079705119132996,
      0.7392194271087646,
      0.059984397143125534
    ],
    [
      0.15790314972400665,
      0.739764392375946,
      0.10233195871114731
    ],
    [
      0.19023890793323517,
      0.7322361469268799,
      0.0775245949625969
    ],
    [
      0.7079488635063171,
      0.19739371538162231,
      0.09465627372264862
    ],
    [
      0.7619615793228149,
      0.18682493269443512,
      0.05121360346674919
    ],
    [
      0.22945716977119446,
      0.6927207708358765,
      0.07782138139009476
    ],
    [
      0.2862692177295685,
      0.3623961806297302,
      0.35133394598960876
    ],
    [
      0.2469477653503418,
      0.4655144214630127,
      0.2875373065471649
    ]
  ],