{
  "N": 112800,
  "usage": [
    0.3669387102127075,
    0.4284741282463074,
    0.2045871466398239
  ],
  "entropy_mean": 0.6429867148399353,
  "entropy_std": 0.26920878887176514,
  "top1_share": [
    0.3810017704963684,
    0.4589184522628784,
    0.16007979214191437
  ],
  "P_expert_given_class": [
    [
      0.7256729006767273,
      0.20086754858493805,
      0.07345937192440033
    ],
    [
      0.006817149464040995,
      0.0387628972530365,
      0.954420268535614
    ],
    [
      0.25984227657318115,
      0.6656348705291748,
      0.07452239841222763
    ],
    [
      0.02632853575050831,
      0.8887472748756409,
      0.08492494374513626
    ],
    [
      0.589209258556366,
      0.21506521105766296,
      0.19572554528713226
    ],
    [
      0.05833932384848595,
      0.7959414720535278,
      0.14571978151798248
    ],
    [
      0.5388649106025696,
      0.3711315989494324,
      0.09000303596258163
    ],
    [
      0.09444517642259598,
      0.7129091620445251,
      0.19264596700668335
    ],
    [
      0.13025738298892975,
      0.7770939469337463,
      0.0926491767168045
    ],
    [
      0.2469586730003357,
      0.6776067614555359,
      0.0754358097910881
    ],
    [
      0.4686186611652374,
      0.49533095955848694,
      0.036050014197826385
    ],
    [
      0.3530702590942383,
      0.621994137763977,
      0.02493567392230034
    ],
    [
      0.33326995372772217,
      0.5112089514732361,
      0.15552116930484772
    ],
    [
      0.6716330051422119,
      0.26629456877708435,
      0.06207219511270523
    ],
    [
      0.09480937570333481,
      0.8481373190879822,
      0.05705326795578003
    ],
    [
      0.15177717804908752,
      0.701911449432373,
      0.14631116390228271
    ],
    [
      0.3184683918952942,
      0.6552034616470337,
      0.02632879838347435
    ],
    [
      0.8047091364860535,
      0.14539098739624023,
      0.04989928379654884
    ],
    [
      0.01746058091521263,
      0.12374073266983032,
      0.8587985038757324
    ],
    [
      0.09455332159996033,
      0.4648967385292053,
      0.4405498802661896
    ],
    [
      0.5717553496360779,
      0.15515616536140442,
      0.27308887243270874
    ],
    [
      0.10790429264307022,
      0.085233673453331,
      0.8068627119064331
    ],
    [
      0.871120274066925,
      0.08793817460536957,
      0.040942274034023285
    ],
    [
      0.8487071394920349,
      0.046643245965242386,
      0.10464876890182495
    ],
    [
      0.7045140266418457,
      0.215381920337677,
      0.08010421693325043
    ],
    [
      0.3459685742855072,
      0.5120593309402466,
      0.1419718712568283
    ],
    [
      0.655698835849762,
      0.3251314163208008,
      0.019170256331562996
    ],
    [
      0.37234094738960266,
      0.5869287848472595,
      0.04073014482855797
    ],
    [
      0.07241316139698029,
      0.8111435770988464,
      0.11644347012042999
    ],
    [
      0.06949320435523987,
      0.7152471542358398,
      0.21526072919368744
    ],
    [
      0.679358184337616,
      0.08275070786476135,
      0.237891286611557
    ],
    [
      0.28110986948013306,
      0.06543447077274323,
      0.6534548997879028
    ],
    [
      0.8864959478378296,
      0.03452742099761963,
      0.0789763480424881
    ],
    [
      0.4198334813117981,
      0.16763852536678314,
      0.4125279188156128
    ],
    [
      0.15337151288986206,
      0.12759333848953247,
      0.7190355658531189
    ],
    [
      0.0851222425699234,
      0.853395402431488,
      0.06148231029510498
    ],
    [
      0.5021818280220032,
      0.46753859519958496,
      0.030279263854026794
    ],
    [
      0.5227639079093933,
      0.3394833505153656,
      0.13775284588336945
    ],
    [
      0.44207894802093506,
      0.3971654176712036,
      0.1607556939125061
    ],
    [
      0.1924370378255844,
      0.7367146611213684,
      0.07084796577692032
    ],
    [
      0.17035700380802155,
      0.6606594920158386,
      0.1689828485250473
    ],
    [
      0.20227232575416565,
      0.687391996383667,
      0.1103363037109375
    ],
    [
      0.6613324880599976,
      0.22888824343681335,
      0.10977908968925476
    ],
    [
      0.752820611000061,
      0.17584727704524994,
      0.07133141160011292
    ],
    [
      0.24540893733501434,
      0.6548605561256409,
      0.09973075240850449
    ],
    [
      0.2451125830411911,
      0.3397708237171173,
      0.41511696577072144
    ],
    [
      0.199040949344635,
      0.3998938202857971,
      0.4010649621486664
    ]
  ],