{
  "N": 112800,
  "usage": [
    0.37794041633605957,
    0.4505150616168976,
    0.17154456675052643
  ],
  "entropy_mean": 0.6103810667991638,
  "entropy_std": 0.27001863718032837,
  "top1_share": [
    0.3890336751937866,
    0.4765602946281433,
    0.13440603017807007
  ],
  "P_expert_given_class": [
    [
      0.7088242769241333,
      0.25082510709762573,
      0.040351081639528275
    ],
    [
      0.015152012929320335,
      0.054126884788274765,
      0.93072110414505
    ],
    [
      0.24511441588401794,
      0.7023782730102539,
      0.052507780492305756
    ],
    [
      0.024188131093978882,
      0.9145956635475159,
      0.06121617183089256
    ],
    [
      0.6199707984924316,
      0.220112144947052,
      0.1599169671535492
    ],
    [
      0.05554352328181267,
      0.8509976863861084,
      0.09345928579568863
    ],
    [
      0.5138126611709595,
      0.4161624610424042,
      0.07002563029527664
    ],
    [
      0.09135933965444565,
      0.7853406667709351,
      0.1232994943857193
    ],
    [
      0.1299160122871399,
      0.8073104619979858,
      0.0627734437584877
    ],
    [
      0.2148723304271698,
      0.7243102192878723,
      0.06081726774573326
    ],
    [
      0.4973854720592499,
      0.47499004006385803,
      0.027624666690826416
    ],
    [
      0.3709602653980255,
      0.6113249063491821,
      0.017714960500597954
    ],
    [
      0.35427170991897583,
      0.4993239939212799,
      0.14640358090400696
    ],
    [
      0.6648869514465332,
      0.29717132449150085,
      0.03794320300221443
    ],
    [
      0.10832594335079193,
      0.8498508930206299,
      0.041822466999292374
    ],
    [
      0.1422348916530609,
      0.7502169013023376,
      0.10754856467247009
    ],
    [
      0.30565011501312256,
      0.6737908720970154,
      0.020559540018439293
    ],
    [
      0.8585989475250244,
      0.10880792140960693,
      0.03259453922510147
    ],
    [
      0.027756046503782272,
      0.1441461741924286,
      0.8280984163284302
    ],
    [
      0.11546198278665543,
      0.5159947276115417,
      0.368544340133667
    ],
    [
      0.6382923126220703,
      0.16444052755832672,
      0.19726714491844177
    ],
    [
      0.12775567173957825,
      0.09606985002756119,
      0.7761742472648621
    ],
    [
      0.858525276184082,
      0.10601244866847992,
      0.035463180392980576
    ],
    [
      0.8711956739425659,
      0.04957175999879837,
      0.07923262566328049
    ],
    [
      0.688852071762085,
      0.2677834630012512,
      0.04336502030491829
    ],
    [
      0.34667515754699707,
      0.5662420392036438,
      0.08708267658948898
    ],
    [
      0.6386485695838928,
      0.34697988629341125,
      0.01437095645815134
    ],
    [
      0.4069758951663971,
      0.5625074505805969,
      0.03051665984094143
    ],
    [
      0.06359664350748062,
      0.8637296557426453,
      0.072672538459301
    ],
    [
      0.08217176049947739,
      0.756014883518219,
      0.16181352734565735
    ],
    [
      0.7297772765159607,
      0.07720080763101578,
      0.19302095472812653
    ],
    [
      0.3504580557346344,
      0.08513398468494415,
      0.5644092559814453
    ],
    [
      0.8957729339599609,
      0.035995662212371826,
      0.06823185086250305
    ],
    [
      0.49547678232192993,
      0.20138774812221527,
      0.3031355142593384
    ],
    [
      0.1701282560825348,
      0.13899989426136017,
      0.6908722519874573
    ],
    [
      0.09109406918287277,
      0.8721582889556885,
      0.03674802556633949
    ],
    [
      0.481939435005188,
      0.49208155274391174,
      0.02597944065928459
    ],
    [
      0.546128511428833,
      0.35634908080101013,
      0.09752288460731506
    ],
    [
      0.4603440761566162,
      0.43820831179618835,
      0.10144826769828796
    ],
    [
      0.20538683235645294,
      0.7301385402679443,
      0.06447535008192062
    ],
    [
      0.15476635098457336,
      0.7231167554855347,
      0.12211675941944122
    ],
    [
      0.1973012536764145,
      0.7143701910972595,
      0.08832855522632599
    ],
    [
      0.7054961919784546,
      0.1971544325351715,
      0.09734936058521271
    ],
    [
      0.7631509900093079,
      0.17975716292858124,
      0.05709218978881836
    ],
    [
      0.23425081372261047,
      0.683728814125061,
      0.08201999962329865
    ],
    [
      0.25878995656967163,
      0.37106600403785706,
      0.37014392018318176
    ],
    [
      0.23596785962581635,
      0.446232408285141,
      0.317800372838974
    ]
  ],