{
  "N": 112800,
  "usage": [
    0.2670654058456421,
    0.6340389251708984,
    0.09889572113752365
  ],
  "entropy_mean": 0.6031330227851868,
  "entropy_std": 0.2547895014286041,
  "top1_share": [
    0.1397872269153595,
    0.7742109894752502,
    0.08600177615880966
  ],
  "P_expert_given_class": [
    [
      0.4445517063140869,
      0.5328429341316223,
      0.02260608598589897
    ],
    [
      0.06946492940187454,
      0.16457891464233398,
      0.7659559845924377
    ],
    [
      0.16494712233543396,
      0.8022634387016296,
      0.032789889723062515
    ],
    [
      0.1097462996840477,
      0.834473192691803,
      0.05578017607331276
    ],
    [
      0.37366288900375366,
      0.5566401481628418,
      0.06969689577817917
    ],
    [
      0.16770368814468384,
      0.7939529418945312,
      0.0383434034883976
    ],
    [
      0.2898530960083008,
      0.6687605977058411,
      0.041386254131793976
    ],
    [
      0.10348499566316605,
      0.770573079586029,
      0.125942662358284
    ],
    [
      0.1698300838470459,
      0.7917048931121826,
      0.03846574202179909
    ],
    [
      0.19064979255199432,
      0.7305686473846436,
      0.07878098636865616
    ],
    [
      0.312215656042099,
      0.6596128344535828,
      0.028171421959996223
    ],
    [
      0.2785755693912506,
      0.7035793662071228,
      0.01784431003034115
    ],
    [
      0.23324699699878693,
      0.7249299883842468,
      0.04182367026805878
    ],
    [
      0.48610591888427734,
      0.48836612701416016,
      0.02552836202085018
    ],
    [
      0.176427960395813,
      0.8037114143371582,
      0.019861292093992233
    ],
    [
      0.26779937744140625,
      0.6660383343696594,
      0.06616074591875076
    ],
    [
      0.19486647844314575,
      0.7777435779571533,
      0.02738908678293228
    ],
    [
      0.4903610646724701,
      0.4806329309940338,
      0.029006049036979675
    ],
    [
      0.091026671230793,
      0.25721272826194763,
      0.651760458946228
    ],
    [
      0.18629087507724762,
      0.5636141300201416,
      0.25009551644325256
    ],
    [
      0.2932244837284088,
      0.6774177551269531,
      0.029357893392443657
    ],
    [
      0.158868670463562,
      0.2578873634338379,
      0.5832441449165344
    ],
    [
      0.43848857283592224,
      0.5285564064979553,
      0.032954681664705276
    ],
    [
      0.47440850734710693,
      0.4882749021053314,
      0.0373162180185318
    ],
    [
      0.4184228479862213,
      0.561867892742157,
      0.019709685817360878
    ],
    [
      0.3713291883468628,
      0.5836849808692932,
      0.04498572275042534
    ],
    [
      0.30807751417160034,
      0.660373866558075,
      0.03154853731393814
    ],
    [
      0.21851760149002075,
      0.7621374726295471,
      0.0193448718637228
    ],
    [
      0.14477796852588654,
      0.8256216645240784,
      0.02960001863539219
    ],
    [
      0.10849468410015106,
      0.8005011081695557,
      0.09100378304719925
    ],
    [
      0.45194488763809204,
      0.4694455564022064,
      0.07861024141311646
    ],
    [
      0.452600359916687,
      0.4023837447166443,
      0.1450168341398239
    ],
    [
      0.5273193120956421,
      0.41978880763053894,
      0.05289200693368912
    ],
    [
      0.1907007098197937,
      0.7473971843719482,
      0.061901919543743134
    ],
    [
      0.24313455820083618,
      0.4579695761203766,
      0.29889580607414246
    ],
    [
      0.1433754414319992,
      0.8295272588729858,
      0.02709713950753212
    ],
    [
      0.20550398528575897,
      0.7708273530006409,
      0.023668942973017693
    ],
    [
      0.35429713129997253,
      0.6044948101043701,
      0.041207607835531235
    ],
    [
      0.20378226041793823,
      0.7123435735702515,
      0.08387483656406403
    ],
    [
      0.14695709943771362,
      0.8359224200248718,
      0.017121104523539543
    ],
    [
      0.28187763690948486,
      0.6581751108169556,
      0.05994729325175285
    ],
    [
      0.18175269663333893,
      0.7518337368965149,
      0.06641394644975662
    ],
    [
      0.40686410665512085,
      0.5401528477668762,
      0.05298295244574547
    ],
    [
      0.3692983388900757,
      0.6016591191291809,
      0.029041849076747894
    ],
    [
      0.19568906724452972,
      0.7315762042999268,
      0.07273467630147934
    ],
    [
      0.20846685767173767,
      0.7063786387443542,
      0.08515533804893494
    ],
    [
      0.25308725237846375,
      0.6418313980102539,
      0.10508176684379578
    ]
  ],