{
  "N": 112800,
  "usage": [
    0.36552873253822327,
    0.43500861525535583,
    0.1994626373052597
  ],
  "entropy_mean": 0.6377983689308167,
  "entropy_std": 0.270014226436615,
  "top1_share": [
    0.3799467980861664,
    0.46334218978881836,
    0.15671099722385406
  ],
  "P_expert_given_class": [
    [
      0.7400432825088501,
      0.18967294692993164,
      0.07028370350599289
    ],
    [
      0.008605669252574444,
      0.042751237750053406,
      0.9486427903175354
    ],
    [
      0.24668225646018982,
      0.6857703924179077,
      0.06754721701145172
    ],
    [
      0.02227654866874218,
      0.9000205397605896,
      0.07770334929227829
    ],
    [
      0.5821589827537537,
      0.2252957969903946,
      0.1925450712442398
    ],
    [
      0.05864323303103447,
      0.7932744026184082,
      0.1480824053287506
    ],
    [
      0.529244065284729,
      0.38039419054985046,
      0.09036137163639069
    ],
    [
      0.07762443274259567,
      0.7632368206977844,
      0.15913890302181244
    ],
    [
      0.12677033245563507,
      0.7802255749702454,
      0.09300398826599121
    ],
    [
      0.2343156486749649,
      0.6947807669639587,
      0.07090429216623306
    ],
    [
      0.46189525723457336,
      0.5031723380088806,
      0.03493277728557587
    ],
    [
      0.3593383729457855,
      0.6142860054969788,
      0.02637525275349617
    ],
    [
      0.33993539214134216,
      0.5056257843971252,
      0.1544388383626938
    ],
    [
      0.6949957013130188,
      0.2442859411239624,
      0.06071758270263672
    ],
    [
      0.09133393317461014,
      0.8516574501991272,
      0.05700904130935669
    ],
    [
      0.1544455587863922,
      0.7040916681289673,
      0.14146286249160767
    ],
    [
      0.3189395070075989,
      0.6536639332771301,
      0.027397168800234795
    ],
    [
      0.7968692779541016,
      0.15425695478916168,
      0.048873454332351685
    ],
    [
      0.019112473353743553,
      0.12988467514514923,
      0.8510026335716248
    ],
    [
      0.09472284466028214,
      0.4696347415447235,
      0.43564194440841675
    ],
    [
      0.5796153545379639,
      0.1571219116449356,
      0.2632615864276886
    ],
    [
      0.10833864659070969,
      0.08689118921756744,
      0.8047704696655273
    ],
    [
      0.8567937016487122,
      0.10165151208639145,
      0.041554491966962814
    ],
    [
      0.8502590656280518,
      0.052832283079624176,
      0.09690842032432556
    ],
    [
      0.7099635004997253,
      0.212651789188385,
      0.07738546282052994
    ],
    [
      0.34626129269599915,
      0.5204001069068909,
      0.13333800435066223
    ],
    [
      0.6502869725227356,
      0.33340582251548767,
      0.016307469457387924
    ],
    [
      0.36881476640701294,
      0.5920689105987549,
      0.03911689296364784
    ],
    [
      0.06830628961324692,
      0.8131105899810791,
      0.11858333647251129
    ],
    [
      0.0654265284538269,
      0.7309325933456421,
      0.2036413550376892
    ],
    [
      0.6797341704368591,
      0.09139647334814072,
      0.22886967658996582
    ],
    [
      0.2877180874347687,
      0.07609716057777405,
      0.6361839771270752
    ],
    [
      0.8918389081954956,
      0.03450680896639824,
      0.07365380972623825
    ],
    [
      0.427229106426239,
      0.18683767318725586,
      0.38593336939811707
    ],
    [
      0.14826253056526184,
      0.13555097579956055,
      0.7161862254142761
    ],
    [
      0.07315728068351746,
      0.8738111257553101,
      0.05303111672401428
    ],
    [
      0.48523905873298645,
      0.4855846166610718,
      0.029175758361816406
    ],
    [
      0.530859649181366,
      0.3268052935600281,
      0.14233502745628357
    ],
    [
      0.45050084590911865,
      0.3981156051158905,
      0.15138334035873413
    ],
    [
      0.19175049662590027,
      0.7376278042793274,
      0.07062125205993652
    ],
    [
      0.1721963882446289,
      0.6690995693206787,
      0.15870314836502075
    ],
    [
      0.19775429368019104,
      0.6965250372886658,
      0.10572008043527603
    ],
    [
      0.667072057723999,
      0.22611211240291595,
      0.10681609809398651
    ],
    [
      0.7300459146499634,
      0.20197615027427673,
      0.06797829270362854
    ],
    [
      0.23882316052913666,
      0.6648285388946533,
      0.09634947776794434
    ],
    [
      0.24534420669078827,
      0.337250679731369,
      0.41740551590919495
    ],
    [
      0.20030438899993896,
      0.41623106598854065,
      0.38346460461616516
    ]
  ],