{
  "N": 112800,
  "usage": [
    0.31631961464881897,
    0.5779497623443604,
    0.10573065280914307
  ],
  "entropy_mean": 0.5456158518791199,
  "entropy_std": 0.2652466893196106,
  "top1_share": [
    0.28242021799087524,
    0.6249734163284302,
    0.09260638058185577
  ],
  "P_expert_given_class": [
    [
      0.480557918548584,
      0.5139216184616089,
      0.005520032253116369
    ],
    [
      0.04354337602853775,
      0.06356664001941681,
      0.8928896188735962
    ],
    [
      0.11256320774555206,
      0.866702139377594,
      0.020733488723635674
    ],
    [
      0.02238069288432598,
      0.9614403247833252,
      0.016178233548998833
    ],
    [
      0.5243117809295654,
      0.38558411598205566,
      0.09010392427444458
    ],
    [
      0.07751951366662979,
      0.9150232672691345,
      0.007457008585333824
    ],
    [
      0.4157385230064392,
      0.5379629731178284,
      0.04629872366786003
    ],
    [
      0.06270601600408554,
      0.8956019282341003,
      0.041691724210977554
    ],
    [
      0.0953884869813919,
      0.8840692043304443,
      0.020541837438941002
    ],
    [
      0.12732475996017456,
      0.8384557962417603,
      0.03421914950013161
    ],
    [
      0.3774866759777069,
      0.6049135327339172,
      0.017600275576114655
    ],
    [
      0.2063010036945343,
      0.7900686860084534,
      0.0036303664091974497
    ],
    [
      0.3100734055042267,
      0.6587415337562561,
      0.03118514083325863
    ],
    [
      0.5460315942764282,
      0.44683679938316345,
      0.007131436839699745
    ],
    [
      0.11645606905221939,
      0.8789222240447998,
      0.004621830303221941
    ],
    [
      0.2293839454650879,
      0.7306756377220154,
      0.039939992129802704
    ],
    [
      0.18654616177082062,
      0.8069366216659546,
      0.006518763955682516
    ],
    [
      0.6942223310470581,
      0.2790406048297882,
      0.02673591673374176
    ],
    [
      0.057133421301841736,
      0.16689558327198029,
      0.7759705781936646
    ],
    [
      0.1522417664527893,
      0.5865195989608765,
      0.2612389922142029
    ],
    [
      0.5668486952781677,
      0.3894219398498535,
      0.04372932016849518
    ],
    [
      0.17682157456874847,
      0.11757778376340866,
      0.7055999040603638
    ],
    [
      0.7082281708717346,
      0.265774130821228,
      0.025998206809163094
    ],
    [
      0.7810980677604675,
      0.17331692576408386,
      0.04558407515287399
    ],
    [
      0.44458475708961487,
      0.5511630177497864,
      0.0042534624226391315
    ],
    [
      0.3376762270927429,
      0.6326954364776611,
      0.029628226533532143
    ],
    [
      0.37369784712791443,
      0.6177164912223816,
      0.008584458380937576
    ],
    [
      0.2713222801685333,
      0.7184425592422485,
      0.010234651155769825
    ],
    [
      0.06607268750667572,
      0.9270199537277222,
      0.006907497067004442
    ],
    [
      0.10215019434690475,
      0.8641063570976257,
      0.033743057399988174
    ],
    [
      0.7186456918716431,
      0.18238739669322968,
      0.09896700829267502
    ],
    [
      0.5836243033409119,
      0.11536360532045364,
      0.30101263523101807
    ],
    [
      0.8239261507987976,
      0.11616438627243042,
      0.05990912765264511
    ],
    [
      0.4111528694629669,
      0.4501345753669739,
      0.13871243596076965
    ],
    [
      0.28965863585472107,
      0.2568039298057556,
      0.4535374343395233
    ],
    [
      0.04369107633829117,
      0.9483275413513184,
      0.007980510592460632
    ],
    [
      0.20700597763061523,
      0.7866387367248535,
      0.00635589100420475
    ],
    [
      0.44188958406448364,
      0.5313289761543274,
      0.026781752705574036
    ],
    [
      0.24014590680599213,
      0.6755601763725281,
      0.08429358899593353
    ],
    [
      0.15357787907123566,
      0.8399732112884521,
      0.006449596956372261
    ],
    [
      0.26725247502326965,
      0.688157320022583,
      0.04459046199917793
    ],
    [
      0.13020896911621094,
      0.8339223861694336,
      0.0358680784702301
    ],
    [
      0.6413385272026062,
      0.2996608018875122,
      0.05900096893310547
    ],
    [
      0.5178548693656921,
      0.46205011010169983,
      0.02009410783648491
    ],
    [
      0.15709561109542847,
      0.7956262230873108,
      0.04727836325764656
    ],
    [
      0.3224743604660034,
      0.4960171580314636,
      0.1815098077058792
    ],
    [
      0.2510673701763153,
      0.6164045929908752,
      0.1325281262397766
    ]
  ],