{
  "N": 112800,
  "usage": [
    0.36228734254837036,
    0.43088623881340027,
    0.20682640373706818
  ],
  "entropy_mean": 0.639553427696228,
  "entropy_std": 0.2711451053619385,
  "top1_share": [
    0.37614360451698303,
    0.4599379301071167,
    0.16391843557357788
  ],
  "P_expert_given_class": [
    [
      0.7237532138824463,
      0.205351784825325,
      0.07089461386203766
    ],
    [
      0.00651609618216753,
      0.034425701946020126,
      0.959057629108429
    ],
    [
      0.2587643265724182,
      0.6673415303230286,
      0.07389391958713531
    ],
    [
      0.02607712522149086,
      0.8892443776130676,
      0.08467762917280197
    ],
    [
      0.5835641622543335,
      0.21780744194984436,
      0.19862811267375946
    ],
    [
      0.053117670118808746,
      0.7925111651420593,
      0.1543717384338379
    ],
    [
      0.5363529324531555,
      0.3733474910259247,
      0.09029951691627502
    ],
    [
      0.07863859832286835,
      0.7159669995307922,
      0.2053937017917633
    ],
    [
      0.11991975456476212,
      0.7853711247444153,
      0.09470920264720917
    ],
    [
      0.23359644412994385,
      0.6875723004341125,
      0.0788317397236824
    ],
    [
      0.4620901346206665,
      0.5028985142707825,
      0.03501123562455177
    ],
    [
      0.3581008017063141,
      0.6154370903968811,
      0.026461225003004074
    ],
    [
      0.3203909397125244,
      0.5098641514778137,
      0.169744074344635
    ],
    [
      0.6622760891914368,
      0.2776578366756439,
      0.06006642058491707
    ],
    [
      0.0867752656340599,
      0.8526749610900879,
      0.060549698770046234
    ],
    [
      0.13750967383384705,
      0.7083818316459656,
      0.1541084349155426
    ],
    [
      0.32644134759902954,
      0.6470386981964111,
      0.026519734412431717
    ],
    [
      0.7946184277534485,
      0.15642337501049042,
      0.048957712948322296
    ],
    [
      0.017080212011933327,
      0.12400712072849274,
      0.8589114546775818
    ],
    [
      0.08633217215538025,
      0.4669320583343506,
      0.4467364549636841
    ],
    [
      0.5701816082000732,
      0.14471735060214996,
      0.28510090708732605
    ],
    [
      0.10319434851408005,
      0.0762728750705719,
      0.8205326199531555
    ],
    [
      0.861328661441803,
      0.09486167877912521,
      0.043809764087200165
    ],
    [
      0.8551560640335083,
      0.04973875358700752,
      0.09510419517755508
    ],
    [
      0.7011300921440125,
      0.2209024578332901,
      0.07796666026115417
    ],
    [
      0.32941746711730957,
      0.5264195203781128,
      0.1441630870103836
    ],
    [
      0.660605788230896,
      0.32005879282951355,
      0.01933571696281433
    ],
    [
      0.3649727702140808,
      0.592344343662262,
      0.042682189494371414
    ],
    [
      0.07393686473369598,
      0.8094069957733154,
      0.11665589362382889
    ],
    [
      0.05896616727113724,
      0.7140418887138367,
      0.22699229419231415
    ],
    [
      0.6815991401672363,
      0.07951578497886658,
      0.23888494074344635
    ],
    [
      0.27003249526023865,
      0.07876797020435333,
      0.6512001752853394
    ],
    [
      0.8935434818267822,
      0.03438478335738182,
      0.07207226008176804
    ],
    [
      0.41971758008003235,
      0.16555246710777283,
      0.41472911834716797
    ],
    [
      0.1467028260231018,
      0.13917672634124756,
      0.7141194939613342
    ],
    [
      0.07975611090660095,
      0.8597122430801392,
      0.060532018542289734
    ],
    [
      0.5006261467933655,
      0.47074106335639954,
      0.02863181196153164
    ],
    [
      0.5275117754936218,
      0.3380656838417053,
      0.1344228982925415
    ],
    [
      0.4531394839286804,
      0.39173001050949097,
      0.1551300287246704
    ],
    [
      0.18458133935928345,
      0.7429059147834778,
      0.072512187063694
    ],
    [
      0.16075924038887024,
      0.6658847332000732,
      0.1733558624982834
    ],
    [
      0.18988119065761566,
      0.6973989009857178,
      0.11271953582763672
    ],
    [
      0.6684851050376892,
      0.22248238325119019,
      0.10903340578079224
    ],
    [
      0.7422826886177063,
      0.1881881207227707,
      0.06952952593564987
    ],
    [
      0.23026379942893982,
      0.6662936210632324,
      0.10344240069389343
    ],
    [
      0.2288500964641571,
      0.34231388568878174,
      0.42883560061454773
    ],
    [
      0.19896413385868073,
      0.38951703906059265,
      0.41151854395866394
    ]
  ],