{
  "N": 112800,
  "usage": [
    0.3347037434577942,
    0.5467261672019958,
    0.11857010424137115
  ],
  "entropy_mean": 0.5467480421066284,
  "entropy_std": 0.27952343225479126,
  "top1_share": [
    0.31592199206352234,
    0.5860460996627808,
    0.0980319157242775
  ],
  "P_expert_given_class": [
    [
      0.5302333235740662,
      0.46210333704948425,
      0.007663773838430643
    ],
    [
      0.030446631833910942,
      0.0685131847858429,
      0.9010392427444458
    ],
    [
      0.11618250608444214,
      0.8559063673019409,
      0.027911027893424034
    ],
    [
      0.016299577429890633,
      0.9631611108779907,
      0.020540203899145126
    ],
    [
      0.6047852039337158,
      0.29981157183647156,
      0.09540285915136337
    ],
    [
      0.05410606414079666,
      0.9313783645629883,
      0.014515078626573086
    ],
    [
      0.38289493322372437,
      0.5603994131088257,
      0.056705690920352936
    ],
    [
      0.08258840441703796,
      0.8395532965660095,
      0.07785861939191818
    ],
    [
      0.08540933579206467,
      0.8914734125137329,
      0.023116888478398323
    ],
    [
      0.14747613668441772,
      0.81948322057724,
      0.033040039241313934
    ],
    [
      0.4689999520778656,
      0.5141724944114685,
      0.01682782731950283
    ],
    [
      0.22146601974964142,
      0.773047685623169,
      0.005487020593136549
    ],
    [
      0.31570178270339966,
      0.6227758526802063,
      0.06152269244194031
    ],
    [
      0.542824923992157,
      0.44583985209465027,
      0.011335210874676704
    ],
    [
      0.1091308444738388,
      0.8799549341201782,
      0.01091374084353447
    ],
    [
      0.18108002841472626,
      0.768671452999115,
      0.050248026847839355
    ],
    [
      0.18463149666786194,
      0.8056116104125977,
      0.009756567887961864
    ],
    [
      0.8208754658699036,
      0.15384423732757568,
      0.02528005838394165
    ],
    [
      0.04141974821686745,
      0.1721939593553543,
      0.7863874435424805
    ],
    [
      0.14224877953529358,
      0.610848069190979,
      0.24690330028533936
    ],
    [
      0.6733498573303223,
      0.24939663708209991,
      0.07725267112255096
    ],
    [
      0.15075057744979858,
      0.11888941377401352,
      0.730360746383667
    ],
    [
      0.8014689087867737,
      0.1700587272644043,
      0.028472108766436577
    ],
    [
      0.8392921090126038,
      0.11458376795053482,
      0.046124085783958435
    ],
    [
      0.49597957730293274,
      0.4971964955329895,
      0.006823520641773939
    ],
    [
      0.3448081910610199,
      0.6224760413169861,
      0.03271591663360596
    ],
    [
      0.44530588388442993,
      0.5458458662033081,
      0.008847244083881378
    ],
    [
      0.3320176303386688,
      0.6536083221435547,
      0.014374935999512672
    ],
    [
      0.04404787719249725,
      0.9443876147270203,
      0.011564401909708977
    ],
    [
      0.088566854596138,
      0.8538674116134644,
      0.05756562575697899
    ],
    [
      0.7200832962989807,
      0.149166539311409,
      0.13075043261051178
    ],
    [
      0.5218139290809631,
      0.10426629334688187,
      0.3739202320575714
    ],
    [
      0.8585196137428284,
      0.07243148237466812,
      0.06904949992895126
    ],
    [
      0.4883843958377838,
      0.33896780014038086,
      0.1726478487253189
    ],
    [
      0.2762027084827423,
      0.22653669118881226,
      0.49726009368896484
    ],
    [
      0.035609956830739975,
      0.9508923292160034,
      0.013498326763510704
    ],
    [
      0.24849960207939148,
      0.7417333126068115,
      0.0097677456215024
    ],
    [
      0.44285714626312256,
      0.5198801159858704,
      0.03726249188184738
    ],
    [
      0.2920585870742798,
      0.628071129322052,
      0.07987101376056671
    ],
    [
      0.16004040837287903,
      0.8263871073722839,
      0.013572944328188896
    ],
    [
      0.2091151922941208,
      0.7313047051429749,
      0.05958009883761406
    ],
    [
      0.13643303513526917,
      0.82540363073349,
      0.03816244751214981
    ],
    [
      0.6911749243736267,
      0.2355383038520813,
      0.07328787446022034
    ],
    [
      0.6145659685134888,
      0.3623933792114258,
      0.023040354251861572
    ],
    [
      0.16851675510406494,
      0.7843490839004517,
      0.047132909297943115
    ],
    [
      0.3160691559314728,
      0.42201995849609375,
      0.2619105875492096
    ],
    [
      0.2567434310913086,
      0.5677328705787659,
      0.17552392184734344
    ]
  ],