{
  "N": 112800,
  "usage": [
    0.34626850485801697,
    0.3628695011138916,
    0.29086193442344666
  ],
  "entropy_mean": 0.6568863391876221,
  "entropy_std": 0.22556735575199127,
  "top1_share": [
    0.34048759937286377,
    0.3802216351032257,
    0.2792907655239105
  ],
  "P_expert_given_class": [
    [
      0.06956307590007782,
      0.8149324655532837,
      0.11550375819206238
    ],
    [
      0.8578770756721497,
      0.026879673823714256,
      0.11524342745542526
    ],
    [
      0.2912192642688751,
      0.5860834121704102,
      0.12269704043865204
    ],
    [
      0.19991730153560638,
      0.6765804290771484,
      0.12350251525640488
    ],
    [
      0.2981182932853699,
      0.06567111611366272,
      0.6362114548683167
    ],
    [
      0.15013264119625092,
      0.7426987886428833,
      0.10716845095157623
    ],
    [
      0.019879179075360298,
      0.363580584526062,
      0.6165401935577393
    ],
    [
      0.8524725437164307,
      0.08730270713567734,
      0.06022423505783081
    ],
    [
      0.4421594738960266,
      0.47136422991752625,
      0.08647642284631729
    ],
    [
      0.8095743060112,
      0.10754254460334778,
      0.082883320748806
    ],
    [
      0.6820144653320312,
      0.07420174032449722,
      0.24378430843353271
    ],
    [
      0.1777266561985016,
      0.7477071285247803,
      0.07456614077091217
    ],
    [
      0.08518636971712112,
      0.760993242263794,
      0.1538202315568924
    ],
    [
      0.12387560307979584,
      0.7356836795806885,
      0.1404416263103485
    ],
    [
      0.07917709648609161,
      0.8574456572532654,
      0.0633772686123848
    ],
    [
      0.6579297780990601,
      0.24254435300827026,
      0.09952499717473984
    ],
    [
      0.1323401778936386,
      0.687543511390686,
      0.18011681735515594
    ],
    [
      0.19717510044574738,
      0.035044461488723755,
      0.7677808403968811
    ],
    [
      0.7242021560668945,
      0.13064084947109222,
      0.14515723288059235
    ],
    [
      0.13853421807289124,
      0.462373822927475,
      0.3990917503833771
    ],
    [
      0.17938748002052307,
      0.17907318472862244,
      0.641539454460144
    ],
    [
      0.6101179122924805,
      0.08619921654462814,
      0.303683340549469
    ],
    [
      0.7101705074310303,
      0.02987636812031269,
      0.2599528431892395
    ],
    [
      0.158107191324234,
      0.07214712351560593,
      0.7697453498840332
    ],
    [
      0.06810459494590759,
      0.8279460072517395,
      0.1039496660232544
    ],
    [
      0.7606967091560364,
      0.1826702207326889,
      0.05663377046585083
    ],
    [
      0.27577435970306396,
      0.577570915222168,
      0.14665591716766357
    ],
    [
      0.4190364480018616,
      0.48919060826301575,
      0.09177322685718536
    ],
    [
      0.12033914029598236,
      0.7676906585693359,
      0.11197064816951752
    ],
    [
      0.7902646064758301,
      0.17582349479198456,
      0.03391145542263985
    ],
    [
      0.03425202518701553,
      0.11684729158878326,
      0.8489006161689758
    ],
    [
      0.06145629286766052,
      0.06886117160320282,
      0.869683027267456
    ],
    [
      0.046240754425525665,
      0.09239985793828964,
      0.8613600730895996
    ],
    [
      0.36610475182533264,
      0.1514689028263092,
      0.48242655396461487
    ],
    [
      0.2935476303100586,
      0.0883919894695282,
      0.6180611848831177
    ],
    [
      0.12225521355867386,
      0.8163709044456482,
      0.06137322634458542
    ],
    [
      0.26516470313072205,
      0.5598123669624329,
      0.17502377927303314
    ],
    [
      0.03816363960504532,
      0.453743577003479,
      0.5080923438072205
    ],
    [
      0.07885812222957611,
      0.4215303957462311,
      0.49961167573928833
    ],
    [
      0.09182758629322052,
      0.8582769632339478,
      0.04989536479115486
    ],
    [
      0.6741563677787781,
      0.19449879229068756,
      0.13134457170963287
    ],
    [
      0.5350801944732666,
      0.35911405086517334,
      0.10580583661794662
    ],
    [
      0.2083122581243515,
      0.058892808854579926,
      0.732793927192688
    ],
    [
      0.6925559639930725,
      0.05579261854290962,
      0.251651793718338
    ],
    [
      0.6272538900375366,
      0.2630356550216675,
      0.109711192548275
    ],
    [
      0.5972893238067627,
      0.19535784423351288,
      0.2073524445295334
    ],
    [
      0.4610292613506317,
      0.2354721575975418,
      0.3034985065460205
    ]
  ],