{
  "N": 112800,
  "usage": [
    0.3391894996166229,
    0.36864399909973145,
    0.29216650128364563
  ],
  "entropy_mean": 0.598365068435669,
  "entropy_std": 0.24305596947669983,
  "top1_share": [
    0.33753547072410583,
    0.3789007067680359,
    0.2835638225078583
  ],
  "P_expert_given_class": [
    [
      0.04415925592184067,
      0.8439932465553284,
      0.11184807121753693
    ],
    [
      0.8721147775650024,
      0.01323399506509304,
      0.11465039849281311
    ],
    [
      0.23897433280944824,
      0.6410301923751831,
      0.11999528110027313
    ],
    [
      0.199283167719841,
      0.697353720664978,
      0.10336299240589142
    ],
    [
      0.3073276877403259,
      0.03848451375961304,
      0.6541875600814819
    ],
    [
      0.1137930303812027,
      0.7972608208656311,
      0.08894658833742142
    ],
    [
      0.012663684785366058,
      0.35807856917381287,
      0.6292576193809509
    ],
    [
      0.9047614336013794,
      0.053727664053440094,
      0.04150940105319023
    ],
    [
      0.48157602548599243,
      0.456063449382782,
      0.06236055865883827
    ],
    [
      0.84773850440979,
      0.09011273086071014,
      0.06214849650859833
    ],
    [
      0.691018283367157,
      0.09107848256826401,
      0.2179032862186432
    ],
    [
      0.15613557398319244,
      0.7839990854263306,
      0.0598648376762867
    ],
    [
      0.0628402829170227,
      0.7932401299476624,
      0.14391985535621643
    ],
    [
      0.09564454108476639,
      0.7741231322288513,
      0.13023267686367035
    ],
    [
      0.057815633714199066,
      0.8955259919166565,
      0.04665833339095116
    ],
    [
      0.7016326785087585,
      0.22779537737369537,
      0.07057171314954758
    ],
    [
      0.08007195591926575,
      0.7845457196235657,
      0.13538163900375366
    ],
    [
      0.18913321197032928,
      0.027272917330265045,
      0.7835934162139893
    ],
    [
      0.7396715879440308,
      0.12075981497764587,
      0.13956810534000397
    ],
    [
      0.09496153146028519,
      0.507518470287323,
      0.39751961827278137
    ],
    [
      0.2030724287033081,
      0.1735030859708786,
      0.6234254240989685
    ],
    [
      0.6293440461158752,
      0.07757804542779922,
      0.29307791590690613
    ],
    [
      0.6621659398078918,
      0.029574766755104065,
      0.3082602024078369
    ],
    [
      0.11917610466480255,
      0.06992172449827194,
      0.8109022378921509
    ],
    [
      0.043961506336927414,
      0.8598267436027527,
      0.09621179103851318
    ],
    [
      0.7783305644989014,
      0.1794276386499405,
      0.04224199801683426
    ],
    [
      0.20673643052577972,
      0.679779589176178,
      0.11348488181829453
    ],
    [
      0.34619009494781494,
      0.5886842608451843,
      0.0651259645819664
    ],
    [
      0.1076488122344017,
      0.7907574772834778,
      0.10159392654895782
    ],
    [
      0.78497713804245,
      0.18531166017055511,
      0.02971174567937851
    ],
    [
      0.021643593907356262,
      0.08932092785835266,
      0.8890361785888672
    ],
    [
      0.04096304625272751,
      0.04108547791838646,
      0.9179515838623047
    ],
    [
      0.03395776450634003,
      0.07168290764093399,
      0.8943593502044678
    ],
    [
      0.42473602294921875,
      0.14300356805324554,
      0.4322606325149536
    ],
    [
      0.30365726351737976,
      0.05496693402528763,
      0.641376256942749
    ],
    [
      0.11464996635913849,
      0.7963482141494751,
      0.08900238573551178
    ],
    [
      0.21335677802562714,
      0.6013094782829285,
      0.18533408641815186
    ],
    [
      0.030904022976756096,
      0.3781706392765045,
      0.5909243226051331
    ],
    [
      0.07309980690479279,
      0.3518059253692627,
      0.575093686580658
    ],
    [
      0.07092194259166718,
      0.8901498317718506,
      0.03892761468887329
    ],
    [
      0.7165303826332092,
      0.18720032274723053,
      0.09626906365156174
    ],
    [
      0.5740566253662109,
      0.3500548005104065,
      0.0758892223238945
    ],
    [
      0.18891017138957977,
      0.06365833431482315,
      0.7474311590194702
    ],
    [
      0.6802576780319214,
      0.04801075533032417,
      0.2717316746711731
    ],
    [
      0.6586097478866577,
      0.2580103874206543,
      0.08338024467229843
    ],
    [
      0.5888150930404663,
      0.14633479714393616,
      0.2648499011993408
    ],
    [
      0.4339165687561035,
      0.22559212148189545,
      0.3404915928840637
    ]
  ],