{
  "N": 112800,
  "usage": [
    0.34185275435447693,
    0.3670869469642639,
    0.29106029868125916
  ],
  "entropy_mean": 0.6656674146652222,
  "entropy_std": 0.2199135571718216,
  "top1_share": [
    0.33591312170028687,
    0.3836347460746765,
    0.2804521322250366
  ],
  "P_expert_given_class": [
    [
      0.07568969577550888,
      0.8030444383621216,
      0.12126582115888596
    ],
    [
      0.8242668509483337,
      0.03679702803492546,
      0.1389365941286087
    ],
    [
      0.28012320399284363,
      0.6024399399757385,
      0.11743786185979843
    ],
    [
      0.18375633656978607,
      0.7193238139152527,
      0.0969202071428299
    ],
    [
      0.288987398147583,
      0.06632035970687866,
      0.6446915864944458
    ],
    [
      0.15172062814235687,
      0.7463229894638062,
      0.10195569694042206
    ],
    [
      0.02323302812874317,
      0.35416680574417114,
      0.6226000189781189
    ],
    [
      0.8421962261199951,
      0.10238682478666306,
      0.05541663616895676
    ],
    [
      0.4111673831939697,
      0.5013623237609863,
      0.08746986091136932
    ],
    [
      0.7887842059135437,
      0.12045378237962723,
      0.09076204150915146
    ],
    [
      0.6766754984855652,
      0.07304176688194275,
      0.2502819895744324
    ],
    [
      0.1743808090686798,
      0.7515760064125061,
      0.07404276728630066
    ],
    [
      0.08681012690067291,
      0.7714511752128601,
      0.14173859357833862
    ],
    [
      0.13469141721725464,
      0.7220308780670166,
      0.1432773917913437
    ],
    [
      0.07036913186311722,
      0.8711435794830322,
      0.05848630145192146
    ],
    [
      0.6353217363357544,
      0.25158700346946716,
      0.11309080570936203
    ],
    [
      0.1418449729681015,
      0.6752049326896667,
      0.18294966220855713
    ],
    [
      0.19596172869205475,
      0.0354282520711422,
      0.7686102986335754
    ],
    [
      0.6913610100746155,
      0.14254122972488403,
      0.16609816253185272
    ],
    [
      0.1547357141971588,
      0.4503827393054962,
      0.3948816657066345
    ],
    [
      0.17932987213134766,
      0.20246534049510956,
      0.618205726146698
    ],
    [
      0.5851768255233765,
      0.09931621700525284,
      0.3155069351196289
    ],
    [
      0.7357591986656189,
      0.03712956979870796,
      0.2271105945110321
    ],
    [
      0.15036171674728394,
      0.06710360199213028,
      0.7825343608856201
    ],
    [
      0.07489045709371567,
      0.8122809529304504,
      0.11282695829868317
    ],
    [
      0.7571230530738831,
      0.18189166486263275,
      0.06098553165793419
    ],
    [
      0.29120713472366333,
      0.5415363311767578,
      0.16725744307041168
    ],
    [
      0.4460357129573822,
      0.46225330233573914,
      0.09171149879693985
    ],
    [
      0.12841209769248962,
      0.7633096575737,
      0.10827827453613281
    ],
    [
      0.7871696949005127,
      0.172472283244133,
      0.04035845771431923
    ],
    [
      0.03583163768053055,
      0.13145224750041962,
      0.8327153921127319
    ],
    [
      0.06504074484109879,
      0.08273687213659286,
      0.8522223234176636
    ],
    [
      0.046320438385009766,
      0.07767825573682785,
      0.87600177526474
    ],
    [
      0.34326663613319397,
      0.1485091596841812,
      0.50822514295578
    ],
    [
      0.2964614927768707,
      0.09511243551969528,
      0.6084259152412415
    ],
    [
      0.10542162507772446,
      0.8386102318763733,
      0.05596821382641792
    ],
    [
      0.2782745957374573,
      0.5616917610168457,
      0.16003431379795074
    ],
    [
      0.040561746805906296,
      0.44329217076301575,
      0.5161463618278503
    ],
    [
      0.089273601770401,
      0.4221080541610718,
      0.4886191785335541
    ],
    [
      0.08138515800237656,
      0.8680499196052551,
      0.05056622251868248
    ],
    [
      0.6544706225395203,
      0.1988639384508133,
      0.1466653048992157
    ],
    [
      0.5126431584358215,
      0.37862443923950195,
      0.10873217135667801
    ],
    [
      0.1995488405227661,
      0.07176379859447479,
      0.728687584400177
    ],
    [
      0.6852778196334839,
      0.0688960999250412,
      0.24582621455192566
    ],
    [
      0.6110437512397766,
      0.2717781960964203,
      0.11717920750379562
    ],
    [
      0.5961543321609497,
      0.20551174879074097,
      0.1983342170715332
    ],
    [
      0.45856302976608276,
      0.2516413927078247,
      0.28979557752609253
    ]
  ],