{
  "N": 112800,
  "usage": [
    0.3431834578514099,
    0.3608721196651459,
    0.2959444224834442
  ],
  "entropy_mean": 0.6635310053825378,
  "entropy_std": 0.2216588705778122,
  "top1_share": [
    0.33791667222976685,
    0.37945035099983215,
    0.282632976770401
  ],
  "P_expert_given_class": [
    [
      0.07252730429172516,
      0.7998027205467224,
      0.12767043709754944
    ],
    [
      0.8364776968955994,
      0.03131841495633125,
      0.13220390677452087
    ],
    [
      0.29316815733909607,
      0.5844008922576904,
      0.12243137508630753
    ],
    [
      0.19508442282676697,
      0.6923366785049438,
      0.11257889866828918
    ],
    [
      0.28622618317604065,
      0.06287930905818939,
      0.6508955359458923
    ],
    [
      0.14465118944644928,
      0.7426657676696777,
      0.11268412321805954
    ],
    [
      0.02077382802963257,
      0.3385400176048279,
      0.640686571598053
    ],
    [
      0.846852719783783,
      0.08989245444536209,
      0.06325423717498779
    ],
    [
      0.425083726644516,
      0.47981059551239014,
      0.0951056256890297
    ],
    [
      0.801058828830719,
      0.10620642453432083,
      0.0927337184548378
    ],
    [
      0.6855342984199524,
      0.06981729716062546,
      0.24464844167232513
    ],
    [
      0.17730438709259033,
      0.7439841628074646,
      0.07871095836162567
    ],
    [
      0.08442500978708267,
      0.7575885653495789,
      0.1579865962266922
    ],
    [
      0.13145983219146729,
      0.7239294648170471,
      0.14461129903793335
    ],
    [
      0.07404561340808868,
      0.8566524386405945,
      0.06930256634950638
    ],
    [
      0.6468467712402344,
      0.24127456545829773,
      0.11187807470560074
    ],
    [
      0.1350991129875183,
      0.6743099093437195,
      0.19059167802333832
    ],
    [
      0.18984203040599823,
      0.034968193620443344,
      0.7751900553703308
    ],
    [
      0.6981338262557983,
      0.13545291125774384,
      0.16641351580619812
    ],
    [
      0.1454554945230484,
      0.4530501663684845,
      0.4014945328235626
    ],
    [
      0.17249949276447296,
      0.18504013121128082,
      0.642460823059082
    ],
    [
      0.5961968898773193,
      0.08790676295757294,
      0.315896213054657
    ],
    [
      0.7277129888534546,
      0.03459978103637695,
      0.23768733441829681
    ],
    [
      0.15318924188613892,
      0.06866777688264847,
      0.7781429290771484
    ],
    [
      0.0699276328086853,
      0.8169099688529968,
      0.11316195130348206
    ],
    [
      0.7607161998748779,
      0.17702904343605042,
      0.062254391610622406
    ],
    [
      0.28172430396080017,
      0.5647909641265869,
      0.15348422527313232
    ],
    [
      0.42773717641830444,
      0.47542765736579895,
      0.09683484584093094
    ],
    [
      0.11918573081493378,
      0.7604295015335083,
      0.12038470059633255
    ],
    [
      0.7943797707557678,
      0.16766364872455597,
      0.037957239896059036
    ],
    [
      0.033853814005851746,
      0.11964362114667892,
      0.8465019464492798
    ],
    [
      0.06079273298382759,
      0.07303940504789352,
      0.8661676049232483
    ],
    [
      0.04741755127906799,
      0.08760647475719452,
      0.8649756908416748
    ],
    [
      0.35303810238838196,
      0.1493140161037445,
      0.4976482689380646
    ],
    [
      0.2875375747680664,
      0.08810164779424667,
      0.6243613958358765
    ],
    [
      0.11522955447435379,
      0.8226788640022278,
      0.06209167465567589
    ],
    [
      0.2759139835834503,
      0.5656746029853821,
      0.15841098129749298
    ],
    [
      0.038622207939624786,
      0.44170695543289185,
      0.5196699500083923
    ],
    [
      0.08654245734214783,
      0.42345601320266724,
      0.49000197649002075
    ],
    [
      0.08320741355419159,
      0.8659250736236572,
      0.05086761340498924
    ],
    [
      0.6624254584312439,
      0.19037875533103943,
      0.14719603955745697
    ],
    [
      0.5244484543800354,
      0.36381182074546814,
      0.11174008995294571
    ],
    [
      0.20862393081188202,
      0.0636170357465744,
      0.7277590036392212
    ],
    [
      0.6801297664642334,
      0.05936107784509659,
      0.2605092227458954
    ],
    [
      0.6223401427268982,
      0.257997989654541,
      0.11966199427843094
    ],
    [
      0.5957931876182556,
      0.19550715386867523,
      0.2087000459432602
    ],
    [
      0.4603864550590515,
      0.2358250916004181,
      0.30378860235214233
    ]
  ],