{
  "N": 112800,
  "usage": [
    0.33717140555381775,
    0.37369534373283386,
    0.2891332507133484
  ],
  "entropy_mean": 0.5834795236587524,
  "entropy_std": 0.250534325838089,
  "top1_share": [
    0.34140071272850037,
    0.38039007782936096,
    0.27820920944213867
  ],
  "P_expert_given_class": [
    [
      0.04710597172379494,
      0.8541712164878845,
      0.09872166812419891
    ],
    [
      0.8875821828842163,
      0.014219915494322777,
      0.0981985330581665
    ],
    [
      0.22326861321926117,
      0.6612117886543274,
      0.11551889777183533
    ],
    [
      0.21133428812026978,
      0.6888781189918518,
      0.0997876450419426
    ],
    [
      0.3173764944076538,
      0.03703736886382103,
      0.6455868482589722
    ],
    [
      0.08857450634241104,
      0.8138859868049622,
      0.0975397378206253
    ],
    [
      0.011367317289113998,
      0.3475150167942047,
      0.6411173343658447
    ],
    [
      0.8977419137954712,
      0.06250432133674622,
      0.03975396975874901
    ],
    [
      0.4901027977466583,
      0.45220327377319336,
      0.05769462510943413
    ],
    [
      0.8489771485328674,
      0.088577039539814,
      0.06244691088795662
    ],
    [
      0.6911317706108093,
      0.0997471809387207,
      0.20912034809589386
    ],
    [
      0.1439199298620224,
      0.7997779846191406,
      0.056301746517419815
    ],
    [
      0.05583979934453964,
      0.8128623366355896,
      0.1312975287437439
    ],
    [
      0.0885285884141922,
      0.786402702331543,
      0.12506788969039917
    ],
    [
      0.04521029815077782,
      0.9137263894081116,
      0.04106351360678673
    ],
    [
      0.7115869522094727,
      0.22256779670715332,
      0.06584520637989044
    ],
    [
      0.06548132002353668,
      0.7922733426094055,
      0.14224551618099213
    ],
    [
      0.1791997253894806,
      0.027796007692813873,
      0.7930043339729309
    ],
    [
      0.752619206905365,
      0.12425781041383743,
      0.1231229305267334
    ],
    [
      0.08543679863214493,
      0.5176341533660889,
      0.3969287574291229
    ],
    [
      0.2077457755804062,
      0.17781880497932434,
      0.6144356727600098
    ],
    [
      0.6411283016204834,
      0.08047794550657272,
      0.2783931493759155
    ],
    [
      0.6724469661712646,
      0.03712168335914612,
      0.2904304563999176
    ],
    [
      0.1206493228673935,
      0.0691647008061409,
      0.8101862072944641
    ],
    [
      0.04925146326422691,
      0.8673949241638184,
      0.08335381001234055
    ],
    [
      0.7859029173851013,
      0.17746634781360626,
      0.036629557609558105
    ],
    [
      0.19297213852405548,
      0.6941230893135071,
      0.1129048764705658
    ],
    [
      0.3277454078197479,
      0.6146004796028137,
      0.057654380798339844
    ],
    [
      0.08482389897108078,
      0.8032343983650208,
      0.11194179207086563
    ],
    [
      0.7534322142601013,
      0.218343123793602,
      0.028225120157003403
    ],
    [
      0.021269287914037704,
      0.08329056203365326,
      0.8954395651817322
    ],
    [
      0.040197908878326416,
      0.03673911839723587,
      0.9230635762214661
    ],
    [
      0.030891157686710358,
      0.058124300092458725,
      0.9109845161437988
    ],
    [
      0.4499450623989105,
      0.15515705943107605,
      0.39489760994911194
    ],
    [
      0.312401682138443,
      0.0535849966108799,
      0.6340123414993286
    ],
    [
      0.10160952061414719,
      0.8092371225357056,
      0.08915374428033829
    ],
    [
      0.20838171243667603,
      0.601738452911377,
      0.18988029658794403
    ],
    [
      0.03066103532910347,
      0.35686227679252625,
      0.6124761700630188
    ],
    [
      0.06135786697268486,
      0.36910688877105713,
      0.5695350766181946
    ],
    [
      0.061325207352638245,
      0.9058971405029297,
      0.03277793899178505
    ],
    [
      0.7293705344200134,
      0.17995025217533112,
      0.0906793475151062
    ],
    [
      0.5720629692077637,
      0.3527669906616211,
      0.07517120987176895
    ],
    [
      0.18494926393032074,
      0.06061386689543724,
      0.7544365525245667
    ],
    [
      0.6808405518531799,
      0.053870946168899536,
      0.2652890086174011
    ],
    [
      0.6578710675239563,
      0.2580917477607727,
      0.08403762429952621
    ],
    [
      0.6009348630905151,
      0.12860526144504547,
      0.2704598903656006
    ],
    [
      0.42450371384620667,
      0.24304915964603424,
      0.3324468433856964
    ]
  ],