{
  "N": 112800,
  "usage": [
    0.36299431324005127,
    0.2934272289276123,
    0.3435784876346588
  ],
  "entropy_mean": 0.6677538156509399,
  "entropy_std": 0.21294032037258148,
  "top1_share": [
    0.363696813583374,
    0.30609041452407837,
    0.3302127718925476
  ],
  "P_expert_given_class": [
    [
      0.19502662122249603,
      0.6798673272132874,
      0.12510555982589722
    ],
    [
      0.6950166821479797,
      0.026051858440041542,
      0.2789311110973358
    ],
    [
      0.35476627945899963,
      0.48527929186820984,
      0.1599552482366562
    ],
    [
      0.20884954929351807,
      0.6887702345848083,
      0.10238045454025269
    ],
    [
      0.2019001990556717,
      0.057129133492708206,
      0.7409703731536865
    ],
    [
      0.16652241349220276,
      0.6876174807548523,
      0.1458602249622345
    ],
    [
      0.039776336401700974,
      0.2322000414133072,
      0.7280242443084717
    ],
    [
      0.8226786255836487,
      0.06373387575149536,
      0.11358825862407684
    ],
    [
      0.46166178584098816,
      0.4430939257144928,
      0.09524378925561905
    ],
    [
      0.7825210094451904,
      0.0994858518242836,
      0.11799336969852448
    ],
    [
      0.5972993969917297,
      0.05644940212368965,
      0.34625184535980225
    ],
    [
      0.3196178078651428,
      0.5741217136383057,
      0.10626085102558136
    ],
    [
      0.10309626907110214,
      0.7631105184555054,
      0.13379251956939697
    ],
    [
      0.2182302623987198,
      0.5769144296646118,
      0.20485591888427734
    ],
    [
      0.10115402191877365,
      0.7946258783340454,
      0.10422026365995407
    ],
    [
      0.5453842878341675,
      0.212579607963562,
      0.24203668534755707
    ],
    [
      0.1709698885679245,
      0.5516861081123352,
      0.27734383940696716
    ],
    [
      0.16471706330776215,
      0.024689137935638428,
      0.8105947971343994
    ],
    [
      0.6459522247314453,
      0.10295727103948593,
      0.25109049677848816
    ],
    [
      0.21462056040763855,
      0.30025044083595276,
      0.48512914776802063
    ],
    [
      0.26274755597114563,
      0.11810803413391113,
      0.6191454529762268
    ],
    [
      0.4631247818470001,
      0.061973437666893005,
      0.4749021828174591
    ],
    [
      0.7254722118377686,
      0.03895197808742523,
      0.2355765998363495
    ],
    [
      0.2638188600540161,
      0.04352916404604912,
      0.6926510334014893
    ],
    [
      0.1677757054567337,
      0.7222834825515747,
      0.10994065552949905
    ],
    [
      0.7437151074409485,
      0.13777852058410645,
      0.11850704252719879
    ],
    [
      0.4623202979564667,
      0.3568211495876312,
      0.18085800111293793
    ],
    [
      0.6813721656799316,
      0.19315889477729797,
      0.1254691630601883
    ],
    [
      0.1486082673072815,
      0.7225834131240845,
      0.12880820035934448
    ],
    [
      0.7840386033058167,
      0.08041117340326309,
      0.13554969429969788
    ],
    [
      0.06899835169315338,
      0.10913613438606262,
      0.8218660950660706
    ],
    [
      0.0827273279428482,
      0.03453057259321213,
      0.8827416896820068
    ],
    [
      0.0850871354341507,
      0.047367777675390244,
      0.8675442337989807
    ],
    [
      0.4408913254737854,
      0.059507813304662704,
      0.4996018409729004
    ],
    [
      0.2536086142063141,
      0.05373663082718849,
      0.692655086517334
    ],
    [
      0.11006157100200653,
      0.7752206921577454,
      0.11471748352050781
    ],
    [
      0.4073377549648285,
      0.40387681126594543,
      0.18878516554832458
    ],
    [
      0.06653279066085815,
      0.23427851498126984,
      0.6991892457008362
    ],
    [
      0.09170855581760406,
      0.25517141819000244,
      0.6531199812889099
    ],
    [
      0.1125219464302063,
      0.8283526301383972,
      0.0591253861784935
    ],
    [
      0.5629889965057373,
      0.17547261714935303,
      0.26153799891471863
    ],
    [
      0.5512033104896545,
      0.3100859820842743,
      0.13871094584465027
    ],
    [
      0.21808134019374847,
      0.053371723741292953,
      0.7285465002059937
    ],
    [
      0.6908377408981323,
      0.05258888751268387,
      0.25657254457473755
    ],
    [
      0.6338605284690857,
      0.22282856702804565,
      0.14331050217151642
    ],
    [
      0.6798758506774902,
      0.08247340470552444,
      0.23765085637569427
    ],
    [
      0.2916584312915802,
      0.19686339795589447,
      0.5114790797233582
    ]
  ],