{
  "N": 112800,
  "usage": [
    0.3407502770423889,
    0.3524013161659241,
    0.3068483769893646
  ],
  "entropy_mean": 0.6722255945205688,
  "entropy_std": 0.21525709331035614,
  "top1_share": [
    0.33622339367866516,
    0.36838653683662415,
    0.2953900694847107
  ],
  "P_expert_given_class": [
    [
      0.11115489900112152,
      0.782926619052887,
      0.105918750166893
    ],
    [
      0.7520400881767273,
      0.04016499221324921,
      0.20779544115066528
    ],
    [
      0.2655336260795593,
      0.6107531189918518,
      0.123713418841362
    ],
    [
      0.1625276505947113,
      0.7474384307861328,
      0.09003443270921707
    ],
    [
      0.23353572189807892,
      0.0688459500670433,
      0.6976189613342285
    ],
    [
      0.16599047183990479,
      0.7269254922866821,
      0.10708368569612503
    ],
    [
      0.035605572164058685,
      0.36463651061058044,
      0.599757194519043
    ],
    [
      0.8435088992118835,
      0.08612005412578583,
      0.070370614528656
    ],
    [
      0.3860744535923004,
      0.5290549397468567,
      0.08487045019865036
    ],
    [
      0.7738491296768188,
      0.1162310391664505,
      0.10991974174976349
    ],
    [
      0.6205962896347046,
      0.07294321805238724,
      0.30646148324012756
    ],
    [
      0.2186466008424759,
      0.6929387450218201,
      0.08841536939144135
    ],
    [
      0.08495564013719559,
      0.8002569079399109,
      0.1147874966263771
    ],
    [
      0.18232513964176178,
      0.6491250395774841,
      0.16855007410049438
    ],
    [
      0.08895311504602432,
      0.8536084890365601,
      0.05743800476193428
    ],
    [
      0.6013808250427246,
      0.24568654596805573,
      0.15293358266353607
    ],
    [
      0.15428082644939423,
      0.6449771523475647,
      0.20074190199375153
    ],
    [
      0.16283896565437317,
      0.03281525522470474,
      0.8043450713157654
    ],
    [
      0.6572483777999878,
      0.12972043454647064,
      0.21303106844425201
    ],
    [
      0.1738831251859665,
      0.4010758101940155,
      0.4250420331954956
    ],
    [
      0.190217986702919,
      0.18842701613903046,
      0.6213554739952087
    ],
    [
      0.5245182514190674,
      0.10122127085924149,
      0.3742597699165344
    ],
    [
      0.730135977268219,
      0.055589910596609116,
      0.21427367627620697
    ],
    [
      0.18313443660736084,
      0.0600195936858654,
      0.7568458914756775
    ],
    [
      0.10304990410804749,
      0.7973334789276123,
      0.09961707890033722
    ],
    [
      0.7689482569694519,
      0.14081335067749023,
      0.09023850411176682
    ],
    [
      0.3529340624809265,
      0.46155115962028503,
      0.1855149269104004
    ],
    [
      0.5680075883865356,
      0.3217424750328064,
      0.11025013029575348
    ],
    [
      0.14249692857265472,
      0.763312041759491,
      0.09419164061546326
    ],
    [
      0.7862352132797241,
      0.1286686807870865,
      0.08509541302919388
    ],
    [
      0.045869361609220505,
      0.139253631234169,
      0.8148772120475769
    ],
    [
      0.051467813551425934,
      0.052067894488573074,
      0.8964648246765137
    ],
    [
      0.051515620201826096,
      0.06928866356611252,
      0.8791959881782532
    ],
    [
      0.34555917978286743,
      0.10075542330741882,
      0.5536850094795227
    ],
    [
      0.2396286278963089,
      0.07437851279973984,
      0.6859927773475647
    ],
    [
      0.08791892975568771,
      0.8352901935577393,
      0.07679149508476257
    ],
    [
      0.3274514377117157,
      0.532918393611908,
      0.13962966203689575
    ],
    [
      0.06446947157382965,
      0.41106605529785156,
      0.5244641900062561
    ],
    [
      0.0892108902335167,
      0.41234156489372253,
      0.49844714999198914
    ],
    [
      0.0946091040968895,
      0.8583027124404907,
      0.04708866402506828
    ],
    [
      0.6230564713478088,
      0.1945163458585739,
      0.18242664635181427
    ],
    [
      0.4868777096271515,
      0.3972616195678711,
      0.11586040258407593
    ],
    [
      0.22472871840000153,
      0.07802273333072662,
      0.6972481608390808
    ],
    [
      0.6687238812446594,
      0.07086751610040665,
      0.26040858030319214
    ],
    [
      0.5980775356292725,
      0.2743440270423889,
      0.12757819890975952
    ],
    [
      0.5806841254234314,
      0.19340944290161133,
      0.22590675950050354
    ],
    [
      0.4108089208602905,
      0.25385725498199463,
      0.3353343605995178
    ]
  ],