{
  "N": 112800,
  "usage": [
    0.3355156183242798,
    0.3718005120754242,
    0.2926839292049408
  ],
  "entropy_mean": 0.58748859167099,
  "entropy_std": 0.24764254689216614,
  "top1_share": [
    0.33936169743537903,
    0.3800177276134491,
    0.2806205749511719
  ],
  "P_expert_given_class": [
    [
      0.04505498334765434,
      0.8374509811401367,
      0.11749473214149475
    ],
    [
      0.8853893876075745,
      0.014909528195858002,
      0.09970033913850784
    ],
    [
      0.21857279539108276,
      0.664567232131958,
      0.11686071008443832
    ],
    [
      0.20127032697200775,
      0.702640950679779,
      0.09608928114175797
    ],
    [
      0.32268738746643066,
      0.03580952808260918,
      0.6415032148361206
    ],
    [
      0.09335197508335114,
      0.8127719759941101,
      0.09387573599815369
    ],
    [
      0.01279376819729805,
      0.3584343492984772,
      0.6287721991539001
    ],
    [
      0.896160364151001,
      0.06425920128822327,
      0.03958166018128395
    ],
    [
      0.4839133322238922,
      0.4581713378429413,
      0.05791512131690979
    ],
    [
      0.842160701751709,
      0.0879637598991394,
      0.06987573206424713
    ],
    [
      0.6663538217544556,
      0.09844273328781128,
      0.23520365357398987
    ],
    [
      0.13730937242507935,
      0.7997365593910217,
      0.06295455247163773
    ],
    [
      0.063392773270607,
      0.7898440957069397,
      0.14676246047019958
    ],
    [
      0.0841456949710846,
      0.7738083600997925,
      0.14204640686511993
    ],
    [
      0.04808240756392479,
      0.9090009331703186,
      0.04291657730937004
    ],
    [
      0.7095690965652466,
      0.22448205947875977,
      0.06594778597354889
    ],
    [
      0.06967528164386749,
      0.7892206907272339,
      0.14110331237316132
    ],
    [
      0.17018885910511017,
      0.027675015851855278,
      0.8021367192268372
    ],
    [
      0.7541725039482117,
      0.12417852133512497,
      0.12164857238531113
    ],
    [
      0.08720116317272186,
      0.518543004989624,
      0.3942561447620392
    ],
    [
      0.20918312668800354,
      0.18399274349212646,
      0.606824517250061
    ],
    [
      0.6417258977890015,
      0.07763908058404922,
      0.2806350886821747
    ],
    [
      0.6825844049453735,
      0.028508830815553665,
      0.28890690207481384
    ],
    [
      0.11484633386135101,
      0.06299056857824326,
      0.8221622109413147
    ],
    [
      0.0451369546353817,
      0.8564327955245972,
      0.09842973947525024
    ],
    [
      0.7814937829971313,
      0.17879247665405273,
      0.03971392661333084
    ],
    [
      0.1909594088792801,
      0.6917935609817505,
      0.11724713444709778
    ],
    [
      0.325686514377594,
      0.6147337555885315,
      0.059579335153102875
    ],
    [
      0.0918184369802475,
      0.7903591394424438,
      0.11782322078943253
    ],
    [
      0.7542732357978821,
      0.22149182856082916,
      0.024235296994447708
    ],
    [
      0.022082390263676643,
      0.08258981257677078,
      0.8953270316123962
    ],
    [
      0.04279380664229393,
      0.03815734386444092,
      0.9190481305122375
    ],
    [
      0.031531818211078644,
      0.06547266989946365,
      0.9029942750930786
    ],
    [
      0.4498015344142914,
      0.14650200307369232,
      0.4036966562271118
    ],
    [
      0.3131604790687561,
      0.05402209609746933,
      0.6328169703483582
    ],
    [
      0.09330058842897415,
      0.8259610533714294,
      0.08073895424604416
    ],
    [
      0.1991673856973648,
      0.601439893245697,
      0.19939321279525757
    ],
    [
      0.03192052245140076,
      0.3548201322555542,
      0.6132598519325256
    ],
    [
      0.06103796511888504,
      0.3532118797302246,
      0.5857499241828918
    ],
    [
      0.06321443617343903,
      0.9037609100341797,
      0.03302515670657158
    ],
    [
      0.7261528968811035,
      0.18002523481845856,
      0.09382180869579315
    ],
    [
      0.5657148957252502,
      0.35490986704826355,
      0.07937480509281158
    ],
    [
      0.19419462978839874,
      0.056073397397994995,
      0.7497323751449585
    ],
    [
      0.6671952605247498,
      0.04614650458097458,
      0.2866576910018921
    ],
    [
      0.6517717242240906,
      0.2599187195301056,
      0.08830874413251877
    ],
    [
      0.6077268123626709,
      0.11125245690345764,
      0.28102126717567444
    ],
    [
      0.41931065917015076,
      0.24171477556228638,
      0.3389747142791748
    ]
  ],