{
  "N": 112800,
  "usage": [
    0.3968212604522705,
    0.25440946221351624,
    0.34876924753189087
  ],
  "entropy_mean": 0.7350496649742126,
  "entropy_std": 0.24821673333644867,
  "top1_share": [
    0.42104610800743103,
    0.239024817943573,
    0.33992907404899597
  ],
  "P_expert_given_class": [
    [
      0.36304959654808044,
      0.4443899989128113,
      0.19256001710891724
    ],
    [
      0.7347607612609863,
      0.03604455664753914,
      0.22919459640979767
    ],
    [
      0.2910798192024231,
      0.48625051975250244,
      0.22266921401023865
    ],
    [
      0.3116396963596344,
      0.507305383682251,
      0.1810557097196579
    ],
    [
      0.2860512435436249,
      0.09838180989027023,
      0.6155665516853333
    ],
    [
      0.26543667912483215,
      0.5475364327430725,
      0.18702690303325653
    ],
    [
      0.132989302277565,
      0.18776394426822662,
      0.6792466044425964
    ],
    [
      0.7604908347129822,
      0.07935964316129684,
      0.16014927625656128
    ],
    [
      0.441133975982666,
      0.40831950306892395,
      0.15054619312286377
    ],
    [
      0.6518197059631348,
      0.19148007035255432,
      0.1567007452249527
    ],
    [
      0.5845484733581543,
      0.10243004560470581,
      0.3130217492580414
    ],
    [
      0.3783499002456665,
      0.4569335877895355,
      0.1647166609764099
    ],
    [
      0.25659966468811035,
      0.49852803349494934,
      0.24487179517745972
    ],
    [
      0.3736717104911804,
      0.3630191385746002,
      0.26330873370170593
    ],
    [
      0.18303748965263367,
      0.6473872661590576,
      0.16957546770572662
    ],
    [
      0.49535536766052246,
      0.19902381300926208,
      0.3056207299232483
    ],
    [
      0.23771674931049347,
      0.4304925501346588,
      0.3317904472351074
    ],
    [
      0.2773313522338867,
      0.0583161860704422,
      0.6643523573875427
    ],
    [
      0.6844918727874756,
      0.081428162753582,
      0.2340809404850006
    ],
    [
      0.35172638297080994,
      0.1896376609802246,
      0.4586363732814789
    ],
    [
      0.2987006604671478,
      0.12916292250156403,
      0.5721364617347717
    ],
    [
      0.5125099420547485,
      0.06011935696005821,
      0.4273711144924164
    ],
    [
      0.6587286591529846,
      0.08895338326692581,
      0.252318412065506
    ],
    [
      0.30608421564102173,
      0.07094927132129669,
      0.6229665279388428
    ],
    [
      0.34339508414268494,
      0.4795786142349243,
      0.17702654004096985
    ],
    [
      0.6586892008781433,
      0.14590373635292053,
      0.19540753960609436
    ],
    [
      0.3824256956577301,
      0.39958715438842773,
      0.217986598610878
    ],
    [
      0.5563674569129944,
      0.2343822717666626,
      0.2092510163784027
    ],
    [
      0.2506963908672333,
      0.5877379179000854,
      0.16156554222106934
    ],
    [
      0.6914532780647278,
      0.10402090847492218,
      0.2045261263847351
    ],
    [
      0.15369996428489685,
      0.09207632392644882,
      0.7542241215705872
    ],
    [
      0.19284403324127197,
      0.04691571369767189,
      0.7602401375770569
    ],
    [
      0.17302162945270538,
      0.0865839421749115,
      0.7403944730758667
    ],
    [
      0.4155959188938141,
      0.11292743682861328,
      0.47147735953330994
    ],
    [
      0.3580036759376526,
      0.07615476846694946,
      0.5658414363861084
    ],
    [
      0.18117594718933105,
      0.6286165714263916,
      0.19020777940750122
    ],
    [
      0.36668047308921814,
      0.4174420237541199,
      0.2158776819705963
    ],
    [
      0.173456072807312,
      0.18794141709804535,
      0.6386020183563232
    ],
    [
      0.14789454638957977,
      0.2121104598045349,
      0.6399949789047241
    ],
    [
      0.1988506317138672,
      0.6784687638282776,
      0.12268038094043732
    ],
    [
      0.48150065541267395,
      0.17844539880752563,
      0.34005415439605713
    ],
    [
      0.5253230333328247,
      0.30608895421028137,
      0.16858716309070587
    ],
    [
      0.2616201341152191,
      0.05745302140712738,
      0.6809264421463013
    ],
    [
      0.7080464959144592,
      0.058640625327825546,
      0.2333122193813324
    ],
    [
      0.5597197413444519,
      0.2642122209072113,
      0.17606861889362335
    ],
    [
      0.7046247124671936,
      0.06021631136536598,
      0.23515932261943817
    ],
    [
      0.3282145857810974,
      0.17852836847305298,
      0.4932575523853302
    ]
  ],