{
  "N": 112800,
  "usage": [
    0.34229451417922974,
    0.36599767208099365,
    0.2917078137397766
  ],
  "entropy_mean": 0.6458055377006531,
  "entropy_std": 0.22801370918750763,
  "top1_share": [
    0.33722516894340515,
    0.3783687949180603,
    0.28440603613853455
  ],
  "P_expert_given_class": [
    [
      0.06273632496595383,
      0.8254233002662659,
      0.11183997988700867
    ],
    [
      0.8462584018707275,
      0.026220113039016724,
      0.12752214074134827
    ],
    [
      0.28973764181137085,
      0.5931164622306824,
      0.1171463131904602
    ],
    [
      0.20695482194423676,
      0.6812953352928162,
      0.11174967139959335
    ],
    [
      0.3006174564361572,
      0.06171075254678726,
      0.6376726031303406
    ],
    [
      0.13468945026397705,
      0.7657635807991028,
      0.09954711049795151
    ],
    [
      0.017700636759400368,
      0.339042067527771,
      0.6432574987411499
    ],
    [
      0.8707508444786072,
      0.07874911278486252,
      0.05050002411007881
    ],
    [
      0.44397634267807007,
      0.47685766220092773,
      0.07916591316461563
    ],
    [
      0.8129605054855347,
      0.11041288077831268,
      0.07662614434957504
    ],
    [
      0.6933310031890869,
      0.08155625313520432,
      0.22511295974254608
    ],
    [
      0.17491376399993896,
      0.7576398849487305,
      0.06744586676359177
    ],
    [
      0.07957778871059418,
      0.7805385589599609,
      0.13988395035266876
    ],
    [
      0.11775252968072891,
      0.7427293658256531,
      0.13951840996742249
    ],
    [
      0.07245786488056183,
      0.8620175123214722,
      0.06552453339099884
    ],
    [
      0.647259533405304,
      0.2553923428058624,
      0.09734851121902466
    ],
    [
      0.1254083514213562,
      0.6977867484092712,
      0.1768060028553009
    ],
    [
      0.2065192312002182,
      0.03508923947811127,
      0.7583912014961243
    ],
    [
      0.7068310379981995,
      0.1341480314731598,
      0.15902043879032135
    ],
    [
      0.13005003333091736,
      0.4720878005027771,
      0.3978625535964966
    ],
    [
      0.17089390754699707,
      0.16185016930103302,
      0.6672561168670654
    ],
    [
      0.6023703217506409,
      0.08630698919296265,
      0.31132251024246216
    ],
    [
      0.7004886269569397,
      0.03355804830789566,
      0.26595383882522583
    ],
    [
      0.1421402394771576,
      0.08011996746063232,
      0.7777394652366638
    ],
    [
      0.06159311905503273,
      0.8379111289978027,
      0.10049569606781006
    ],
    [
      0.758095383644104,
      0.1886005401611328,
      0.053303997963666916
    ],
    [
      0.26587966084480286,
      0.6033844947814941,
      0.1307356208562851
    ],
    [
      0.3982292711734772,
      0.514913022518158,
      0.08685743808746338
    ],
    [
      0.11597122251987457,
      0.7769992351531982,
      0.10702971369028091
    ],
    [
      0.7982712984085083,
      0.17234796285629272,
      0.029381059110164642
    ],
    [
      0.0292385071516037,
      0.11094003170728683,
      0.8598217964172363
    ],
    [
      0.054590970277786255,
      0.05690864473581314,
      0.8884999752044678
    ],
    [
      0.04277811944484711,
      0.08764349669218063,
      0.8695781230926514
    ],
    [
      0.3681719899177551,
      0.14918693900108337,
      0.4826410412788391
    ],
    [
      0.2997506856918335,
      0.07982319593429565,
      0.6204261779785156
    ],
    [
      0.12478038668632507,
      0.8155581951141357,
      0.05966124311089516
    ],
    [
      0.25260454416275024,
      0.5827714204788208,
      0.1646244376897812
    ],
    [
      0.03237137943506241,
      0.42236655950546265,
      0.5452621579170227
    ],
    [
      0.07996595650911331,
      0.389520525932312,
      0.5305142998695374
    ],
    [
      0.08410274237394333,
      0.8707246780395508,
      0.04517298564314842
    ],
    [
      0.664829432964325,
      0.20557081699371338,
      0.12959998846054077
    ],
    [
      0.5438327789306641,
      0.3587447702884674,
      0.09742243587970734
    ],
    [
      0.2096676379442215,
      0.0580441989004612,
      0.7322883009910583
    ],
    [
      0.674059271812439,
      0.06551042199134827,
      0.26043063402175903
    ],
    [
      0.6288588047027588,
      0.2670951187610626,
      0.10404571890830994
    ],
    [
      0.5801347494125366,
      0.21837195754051208,
      0.20149245858192444
    ],
    [
      0.46368831396102905,
      0.22954246401786804,
      0.30676960945129395
    ]
  ],