{
  "N": 112800,
  "usage": [
    0.34249261021614075,
    0.37054771184921265,
    0.2869596481323242
  ],
  "entropy_mean": 0.6312581896781921,
  "entropy_std": 0.23065803945064545,
  "top1_share": [
    0.3383244574069977,
    0.380150705575943,
    0.2815248370170593
  ],
  "P_expert_given_class": [
    [
      0.055696435272693634,
      0.8449319005012512,
      0.09937106817960739
    ],
    [
      0.8535138964653015,
      0.021772444248199463,
      0.1247137039899826
    ],
    [
      0.273710697889328,
      0.614854633808136,
      0.11143534630537033
    ],
    [
      0.21760185062885284,
      0.6855500340461731,
      0.09684750437736511
    ],
    [
      0.3131941258907318,
      0.05664520338177681,
      0.6301602125167847
    ],
    [
      0.12171872705221176,
      0.7831530570983887,
      0.09512851387262344
    ],
    [
      0.01642477698624134,
      0.35452911257743835,
      0.6290464401245117
    ],
    [
      0.8832896947860718,
      0.07279639691114426,
      0.04391325265169144
    ],
    [
      0.46242913603782654,
      0.46858927607536316,
      0.06898148357868195
    ],
    [
      0.8281451463699341,
      0.11040990054607391,
      0.06144498288631439
    ],
    [
      0.6862021088600159,
      0.08440975844860077,
      0.2293873280286789
    ],
    [
      0.1656508445739746,
      0.7740854024887085,
      0.06026288866996765
    ],
    [
      0.07794163376092911,
      0.781061589717865,
      0.1409958451986313
    ],
    [
      0.09470894187688828,
      0.7781237363815308,
      0.1271679848432541
    ],
    [
      0.07729044556617737,
      0.8672542572021484,
      0.055455002933740616
    ],
    [
      0.6710448265075684,
      0.24502433836460114,
      0.08393120765686035
    ],
    [
      0.1132187768816948,
      0.7364780902862549,
      0.15030257403850555
    ],
    [
      0.2014186531305313,
      0.034178897738456726,
      0.7644016146659851
    ],
    [
      0.7170259356498718,
      0.13047584891319275,
      0.15249811112880707
    ],
    [
      0.11360406130552292,
      0.49311506748199463,
      0.39328065514564514
    ],
    [
      0.18987444043159485,
      0.15487001836299896,
      0.6552547812461853
    ],
    [
      0.6093550324440002,
      0.08201063424348831,
      0.3086339831352234
    ],
    [
      0.6780194640159607,
      0.028182566165924072,
      0.29379788041114807
    ],
    [
      0.15379591286182404,
      0.0762154757976532,
      0.7699891924858093
    ],
    [
      0.05661896988749504,
      0.8539990186691284,
      0.08938219398260117
    ],
    [
      0.7581983804702759,
      0.1950221210718155,
      0.04677950590848923
    ],
    [
      0.24581387639045715,
      0.6421279907226562,
      0.11205741763114929
    ],
    [
      0.38254794478416443,
      0.5412038564682007,
      0.07624851167201996
    ],
    [
      0.11010675877332687,
      0.7973941564559937,
      0.0924987867474556
    ],
    [
      0.7893247008323669,
      0.1793915331363678,
      0.03128312900662422
    ],
    [
      0.029846977442502975,
      0.10435474663972855,
      0.8657981157302856
    ],
    [
      0.057484861463308334,
      0.05098123848438263,
      0.8915340900421143
    ],
    [
      0.04332483187317848,
      0.08079848438501358,
      0.8758777976036072
    ],
    [
      0.3969559371471405,
      0.15169009566307068,
      0.4513542652130127
    ],
    [
      0.31747907400131226,
      0.07528288662433624,
      0.6072373986244202
    ],
    [
      0.12732386589050293,
      0.8071385622024536,
      0.0655381828546524
    ],
    [
      0.24563626945018768,
      0.5925884246826172,
      0.16177521646022797
    ],
    [
      0.03299659863114357,
      0.41695207357406616,
      0.5500513911247253
    ],
    [
      0.07932422310113907,
      0.37789344787597656,
      0.5427821278572083
    ],
    [
      0.08465921878814697,
      0.8754249215126038,
      0.039915576577186584
    ],
    [
      0.6838490962982178,
      0.20437073707580566,
      0.1117793396115303
    ],
    [
      0.5544054508209229,
      0.36078861355781555,
      0.08480603247880936
    ],
    [
      0.1929328888654709,
      0.06171906739473343,
      0.7453480958938599
    ],
    [
      0.6724796891212463,
      0.06100679561495781,
      0.26651254296302795
    ],
    [
      0.6425365209579468,
      0.269603431224823,
      0.08785971254110336
    ],
    [
      0.5634514093399048,
      0.20506395399570465,
      0.23148496448993683
    ],
    [
      0.4549768567085266,
      0.23222702741622925,
      0.3127959072589874
    ]
  ],