{
  "N": 112800,
  "usage": [
    0.3384086787700653,
    0.37069785594940186,
    0.29089346528053284
  ],
  "entropy_mean": 0.603331446647644,
  "entropy_std": 0.23740430176258087,
  "top1_share": [
    0.33751773834228516,
    0.3786170184612274,
    0.2838652431964874
  ],
  "P_expert_given_class": [
    [
      0.05131981521844864,
      0.8406752943992615,
      0.1080043688416481
    ],
    [
      0.8582035303115845,
      0.01537405140697956,
      0.12642233073711395
    ],
    [
      0.24793268740177155,
      0.6338390111923218,
      0.11822719871997833
    ],
    [
      0.20558954775333405,
      0.696129322052002,
      0.09828035533428192
    ],
    [
      0.30923137068748474,
      0.04213986545801163,
      0.6486287713050842
    ],
    [
      0.12135493010282516,
      0.8028044700622559,
      0.07584023475646973
    ],
    [
      0.012063837610185146,
      0.35581427812576294,
      0.6321214437484741
    ],
    [
      0.8919958472251892,
      0.06377191841602325,
      0.04423258826136589
    ],
    [
      0.47954005002975464,
      0.46196064352989197,
      0.0584990568459034
    ],
    [
      0.8356039524078369,
      0.10016924887895584,
      0.06422684341669083
    ],
    [
      0.7036822438240051,
      0.08696687966585159,
      0.2093505710363388
    ],
    [
      0.15664714574813843,
      0.7854402661323547,
      0.057912878692150116
    ],
    [
      0.0660618469119072,
      0.787886381149292,
      0.14605195820331573
    ],
    [
      0.09514021128416061,
      0.7829429507255554,
      0.12191673368215561
    ],
    [
      0.05217575654387474,
      0.8973757028579712,
      0.05044884979724884
    ],
    [
      0.693553626537323,
      0.23693956434726715,
      0.06950782239437103
    ],
    [
      0.08276356756687164,
      0.7832961082458496,
      0.13394024968147278
    ],
    [
      0.18944166600704193,
      0.027584556490182877,
      0.7829733490943909
    ],
    [
      0.7179653644561768,
      0.12553001940250397,
      0.1565043330192566
    ],
    [
      0.0961618646979332,
      0.5038415789604187,
      0.3999965488910675
    ],
    [
      0.19460661709308624,
      0.17130450904369354,
      0.6340889930725098
    ],
    [
      0.6166025996208191,
      0.07785212248563766,
      0.3055455684661865
    ],
    [
      0.6637557148933411,
      0.03015424683690071,
      0.30609023571014404
    ],
    [
      0.1341291218996048,
      0.07065361738204956,
      0.7952175140380859
    ],
    [
      0.05209885165095329,
      0.8538376092910767,
      0.09406347572803497
    ],
    [
      0.7825896739959717,
      0.17747285962104797,
      0.03993732109665871
    ],
    [
      0.2120182365179062,
      0.6741587519645691,
      0.11382234841585159
    ],
    [
      0.354537695646286,
      0.5784744024276733,
      0.06698866933584213
    ],
    [
      0.10946479439735413,
      0.8083078861236572,
      0.0822281539440155
    ],
    [
      0.7780600190162659,
      0.19492362439632416,
      0.02701685205101967
    ],
    [
      0.023271461948752403,
      0.09074216336011887,
      0.8859870433807373
    ],
    [
      0.0481431782245636,
      0.042728718370199203,
      0.9091278314590454
    ],
    [
      0.036673158407211304,
      0.0710650160908699,
      0.8922611474990845
    ],
    [
      0.42007553577423096,
      0.1465570330619812,
      0.43336740136146545
    ],
    [
      0.30985763669013977,
      0.060573458671569824,
      0.629568874835968
    ],
    [
      0.11205243319272995,
      0.802534282207489,
      0.08541249483823776
    ],
    [
      0.20838071405887604,
      0.6061564087867737,
      0.1854630410671234
    ],
    [
      0.030470561236143112,
      0.3819759488105774,
      0.5875537395477295
    ],
    [
      0.06748854368925095,
      0.3479714095592499,
      0.5845405459403992
    ],
    [
      0.0701901912689209,
      0.8890494704246521,
      0.040760647505521774
    ],
    [
      0.7152849435806274,
      0.1910691112279892,
      0.09364583343267441
    ],
    [
      0.5665847063064575,
      0.3567888140678406,
      0.07662631571292877
    ],
    [
      0.1891186535358429,
      0.062183678150177,
      0.748697817325592
    ],
    [
      0.6729751825332642,
      0.0498686209321022,
      0.2771556079387665
    ],
    [
      0.6487699151039124,
      0.2650952637195587,
      0.08613437414169312
    ],
    [
      0.586597740650177,
      0.15885788202285767,
      0.2545442581176758
    ],
    [
      0.4349827468395233,
      0.23195889592170715,
      0.3330586850643158
    ]
  ],