{
  "N": 112800,
  "usage": [
    0.33568161725997925,
    0.37134990096092224,
    0.2929684817790985
  ],
  "entropy_mean": 0.5796444416046143,
  "entropy_std": 0.25312286615371704,
  "top1_share": [
    0.3422517776489258,
    0.3785460889339447,
    0.2792021334171295
  ],
  "P_expert_given_class": [
    [
      0.04719214886426926,
      0.8430843353271484,
      0.10972382873296738
    ],
    [
      0.8955904245376587,
      0.01576944626867771,
      0.08864107728004456
    ],
    [
      0.21486468613147736,
      0.6757474541664124,
      0.10938766598701477
    ],
    [
      0.21814307570457458,
      0.6818851232528687,
      0.09997187554836273
    ],
    [
      0.3143128752708435,
      0.035745397210121155,
      0.6499413847923279
    ],
    [
      0.0898752436041832,
      0.8154476284980774,
      0.09467675536870956
    ],
    [
      0.011359144933521748,
      0.35309797525405884,
      0.6355430483818054
    ],
    [
      0.8937750458717346,
      0.06566308438777924,
      0.04056170955300331
    ],
    [
      0.5030046701431274,
      0.4454803466796875,
      0.05151545628905296
    ],
    [
      0.8349977135658264,
      0.09231123328208923,
      0.0726906806230545
    ],
    [
      0.6614586710929871,
      0.08891846239566803,
      0.24962206184864044
    ],
    [
      0.14347058534622192,
      0.793583869934082,
      0.06294508278369904
    ],
    [
      0.060604628175497055,
      0.8193368911743164,
      0.12005791813135147
    ],
    [
      0.08571886271238327,
      0.7656787037849426,
      0.14860235154628754
    ],
    [
      0.04717719554901123,
      0.9164112210273743,
      0.03641124069690704
    ],
    [
      0.696029782295227,
      0.23040318489074707,
      0.07356693595647812
    ],
    [
      0.06483817100524902,
      0.8034279346466064,
      0.1317330151796341
    ],
    [
      0.1660434901714325,
      0.026184896007180214,
      0.8077720999717712
    ],
    [
      0.7620617151260376,
      0.12715236842632294,
      0.11078546196222305
    ],
    [
      0.0871378555893898,
      0.5148738026618958,
      0.3979875445365906
    ],
    [
      0.2099592536687851,
      0.1587657481431961,
      0.6312750577926636
    ],
    [
      0.651034951210022,
      0.07554440200328827,
      0.2734212875366211
    ],
    [
      0.6681853532791138,
      0.030923038721084595,
      0.3008919656276703
    ],
    [
      0.10726094245910645,
      0.05648781359195709,
      0.8362516760826111
    ],
    [
      0.0469047836959362,
      0.862342119216919,
      0.09075231105089188
    ],
    [
      0.7839248776435852,
      0.17196153104305267,
      0.04411308094859123
    ],
    [
      0.19157716631889343,
      0.6912360191345215,
      0.11718618869781494
    ],
    [
      0.32228246331214905,
      0.6202818751335144,
      0.057435691356658936
    ],
    [
      0.0864403024315834,
      0.8032603859901428,
      0.11029903590679169
    ],
    [
      0.7451172471046448,
      0.22966830432415009,
      0.02521394193172455
    ],
    [
      0.02276681363582611,
      0.07315581291913986,
      0.9040770530700684
    ],
    [
      0.03929707407951355,
      0.03206900879740715,
      0.9286338090896606
    ],
    [
      0.0318913534283638,
      0.053142521530389786,
      0.9149661064147949
    ],
    [
      0.48012369871139526,
      0.14631417393684387,
      0.3735622465610504
    ],
    [
      0.33487042784690857,
      0.05835917964577675,
      0.6067699790000916
    ],
    [
      0.10611814260482788,
      0.8160755634307861,
      0.07780563086271286
    ],
    [
      0.20220611989498138,
      0.6109711527824402,
      0.1868232786655426
    ],
    [
      0.02946051023900509,
      0.31843093037605286,
      0.6521079540252686
    ],
    [
      0.05454152449965477,
      0.35015472769737244,
      0.5953042507171631
    ],
    [
      0.061399128288030624,
      0.9138870239257812,
      0.024713769555091858
    ],
    [
      0.7233220338821411,
      0.17699939012527466,
      0.09967836737632751
    ],
    [
      0.5652959942817688,
      0.35669729113578796,
      0.0780065506696701
    ],
    [
      0.18924717605113983,
      0.050164904445409775,
      0.7605879306793213
    ],
    [
      0.6597468852996826,
      0.04943253844976425,
      0.29082047939300537
    ],
    [
      0.6540963053703308,
      0.2589554786682129,
      0.08694826066493988
    ],
    [
      0.6018185615539551,
      0.1334635466337204,
      0.26471757888793945
    ],
    [
      0.41049057245254517,
      0.24449153244495392,
      0.3450179696083069
    ]
  ],