{
  "N": 112800,
  "usage": [
    0.34890180826187134,
    0.3324959874153137,
    0.31860220432281494
  ],
  "entropy_mean": 0.6682608723640442,
  "entropy_std": 0.21439439058303833,
  "top1_share": [
    0.3464539051055908,
    0.3436170220375061,
    0.3099290728569031
  ],
  "P_expert_given_class": [
    [
      0.145970419049263,
      0.7473748326301575,
      0.10665558278560638
    ],
    [
      0.7240102887153625,
      0.03793417289853096,
      0.23805604875087738
    ],
    [
      0.3115684688091278,
      0.5587795972824097,
      0.1296522468328476
    ],
    [
      0.17756976187229156,
      0.7375590801239014,
      0.08487116545438766
    ],
    [
      0.2171209454536438,
      0.06777995079755783,
      0.7150991559028625
    ],
    [
      0.16913580894470215,
      0.715241014957428,
      0.1156231164932251
    ],
    [
      0.03731568157672882,
      0.3165132999420166,
      0.6461713910102844
    ],
    [
      0.8314594030380249,
      0.07352768629789352,
      0.09501226246356964
    ],
    [
      0.39678820967674255,
      0.5141500234603882,
      0.08906246721744537
    ],
    [
      0.7737687230110168,
      0.10615790635347366,
      0.12007344514131546
    ],
    [
      0.6110470294952393,
      0.06802643090486526,
      0.3209267258644104
    ],
    [
      0.24935729801654816,
      0.6517691612243652,
      0.0988730788230896
    ],
    [
      0.08569112420082092,
      0.8129775524139404,
      0.10133220255374908
    ],
    [
      0.19232754409313202,
      0.622712254524231,
      0.1849612444639206
    ],
    [
      0.08893640339374542,
      0.8519459366798401,
      0.05911804735660553
    ],
    [
      0.5837391018867493,
      0.23625439405441284,
      0.18000558018684387
    ],
    [
      0.16058601438999176,
      0.612767219543457,
      0.2266467809677124
    ],
    [
      0.15902411937713623,
      0.03018910065293312,
      0.8107876181602478
    ],
    [
      0.6439812183380127,
      0.1227894201874733,
      0.23322972655296326
    ],
    [
      0.17576809227466583,
      0.3691636025905609,
      0.45506811141967773
    ],
    [
      0.21683581173419952,
      0.1622266173362732,
      0.6209387183189392
    ],
    [
      0.4923533499240875,
      0.0876491591334343,
      0.4199972152709961
    ],
    [
      0.7302237153053284,
      0.05364029482007027,
      0.2161363661289215
    ],
    [
      0.24957656860351562,
      0.05421271547675133,
      0.696210503578186
    ],
    [
      0.13191981613636017,
      0.7751081585884094,
      0.09297216683626175
    ],
    [
      0.7675280570983887,
      0.13313429057598114,
      0.09933704137802124
    ],
    [
      0.39987069368362427,
      0.43080994486808777,
      0.1693202406167984
    ],
    [
      0.6293559670448303,
      0.26511913537979126,
      0.10552460700273514
    ],
    [
      0.14171895384788513,
      0.7646048069000244,
      0.09367609024047852
    ],
    [
      0.7901651859283447,
      0.09538622945547104,
      0.11444778740406036
    ],
    [
      0.05812627077102661,
      0.12425235658884048,
      0.8176215291023254
    ],
    [
      0.059813354164361954,
      0.041332975029945374,
      0.8988528251647949
    ],
    [
      0.06478137522935867,
      0.05815556272864342,
      0.877062976360321
    ],
    [
      0.37655019760131836,
      0.08326056599617004,
      0.5401887893676758
    ],
    [
      0.23323430120944977,
      0.06570038199424744,
      0.7010659575462341
    ],
    [
      0.09391260892152786,
      0.8194258213043213,
      0.08666237443685532
    ],
    [
      0.37336966395378113,
      0.4826316833496094,
      0.14399857819080353
    ],
    [
      0.06756654381752014,
      0.3200681209564209,
      0.6123656034469604
    ],
    [
      0.09543910622596741,
      0.32319870591163635,
      0.5813611149787903
    ],
    [
      0.09419520199298859,
      0.8695377707481384,
      0.036267224699258804
    ],
    [
      0.6090668439865112,
      0.1893182098865509,
      0.20161476731300354
    ],
    [
      0.49458765983581543,
      0.3802943527698517,
      0.12511767446994781
    ],
    [
      0.23222623765468597,
      0.07743476331233978,
      0.6903392672538757
    ],
    [
      0.6709270477294922,
      0.07027885317802429,
      0.2587941884994507
    ],
    [
      0.604154646396637,
      0.2630273997783661,
      0.13281863927841187
    ],
    [
      0.6174774765968323,
      0.1476222425699234,
      0.23490016162395477
    ],
    [
      0.36824315786361694,
      0.23627309501171112,
      0.3954836428165436
    ]
  ],