{
  "N": 112800,
  "usage": [
    0.3407829701900482,
    0.3663453459739685,
    0.29287171363830566
  ],
  "entropy_mean": 0.6713461875915527,
  "entropy_std": 0.21908298134803772,
  "top1_share": [
    0.3316666781902313,
    0.38614362478256226,
    0.2821897268295288
  ],
  "P_expert_given_class": [
    [
      0.09419310092926025,
      0.7844838500022888,
      0.12132209539413452
    ],
    [
      0.8218443393707275,
      0.03923700749874115,
      0.1389189213514328
    ],
    [
      0.2553005516529083,
      0.6296877861022949,
      0.11501070857048035
    ],
    [
      0.17494960129261017,
      0.7226492166519165,
      0.10239961743354797
    ],
    [
      0.27603277564048767,
      0.06493597477674484,
      0.659030020236969
    ],
    [
      0.16066856682300568,
      0.7417039275169373,
      0.09762706607580185
    ],
    [
      0.028111876919865608,
      0.3790544271469116,
      0.5928342342376709
    ],
    [
      0.835579514503479,
      0.10450924187898636,
      0.059911154210567474
    ],
    [
      0.3928733170032501,
      0.5193722248077393,
      0.08775527775287628
    ],
    [
      0.7745945453643799,
      0.12488151341676712,
      0.10052420198917389
    ],
    [
      0.6580644845962524,
      0.07046190649271011,
      0.2714732587337494
    ],
    [
      0.18003033101558685,
      0.745139479637146,
      0.07483068108558655
    ],
    [
      0.10015254467725754,
      0.7527856230735779,
      0.1470620036125183
    ],
    [
      0.14652816951274872,
      0.7000672221183777,
      0.15340541303157806
    ],
    [
      0.07343706488609314,
      0.8712579607963562,
      0.05530507490038872
    ],
    [
      0.6214243769645691,
      0.259518563747406,
      0.11905711144208908
    ],
    [
      0.14339624345302582,
      0.6822357177734375,
      0.17436756193637848
    ],
    [
      0.1867818534374237,
      0.03229408338665962,
      0.7809249758720398
    ],
    [
      0.7030245065689087,
      0.13550333678722382,
      0.16147184371948242
    ],
    [
      0.16924186050891876,
      0.43126770853996277,
      0.39949071407318115
    ],
    [
      0.1727425903081894,
      0.21598093211650848,
      0.6112761497497559
    ],
    [
      0.5817921161651611,
      0.09916696697473526,
      0.31904172897338867
    ],
    [
      0.7383266687393188,
      0.04356273263692856,
      0.2181100994348526
    ],
    [
      0.14858485758304596,
      0.06530824303627014,
      0.7861073017120361
    ],
    [
      0.09173200279474258,
      0.7938404679298401,
      0.11442743986845016
    ],
    [
      0.7572324275970459,
      0.1759256273508072,
      0.06684010475873947
    ],
    [
      0.31594449281692505,
      0.5053298473358154,
      0.1787249892950058
    ],
    [
      0.4674343466758728,
      0.4368429183959961,
      0.09572254866361618
    ],
    [
      0.1392398178577423,
      0.7611531615257263,
      0.09960735589265823
    ],
    [
      0.777708888053894,
      0.1737695038318634,
      0.04852072894573212
    ],
    [
      0.04029218479990959,
      0.1351136416196823,
      0.8245946168899536
    ],
    [
      0.06607729941606522,
      0.08247043937444687,
      0.8514520525932312
    ],
    [
      0.04615591838955879,
      0.0741279199719429,
      0.8797158598899841
    ],
    [
      0.3335496783256531,
      0.1346072554588318,
      0.531843364238739
    ],
    [
      0.2840850353240967,
      0.10052462667226791,
      0.6153901815414429
    ],
    [
      0.0968293622136116,
      0.8456137776374817,
      0.05755648761987686
    ],
    [
      0.2940056025981903,
      0.553942084312439,
      0.1520526111125946
    ],
    [
      0.043207429349422455,
      0.4462060034275055,
      0.5105859637260437
    ],
    [
      0.08896894007921219,
      0.4373748302459717,
      0.4736570119857788
    ],
    [
      0.08707109093666077,
      0.8609524369239807,
      0.05197621136903763
    ],
    [
      0.6483398079872131,
      0.1992402821779251,
      0.1524192988872528
    ],
    [
      0.49954208731651306,
      0.38616788387298584,
      0.11429004371166229
    ],
    [
      0.1923750638961792,
      0.07536876946687698,
      0.7322549223899841
    ],
    [
      0.6754408478736877,
      0.07326392829418182,
      0.25129610300064087
    ],
    [
      0.6004698276519775,
      0.27490076422691345,
      0.12462982535362244
    ],
    [
      0.5755736231803894,
      0.21980540454387665,
      0.20462049543857574
    ],
    [
      0.45784521102905273,
      0.2566220462322235,
      0.28553301095962524
    ]
  ],