{
  "N": 112800,
  "usage": [
    0.3411695659160614,
    0.3699653148651123,
    0.2888651490211487
  ],
  "entropy_mean": 0.5932859182357788,
  "entropy_std": 0.24322465062141418,
  "top1_share": [
    0.34003546833992004,
    0.37873226404190063,
    0.2812322676181793
  ],
  "P_expert_given_class": [
    [
      0.04867443069815636,
      0.8454868793487549,
      0.10583924502134323
    ],
    [
      0.8785049319267273,
      0.01528964564204216,
      0.106205515563488
    ],
    [
      0.24020306766033173,
      0.6472271680831909,
      0.11257081478834152
    ],
    [
      0.21251465380191803,
      0.6956859827041626,
      0.0918000191450119
    ],
    [
      0.3181687295436859,
      0.03774932399392128,
      0.6440814733505249
    ],
    [
      0.11395806819200516,
      0.8040613532066345,
      0.08198060095310211
    ],
    [
      0.012664834968745708,
      0.3453386723995209,
      0.641997218132019
    ],
    [
      0.9041637182235718,
      0.061139412224292755,
      0.03469672054052353
    ],
    [
      0.4886728525161743,
      0.45364314317703247,
      0.05768446624279022
    ],
    [
      0.8468681573867798,
      0.09397123008966446,
      0.05916057527065277
    ],
    [
      0.6921260356903076,
      0.09380412101745605,
      0.21406932175159454
    ],
    [
      0.14330004155635834,
      0.7923208475112915,
      0.06437861174345016
    ],
    [
      0.06515989452600479,
      0.8037161231040955,
      0.13112349808216095
    ],
    [
      0.0947740375995636,
      0.7721261978149414,
      0.1330997794866562
    ],
    [
      0.0540626086294651,
      0.8989105224609375,
      0.047025613486766815
    ],
    [
      0.709097683429718,
      0.22843465209007263,
      0.06246709078550339
    ],
    [
      0.07528889179229736,
      0.7904015779495239,
      0.13430967926979065
    ],
    [
      0.18342231214046478,
      0.02483474649488926,
      0.7917420864105225
    ],
    [
      0.7448283433914185,
      0.12638626992702484,
      0.12878543138504028
    ],
    [
      0.09443400800228119,
      0.5128910541534424,
      0.3926747739315033
    ],
    [
      0.19781607389450073,
      0.1727496236562729,
      0.6294346451759338
    ],
    [
      0.6317744851112366,
      0.07675658166408539,
      0.29146808385849
    ],
    [
      0.6691495180130005,
      0.03317553922533989,
      0.29767435789108276
    ],
    [
      0.13307824730873108,
      0.06719399243593216,
      0.799727201461792
    ],
    [
      0.048940420150756836,
      0.8635282516479492,
      0.0875302329659462
    ],
    [
      0.7847176790237427,
      0.1770814061164856,
      0.03820119425654411
    ],
    [
      0.20349004864692688,
      0.6785016655921936,
      0.11800815910100937
    ],
    [
      0.33090725541114807,
      0.5978604555130005,
      0.07123208045959473
    ],
    [
      0.11648446321487427,
      0.7891944646835327,
      0.09432116150856018
    ],
    [
      0.7720782160758972,
      0.20353057980537415,
      0.024391863495111465
    ],
    [
      0.02552446909248829,
      0.08960628509521484,
      0.8848686814308167
    ],
    [
      0.04491810128092766,
      0.039633188396692276,
      0.915449321269989
    ],
    [
      0.03769947588443756,
      0.06637035310268402,
      0.8959307670593262
    ],
    [
      0.44432398676872253,
      0.14814241230487823,
      0.4075339138507843
    ],
    [
      0.312055379152298,
      0.052556365728378296,
      0.6353886723518372
    ],
    [
      0.1187991052865982,
      0.8005239963531494,
      0.08067677915096283
    ],
    [
      0.2127726972103119,
      0.6015032529830933,
      0.1857241839170456
    ],
    [
      0.03056224249303341,
      0.3501553535461426,
      0.6192818284034729
    ],
    [
      0.07001291215419769,
      0.35570111870765686,
      0.5742861032485962
    ],
    [
      0.06662064790725708,
      0.8976722359657288,
      0.035706453025341034
    ],
    [
      0.7233126163482666,
      0.18975712358951569,
      0.08692970126867294
    ],
    [
      0.5710935592651367,
      0.35591670870780945,
      0.07299022376537323
    ],
    [
      0.19246487319469452,
      0.05690985545516014,
      0.7506257891654968
    ],
    [
      0.6774961352348328,
      0.05202840641140938,
      0.27047500014305115
    ],
    [
      0.6566221714019775,
      0.2626631557941437,
      0.08071545511484146
    ],
    [
      0.6046021580696106,
      0.1314936727285385,
      0.2639029920101166
    ],
    [
      0.4367647171020508,
      0.23474159836769104,
      0.3284936547279358
    ]
  ],