{
  "N": 112800,
  "usage": [
    0.3413538634777069,
    0.3686624765396118,
    0.2899836599826813
  ],
  "entropy_mean": 0.6211139559745789,
  "entropy_std": 0.23493437469005585,
  "top1_share": [
    0.3381914794445038,
    0.37862589955329895,
    0.28318262100219727
  ],
  "P_expert_given_class": [
    [
      0.05452544987201691,
      0.8380164504051208,
      0.10745816677808762
    ],
    [
      0.8533313274383545,
      0.022113623097538948,
      0.1245548278093338
    ],
    [
      0.2814900577068329,
      0.6093974113464355,
      0.10911259055137634
    ],
    [
      0.20452342927455902,
      0.6971542835235596,
      0.09832189232110977
    ],
    [
      0.3059292137622833,
      0.05121380090713501,
      0.6428568959236145
    ],
    [
      0.11369649320840836,
      0.7922393679618835,
      0.094064861536026
    ],
    [
      0.014965498819947243,
      0.3503856658935547,
      0.6346492171287537
    ],
    [
      0.8918533325195312,
      0.06608071178197861,
      0.04206557944417
    ],
    [
      0.47291550040245056,
      0.4626995921134949,
      0.06438504904508591
    ],
    [
      0.8292995095252991,
      0.10600315779447556,
      0.06469642370939255
    ],
    [
      0.6928150653839111,
      0.09101206809282303,
      0.21617288887500763
    ],
    [
      0.16477368772029877,
      0.7775265574455261,
      0.05769939348101616
    ],
    [
      0.07231153547763824,
      0.7711443901062012,
      0.15654391050338745
    ],
    [
      0.0936632752418518,
      0.7835652828216553,
      0.12277200073003769
    ],
    [
      0.06788992881774902,
      0.8723661303520203,
      0.05974479764699936
    ],
    [
      0.6833029389381409,
      0.23775321245193481,
      0.07894415408372879
    ],
    [
      0.10427979379892349,
      0.7491567730903625,
      0.1465628743171692
    ],
    [
      0.20235128700733185,
      0.033381927758455276,
      0.7642664313316345
    ],
    [
      0.7163679003715515,
      0.13227097690105438,
      0.1513613909482956
    ],
    [
      0.09770910441875458,
      0.5074630975723267,
      0.3948282301425934
    ],
    [
      0.20006485283374786,
      0.15402798354625702,
      0.645906925201416
    ],
    [
      0.6088600158691406,
      0.08075229078531265,
      0.31038838624954224
    ],
    [
      0.6670976281166077,
      0.02752750739455223,
      0.30537477135658264
    ],
    [
      0.1381279081106186,
      0.07374364137649536,
      0.7881284356117249
    ],
    [
      0.05494770035147667,
      0.8501209020614624,
      0.09493126720190048
    ],
    [
      0.7705225348472595,
      0.1854751855134964,
      0.04400143772363663
    ],
    [
      0.23561671376228333,
      0.654442548751831,
      0.10994089394807816
    ],
    [
      0.3756609559059143,
      0.5480462312698364,
      0.07629280537366867
    ],
    [
      0.10279406607151031,
      0.7990236878395081,
      0.09818266332149506
    ],
    [
      0.7967652678489685,
      0.17644257843494415,
      0.026792364194989204
    ],
    [
      0.02624991163611412,
      0.08888258785009384,
      0.884867250919342
    ],
    [
      0.04893513396382332,
      0.04664846882224083,
      0.9044160842895508
    ],
    [
      0.04137064144015312,
      0.07324045151472092,
      0.885388970375061
    ],
    [
      0.40388983488082886,
      0.14580506086349487,
      0.45030462741851807
    ],
    [
      0.2958415150642395,
      0.0677146464586258,
      0.6364436745643616
    ],
    [
      0.13847468793392181,
      0.7940558195114136,
      0.06746961176395416
    ],
    [
      0.22640681266784668,
      0.5959185361862183,
      0.1776750236749649
    ],
    [
      0.03311799839138985,
      0.4013647437095642,
      0.5655171275138855
    ],
    [
      0.07496975362300873,
      0.3713396489620209,
      0.5536908507347107
    ],
    [
      0.08185870200395584,
      0.8715900778770447,
      0.04655107483267784
    ],
    [
      0.6992963552474976,
      0.19587214291095734,
      0.10483130812644958
    ],
    [
      0.5542470812797546,
      0.3632488548755646,
      0.08250351250171661
    ],
    [
      0.20661593973636627,
      0.06238654628396034,
      0.7309980392456055
    ],
    [
      0.6745386719703674,
      0.05619863048195839,
      0.26926305890083313
    ],
    [
      0.6423754692077637,
      0.2674461305141449,
      0.09017777442932129
    ],
    [
      0.5742231011390686,
      0.19026309251785278,
      0.23551397025585175
    ],
    [
      0.4527660608291626,
      0.23461702466011047,
      0.31261754035949707
    ]
  ],