{
  "hard_ratio": 0.1,
  "hard": {
    "acc_soft": 0.0,
    "acc_hard": 0.06489361822605133,
    "acc_oracle": 0.08829787373542786,
    "acc_random": 0.12340425699949265,
    "p_mean": [
      0.2657741904258728,
      0.27449989318847656,
      0.2238411158323288,
      0.23588483035564423
    ],
    "gate_entropy_mean": 1.3813278675079346
  },
  "easy": {
    "acc_soft": 1.0,
    "acc_hard": 0.978723406791687,
    "acc_oracle": 1.0,
    "acc_random": 0.9813829660415649,
    "p_mean": [
      0.2669191062450409,
      0.2786502242088318,
      0.20781688392162323,
      0.2466137707233429
    ],
    "gate_entropy_mean": 1.3786135911941528
  },
  "corr": {
    "pearson(entropy_p, CE)": 0.16821204753864633,
    "pearson(max_p, CE)": -0.06885694954237509
  }
}