{
  "acc_soft": 0.8420744680851063,
  "acc_hard": 0.705,
  "acc_oracle": 0.8853191489361703,
  "acc_random": 0.7171808510638298,
  "entropy_mean": 1.3833750508693938,
  "expert_usage_counts": [
    34,
    2368,
    14303,
    2095
  ],
  "purity_by_class": {
    "0": 0.0,
    "24": 0.0,
    "1": 0.215,
    "18": 0.445,
    "21": 0.145,
    "9": 0.995,
    "44": 0.98,
    "15": 0.1825,
    "40": 0.2775
  }
}