{
  "N": 112800,
  "usage": [
    0.4659205973148346,
    0.21023450791835785,
    0.32384487986564636
  ],
  "entropy_mean": 0.7554970979690552,
  "entropy_std": 0.2070930302143097,
  "top1_share": [
    0.5269680619239807,
    0.1533067375421524,
    0.3197251856327057
  ],
  "P_expert_given_class": [
    [
      0.42556896805763245,
      0.11415204405784607,
      0.4602779746055603
    ],
    [
      0.12293950468301773,
      0.04281582310795784,
      0.8342446088790894
    ],
    [
      0.7627217173576355,
      0.11259188503026962,
      0.12468500435352325
    ],
    [
      0.7373304963111877,
      0.14362743496894836,
      0.1190418228507042
    ],
    [
      0.7660346627235413,
      0.14298735558986664,
      0.09097667038440704
    ],
    [
      0.21986576914787292,
      0.6143156886100769,
      0.165817990899086
    ],
    [
      0.7020771503448486,
      0.18081927299499512,
      0.11710348725318909
    ],
    [
      0.4114985167980194,
      0.044583793729543686,
      0.5439170598983765
    ],
    [
      0.5104590058326721,
      0.3414645493030548,
      0.1480754017829895
    ],
    [
      0.7053231596946716,
      0.13056997954845428,
      0.16410736739635468
    ],
    [
      0.6675511002540588,
      0.15858781337738037,
      0.17386062443256378
    ],
    [
      0.6148058176040649,
      0.2633160352706909,
      0.12187869101762772
    ],
    [
      0.28123947978019714,
      0.2716818153858185,
      0.44707977771759033
    ],
    [
      0.4741656482219696,
      0.1254526823759079,
      0.4003821909427643
    ],
    [
      0.14401191473007202,
      0.6277652382850647,
      0.22822235524654388
    ],
    [
      0.25489795207977295,
      0.2893112301826477,
      0.4557904005050659
    ],
    [
      0.4932500123977661,
      0.30864688754081726,
      0.1981024593114853
    ],
    [
      0.7685657739639282,
      0.09355928748846054,
      0.1378743052482605
    ],
    [
      0.17545148730278015,
      0.07180752605199814,
      0.7527419924736023
    ],
    [
      0.40964847803115845,
      0.1360418051481247,
      0.4543095529079437
    ],
    [
      0.3070664703845978,
      0.4105771780014038,
      0.2823563516139984
    ],
    [
      0.2215651422739029,
      0.06320679187774658,
      0.7152281403541565
    ],
    [
      0.3944798409938812,
      0.2870062291622162,
      0.31851452589035034
    ],
    [
      0.5854701399803162,
      0.15180149674415588,
      0.2627277970314026
    ],
    [
      0.4627235531806946,
      0.16495245695114136,
      0.37232351303100586
    ],
    [
      0.3443276882171631,
      0.14671503007411957,
      0.50895756483078
    ],
    [
      0.6224473714828491,
      0.17903104424476624,
      0.19852139055728912
    ],
    [
      0.4077083468437195,
      0.3432519733905792,
      0.2490396946668625
    ],
    [
      0.24083702266216278,
      0.66033536195755,
      0.09882700443267822
    ],
    [
      0.1623656153678894,
      0.08805143088102341,
      0.7495840191841125
    ],
    [
      0.675453245639801,
      0.08146368712186813,
      0.24308352172374725
    ],
    [
      0.4075358808040619,
      0.0593310222029686,
      0.5331329107284546
    ],
    [
      0.6344267725944519,
      0.17525452375411987,
      0.19031870365142822
    ],
    [
      0.2878994345664978,
      0.40721797943115234,
      0.304882287979126
    ],
    [
      0.4197993278503418,
      0.08691376447677612,
      0.49328744411468506
    ],
    [
      0.6125194430351257,
      0.2169651836156845,
      0.17051619291305542
    ],
    [
      0.6498745679855347,
      0.2473917156457901,
      0.10273248702287674
    ],
    [
      0.5944969058036804,
      0.21175839006900787,
      0.1937452107667923
    ],
    [
      0.8495602011680603,
      0.06251009553670883,
      0.08792942762374878
    ],
    [
      0.3455701172351837,
      0.528010368347168,
      0.12641897797584534
    ],
    [
      0.35884466767311096,
      0.3285421133041382,
      0.3126138746738434
    ],
    [
      0.6668800115585327,
      0.17789055407047272,
      0.15522927045822144
    ],
    [
      0.3695222735404968,
      0.1376129686832428,
      0.4928644299507141
    ],
    [
      0.2472817450761795,
      0.07477502524852753,
      0.6779431104660034
    ],
    [
      0.7017409801483154,
      0.1545833945274353,
      0.14367592334747314
    ],
    [
      0.10599178820848465,
      0.06244952604174614,
      0.8315588235855103
    ],
    [
      0.5744674205780029,
      0.15932244062423706,
      0.26620954275131226
    ]
  ],