{
  "N": 112800,
  "usage": [
    0.40831464529037476,
    0.27794039249420166,
    0.31374502182006836
  ],
  "entropy_mean": 0.7331713438034058,
  "entropy_std": 0.22706004977226257,
  "top1_share": [
    0.42803192138671875,
    0.2562411427497864,
    0.3157269358634949
  ],
  "P_expert_given_class": [
    [
      0.19435368478298187,
      0.19490332901477814,
      0.6107431650161743
    ],
    [
      0.06255175918340683,
      0.02249414660036564,
      0.914954423904419
    ],
    [
      0.7079659700393677,
      0.12100476771593094,
      0.17103005945682526
    ],
    [
      0.7480145692825317,
      0.16550754010677338,
      0.0864781066775322
    ],
    [
      0.7364932298660278,
      0.2080678939819336,
      0.05543915554881096
    ],
    [
      0.15356074273586273,
      0.7015016674995422,
      0.14493772387504578
    ],
    [
      0.4835720360279083,
      0.4635078012943268,
      0.05292024835944176
    ],
    [
      0.3162705600261688,
      0.040743425488471985,
      0.642985463142395
    ],
    [
      0.3634174168109894,
      0.5143641829490662,
      0.12221885472536087
    ],
    [
      0.6413071751594543,
      0.2206011265516281,
      0.13809067010879517
    ],
    [
      0.7794163227081299,
      0.10435863584280014,
      0.11622417718172073
    ],
    [
      0.6075648665428162,
      0.2932828664779663,
      0.09915235638618469
    ],
    [
      0.1558477282524109,
      0.4653123915195465,
      0.37883955240249634
    ],
    [
      0.27636536955833435,
      0.1347358524799347,
      0.5888985991477966
    ],
    [
      0.1138228327035904,
      0.7323740124702454,
      0.1538037806749344
    ],
    [
      0.22127079963684082,
      0.47987547516822815,
      0.2988540828227997
    ],
    [
      0.298324853181839,
      0.6549770832061768,
      0.04669778048992157
    ],
    [
      0.8376737236976624,
      0.09439690411090851,
      0.06792902946472168
    ],
    [
      0.06565043330192566,
      0.0723075419664383,
      0.862041711807251
    ],
    [
      0.25409671664237976,
      0.21874384582042694,
      0.5271604657173157
    ],
    [
      0.32991260290145874,
      0.5693157911300659,
      0.10077150911092758
    ],
    [
      0.1753397434949875,
      0.05736599490046501,
      0.7672942280769348
    ],
    [
      0.7239548563957214,
      0.07954404503107071,
      0.1965012103319168
    ],
    [
      0.6498147249221802,
      0.09237262606620789,
      0.2578125298023224
    ],
    [
      0.19413810968399048,
      0.19021965563297272,
      0.6156409978866577
    ],
    [
      0.31621354818344116,
      0.1328599601984024,
      0.5509260296821594
    ],
    [
      0.4444108009338379,
      0.46289631724357605,
      0.09269318729639053
    ],
    [
      0.4091362953186035,
      0.467469185590744,
      0.12339504063129425
    ],
    [
      0.1226424127817154,
      0.7706962823867798,
      0.10666120797395706
    ],
    [
      0.05457703769207001,
      0.08229337632656097,
      0.8631302118301392
    ],
    [
      0.4857931435108185,
      0.16212330758571625,
      0.35208380222320557
    ],
    [
      0.14805658161640167,
      0.1264822781085968,
      0.7254603505134583
    ],
    [
      0.7241308093070984,
      0.15790672600269318,
      0.11796271055936813
    ],
    [
      0.22379331290721893,
      0.630458414554596,
      0.14574873447418213
    ],
    [
      0.37139248847961426,
      0.1993986964225769,
      0.42920857667922974
    ],
    [
      0.5838554501533508,
      0.1370079666376114,
      0.279136598110199
    ],
    [
      0.5308600068092346,
      0.3546545207500458,
      0.11448521912097931
    ],
    [
      0.6499147415161133,
      0.21885167062282562,
      0.13123342394828796
    ],
    [
      0.7824774980545044,
      0.11432060599327087,
      0.10320261120796204
    ],
    [
      0.3328358232975006,
      0.47791844606399536,
      0.18924596905708313
    ],
    [
      0.3314308822154999,
      0.5133723616600037,
      0.15519744157791138
    ],
    [
      0.5563467144966125,
      0.2984555959701538,
      0.14519746601581573
    ],
    [
      0.6134843230247498,
      0.18058910965919495,
      0.2059262990951538
    ],
    [
      0.2826789319515228,
      0.05286974459886551,
      0.6644522547721863
    ],
    [
      0.5389448404312134,
      0.33005672693252563,
      0.1309986710548401
    ],
    [
      0.06317630410194397,
      0.10464133322238922,
      0.8321829438209534
    ],
    [
      0.5339328050613403,
      0.1959976702928543,
      0.2700691819190979
    ]
  ],