{
  "N": 112800,
  "usage": [
    0.38493964076042175,
    0.2162034958600998,
    0.39885687828063965
  ],
  "entropy_mean": 0.816836416721344,
  "entropy_std": 0.22903946042060852,
  "top1_share": [
    0.37347516417503357,
    0.16755318641662598,
    0.45897161960601807
  ],
  "P_expert_given_class": [
    [
      0.3055286705493927,
      0.12959639728069305,
      0.5648744106292725
    ],
    [
      0.183807834982872,
      0.06029963865876198,
      0.7558922171592712
    ],
    [
      0.590896725654602,
      0.16397307813167572,
      0.24512949585914612
    ],
    [
      0.5284397602081299,
      0.20766021311283112,
      0.2639007270336151
    ],
    [
      0.5869408845901489,
      0.1567995399236679,
      0.2562594711780548
    ],
    [
      0.24267064034938812,
      0.4292890429496765,
      0.3280407190322876
    ],
    [
      0.5713358521461487,
      0.21184007823467255,
      0.21682393550872803
    ],
    [
      0.2975713014602661,
      0.06675825268030167,
      0.6356711387634277
    ],
    [
      0.36766016483306885,
      0.3163185119628906,
      0.3160207271575928
    ],
    [
      0.4654907286167145,
      0.14150716364383698,
      0.3930021822452545
    ],
    [
      0.4408806264400482,
      0.2725101411342621,
      0.286609411239624
    ],
    [
      0.3702336251735687,
      0.3020016849040985,
      0.327764630317688
    ],
    [
      0.30457115173339844,
      0.20786848664283752,
      0.4875601828098297
    ],
    [
      0.35091710090637207,
      0.14249758422374725,
      0.5065862536430359
    ],
    [
      0.20869791507720947,
      0.42701101303100586,
      0.36429041624069214
    ],
    [
      0.29864609241485596,
      0.18970493972301483,
      0.5116493701934814
    ],
    [
      0.4672447741031647,
      0.22701939940452576,
      0.3057345747947693
    ],
    [
      0.5513877868652344,
      0.1493254154920578,
      0.29928627610206604
    ],
    [
      0.2233346551656723,
      0.06830941885709763,
      0.7083558440208435
    ],
    [
      0.3862488567829132,
      0.13505896925926208,
      0.4786923825740814
    ],
    [
      0.2907428443431854,
      0.4225669205188751,
      0.28669053316116333
    ],
    [
      0.2853800654411316,
      0.09566657245159149,
      0.6189531087875366
    ],
    [
      0.32574498653411865,
      0.4019756019115448,
      0.2722786068916321
    ],
    [
      0.4662374258041382,
      0.26276910305023193,
      0.2709926664829254
    ],
    [
      0.3287507891654968,
      0.18801923096179962,
      0.4832295775413513
    ],
    [
      0.2397788017988205,
      0.16840629279613495,
      0.5918155908584595
    ],
    [
      0.48474085330963135,
      0.2167520374059677,
      0.2985069155693054
    ],
    [
      0.27472901344299316,
      0.4276997447013855,
      0.29757148027420044
    ],
    [
      0.2641333043575287,
      0.45528316497802734,
      0.28058379888534546
    ],
    [
      0.19732969999313354,
      0.09319768100976944,
      0.7094724774360657
    ],
    [
      0.5273463726043701,
      0.1292288899421692,
      0.34342509508132935
    ],
    [
      0.3741811513900757,
      0.10649541020393372,
      0.519324004650116
    ],
    [
      0.5157867670059204,
      0.24404248595237732,
      0.2401711791753769
    ],
    [
      0.3627496063709259,
      0.3397662043571472,
      0.2974840998649597
    ],
    [
      0.4296203553676605,
      0.0944623127579689,
      0.4759177267551422
    ],
    [
      0.47824549674987793,
      0.2280266135931015,
      0.29372864961624146
    ],
    [
      0.4970579147338867,
      0.2907212972640991,
      0.21222037076950073
    ],
    [
      0.4849672019481659,
      0.23572354018688202,
      0.2793090045452118
    ],
    [
      0.6569733023643494,
      0.13682109117507935,
      0.2062053233385086
    ],
    [
      0.24287749826908112,
      0.5134068131446838,
      0.24371564388275146
    ],
    [
      0.3907949924468994,
      0.18439604341983795,
      0.4248083233833313
    ],
    [
      0.4823298752307892,
      0.20558424293994904,
      0.3120869994163513
    ],
    [
      0.40736380219459534,
      0.1994941234588623,
      0.39314255118370056
    ],
    [
      0.22188538312911987,
      0.12601307034492493,
      0.6521010398864746
    ],
    [
      0.49314284324645996,
      0.17536501586437225,
      0.3314920663833618
    ],
    [
      0.15020686388015747,
      0.08168662339448929,
      0.7681065201759338
    ],
    [
      0.4765573740005493,
      0.13264508545398712,
      0.39079639315605164
    ]
  ],