{
  "N": 112800,
  "usage": [
    0.40951642394065857,
    0.2767506241798401,
    0.31373295187950134
  ],
  "entropy_mean": 0.7262711524963379,
  "entropy_std": 0.22987520694732666,
  "top1_share": [
    0.4287765920162201,
    0.2550177276134491,
    0.3162056803703308
  ],
  "P_expert_given_class": [
    [
      0.1863124817609787,
      0.1988731324672699,
      0.614814281463623
    ],
    [
      0.05848686769604683,
      0.020272649824619293,
      0.9212412238121033
    ],
    [
      0.7095692157745361,
      0.11880712956190109,
      0.17162412405014038
    ],
    [
      0.7688274383544922,
      0.15189789235591888,
      0.07927466183900833
    ],
    [
      0.7336292862892151,
      0.21324734389781952,
      0.05312345176935196
    ],
    [
      0.1440867930650711,
      0.7069880366325378,
      0.14892585575580597
    ],
    [
      0.484561562538147,
      0.46123218536376953,
      0.054205939173698425
    ],
    [
      0.31626495718955994,
      0.04074786603450775,
      0.6429879665374756
    ],
    [
      0.3708685040473938,
      0.5099254250526428,
      0.11920604854822159
    ],
    [
      0.6508293747901917,
      0.2244960069656372,
      0.1246744766831398
    ],
    [
      0.7848060131072998,
      0.10502723604440689,
      0.11016609519720078
    ],
    [
      0.6192649602890015,
      0.2839699983596802,
      0.09676498919725418
    ],
    [
      0.14964450895786285,
      0.47213882207870483,
      0.3782165050506592
    ],
    [
      0.2716291844844818,
      0.13214299082756042,
      0.5962274074554443
    ],
    [
      0.10744296759366989,
      0.7397512793540955,
      0.152806356549263
    ],
    [
      0.2174401879310608,
      0.48404738306999207,
      0.29851263761520386
    ],
    [
      0.29114094376564026,
      0.6621736884117126,
      0.04668577387928963
    ],
    [
      0.8378521800041199,
      0.09829508513212204,
      0.06385216116905212
    ],
    [
      0.06186819076538086,
      0.0708433985710144,
      0.8672885894775391
    ],
    [
      0.2537793517112732,
      0.22491396963596344,
      0.5213069915771484
    ],
    [
      0.34597232937812805,
      0.5497739315032959,
      0.1042531356215477
    ],
    [
      0.17300228774547577,
      0.05339846387505531,
      0.7735995054244995
    ],
    [
      0.7316851019859314,
      0.0798596665263176,
      0.18845492601394653
    ],
    [
      0.655588686466217,
      0.08968064934015274,
      0.25473007559776306
    ],
    [
      0.18535539507865906,
      0.18729571998119354,
      0.6273486614227295
    ],
    [
      0.3181630074977875,
      0.126084104180336,
      0.5557517409324646
    ],
    [
      0.4390861988067627,
      0.46828052401542664,
      0.0926332175731659
    ],
    [
      0.4153497517108917,
      0.4585694372653961,
      0.12608091533184052
    ],
    [
      0.1188661977648735,
      0.7725241780281067,
      0.10860997438430786
    ],
    [
      0.054983921349048615,
      0.09620477259159088,
      0.8488116264343262
    ],
    [
      0.48735105991363525,
      0.1587274670600891,
      0.353921502828598
    ],
    [
      0.14899316430091858,
      0.12195700407028198,
      0.7290497422218323
    ],
    [
      0.7424347400665283,
      0.1461162120103836,
      0.11144892126321793
    ],
    [
      0.23918703198432922,
      0.6191447377204895,
      0.14166758954524994
    ],
    [
      0.36360692977905273,
      0.19476842880249023,
      0.441624253988266
    ],
    [
      0.5732470750808716,
      0.1385926753282547,
      0.28815996646881104
    ],
    [
      0.5283899903297424,
      0.35658547282218933,
      0.11502505093812943
    ],
    [
      0.6343416571617126,
      0.22563913464546204,
      0.14001893997192383
    ],
    [
      0.7919888496398926,
      0.10527074337005615,
      0.10274014621973038
    ],
    [
      0.3428589999675751,
      0.47236374020576477,
      0.18477649986743927
    ],
    [
      0.3256402015686035,
      0.5188292264938354,
      0.15553000569343567
    ],
    [
      0.565621018409729,
      0.2970202565193176,
      0.137358620762825
    ],
    [
      0.6161715388298035,
      0.1677788347005844,
      0.21605002880096436
    ],
    [
      0.2883685529232025,
      0.051072873175144196,
      0.6605589389801025
    ],
    [
      0.5478979349136353,
      0.32987090945243835,
      0.12223108857870102
    ],
    [
      0.06349067389965057,
      0.1025586798787117,
      0.8339503407478333
    ],
    [
      0.5313239097595215,
      0.19951830804347992,
      0.2691572308540344
    ]
  ],