{
  "N": 112800,
  "usage": [
    0.41831907629966736,
    0.27093711495399475,
    0.3107438087463379
  ],
  "entropy_mean": 0.7378019094467163,
  "entropy_std": 0.22061283886432648,
  "top1_share": [
    0.4463120698928833,
    0.23901595175266266,
    0.31467199325561523
  ],
  "P_expert_given_class": [
    [
      0.20729133486747742,
      0.19157671928405762,
      0.6011328101158142
    ],
    [
      0.06998775154352188,
      0.027377862483263016,
      0.9026338458061218
    ],
    [
      0.7086134552955627,
      0.1208898276090622,
      0.17049598693847656
    ],
    [
      0.7748785018920898,
      0.14417357742786407,
      0.08094801008701324
    ],
    [
      0.7279621362686157,
      0.21680384874343872,
      0.05523446574807167
    ],
    [
      0.1905333399772644,
      0.6888613700866699,
      0.12060566991567612
    ],
    [
      0.4936008155345917,
      0.4525455832481384,
      0.05385298281908035
    ],
    [
      0.3247471749782562,
      0.04297662526369095,
      0.6322764158248901
    ],
    [
      0.3869559168815613,
      0.49124136567115784,
      0.12180297821760178
    ],
    [
      0.6552786231040955,
      0.2130756974220276,
      0.13164636492729187
    ],
    [
      0.7740655541419983,
      0.10836087912321091,
      0.1175738275051117
    ],
    [
      0.6021750569343567,
      0.29144972562789917,
      0.10637474805116653
    ],
    [
      0.15129141509532928,
      0.44928178191185,
      0.3994266986846924
    ],
    [
      0.3099198639392853,
      0.13741089403629303,
      0.5526686906814575
    ],
    [
      0.10560210049152374,
      0.7197449207305908,
      0.17465358972549438
    ],
    [
      0.2348020374774933,
      0.4558723568916321,
      0.3093253970146179
    ],
    [
      0.3272315263748169,
      0.6225862503051758,
      0.05018201470375061
    ],
    [
      0.8298137187957764,
      0.09647203236818314,
      0.07371427863836288
    ],
    [
      0.07381471246480942,
      0.07127020508050919,
      0.8549150824546814
    ],
    [
      0.2784370481967926,
      0.19964848458766937,
      0.5219142436981201
    ],
    [
      0.3108643591403961,
      0.5779922604560852,
      0.11114395409822464
    ],
    [
      0.17732274532318115,
      0.05842270702123642,
      0.7642546892166138
    ],
    [
      0.7118532061576843,
      0.08226782828569412,
      0.20587871968746185
    ],
    [
      0.6565250158309937,
      0.09720262885093689,
      0.24627281725406647
    ],
    [
      0.20706868171691895,
      0.17523613572120667,
      0.6176966428756714
    ],
    [
      0.322512149810791,
      0.12978802621364594,
      0.5476988554000854
    ],
    [
      0.48014363646507263,
      0.42271289229393005,
      0.09714296460151672
    ],
    [
      0.4104757010936737,
      0.45675894618034363,
      0.1327652931213379
    ],
    [
      0.14932605624198914,
      0.7593364119529724,
      0.09133771806955338
    ],
    [
      0.06488238275051117,
      0.08699572086334229,
      0.8481222987174988
    ],
    [
      0.5094298720359802,
      0.16190263628959656,
      0.3286675810813904
    ],
    [
      0.16725081205368042,
      0.12854203581809998,
      0.7042068839073181
    ],
    [
      0.7139068841934204,
      0.16584889590740204,
      0.12024350464344025
    ],
    [
      0.22783970832824707,
      0.6030202507972717,
      0.16914065182209015
    ],
    [
      0.38323885202407837,
      0.19606269896030426,
      0.42069876194000244
    ],
    [
      0.5871641039848328,
      0.14612889289855957,
      0.26670607924461365
    ],
    [
      0.5572060942649841,
      0.32724642753601074,
      0.11554741114377975
    ],
    [
      0.6614453196525574,
      0.2248716950416565,
      0.11368344724178314
    ],
    [
      0.7961633801460266,
      0.10684806853532791,
      0.09698809683322906
    ],
    [
      0.3279499113559723,
      0.470602810382843,
      0.2014479637145996
    ],
    [
      0.35053750872612,
      0.4871269762516022,
      0.1623351275920868
    ],
    [
      0.5793387293815613,
      0.2804754674434662,
      0.14018550515174866
    ],
    [
      0.6306434273719788,
      0.18343877792358398,
      0.1859174370765686
    ],
    [
      0.2733340263366699,
      0.05756989121437073,
      0.6690964698791504
    ],
    [
      0.5674402713775635,
      0.3097932040691376,
      0.12276700139045715
    ],
    [
      0.06566237658262253,
      0.10340280085802078,
      0.8309350609779358
    ],
    [
      0.544468104839325,
      0.19283047318458557,
      0.26270148158073425
    ]
  ],