{
  "N": 112800,
  "usage": [
    0.4128970205783844,
    0.2733694612979889,
    0.3137335181236267
  ],
  "entropy_mean": 0.7333889007568359,
  "entropy_std": 0.2280176281929016,
  "top1_share": [
    0.4362677335739136,
    0.2501950263977051,
    0.31353724002838135
  ],
  "P_expert_given_class": [
    [
      0.19414255023002625,
      0.18969222903251648,
      0.6161654591560364
    ],
    [
      0.058900535106658936,
      0.01967444457113743,
      0.9214243292808533
    ],
    [
      0.7132991552352905,
      0.1160888671875,
      0.17061150074005127
    ],
    [
      0.7611083388328552,
      0.15423788130283356,
      0.08465318381786346
    ],
    [
      0.7420952916145325,
      0.20290662348270416,
      0.054998163133859634
    ],
    [
      0.1624664068222046,
      0.6899877786636353,
      0.14754529297351837
    ],
    [
      0.494578093290329,
      0.45249608159065247,
      0.052926380187273026
    ],
    [
      0.3240741193294525,
      0.0433427132666111,
      0.6325828433036804
    ],
    [
      0.36480283737182617,
      0.5100838541984558,
      0.12511464953422546
    ],
    [
      0.6499091386795044,
      0.21657145023345947,
      0.1335199922323227
    ],
    [
      0.7872502207756042,
      0.1043342873454094,
      0.10841456055641174
    ],
    [
      0.598588228225708,
      0.2969695031642914,
      0.10444223135709763
    ],
    [
      0.1567503809928894,
      0.4695395827293396,
      0.37370985746383667
    ],
    [
      0.28273794054985046,
      0.13155050575733185,
      0.5857109427452087
    ],
    [
      0.10529293119907379,
      0.7344264388084412,
      0.1602814942598343
    ],
    [
      0.2291874885559082,
      0.46903300285339355,
      0.30177900195121765
    ],
    [
      0.3035488724708557,
      0.6479555368423462,
      0.04849619418382645
    ],
    [
      0.8373737931251526,
      0.09683839976787567,
      0.06578721106052399
    ],
    [
      0.06600156426429749,
      0.06693579256534576,
      0.867063581943512
    ],
    [
      0.26398590207099915,
      0.21372823417186737,
      0.522285521030426
    ],
    [
      0.32383596897125244,
      0.5626890063285828,
      0.1134747564792633
    ],
    [
      0.17181618511676788,
      0.05426747724413872,
      0.7739173173904419
    ],
    [
      0.7309165596961975,
      0.07499106228351593,
      0.19409282505512238
    ],
    [
      0.6530953645706177,
      0.09324309229850769,
      0.25366225838661194
    ],
    [
      0.1954171061515808,
      0.1821509450674057,
      0.622431755065918
    ],
    [
      0.3201761245727539,
      0.13513155281543732,
      0.5446920394897461
    ],
    [
      0.46531912684440613,
      0.4429232180118561,
      0.09175719320774078
    ],
    [
      0.4120804965496063,
      0.454959511756897,
      0.13295990228652954
    ],
    [
      0.12878194451332092,
      0.7580977082252502,
      0.11312068998813629
    ],
    [
      0.06465955078601837,
      0.09155642241239548,
      0.8437827825546265
    ],
    [
      0.497207373380661,
      0.15902745723724365,
      0.3437650501728058
    ],
    [
      0.15289758145809174,
      0.12015967071056366,
      0.726942241191864
    ],
    [
      0.7184592485427856,
      0.16267713904380798,
      0.11886321008205414
    ],
    [
      0.22465209662914276,
      0.6125653982162476,
      0.1627824902534485
    ],
    [
      0.3786827623844147,
      0.18558377027511597,
      0.43573302030563354
    ],
    [
      0.5889962911605835,
      0.13918426632881165,
      0.27181896567344666
    ],
    [
      0.5436824560165405,
      0.3432590067386627,
      0.11305849999189377
    ],
    [
      0.6524406671524048,
      0.22014091908931732,
      0.12741820514202118
    ],
    [
      0.7931260466575623,
      0.10922932624816895,
      0.0976443961262703
    ],
    [
      0.32269033789634705,
      0.4910805821418762,
      0.18622900545597076
    ],
    [
      0.34345757961273193,
      0.49875742197036743,
      0.15778492391109467
    ],
    [
      0.5679818987846375,
      0.28856348991394043,
      0.1434541940689087
    ],
    [
      0.6179960370063782,
      0.180503711104393,
      0.2015007585287094
    ],
    [
      0.28664833307266235,
      0.05029970407485962,
      0.6630516052246094
    ],
    [
      0.5526208281517029,
      0.3180103600025177,
      0.12936891615390778
    ],
    [
      0.06801315397024155,
      0.09668862074613571,
      0.8352981805801392
    ],
    [
      0.5344114303588867,
      0.19623154401779175,
      0.26935628056526184
    ]
  ],