{
  "N": 112800,
  "usage": [
    0.47730085253715515,
    0.23512718081474304,
    0.2875719666481018
  ],
  "entropy_mean": 0.7642818689346313,
  "entropy_std": 0.19894686341285706,
  "top1_share": [
    0.5332801342010498,
    0.1776418387889862,
    0.289078027009964
  ],
  "P_expert_given_class": [
    [
      0.32911795377731323,
      0.1602126955986023,
      0.5106693506240845
    ],
    [
      0.16111904382705688,
      0.0432676300406456,
      0.7956138253211975
    ],
    [
      0.759066104888916,
      0.10792096704244614,
      0.13301411271095276
    ],
    [
      0.782353401184082,
      0.13652481138706207,
      0.0811210349202156
    ],
    [
      0.7279828190803528,
      0.21312212944030762,
      0.05889496952295303
    ],
    [
      0.24558082222938538,
      0.6696248650550842,
      0.0847938284277916
    ],
    [
      0.6506008505821228,
      0.2777182161808014,
      0.07168181240558624
    ],
    [
      0.4074510335922241,
      0.06011839583516121,
      0.5324296951293945
    ],
    [
      0.44975757598876953,
      0.4431394040584564,
      0.10710327327251434
    ],
    [
      0.6744599342346191,
      0.1854938566684723,
      0.14004594087600708
    ],
    [
      0.7582653760910034,
      0.11880777031183243,
      0.1229269951581955
    ],
    [
      0.606263279914856,
      0.29136916995048523,
      0.10236845165491104
    ],
    [
      0.1918923258781433,
      0.36772796511650085,
      0.4403800964355469
    ],
    [
      0.44708988070487976,
      0.12538689374923706,
      0.427523136138916
    ],
    [
      0.14435824751853943,
      0.6669412851333618,
      0.18870079517364502
    ],
    [
      0.28152304887771606,
      0.3932535946369171,
      0.3252236545085907
    ],
    [
      0.46112263202667236,
      0.44498270750045776,
      0.09389466047286987
    ],
    [
      0.826723575592041,
      0.09537994116544724,
      0.07789713144302368
    ],
    [
      0.18833577632904053,
      0.07635928690433502,
      0.7353054285049438
    ],
    [
      0.41421177983283997,
      0.14452193677425385,
      0.4412669837474823
    ],
    [
      0.3460128903388977,
      0.5150949954986572,
      0.13889218866825104
    ],
    [
      0.2426903247833252,
      0.06240800395607948,
      0.6949015855789185
    ],
    [
      0.600982129573822,
      0.09079557657241821,
      0.3082220256328583
    ],
    [
      0.7293407917022705,
      0.08610551059246063,
      0.18455442786216736
    ],
    [
      0.3159857988357544,
      0.17186765372753143,
      0.5121460556983948
    ],
    [
      0.39692115783691406,
      0.14738729596138,
      0.45569169521331787
    ],
    [
      0.5821412801742554,
      0.27226847410202026,
      0.14559002220630646
    ],
    [
      0.45626571774482727,
      0.39180994033813477,
      0.15192383527755737
    ],
    [
      0.22318196296691895,
      0.7273321151733398,
      0.049486517906188965
    ],
    [
      0.14774663746356964,
      0.1101817712187767,
      0.7420719265937805
    ],
    [
      0.6353493928909302,
      0.10801246762275696,
      0.25663840770721436
    ],
    [
      0.2869912385940552,
      0.08773421496152878,
      0.6252750754356384
    ],
    [
      0.7448522448539734,
      0.11003907769918442,
      0.14510910212993622
    ],
    [
      0.27623462677001953,
      0.5796720385551453,
      0.1440936177968979
    ],
    [
      0.43995746970176697,
      0.16784776747226715,
      0.3921946585178375
    ],
    [
      0.6354074478149414,
      0.1436605155467987,
      0.2209312915802002
    ],
    [
      0.6001168489456177,
      0.25651946663856506,
      0.14336398243904114
    ],
    [
      0.7114085555076599,
      0.19317667186260223,
      0.09541483968496323
    ],
    [
      0.8374388217926025,
      0.07647213339805603,
      0.0860881432890892
    ],
    [
      0.3793136477470398,
      0.41134074330329895,
      0.20934534072875977
    ],
    [
      0.41269540786743164,
      0.38482892513275146,
      0.20247487723827362
    ],
    [
      0.613521158695221,
      0.2424326390028,
      0.14404700696468353
    ],
    [
      0.6575148701667786,
      0.1467902809381485,
      0.19569604098796844
    ],
    [
      0.31379568576812744,
      0.05147629976272583,
      0.6347283720970154
    ],
    [
      0.628444254398346,
      0.24450744688510895,
      0.1270485371351242
    ],
    [
      0.0990615263581276,
      0.10252464562654495,
      0.7984141707420349
    ],
    [
      0.6124964952468872,
      0.14681708812713623,
      0.24068637192249298
    ]
  ],