{
  "N": 112800,
  "usage": [
    0.4146616756916046,
    0.27172335982322693,
    0.31361502408981323
  ],
  "entropy_mean": 0.7381983399391174,
  "entropy_std": 0.22252462804317474,
  "top1_share": [
    0.4383510649204254,
    0.24700354039669037,
    0.314645379781723
  ],
  "P_expert_given_class": [
    [
      0.19800984859466553,
      0.19138558208942413,
      0.6106042265892029
    ],
    [
      0.06545063853263855,
      0.024566417559981346,
      0.9099830389022827
    ],
    [
      0.7084255814552307,
      0.11939935386180878,
      0.1721751093864441
    ],
    [
      0.7665985226631165,
      0.1499612182378769,
      0.08343951404094696
    ],
    [
      0.7368116974830627,
      0.20682740211486816,
      0.056360937654972076
    ],
    [
      0.18491004407405853,
      0.6830903887748718,
      0.1319998949766159
    ],
    [
      0.4900836646556854,
      0.4586586058139801,
      0.051258087158203125
    ],
    [
      0.3234325647354126,
      0.04239271953701973,
      0.6341745257377625
    ],
    [
      0.3823871910572052,
      0.4966612756252289,
      0.12095194309949875
    ],
    [
      0.6495757102966309,
      0.21320247650146484,
      0.13722196221351624
    ],
    [
      0.7707170844078064,
      0.1082727313041687,
      0.12101089209318161
    ],
    [
      0.5977829098701477,
      0.29307958483695984,
      0.10913843661546707
    ],
    [
      0.15632328391075134,
      0.4644436240196228,
      0.37923339009284973
    ],
    [
      0.29412832856178284,
      0.13361530005931854,
      0.5722557902336121
    ],
    [
      0.10237349569797516,
      0.7312690019607544,
      0.1663585603237152
    ],
    [
      0.2277425080537796,
      0.4661608338356018,
      0.30609703063964844
    ],
    [
      0.31631165742874146,
      0.6365706920623779,
      0.04711710661649704
    ],
    [
      0.8283095955848694,
      0.09666642546653748,
      0.07502324134111404
    ],
    [
      0.07042531669139862,
      0.07030133157968521,
      0.8592727780342102
    ],
    [
      0.27801039814949036,
      0.198523610830307,
      0.523466169834137
    ],
    [
      0.32368987798690796,
      0.5646930932998657,
      0.11161696165800095
    ],
    [
      0.1731654703617096,
      0.057241350412368774,
      0.7695928812026978
    ],
    [
      0.708256721496582,
      0.07625438272953033,
      0.215488463640213
    ],
    [
      0.6433133482933044,
      0.09255428612232208,
      0.2641327977180481
    ],
    [
      0.19853414595127106,
      0.18112386763095856,
      0.6203418970108032
    ],
    [
      0.32663458585739136,
      0.13078774511814117,
      0.5425779223442078
    ],
    [
      0.4575091004371643,
      0.44721731543540955,
      0.09527356177568436
    ],
    [
      0.409657746553421,
      0.4562501907348633,
      0.13409174978733063
    ],
    [
      0.14730221033096313,
      0.7538900375366211,
      0.09880726784467697
    ],
    [
      0.06498969346284866,
      0.0864485576748848,
      0.8485610485076904
    ],
    [
      0.49658504128456116,
      0.1600441038608551,
      0.34337088465690613
    ],
    [
      0.1695721298456192,
      0.11886847019195557,
      0.7115597128868103
    ],
    [
      0.710590660572052,
      0.16581028699874878,
      0.12359964102506638
    ],
    [
      0.23669351637363434,
      0.6004686951637268,
      0.16283851861953735
    ],
    [
      0.39918816089630127,
      0.17935967445373535,
      0.4214521050453186
    ],
    [
      0.5862035155296326,
      0.14583025872707367,
      0.2679665684700012
    ],
    [
      0.5348526835441589,
      0.34218814969062805,
      0.122960165143013
    ],
    [
      0.6552510857582092,
      0.22045911848545074,
      0.12428956478834152
    ],
    [
      0.7949051260948181,
      0.10428311675786972,
      0.10081195086240768
    ],
    [
      0.32734644412994385,
      0.4816899001598358,
      0.1909635066986084
    ],
    [
      0.34757429361343384,
      0.492780864238739,
      0.15964534878730774
    ],
    [
      0.5726575255393982,
      0.2815699577331543,
      0.14577214419841766
    ],
    [
      0.6182267665863037,
      0.18133167922496796,
      0.2004406601190567
    ],
    [
      0.2800735831260681,
      0.05291402339935303,
      0.6670120358467102
    ],
    [
      0.5593301653862,
      0.31145814061164856,
      0.1292119175195694
    ],
    [
      0.06384287029504776,
      0.10345813632011414,
      0.8326979279518127
    ],
    [
      0.5353415608406067,
      0.19697628915309906,
      0.26768216490745544
    ]
  ],