{
  "N": 112800,
  "usage": [
    0.40765655040740967,
    0.2772600054740906,
    0.31508344411849976
  ],
  "entropy_mean": 0.7250524759292603,
  "entropy_std": 0.23190051317214966,
  "top1_share": [
    0.4278812110424042,
    0.2542109787464142,
    0.31790781021118164
  ],
  "P_expert_given_class": [
    [
      0.18581941723823547,
      0.1915672868490219,
      0.6226140856742859
    ],
    [
      0.056207530200481415,
      0.02029535174369812,
      0.9234973192214966
    ],
    [
      0.7094492316246033,
      0.12139854580163956,
      0.16915199160575867
    ],
    [
      0.7767802476882935,
      0.1522625833749771,
      0.07095720618963242
    ],
    [
      0.7414961457252502,
      0.20784558355808258,
      0.05065815523266792
    ],
    [
      0.1461227387189865,
      0.710239589214325,
      0.14363843202590942
    ],
    [
      0.4891320765018463,
      0.4570436179637909,
      0.05382492020726204
    ],
    [
      0.312102347612381,
      0.04233987629413605,
      0.6455563306808472
    ],
    [
      0.36302414536476135,
      0.5176336169242859,
      0.11934135109186172
    ],
    [
      0.6516578793525696,
      0.22270558774471283,
      0.12563632428646088
    ],
    [
      0.7879102826118469,
      0.11063343286514282,
      0.10145625472068787
    ],
    [
      0.6243102550506592,
      0.28375113010406494,
      0.0919390320777893
    ],
    [
      0.15339088439941406,
      0.44758960604667664,
      0.39901983737945557
    ],
    [
      0.2605557143688202,
      0.1332186907529831,
      0.6062266826629639
    ],
    [
      0.10645075142383575,
      0.7301115989685059,
      0.1634386032819748
    ],
    [
      0.2145233452320099,
      0.49189189076423645,
      0.2935842275619507
    ],
    [
      0.2896728813648224,
      0.6663649082183838,
      0.04396257922053337
    ],
    [
      0.8408116698265076,
      0.10027453303337097,
      0.05891406908631325
    ],
    [
      0.05985778197646141,
      0.07220075279474258,
      0.867940366268158
    ],
    [
      0.2489331066608429,
      0.2320997565984726,
      0.5189672708511353
    ],
    [
      0.34439173340797424,
      0.5475830435752869,
      0.10802508145570755
    ],
    [
      0.169538676738739,
      0.05553882569074631,
      0.7749230265617371
    ],
    [
      0.7173870801925659,
      0.08275409042835236,
      0.19985808432102203
    ],
    [
      0.6415573954582214,
      0.09331229329109192,
      0.2651296854019165
    ],
    [
      0.18725785613059998,
      0.18166127800941467,
      0.6310806274414062
    ],
    [
      0.31663596630096436,
      0.13213543593883514,
      0.5512287616729736
    ],
    [
      0.43634355068206787,
      0.4722657799720764,
      0.09139063209295273
    ],
    [
      0.41777896881103516,
      0.4565889537334442,
      0.12563200294971466
    ],
    [
      0.1229955181479454,
      0.7724084258079529,
      0.10459626466035843
    ],
    [
      0.05263905227184296,
      0.09213726222515106,
      0.8552241921424866
    ],
    [
      0.47638970613479614,
      0.16485244035720825,
      0.3587581515312195
    ],
    [
      0.13159091770648956,
      0.11905227601528168,
      0.7493565082550049
    ],
    [
      0.7354856133460999,
      0.14911165833473206,
      0.11540310829877853
    ],
    [
      0.23647193610668182,
      0.619278609752655,
      0.14424803853034973
    ],
    [
      0.3498983681201935,
      0.19816316664218903,
      0.4519384205341339
    ],
    [
      0.572833240032196,
      0.14317889511585236,
      0.28398820757865906
    ],
    [
      0.5282827019691467,
      0.36135217547416687,
      0.110365130007267
    ],
    [
      0.6429588198661804,
      0.21748243272304535,
      0.13955803215503693
    ],
    [
      0.7868657112121582,
      0.1145690381526947,
      0.09856430441141129
    ],
    [
      0.34307345747947693,
      0.4664214551448822,
      0.19050554931163788
    ],
    [
      0.3206423819065094,
      0.5322943925857544,
      0.14706382155418396
    ],
    [
      0.5669223666191101,
      0.2996425926685333,
      0.13343442976474762
    ],
    [
      0.6189732551574707,
      0.17006637156009674,
      0.21096161007881165
    ],
    [
      0.2787560224533081,
      0.05535343661904335,
      0.6658909320831299
    ],
    [
      0.5421571731567383,
      0.33457130193710327,
      0.12327082455158234
    ],
    [
      0.06173959746956825,
      0.10020510852336884,
      0.838056206703186
    ],
    [
      0.5420806407928467,
      0.18777303397655487,
      0.2701462209224701
    ]
  ],