{
  "N": 112800,
  "usage": [
    0.4312729239463806,
    0.2634529173374176,
    0.305274099111557
  ],
  "entropy_mean": 0.7454066276550293,
  "entropy_std": 0.21455168724060059,
  "top1_share": [
    0.4647606313228607,
    0.22734929621219635,
    0.30789005756378174
  ],
  "P_expert_given_class": [
    [
      0.2316846400499344,
      0.19545279443264008,
      0.5728622078895569
    ],
    [
      0.08292889595031738,
      0.028105739504098892,
      0.8889642357826233
    ],
    [
      0.7199456095695496,
      0.11881168186664581,
      0.16124312579631805
    ],
    [
      0.7941463589668274,
      0.12717410922050476,
      0.07867932319641113
    ],
    [
      0.7209229469299316,
      0.22016184031963348,
      0.05891592055559158
    ],
    [
      0.2069893479347229,
      0.6838158965110779,
      0.1091952919960022
    ],
    [
      0.5070309638977051,
      0.4337790012359619,
      0.05919003114104271
    ],
    [
      0.335442453622818,
      0.040792472660541534,
      0.6237643361091614
    ],
    [
      0.3965761959552765,
      0.48125672340393066,
      0.12216681241989136
    ],
    [
      0.6602900624275208,
      0.19559474289417267,
      0.14411528408527374
    ],
    [
      0.7687368392944336,
      0.11593691259622574,
      0.11532572656869888
    ],
    [
      0.6016988158226013,
      0.2859029769897461,
      0.11239805817604065
    ],
    [
      0.1562810242176056,
      0.43873393535614014,
      0.4049849808216095
    ],
    [
      0.3502240777015686,
      0.13159120082855225,
      0.5181843638420105
    ],
    [
      0.12056096643209457,
      0.6968470215797424,
      0.182591512799263
    ],
    [
      0.2391267716884613,
      0.4399256408214569,
      0.3209474980831146
    ],
    [
      0.34275758266448975,
      0.599655032157898,
      0.057587917894124985
    ],
    [
      0.8197935223579407,
      0.10014171898365021,
      0.08006492257118225
    ],
    [
      0.08889073133468628,
      0.07020379602909088,
      0.8409055471420288
    ],
    [
      0.3227202892303467,
      0.18560314178466797,
      0.4916762709617615
    ],
    [
      0.3209884762763977,
      0.5604185461997986,
      0.11859359592199326
    ],
    [
      0.19556979835033417,
      0.057968806475400925,
      0.7464618682861328
    ],
    [
      0.7082165479660034,
      0.08412446826696396,
      0.20765875279903412
    ],
    [
      0.6772457361221313,
      0.10243403166532516,
      0.22032013535499573
    ],
    [
      0.2256246656179428,
      0.1808508038520813,
      0.5935251712799072
    ],
    [
      0.3240809440612793,
      0.12916481494903564,
      0.5467545390129089
    ],
    [
      0.5053476691246033,
      0.38906243443489075,
      0.10559084266424179
    ],
    [
      0.42682433128356934,
      0.4327564537525177,
      0.1404193937778473
    ],
    [
      0.17278558015823364,
      0.7474931478500366,
      0.07972116023302078
    ],
    [
      0.07582314312458038,
      0.09267077594995499,
      0.8315053582191467
    ],
    [
      0.5474662780761719,
      0.14659681916236877,
      0.3059369921684265
    ],
    [
      0.19512952864170074,
      0.11934230476617813,
      0.6855285167694092
    ],
    [
      0.7204762101173401,
      0.15879714488983154,
      0.1207270696759224
    ],
    [
      0.2460990697145462,
      0.5846269726753235,
      0.16927342116832733
    ],
    [
      0.4166772663593292,
      0.1789151281118393,
      0.4044075906276703
    ],
    [
      0.6060226559638977,
      0.14546699821949005,
      0.24851089715957642
    ],
    [
      0.57063227891922,
      0.3129580318927765,
      0.11641082912683487
    ],
    [
      0.6733320355415344,
      0.21881988644599915,
      0.10784820467233658
    ],
    [
      0.8039127588272095,
      0.09813272953033447,
      0.09795466810464859
    ],
    [
      0.3218825161457062,
      0.4788735508918762,
      0.19924406707286835
    ],
    [
      0.3570723235607147,
      0.4724104404449463,
      0.17051716148853302
    ],
    [
      0.5858707427978516,
      0.26994040608406067,
      0.14418871700763702
    ],
    [
      0.635724663734436,
      0.18862858414649963,
      0.17564688622951508
    ],
    [
      0.28168192505836487,
      0.0576183944940567,
      0.6606993079185486
    ],
    [
      0.5821892023086548,
      0.2897809147834778,
      0.12802951037883759
    ],
    [
      0.07007218152284622,
      0.10818760097026825,
      0.8217400312423706
    ],
    [
      0.5563331842422485,
      0.18676289916038513,
      0.25690367817878723
    ]
  ],