{
  "N": 112800,
  "usage": [
    0.4841439723968506,
    0.2242038995027542,
    0.291652113199234
  ],
  "entropy_mean": 0.76219642162323,
  "entropy_std": 0.20142334699630737,
  "top1_share": [
    0.540877640247345,
    0.16879431903362274,
    0.2903280258178711
  ],
  "P_expert_given_class": [
    [
      0.3495924174785614,
      0.154999241232872,
      0.49540892243385315
    ],
    [
      0.19419896602630615,
      0.040729738771915436,
      0.7650718688964844
    ],
    [
      0.7633245587348938,
      0.09816519170999527,
      0.13851028680801392
    ],
    [
      0.7765601873397827,
      0.14053258299827576,
      0.08290745317935944
    ],
    [
      0.758452832698822,
      0.18214698135852814,
      0.05939887836575508
    ],
    [
      0.22408567368984222,
      0.6836395263671875,
      0.09227503836154938
    ],
    [
      0.7075923681259155,
      0.2103782594203949,
      0.08202957361936569
    ],
    [
      0.42862606048583984,
      0.051528241485357285,
      0.5198451280593872
    ],
    [
      0.45182302594184875,
      0.4349541664123535,
      0.1132236197590828
    ],
    [
      0.6934635043144226,
      0.16976502537727356,
      0.1367720663547516
    ],
    [
      0.7453948855400085,
      0.10793065279722214,
      0.14667455852031708
    ],
    [
      0.6015618443489075,
      0.2954045236110687,
      0.1030331403017044
    ],
    [
      0.20776744186878204,
      0.3426656723022461,
      0.44956639409065247
    ],
    [
      0.44098570942878723,
      0.13064414262771606,
      0.4283701181411743
    ],
    [
      0.14576300978660583,
      0.6468787789344788,
      0.20735783874988556
    ],
    [
      0.28066208958625793,
      0.37005138397216797,
      0.3492867350578308
    ],
    [
      0.4723397195339203,
      0.41766923666000366,
      0.10999052971601486
    ],
    [
      0.8304605484008789,
      0.08493439853191376,
      0.08460400998592377
    ],
    [
      0.22060883045196533,
      0.07278063893318176,
      0.7066096067428589
    ],
    [
      0.41914981603622437,
      0.1381363868713379,
      0.4427136778831482
    ],
    [
      0.3454696536064148,
      0.49618294835090637,
      0.15834742784500122
    ],
    [
      0.2563014328479767,
      0.05855518952012062,
      0.6851426362991333
    ],
    [
      0.5478234887123108,
      0.10550352185964584,
      0.3466729521751404
    ],
    [
      0.7172936201095581,
      0.09054627269506454,
      0.1921597719192505
    ],
    [
      0.3387259542942047,
      0.18105334043502808,
      0.48022085428237915
    ],
    [
      0.4197569489479065,
      0.13727021217346191,
      0.4429723620414734
    ],
    [
      0.5950788855552673,
      0.24083669483661652,
      0.1640838384628296
    ],
    [
      0.460973858833313,
      0.35145068168640137,
      0.18757575750350952
    ],
    [
      0.21030594408512115,
      0.7387060523033142,
      0.05098877102136612
    ],
    [
      0.164594367146492,
      0.10390115529298782,
      0.7315037250518799
    ],
    [
      0.6484983563423157,
      0.0920591950416565,
      0.2594430148601532
    ],
    [
      0.3382849097251892,
      0.07300703972578049,
      0.5887075066566467
    ],
    [
      0.7407901883125305,
      0.10375917702913284,
      0.15545177459716797
    ],
    [
      0.2709534466266632,
      0.5857601165771484,
      0.14328716695308685
    ],
    [
      0.43547359108924866,
      0.1583998054265976,
      0.40612611174583435
    ],
    [
      0.6466238498687744,
      0.1307607889175415,
      0.2226143330335617
    ],
    [
      0.5943572521209717,
      0.25302591919898987,
      0.1526177078485489
    ],
    [
      0.6944360136985779,
      0.1955958753824234,
      0.10996808111667633
    ],
    [
      0.8435021638870239,
      0.06756827980279922,
      0.08892997354269028
    ],
    [
      0.3956575393676758,
      0.39214640855789185,
      0.21219614148139954
    ],
    [
      0.40909436345100403,
      0.36714258790016174,
      0.22376304864883423
    ],
    [
      0.6325066685676575,
      0.22586224973201752,
      0.14163115620613098
    ],
    [
      0.6265783905982971,
      0.11376504600048065,
      0.2596566677093506
    ],
    [
      0.31050100922584534,
      0.050759509205818176,
      0.6387389898300171
    ],
    [
      0.6560002565383911,
      0.21652747690677643,
      0.12747222185134888
    ],
    [
      0.106504425406456,
      0.10411703586578369,
      0.7893784046173096
    ],
    [
      0.6362660527229309,
      0.12938769161701202,
      0.23434552550315857
    ]
  ],