{
  "N": 112800,
  "usage": [
    0.4086969792842865,
    0.27637287974357605,
    0.3149300813674927
  ],
  "entropy_mean": 0.7232515215873718,
  "entropy_std": 0.23170597851276398,
  "top1_share": [
    0.42832446098327637,
    0.25493794679641724,
    0.3167375922203064
  ],
  "P_expert_given_class": [
    [
      0.17866642773151398,
      0.19696228206157684,
      0.6243717670440674
    ],
    [
      0.059102870523929596,
      0.016788402572274208,
      0.9241078495979309
    ],
    [
      0.7015986442565918,
      0.1255180984735489,
      0.17288225889205933
    ],
    [
      0.786773145198822,
      0.14132894575595856,
      0.0718977153301239
    ],
    [
      0.7391685843467712,
      0.20680518448352814,
      0.05402586609125137
    ],
    [
      0.1406761258840561,
      0.7159799337387085,
      0.14334458112716675
    ],
    [
      0.48930662870407104,
      0.45232319831848145,
      0.05837053805589676
    ],
    [
      0.3133999705314636,
      0.040351130068302155,
      0.6462487578392029
    ],
    [
      0.3751675486564636,
      0.5070357322692871,
      0.11779648065567017
    ],
    [
      0.6581979393959045,
      0.21966305375099182,
      0.12213834375143051
    ],
    [
      0.7904466986656189,
      0.10740559548139572,
      0.10214847326278687
    ],
    [
      0.6352613568305969,
      0.27326637506484985,
      0.09147227555513382
    ],
    [
      0.1405634731054306,
      0.46270817518234253,
      0.39672768115997314
    ],
    [
      0.25433680415153503,
      0.12933899462223053,
      0.6163249611854553
    ],
    [
      0.1066020056605339,
      0.7406628131866455,
      0.15273511409759521
    ],
    [
      0.21965116262435913,
      0.4985881447792053,
      0.281760573387146
    ],
    [
      0.28235262632369995,
      0.6721040606498718,
      0.04554373770952225
    ],
    [
      0.8409849405288696,
      0.09642528742551804,
      0.06258955597877502
    ],
    [
      0.06072339415550232,
      0.06788422167301178,
      0.8713927268981934
    ],
    [
      0.24746586382389069,
      0.2226170152425766,
      0.5299174785614014
    ],
    [
      0.3761579692363739,
      0.5211365818977356,
      0.10270512849092484
    ],
    [
      0.17250937223434448,
      0.054380111396312714,
      0.7731114029884338
    ],
    [
      0.7243149280548096,
      0.07655670493841171,
      0.19912809133529663
    ],
    [
      0.6466147899627686,
      0.09135220944881439,
      0.26203322410583496
    ],
    [
      0.18055099248886108,
      0.18650224804878235,
      0.6329463720321655
    ],
    [
      0.3187321722507477,
      0.1360447257757187,
      0.5452228784561157
    ],
    [
      0.42463743686676025,
      0.4831124246120453,
      0.09224984794855118
    ],
    [
      0.42010530829429626,
      0.46276170015335083,
      0.1171329915523529
    ],
    [
      0.12234789878129959,
      0.7771941423416138,
      0.10045815259218216
    ],
    [
      0.0529901348054409,
      0.09320425987243652,
      0.8538064360618591
    ],
    [
      0.4701747000217438,
      0.16903099417686462,
      0.3607942759990692
    ],
    [
      0.1268140822649002,
      0.12321560829877853,
      0.7499711513519287
    ],
    [
      0.7457656264305115,
      0.14000597596168518,
      0.11422884464263916
    ],
    [
      0.2541171908378601,
      0.6098372936248779,
      0.1360466182231903
    ],
    [
      0.35458385944366455,
      0.20131933689117432,
      0.44409602880477905
    ],
    [
      0.5594029426574707,
      0.1442529708147049,
      0.29634249210357666
    ],
    [
      0.5200851559638977,
      0.36825504899024963,
      0.11165986210107803
    ],
    [
      0.6431137323379517,
      0.21017074584960938,
      0.1467151641845703
    ],
    [
      0.7901653051376343,
      0.11314021795988083,
      0.09669425338506699
    ],
    [
      0.34338250756263733,
      0.4693509042263031,
      0.18726657330989838
    ],
    [
      0.3233662247657776,
      0.5311744213104248,
      0.1454588770866394
    ],
    [
      0.5677562355995178,
      0.2966764271259308,
      0.1355670690536499
    ],
    [
      0.6187476515769958,
      0.16763591766357422,
      0.21361671388149261
    ],
    [
      0.2918227016925812,
      0.05016448348760605,
      0.6580125093460083
    ],
    [
      0.5444333553314209,
      0.33244189620018005,
      0.12312386929988861
    ],
    [
      0.06612396240234375,
      0.09596990048885345,
      0.8379064202308655
    ],
    [
      0.5294930934906006,
      0.19088204205036163,
      0.279624342918396
    ]
  ],