{
  "N": 112800,
  "usage": [
    0.4051574170589447,
    0.2782663106918335,
    0.3165762424468994
  ],
  "entropy_mean": 0.7239037752151489,
  "entropy_std": 0.23525743186473846,
  "top1_share": [
    0.42182624340057373,
    0.26007091999053955,
    0.3181028366088867
  ],
  "P_expert_given_class": [
    [
      0.18032357096672058,
      0.195114865899086,
      0.6245620846748352
    ],
    [
      0.05431867763400078,
      0.015408643521368504,
      0.9302722215652466
    ],
    [
      0.6988195180892944,
      0.1262320876121521,
      0.17494803667068481
    ],
    [
      0.7945908308029175,
      0.13964632153511047,
      0.06576313078403473
    ],
    [
      0.7279486656188965,
      0.21922141313552856,
      0.052830398082733154
    ],
    [
      0.14609433710575104,
      0.7042533159255981,
      0.14965225756168365
    ],
    [
      0.4792032241821289,
      0.46314361691474915,
      0.057652588933706284
    ],
    [
      0.29979783296585083,
      0.04423113912343979,
      0.655971348285675
    ],
    [
      0.35365110635757446,
      0.5305148959159851,
      0.11583460122346878
    ],
    [
      0.6461206078529358,
      0.22337190806865692,
      0.13050779700279236
    ],
    [
      0.7838075160980225,
      0.11056360602378845,
      0.10562976449728012
    ],
    [
      0.6205904483795166,
      0.28431496024131775,
      0.09509505331516266
    ],
    [
      0.1453256607055664,
      0.45961853861808777,
      0.3950563669204712
    ],
    [
      0.24353531002998352,
      0.13199813663959503,
      0.6244653463363647
    ],
    [
      0.1073659360408783,
      0.7228251099586487,
      0.1698089838027954
    ],
    [
      0.22295476496219635,
      0.5032046437263489,
      0.2738407850265503
    ],
    [
      0.289815753698349,
      0.6656350493431091,
      0.04454876482486725
    ],
    [
      0.8341813087463379,
      0.10322441905736923,
      0.06259570270776749
    ],
    [
      0.057478923350572586,
      0.06785385310649872,
      0.8746664524078369
    ],
    [
      0.24109645187854767,
      0.22858086228370667,
      0.5303227305412292
    ],
    [
      0.35130101442337036,
      0.5396885275840759,
      0.10900970548391342
    ],
    [
      0.16729910671710968,
      0.04821515455842018,
      0.7844861745834351
    ],
    [
      0.7328957915306091,
      0.0800764337182045,
      0.1870274692773819
    ],
    [
      0.6500205993652344,
      0.0902182012796402,
      0.2597614824771881
    ],
    [
      0.18902063369750977,
      0.18273906409740448,
      0.628239631652832
    ],
    [
      0.32350826263427734,
      0.13873930275440216,
      0.5377526879310608
    ],
    [
      0.43143418431282043,
      0.47830846905708313,
      0.09025755524635315
    ],
    [
      0.41716268658638,
      0.46157723665237427,
      0.12125981599092484
    ],
    [
      0.12594811618328094,
      0.769951581954956,
      0.10410049557685852
    ],
    [
      0.04833902418613434,
      0.09796275943517685,
      0.8536980152130127
    ],
    [
      0.4794367849826813,
      0.16567696630954742,
      0.354885995388031
    ],
    [
      0.12670964002609253,
      0.12255828827619553,
      0.7507312297821045
    ],
    [
      0.7516860365867615,
      0.13570713996887207,
      0.11260691285133362
    ],
    [
      0.23512150347232819,
      0.6298447847366333,
      0.13503354787826538
    ],
    [
      0.33873292803764343,
      0.20626425743103027,
      0.4550021290779114
    ],
    [
      0.5590396523475647,
      0.14319390058517456,
      0.2977668344974518
    ],
    [
      0.5267166495323181,
      0.36641839146614075,
      0.10686518251895905
    ],
    [
      0.627277135848999,
      0.21928204596042633,
      0.15344086289405823
    ],
    [
      0.7906596660614014,
      0.11956970393657684,
      0.08977044373750687
    ],
    [
      0.3493252098560333,
      0.4575844407081604,
      0.19309034943580627
    ],
    [
      0.3257722854614258,
      0.5338727235794067,
      0.14035488665103912
    ],
    [
      0.5631998777389526,
      0.30345889925956726,
      0.13334089517593384
    ],
    [
      0.6102457046508789,
      0.16324976086616516,
      0.22650441527366638
    ],
    [
      0.2804483473300934,
      0.05182342976331711,
      0.6677286028862
    ],
    [
      0.5343173146247864,
      0.34111055731773376,
      0.12457196414470673
    ],
    [
      0.06249207630753517,
      0.09847739338874817,
      0.8390300273895264
    ],
    [
      0.5172696709632874,
      0.19399113953113556,
      0.2887386381626129
    ]
  ],