{
  "N": 112800,
  "usage": [
    0.4258421063423157,
    0.26687243580818176,
    0.30728545784950256
  ],
  "entropy_mean": 0.7409530282020569,
  "entropy_std": 0.21719910204410553,
  "top1_share": [
    0.4560549557209015,
    0.2330496460199356,
    0.3108953833580017
  ],
  "P_expert_given_class": [
    [
      0.22367523610591888,
      0.18735964596271515,
      0.5889657139778137
    ],
    [
      0.07763132452964783,
      0.026578079909086227,
      0.8957903981208801
    ],
    [
      0.7178667187690735,
      0.11683022975921631,
      0.16530299186706543
    ],
    [
      0.7708760499954224,
      0.1457011103630066,
      0.08342263847589493
    ],
    [
      0.732652485370636,
      0.20773226022720337,
      0.05961529538035393
    ],
    [
      0.1999800056219101,
      0.6878348588943481,
      0.11218512058258057
    ],
    [
      0.5011751055717468,
      0.44381994009017944,
      0.055005237460136414
    ],
    [
      0.32326585054397583,
      0.0422326996922493,
      0.63450026512146
    ],
    [
      0.4009626507759094,
      0.4827359914779663,
      0.11630186438560486
    ],
    [
      0.6482633352279663,
      0.2066052407026291,
      0.14513106644153595
    ],
    [
      0.7666396498680115,
      0.11674384027719498,
      0.11661633849143982
    ],
    [
      0.6028980612754822,
      0.2843076288700104,
      0.11279458552598953
    ],
    [
      0.1596340388059616,
      0.4514138400554657,
      0.38895267248153687
    ],
    [
      0.32735759019851685,
      0.13132260739803314,
      0.5413194894790649
    ],
    [
      0.10601850599050522,
      0.7228056788444519,
      0.1711755096912384
    ],
    [
      0.2320241779088974,
      0.4603153467178345,
      0.3076607882976532
    ],
    [
      0.33057355880737305,
      0.6177955865859985,
      0.05163067206740379
    ],
    [
      0.8247804045677185,
      0.09674512594938278,
      0.07847391813993454
    ],
    [
      0.08236896246671677,
      0.07166839390993118,
      0.8459622859954834
    ],
    [
      0.3009743392467499,
      0.19226616621017456,
      0.5067587494850159
    ],
    [
      0.3197365701198578,
      0.5685893297195435,
      0.1116742342710495
    ],
    [
      0.18521647155284882,
      0.059145938605070114,
      0.7556373476982117
    ],
    [
      0.7015381455421448,
      0.08477774262428284,
      0.21368436515331268
    ],
    [
      0.6692933440208435,
      0.0986323431134224,
      0.2320747822523117
    ],
    [
      0.22230270504951477,
      0.1757228523492813,
      0.6019735932350159
    ],
    [
      0.3194632828235626,
      0.12950827181339264,
      0.5510279536247253
    ],
    [
      0.4920033812522888,
      0.40861406922340393,
      0.09938246756792068
    ],
    [
      0.4202156960964203,
      0.4488457143306732,
      0.13093887269496918
    ],
    [
      0.16615301370620728,
      0.7506900429725647,
      0.08315759897232056
    ],
    [
      0.0694851502776146,
      0.09192567318677902,
      0.838589072227478
    ],
    [
      0.5363386273384094,
      0.15020455420017242,
      0.31345677375793457
    ],
    [
      0.19191130995750427,
      0.114032082259655,
      0.6940577030181885
    ],
    [
      0.7215753197669983,
      0.15914669632911682,
      0.11927764862775803
    ],
    [
      0.25812652707099915,
      0.5798664689064026,
      0.16200736165046692
    ],
    [
      0.4087020754814148,
      0.17865191400051117,
      0.41264578700065613
    ],
    [
      0.5903790593147278,
      0.14788897335529327,
      0.261730819940567
    ],
    [
      0.5658664703369141,
      0.32175412774086,
      0.11237899959087372
    ],
    [
      0.6713109016418457,
      0.2167801707983017,
      0.11190997064113617
    ],
    [
      0.7991908192634583,
      0.10072458535432816,
      0.10008440911769867
    ],
    [
      0.3303474485874176,
      0.4637524485588074,
      0.2058987319469452
    ],
    [
      0.3471762239933014,
      0.49307286739349365,
      0.1597505509853363
    ],
    [
      0.576742947101593,
      0.27749526500701904,
      0.14576157927513123
    ],
    [
      0.650054395198822,
      0.17922921478748322,
      0.17071686685085297
    ],
    [
      0.28674188256263733,
      0.055547039955854416,
      0.6577117443084717
    ],
    [
      0.5729212760925293,
      0.29908233880996704,
      0.12799622118473053
    ],
    [
      0.06934358924627304,
      0.10539261251688004,
      0.825263500213623
    ],
    [
      0.54282546043396,
      0.19111554324626923,
      0.26605984568595886
    ]
  ],