{
  "N": 112800,
  "usage": [
    0.40624627470970154,
    0.2825457751750946,
    0.31120795011520386
  ],
  "entropy_mean": 0.7170371413230896,
  "entropy_std": 0.23707930743694305,
  "top1_share": [
    0.4220212697982788,
    0.26249998807907104,
    0.31547871232032776
  ],
  "P_expert_given_class": [
    [
      0.18420957028865814,
      0.20495860278606415,
      0.6108320951461792
    ],
    [
      0.051155492663383484,
      0.015011580660939217,
      0.933833122253418
    ],
    [
      0.712134838104248,
      0.11664232611656189,
      0.17122334241867065
    ],
    [
      0.8061859607696533,
      0.13412676751613617,
      0.05968711897730827
    ],
    [
      0.7213411331176758,
      0.22888697683811188,
      0.049772463738918304
    ],
    [
      0.13618505001068115,
      0.7168379426002502,
      0.14697812497615814
    ],
    [
      0.47157934308052063,
      0.4706137478351593,
      0.057807039469480515
    ],
    [
      0.3061720132827759,
      0.04037727415561676,
      0.6534498333930969
    ],
    [
      0.3729749917984009,
      0.5231397747993469,
      0.10388416796922684
    ],
    [
      0.6464974284172058,
      0.23328183591365814,
      0.12022160738706589
    ],
    [
      0.8018919825553894,
      0.10151839256286621,
      0.09659028053283691
    ],
    [
      0.6387242674827576,
      0.2767214775085449,
      0.08455374091863632
    ],
    [
      0.14012271165847778,
      0.47407135367393494,
      0.38580644130706787
    ],
    [
      0.24520428478717804,
      0.14125487208366394,
      0.6135407090187073
    ],
    [
      0.10259957611560822,
      0.7478132843971252,
      0.1495862454175949
    ],
    [
      0.21557603776454926,
      0.5155520439147949,
      0.26887211203575134
    ],
    [
      0.276152640581131,
      0.6833326816558838,
      0.040514025837183
    ],
    [
      0.841830849647522,
      0.09903652220964432,
      0.05913282930850983
    ],
    [
      0.05598076432943344,
      0.06796886026859283,
      0.8760501146316528
    ],
    [
      0.23993690311908722,
      0.23208996653556824,
      0.527973473072052
    ],
    [
      0.35696014761924744,
      0.5382482409477234,
      0.10479182749986649
    ],
    [
      0.16229194402694702,
      0.052623044699430466,
      0.7850856781005859
    ],
    [
      0.7318158745765686,
      0.07792352885007858,
      0.19026122987270355
    ],
    [
      0.6533826589584351,
      0.08959049731492996,
      0.2570270299911499
    ],
    [
      0.1875133365392685,
      0.19671273231506348,
      0.6157742142677307
    ],
    [
      0.32096126675605774,
      0.1328679621219635,
      0.5461706519126892
    ],
    [
      0.42479103803634644,
      0.49063995480537415,
      0.0845690444111824
    ],
    [
      0.4208438992500305,
      0.4620768129825592,
      0.11707960814237595
    ],
    [
      0.1164335235953331,
      0.7863427996635437,
      0.09722358733415604
    ],
    [
      0.049604665488004684,
      0.09838128834962845,
      0.8520141839981079
    ],
    [
      0.47177720069885254,
      0.1725037693977356,
      0.3557187020778656
    ],
    [
      0.12713079154491425,
      0.13302971422672272,
      0.739839494228363
    ],
    [
      0.7546588778495789,
      0.1363789290189743,
      0.10896133631467819
    ],
    [
      0.24247543513774872,
      0.6254384517669678,
      0.13208618760108948
    ],
    [
      0.33753806352615356,
      0.2079131156206131,
      0.4545488953590393
    ],
    [
      0.5747981667518616,
      0.138241708278656,
      0.286960244178772
    ],
    [
      0.5319589972496033,
      0.3674859404563904,
      0.10055465251207352
    ],
    [
      0.6225581169128418,
      0.2321946918964386,
      0.1452464461326599
    ],
    [
      0.7954036593437195,
      0.11924601346254349,
      0.0853506550192833
    ],
    [
      0.346744179725647,
      0.47681695222854614,
      0.1764376163482666
    ],
    [
      0.31322363018989563,
      0.5493312478065491,
      0.1374446153640747
    ],
    [
      0.5642909407615662,
      0.31283509731292725,
      0.12287400662899017
    ],
    [
      0.6032747626304626,
      0.17226406931877136,
      0.22446027398109436
    ],
    [
      0.29363155364990234,
      0.053479671478271484,
      0.652888834476471
    ],
    [
      0.5372593402862549,
      0.3465903103351593,
      0.11615047603845596
    ],
    [
      0.06471569091081619,
      0.09660160541534424,
      0.8386824727058411
    ],
    [
      0.5210814476013184,
      0.19065409898757935,
      0.28826451301574707
    ]
  ],