{
  "N": 112800,
  "usage": [
    0.4387575387954712,
    0.2596573233604431,
    0.3015851080417633
  ],
  "entropy_mean": 0.7473560571670532,
  "entropy_std": 0.2123454064130783,
  "top1_share": [
    0.47846630215644836,
    0.21721631288528442,
    0.3043173849582672
  ],
  "P_expert_given_class": [
    [
      0.24981071054935455,
      0.19226086139678955,
      0.5579278469085693
    ],
    [
      0.08643709868192673,
      0.02986825630068779,
      0.8836954832077026
    ],
    [
      0.7245005369186401,
      0.1191600039601326,
      0.1563396453857422
    ],
    [
      0.7863306403160095,
      0.12884846329689026,
      0.0848202034831047
    ],
    [
      0.7225852608680725,
      0.21532821655273438,
      0.06208668276667595
    ],
    [
      0.21964940428733826,
      0.6819089651107788,
      0.09844191372394562
    ],
    [
      0.526507556438446,
      0.41411930322647095,
      0.059372857213020325
    ],
    [
      0.3478422462940216,
      0.04546136036515236,
      0.6066961288452148
    ],
    [
      0.4107677936553955,
      0.47116658091545105,
      0.1180662289261818
    ],
    [
      0.661102831363678,
      0.19183732569217682,
      0.1470596343278885
    ],
    [
      0.7631882429122925,
      0.1184026449918747,
      0.11840865015983582
    ],
    [
      0.6016871929168701,
      0.28408336639404297,
      0.11422930657863617
    ],
    [
      0.1571388840675354,
      0.4292193055152893,
      0.4136413633823395
    ],
    [
      0.36427879333496094,
      0.13168694078922272,
      0.5040345788002014
    ],
    [
      0.12150675803422928,
      0.7119032740592957,
      0.16659015417099
    ],
    [
      0.25442811846733093,
      0.445168673992157,
      0.30040377378463745
    ],
    [
      0.35230809450149536,
      0.5881056189537048,
      0.05958624556660652
    ],
    [
      0.817924976348877,
      0.09756527096033096,
      0.08451032638549805
    ],
    [
      0.0991397351026535,
      0.07206704467535019,
      0.8287936449050903
    ],
    [
      0.32793501019477844,
      0.17760907113552094,
      0.4944562315940857
    ],
    [
      0.3190874755382538,
      0.5645942687988281,
      0.11631803214550018
    ],
    [
      0.20275050401687622,
      0.05678999423980713,
      0.7404598593711853
    ],
    [
      0.6865189671516418,
      0.09052938222885132,
      0.2229509949684143
    ],
    [
      0.69159996509552,
      0.10054747760295868,
      0.20785292983055115
    ],
    [
      0.2453518658876419,
      0.17539440095424652,
      0.5792539119720459
    ],
    [
      0.3351432681083679,
      0.13359302282333374,
      0.5312638282775879
    ],
    [
      0.5203985571861267,
      0.3697839081287384,
      0.10981766879558563
    ],
    [
      0.4370116591453552,
      0.42313653230667114,
      0.13985204696655273
    ],
    [
      0.18243370950222015,
      0.7470566034317017,
      0.07051032036542892
    ],
    [
      0.0847616046667099,
      0.09254889190196991,
      0.822689414024353
    ],
    [
      0.563555121421814,
      0.13922938704490662,
      0.2972159683704376
    ],
    [
      0.19618146121501923,
      0.11229245364665985,
      0.6915259957313538
    ],
    [
      0.7267659306526184,
      0.14651820063591003,
      0.1267155259847641
    ],
    [
      0.25530311465263367,
      0.5776219964027405,
      0.16707417368888855
    ],
    [
      0.41399237513542175,
      0.1784195899963379,
      0.407588392496109
    ],
    [
      0.6042357087135315,
      0.15040993690490723,
      0.2453545182943344
    ],
    [
      0.5900061130523682,
      0.29851168394088745,
      0.11148132383823395
    ],
    [
      0.6870026588439941,
      0.20737537741661072,
      0.10562220215797424
    ],
    [
      0.8076326251029968,
      0.09859780222177505,
      0.09376951307058334
    ],
    [
      0.3328895568847656,
      0.463618665933609,
      0.2034914344549179
    ],
    [
      0.37679368257522583,
      0.460906982421875,
      0.16229934990406036
    ],
    [
      0.5895734429359436,
      0.26657047867774963,
      0.14385609328746796
    ],
    [
      0.6548545956611633,
      0.17624495923519135,
      0.1688997447490692
    ],
    [
      0.2880007028579712,
      0.05845918506383896,
      0.65353924036026
    ],
    [
      0.5901543498039246,
      0.2821822166442871,
      0.12766356766223907
    ],
    [
      0.07413775473833084,
      0.1103987991809845,
      0.8154639601707458
    ],
    [
      0.5703986883163452,
      0.17679113149642944,
      0.25281041860580444
    ]
  ],