{
  "N": 112800,
  "usage": [
    0.3998382091522217,
    0.2891319990158081,
    0.3110297620296478
  ],
  "entropy_mean": 0.7368910908699036,
  "entropy_std": 0.1949332058429718,
  "top1_share": [
    0.3940691351890564,
    0.27503547072410583,
    0.33089539408683777
  ],
  "P_expert_given_class": [
    [
      0.08028620481491089,
      0.346100389957428,
      0.5736133456230164
    ],
    [
      0.3749842941761017,
      0.04303593188524246,
      0.5819792151451111
    ],
    [
      0.7457818984985352,
      0.1426614224910736,
      0.11155775934457779
    ],
    [
      0.7771545648574829,
      0.0859280675649643,
      0.13691776990890503
    ],
    [
      0.7808558940887451,
      0.08729755133390427,
      0.13184727728366852
    ],
    [
      0.18481171131134033,
      0.6485431790351868,
      0.1666460782289505
    ],
    [
      0.5535011291503906,
      0.33910420536994934,
      0.10739433020353317
    ],
    [
      0.4181252419948578,
      0.045280274003744125,
      0.5365943908691406
    ],
    [
      0.5262817740440369,
      0.38202565908432007,
      0.09169288724660873
    ],
    [
      0.6885161399841309,
      0.15481512248516083,
      0.15666797757148743
    ],
    [
      0.5616824626922607,
      0.28197088837623596,
      0.1563456952571869
    ],
    [
      0.4503500461578369,
      0.4342528283596039,
      0.11539676785469055
    ],
    [
      0.15478666126728058,
      0.6813965439796448,
      0.16381675004959106
    ],
    [
      0.13940945267677307,
      0.1978764533996582,
      0.6627137660980225
    ],
    [
      0.17876672744750977,
      0.7961406707763672,
      0.02509232424199581
    ],
    [
      0.39744240045547485,
      0.5271548628807068,
      0.07540295273065567
    ],
    [
      0.38677388429641724,
      0.551622748374939,
      0.06160371005535126
    ],
    [
      0.7913592457771301,
      0.05574049800634384,
      0.15290044248104095
    ],
    [
      0.33039039373397827,
      0.09393063187599182,
      0.5756786465644836
    ],
    [
      0.26636993885040283,
      0.17837095260620117,
      0.5552598834037781
    ],
    [
      0.42823144793510437,
      0.46225103735923767,
      0.10951799899339676
    ],
    [
      0.4447530508041382,
      0.07223836332559586,
      0.48300856351852417
    ],
    [
      0.1486189216375351,
      0.08085907250642776,
      0.7705209255218506
    ],
    [
      0.11409791558980942,
      0.08507173508405685,
      0.8008303046226501
    ],
    [
      0.07389064133167267,
      0.36049672961235046,
      0.5656124949455261
    ],
    [
      0.34277793765068054,
      0.5239130854606628,
      0.1333087831735611
    ],
    [
      0.19286423921585083,
      0.5908035635948181,
      0.21633212268352509
    ],
    [
      0.2558446526527405,
      0.6669169664382935,
      0.07723788917064667
    ],
    [
      0.20939333736896515,
      0.6477186679840088,
      0.14288762211799622
    ],
    [
      0.1457425355911255,
      0.11835954338312149,
      0.7358984351158142
    ],
    [
      0.28017085790634155,
      0.15432895720005035,
      0.5655005574226379
    ],
    [
      0.1767398864030838,
      0.06463455408811569,
      0.7586261034011841
    ],
    [
      0.12851443886756897,
      0.10796783119440079,
      0.7635180950164795
    ],
    [
      0.32865971326828003,
      0.5006332397460938,
      0.17070749402046204
    ],
    [
      0.484228253364563,
      0.07451337575912476,
      0.4412590563297272
    ],
    [
      0.7443972229957581,
      0.1606678068637848,
      0.09493492543697357
    ],
    [
      0.26372215151786804,
      0.5115315914154053,
      0.2247459888458252
    ],
    [
      0.6949129700660706,
      0.14227195084095,
      0.16281430423259735
    ],
    [
      0.8121233582496643,
      0.10672342032194138,
      0.08115369826555252
    ],
    [
      0.2112164944410324,
      0.741353452205658,
      0.04742961749434471
    ],
    [
      0.542738139629364,
      0.39691659808158875,
      0.06034503132104874
    ],
    [
      0.613215446472168,
      0.24847638607025146,
      0.1383081078529358
    ],
    [
      0.6987974047660828,
      0.0755801871418953,
      0.22562360763549805
    ],
    [
      0.13377436995506287,
      0.06074705719947815,
      0.8054790496826172
    ],
    [
      0.6126745343208313,
      0.25656840205192566,
      0.13075722754001617
    ],
    [
      0.20323197543621063,
      0.1857372224330902,
      0.6110303997993469
    ],
    [
      0.719438374042511,
      0.11867360770702362,
      0.1618890017271042
    ]
  ],