{
  "N": 112800,
  "usage": [
    0.37412726879119873,
    0.3083053529262543,
    0.31756746768951416
  ],
  "entropy_mean": 0.7199900150299072,
  "entropy_std": 0.2039787471294403,
  "top1_share": [
    0.3717641830444336,
    0.2923847436904907,
    0.3358510732650757
  ],
  "P_expert_given_class": [
    [
      0.05869518965482712,
      0.3001754879951477,
      0.6411282420158386
    ],
    [
      0.300691694021225,
      0.06341776251792908,
      0.6358898282051086
    ],
    [
      0.7677589058876038,
      0.14999961853027344,
      0.08224090933799744
    ],
    [
      0.7930479049682617,
      0.12648974359035492,
      0.08046235144138336
    ],
    [
      0.7499971389770508,
      0.11454549431800842,
      0.13545678555965424
    ],
    [
      0.13216984272003174,
      0.7244340777397156,
      0.14339572191238403
    ],
    [
      0.4738120138645172,
      0.3949123024940491,
      0.1312759816646576
    ],
    [
      0.3410726487636566,
      0.0768827274441719,
      0.5820444822311401
    ],
    [
      0.5488448143005371,
      0.37419041991233826,
      0.07696552574634552
    ],
    [
      0.6185100078582764,
      0.2241789698600769,
      0.15731105208396912
    ],
    [
      0.6096335649490356,
      0.2469930797815323,
      0.14337317645549774
    ],
    [
      0.40927526354789734,
      0.5046874284744263,
      0.08603670448064804
    ],
    [
      0.1435719132423401,
      0.6245526075363159,
      0.23187576234340668
    ],
    [
      0.1105797290802002,
      0.20810459554195404,
      0.6813158392906189
    ],
    [
      0.18717838823795319,
      0.7923131585121155,
      0.02050740458071232
    ],
    [
      0.4093834161758423,
      0.5336453914642334,
      0.05697081983089447
    ],
    [
      0.32925355434417725,
      0.6161891222000122,
      0.054556675255298615
    ],
    [
      0.7964654564857483,
      0.055360544472932816,
      0.14817377924919128
    ],
    [
      0.2476523518562317,
      0.12922392785549164,
      0.6231231093406677
    ],
    [
      0.2287268340587616,
      0.2376779466867447,
      0.5335951447486877
    ],
    [
      0.42102503776550293,
      0.44827744364738464,
      0.13069798052310944
    ],
    [
      0.4035594165325165,
      0.08391202241182327,
      0.5125292539596558
    ],
    [
      0.11821088194847107,
      0.06468259543180466,
      0.8171069622039795
    ],
    [
      0.09077464789152145,
      0.08839339762926102,
      0.8208319544792175
    ],
    [
      0.05473112687468529,
      0.3315008282661438,
      0.6137681603431702
    ],
    [
      0.2701859474182129,
      0.6009929776191711,
      0.1288200169801712
    ],
    [
      0.13357235491275787,
      0.6698364615440369,
      0.1965920329093933
    ],
    [
      0.21493412554264069,
      0.7256444096565247,
      0.05942154675722122
    ],
    [
      0.18693768978118896,
      0.67738938331604,
      0.13567276298999786
    ],
    [
      0.08831021934747696,
      0.2072356641292572,
      0.7044540047645569
    ],
    [
      0.2663157284259796,
      0.12726625800132751,
      0.606418251991272
    ],
    [
      0.14323769509792328,
      0.09465616196393967,
      0.7621054649353027
    ],
    [
      0.1193927749991417,
      0.09031055867671967,
      0.7902961373329163
    ],
    [
      0.3056088387966156,
      0.4899587631225586,
      0.20443210005760193
    ],
    [
      0.4902983605861664,
      0.11639775335788727,
      0.39330387115478516
    ],
    [
      0.7736884355545044,
      0.15887010097503662,
      0.0674409493803978
    ],
    [
      0.24096252024173737,
      0.5318118333816528,
      0.22722569108009338
    ],
    [
      0.647946298122406,
      0.14072318375110626,
      0.21133090555667877
    ],
    [
      0.79217129945755,
      0.1360701322555542,
      0.0717574805021286
    ],
    [
      0.19031809270381927,
      0.756070077419281,
      0.05361177399754524
    ],
    [
      0.5676618814468384,
      0.3872906565666199,
      0.04504799470305443
    ],
    [
      0.6101866364479065,
      0.271896630525589,
      0.117916539311409
    ],
    [
      0.6578640937805176,
      0.07673612236976624,
      0.265399307012558
    ],
    [
      0.0949070155620575,
      0.0737752914428711,
      0.8313173651695251
    ],
    [
      0.5933111310005188,
      0.28010356426239014,
      0.12658441066741943
    ],
    [
      0.147031769156456,
      0.2174464464187622,
      0.635521650314331
    ],
    [
      0.7045125365257263,
      0.14512445032596588,
      0.15036307275295258
    ]
  ],