{
  "N": 112800,
  "usage": [
    0.3675682246685028,
    0.30862200260162354,
    0.32380977272987366
  ],
  "entropy_mean": 0.6973884701728821,
  "entropy_std": 0.21263378858566284,
  "top1_share": [
    0.36504432559013367,
    0.29912233352661133,
    0.335833340883255
  ],
  "P_expert_given_class": [
    [
      0.04544605314731598,
      0.3225129246711731,
      0.6320410966873169
    ],
    [
      0.2789384722709656,
      0.03430459275841713,
      0.6867564916610718
    ],
    [
      0.7905785441398621,
      0.13554446399211884,
      0.0738774836063385
    ],
    [
      0.8068392276763916,
      0.12711380422115326,
      0.06604631245136261
    ],
    [
      0.750573456287384,
      0.09460920840501785,
      0.1548176109790802
    ],
    [
      0.13341404497623444,
      0.746040403842926,
      0.12054546177387238
    ],
    [
      0.40758317708969116,
      0.4661124050617218,
      0.12630406022071838
    ],
    [
      0.33273160457611084,
      0.05181911960244179,
      0.6154492497444153
    ],
    [
      0.5381759405136108,
      0.3961988091468811,
      0.06562551110982895
    ],
    [
      0.5986261367797852,
      0.21419528126716614,
      0.18717843294143677
    ],
    [
      0.6209781169891357,
      0.22681307792663574,
      0.15220898389816284
    ],
    [
      0.3500692844390869,
      0.5695762634277344,
      0.08035498857498169
    ],
    [
      0.15809036791324615,
      0.6338996887207031,
      0.20801007747650146
    ],
    [
      0.10694216191768646,
      0.23107853531837463,
      0.6619793176651001
    ],
    [
      0.18745745718479156,
      0.7900242209434509,
      0.022518737241625786
    ],
    [
      0.4254828691482544,
      0.5233733654022217,
      0.05114381015300751
    ],
    [
      0.2750454843044281,
      0.6799806952476501,
      0.0449734628200531
    ],
    [
      0.7870979905128479,
      0.046752095222473145,
      0.16614997386932373
    ],
    [
      0.21113890409469604,
      0.10515321791172028,
      0.6837078928947449
    ],
    [
      0.2345615178346634,
      0.2295653522014618,
      0.5358728170394897
    ],
    [
      0.44192618131637573,
      0.3895399570465088,
      0.1685343235731125
    ],
    [
      0.4061352014541626,
      0.05012201890349388,
      0.5437430739402771
    ],
    [
      0.10950610786676407,
      0.04664832353591919,
      0.8438451886177063
    ],
    [
      0.0775262638926506,
      0.08228355646133423,
      0.8401895761489868
    ],
    [
      0.04372354969382286,
      0.345399409532547,
      0.6108776926994324
    ],
    [
      0.2591179609298706,
      0.6201310753822327,
      0.12075044214725494
    ],
    [
      0.10761597007513046,
      0.7106348276138306,
      0.1817491203546524
    ],
    [
      0.21590571105480194,
      0.72012859582901,
      0.06396552920341492
    ],
    [
      0.18859656155109406,
      0.7000874280929565,
      0.11131547391414642
    ],
    [
      0.08729217946529388,
      0.18429066240787506,
      0.7284173965454102
    ],
    [
      0.26392266154289246,
      0.12889932096004486,
      0.6071785688400269
    ],
    [
      0.1380474716424942,
      0.10184329003095627,
      0.7601096034049988
    ],
    [
      0.08966326713562012,
      0.0979183092713356,
      0.8124178051948547
    ],
    [
      0.3247098922729492,
      0.4645688235759735,
      0.21072164177894592
    ],
    [
      0.500266432762146,
      0.11718195676803589,
      0.3825519382953644
    ],
    [
      0.7889456748962402,
      0.1363254189491272,
      0.0747281014919281
    ],
    [
      0.2415003478527069,
      0.5370286703109741,
      0.22147081792354584
    ],
    [
      0.6093889474868774,
      0.13798272609710693,
      0.2526284158229828
    ],
    [
      0.7760876417160034,
      0.15373213589191437,
      0.07017997652292252
    ],
    [
      0.16267803311347961,
      0.787616491317749,
      0.04970633611083031
    ],
    [
      0.5748768448829651,
      0.3858593702316284,
      0.03926447406411171
    ],
    [
      0.615251362323761,
      0.26364487409591675,
      0.12110335379838943
    ],
    [
      0.6680964827537537,
      0.06521614640951157,
      0.2666874825954437
    ],
    [
      0.0901779979467392,
      0.06340637058019638,
      0.8464153409004211
    ],
    [
      0.5962095260620117,
      0.26591408252716064,
      0.13787749409675598
    ],
    [
      0.1313401758670807,
      0.2047390192747116,
      0.6639191508293152
    ],
    [
      0.7274296879768372,
      0.11942277103662491,
      0.1531476229429245
    ]
  ],