{
  "N": 112800,
  "usage": [
    0.36758899688720703,
    0.30850088596343994,
    0.323910117149353
  ],
  "entropy_mean": 0.6982260346412659,
  "entropy_std": 0.21186840534210205,
  "top1_share": [
    0.36573582887649536,
    0.2969769537448883,
    0.3372872471809387
  ],
  "P_expert_given_class": [
    [
      0.04870832711458206,
      0.3064577579498291,
      0.6448332071304321
    ],
    [
      0.2817460000514984,
      0.03969665989279747,
      0.6785575747489929
    ],
    [
      0.7804776430130005,
      0.14308731257915497,
      0.07643537223339081
    ],
    [
      0.8014993667602539,
      0.12782011926174164,
      0.07068054378032684
    ],
    [
      0.7458126544952393,
      0.09487516433000565,
      0.15931133925914764
    ],
    [
      0.1321316510438919,
      0.7439525723457336,
      0.12391556054353714
    ],
    [
      0.4178199768066406,
      0.4590005576610565,
      0.12317945063114166
    ],
    [
      0.33374640345573425,
      0.05773048475384712,
      0.6085227727890015
    ],
    [
      0.5487272143363953,
      0.3861175775527954,
      0.06515493988990784
    ],
    [
      0.6045868396759033,
      0.2089848816394806,
      0.1864294558763504
    ],
    [
      0.6262218952178955,
      0.2151375561952591,
      0.15864072740077972
    ],
    [
      0.3622686564922333,
      0.5570160746574402,
      0.08071532845497131
    ],
    [
      0.15214285254478455,
      0.6451519131660461,
      0.20270515978336334
    ],
    [
      0.10779538750648499,
      0.21546827256679535,
      0.6767363548278809
    ],
    [
      0.19230394065380096,
      0.7855530381202698,
      0.02214418165385723
    ],
    [
      0.43003809452056885,
      0.5151638984680176,
      0.05479813739657402
    ],
    [
      0.27829909324645996,
      0.6773560643196106,
      0.04434453323483467
    ],
    [
      0.7901816964149475,
      0.046066198498010635,
      0.16375191509723663
    ],
    [
      0.21293951570987701,
      0.10742145776748657,
      0.6796390414237976
    ],
    [
      0.2322089821100235,
      0.22726193070411682,
      0.5405290722846985
    ],
    [
      0.43188950419425964,
      0.41138410568237305,
      0.15672580897808075
    ],
    [
      0.40562742948532104,
      0.05751617252826691,
      0.5368566513061523
    ],
    [
      0.10424593091011047,
      0.05308184772729874,
      0.8426727652549744
    ],
    [
      0.08070173859596252,
      0.07715579867362976,
      0.8421416878700256
    ],
    [
      0.0450344942510128,
      0.3351314067840576,
      0.6198340058326721
    ],
    [
      0.26167088747024536,
      0.6164171099662781,
      0.1219116821885109
    ],
    [
      0.11523281037807465,
      0.7119954824447632,
      0.17277131974697113
    ],
    [
      0.21560676395893097,
      0.7250118255615234,
      0.05938177928328514
    ],
    [
      0.18521219491958618,
      0.6977322697639465,
      0.11705569922924042
    ],
    [
      0.09182693064212799,
      0.19976802170276642,
      0.708405077457428
    ],
    [
      0.26389601826667786,
      0.12272477149963379,
      0.6133787631988525
    ],
    [
      0.13457007706165314,
      0.09008893370628357,
      0.7753397822380066
    ],
    [
      0.09160126000642776,
      0.0848272368311882,
      0.8235714435577393
    ],
    [
      0.3248489499092102,
      0.4795612096786499,
      0.1955896019935608
    ],
    [
      0.48918217420578003,
      0.12265792489051819,
      0.3881596028804779
    ],
    [
      0.7877309918403625,
      0.13847725093364716,
      0.07379122078418732
    ],
    [
      0.24537979066371918,
      0.5403854846954346,
      0.21423517167568207
    ],
    [
      0.6111074686050415,
      0.14582198858261108,
      0.24307100474834442
    ],
    [
      0.7773349285125732,
      0.15178875625133514,
      0.07087605446577072
    ],
    [
      0.16464883089065552,
      0.7883601784706116,
      0.04699064418673515
    ],
    [
      0.5719031691551208,
      0.38427549600601196,
      0.04382151737809181
    ],
    [
      0.6132968068122864,
      0.26618728041648865,
      0.12051564455032349
    ],
    [
      0.66044020652771,
      0.0727400854229927,
      0.26681914925575256
    ],
    [
      0.0868738666176796,
      0.065158911049366,
      0.8479675054550171
    ],
    [
      0.5974207520484924,
      0.2654547393321991,
      0.1371244639158249
    ],
    [
      0.12620988488197327,
      0.2070787400007248,
      0.6667119860649109
    ],
    [
      0.7135310173034668,
      0.1294413059949875,
      0.15702691674232483
    ]
  ],