{
  "N": 112800,
  "usage": [
    0.37093570828437805,
    0.3067159652709961,
    0.32234829664230347
  ],
  "entropy_mean": 0.7098868489265442,
  "entropy_std": 0.20790034532546997,
  "top1_share": [
    0.37085992097854614,
    0.2930319011211395,
    0.33610814809799194
  ],
  "P_expert_given_class": [
    [
      0.05429466813802719,
      0.3063291311264038,
      0.6393760442733765
    ],
    [
      0.2979992926120758,
      0.042625829577445984,
      0.6593760251998901
    ],
    [
      0.778127133846283,
      0.14238175749778748,
      0.07949129492044449
    ],
    [
      0.8123270869255066,
      0.1151428371667862,
      0.07253000885248184
    ],
    [
      0.753085196018219,
      0.09692361205816269,
      0.149990975856781
    ],
    [
      0.13207179307937622,
      0.7306771278381348,
      0.1372506022453308
    ],
    [
      0.4377915561199188,
      0.4340514540672302,
      0.12815777957439423
    ],
    [
      0.3339427411556244,
      0.05890685319900513,
      0.6071501970291138
    ],
    [
      0.5409331321716309,
      0.38784363865852356,
      0.0712229311466217
    ],
    [
      0.604006826877594,
      0.21357864141464233,
      0.18241411447525024
    ],
    [
      0.6243760585784912,
      0.23397763073444366,
      0.14164623618125916
    ],
    [
      0.37359166145324707,
      0.5417885184288025,
      0.08462025225162506
    ],
    [
      0.14887376129627228,
      0.6357774138450623,
      0.2153489738702774
    ],
    [
      0.11360625922679901,
      0.22064349055290222,
      0.6657496690750122
    ],
    [
      0.1905839890241623,
      0.7856938242912292,
      0.02372172847390175
    ],
    [
      0.4263169467449188,
      0.5183048248291016,
      0.05537861958146095
    ],
    [
      0.307481974363327,
      0.6403570771217346,
      0.05216066539287567
    ],
    [
      0.7952088713645935,
      0.050122614949941635,
      0.15466850996017456
    ],
    [
      0.23055987060070038,
      0.11156477779150009,
      0.657875657081604
    ],
    [
      0.2352885752916336,
      0.2220945954322815,
      0.5426165461540222
    ],
    [
      0.42571502923965454,
      0.42335188388824463,
      0.1509336680173874
    ],
    [
      0.41370826959609985,
      0.05922715365886688,
      0.527065098285675
    ],
    [
      0.10541810840368271,
      0.05756005644798279,
      0.8370215892791748
    ],
    [
      0.0864434540271759,
      0.09188739210367203,
      0.8216688632965088
    ],
    [
      0.05091811344027519,
      0.33343055844306946,
      0.6156522631645203
    ],
    [
      0.26771822571754456,
      0.6090005040168762,
      0.12328103184700012
    ],
    [
      0.11623573303222656,
      0.6955278515815735,
      0.18823669850826263
    ],
    [
      0.2020735740661621,
      0.7417698502540588,
      0.056156862527132034
    ],
    [
      0.1906667798757553,
      0.6759220361709595,
      0.1334104984998703
    ],
    [
      0.09048337489366531,
      0.17965441942214966,
      0.7298621535301208
    ],
    [
      0.2726050913333893,
      0.13298164308071136,
      0.5944133996963501
    ],
    [
      0.13891476392745972,
      0.0984070673584938,
      0.762677788734436
    ],
    [
      0.10542343556880951,
      0.10027317702770233,
      0.7943038940429688
    ],
    [
      0.3173638582229614,
      0.4684334397315979,
      0.21420247852802277
    ],
    [
      0.48497527837753296,
      0.11170194298028946,
      0.4033222496509552
    ],
    [
      0.7701038718223572,
      0.15254980325698853,
      0.07734715193510056
    ],
    [
      0.24335342645645142,
      0.5357016324996948,
      0.22094479203224182
    ],
    [
      0.6193965077400208,
      0.14863358438014984,
      0.23197077214717865
    ],
    [
      0.7863674163818359,
      0.14074654877185822,
      0.07288588583469391
    ],
    [
      0.17521041631698608,
      0.7725431323051453,
      0.05224616825580597
    ],
    [
      0.5751393437385559,
      0.37976348400115967,
      0.04509657248854637
    ],
    [
      0.6069971919059753,
      0.26871049404144287,
      0.12429233640432358
    ],
    [
      0.6666039824485779,
      0.07211612910032272,
      0.2612799406051636
    ],
    [
      0.09112537652254105,
      0.06765727698802948,
      0.8412179350852966
    ],
    [
      0.591241717338562,
      0.26902052760124207,
      0.13973791897296906
    ],
    [
      0.1404806673526764,
      0.20399713516235352,
      0.6555222272872925
    ],
    [
      0.7088310718536377,
      0.13629484176635742,
      0.15487343072891235
    ]
  ],