{
  "N": 112800,
  "usage": [
    0.3684661388397217,
    0.3099867105484009,
    0.32154715061187744
  ],
  "entropy_mean": 0.7160906791687012,
  "entropy_std": 0.20594684779644012,
  "top1_share": [
    0.3680230379104614,
    0.29383864998817444,
    0.33813831210136414
  ],
  "P_expert_given_class": [
    [
      0.055916327983140945,
      0.2997780740261078,
      0.6443058848381042
    ],
    [
      0.2924845516681671,
      0.04725494608283043,
      0.6602604985237122
    ],
    [
      0.7589728236198425,
      0.15523114800453186,
      0.08579550683498383
    ],
    [
      0.7967936992645264,
      0.12793342769145966,
      0.07527323812246323
    ],
    [
      0.7465559244155884,
      0.10408623516559601,
      0.14935830235481262
    ],
    [
      0.1301162838935852,
      0.729648232460022,
      0.14023493230342865
    ],
    [
      0.43384796380996704,
      0.4258236587047577,
      0.14032775163650513
    ],
    [
      0.34816795587539673,
      0.06363601982593536,
      0.588196337223053
    ],
    [
      0.5390400290489197,
      0.3891827166080475,
      0.07177770137786865
    ],
    [
      0.6079044342041016,
      0.22791260480880737,
      0.1641828864812851
    ],
    [
      0.6037810444831848,
      0.2470518946647644,
      0.14916738867759705
    ],
    [
      0.3912696838378906,
      0.524103581905365,
      0.08462705463171005
    ],
    [
      0.1375126838684082,
      0.6384819746017456,
      0.22400492429733276
    ],
    [
      0.11085221916437149,
      0.2160758674144745,
      0.6730706095695496
    ],
    [
      0.16889885067939758,
      0.8086466193199158,
      0.02245493419468403
    ],
    [
      0.41946446895599365,
      0.5242906808853149,
      0.05624479427933693
    ],
    [
      0.30837830901145935,
      0.6382890939712524,
      0.053332891315221786
    ],
    [
      0.7902809381484985,
      0.0527472160756588,
      0.15697073936462402
    ],
    [
      0.22837598621845245,
      0.1152682974934578,
      0.6563557386398315
    ],
    [
      0.22629360854625702,
      0.2271529883146286,
      0.5465530753135681
    ],
    [
      0.43324896693229675,
      0.4313546121120453,
      0.13539688289165497
    ],
    [
      0.4044170379638672,
      0.06580015271902084,
      0.5297823548316956
    ],
    [
      0.11667165160179138,
      0.06527989357709885,
      0.8180480599403381
    ],
    [
      0.08579204231500626,
      0.0866265743970871,
      0.8275817036628723
    ],
    [
      0.052272263914346695,
      0.32984039187431335,
      0.6178871989250183
    ],
    [
      0.26985228061676025,
      0.6015985608100891,
      0.12854832410812378
    ],
    [
      0.12314967811107635,
      0.687468945980072,
      0.1893812119960785
    ],
    [
      0.209036186337471,
      0.7355492115020752,
      0.05541398376226425
    ],
    [
      0.1858769804239273,
      0.6753649711608887,
      0.13875813782215118
    ],
    [
      0.09281674772500992,
      0.20573528110980988,
      0.7014477252960205
    ],
    [
      0.2642149329185486,
      0.12441395968198776,
      0.6113712787628174
    ],
    [
      0.1392674297094345,
      0.09808565676212311,
      0.7626479864120483
    ],
    [
      0.109345942735672,
      0.09451168030500412,
      0.7961422204971313
    ],
    [
      0.33030208945274353,
      0.47107264399528503,
      0.1986246258020401
    ],
    [
      0.48679497838020325,
      0.11567976325750351,
      0.3975257873535156
    ],
    [
      0.7666065692901611,
      0.15616358816623688,
      0.07722949236631393
    ],
    [
      0.2427527904510498,
      0.5327303409576416,
      0.2245168834924698
    ],
    [
      0.6085476875305176,
      0.15318197011947632,
      0.23827019333839417
    ],
    [
      0.777563214302063,
      0.14559869468212128,
      0.07683772593736649
    ],
    [
      0.16732896864414215,
      0.7825902700424194,
      0.05008097365498543
    ],
    [
      0.5743994116783142,
      0.3798586130142212,
      0.04574154317378998
    ],
    [
      0.6091774106025696,
      0.2733817398548126,
      0.11744063347578049
    ],
    [
      0.651254415512085,
      0.08040933310985565,
      0.26833629608154297
    ],
    [
      0.08645832538604736,
      0.07666122913360596,
      0.8368813991546631
    ],
    [
      0.5907918214797974,
      0.2791978716850281,
      0.13001017272472382
    ],
    [
      0.13886964321136475,
      0.21767473220825195,
      0.6434552669525146
    ],
    [
      0.7061901688575745,
      0.14094765484333038,
      0.1528625786304474
    ]
  ],