{
  "N": 112800,
  "usage": [
    0.39049258828163147,
    0.29937687516212463,
    0.3101305663585663
  ],
  "entropy_mean": 0.7332131266593933,
  "entropy_std": 0.19438014924526215,
  "top1_share": [
    0.3867287337779999,
    0.28175532817840576,
    0.33151596784591675
  ],
  "P_expert_given_class": [
    [
      0.06773156672716141,
      0.3098045289516449,
      0.6224634051322937
    ],
    [
      0.35830992460250854,
      0.04969814419746399,
      0.5919913053512573
    ],
    [
      0.7315159440040588,
      0.17251504957675934,
      0.09596926718950272
    ],
    [
      0.7812885642051697,
      0.11692311614751816,
      0.10178835690021515
    ],
    [
      0.7577635049819946,
      0.11199287325143814,
      0.13024361431598663
    ],
    [
      0.1694641262292862,
      0.687740683555603,
      0.14279544353485107
    ],
    [
      0.5276942253112793,
      0.35320988297462463,
      0.11909623444080353
    ],
    [
      0.3650675117969513,
      0.06439897418022156,
      0.570533037185669
    ],
    [
      0.527108371257782,
      0.39142081141471863,
      0.08147178590297699
    ],
    [
      0.650058925151825,
      0.2027144432067871,
      0.14722712337970734
    ],
    [
      0.5873762369155884,
      0.27072975039482117,
      0.14189381897449493
    ],
    [
      0.45307305455207825,
      0.45568862557411194,
      0.09123769402503967
    ],
    [
      0.16230715811252594,
      0.6366797685623169,
      0.20101270079612732
    ],
    [
      0.1276109218597412,
      0.18678651750087738,
      0.6856012940406799
    ],
    [
      0.22068236768245697,
      0.7563459277153015,
      0.022971490398049355
    ],
    [
      0.41088804602622986,
      0.5297919511795044,
      0.0593201145529747
    ],
    [
      0.3705693483352661,
      0.5734190940856934,
      0.05601147189736366
    ],
    [
      0.7938041687011719,
      0.05798906832933426,
      0.14820703864097595
    ],
    [
      0.3108920156955719,
      0.10581063479185104,
      0.5832974314689636
    ],
    [
      0.24886217713356018,
      0.2197159379720688,
      0.5314209461212158
    ],
    [
      0.4159214496612549,
      0.4755573570728302,
      0.10852095484733582
    ],
    [
      0.4318506419658661,
      0.07783951610326767,
      0.4903104603290558
    ],
    [
      0.13541273772716522,
      0.08286773413419724,
      0.7817190289497375
    ],
    [
      0.1100444570183754,
      0.08079268038272858,
      0.8091626167297363
    ],
    [
      0.06545433402061462,
      0.3300915062427521,
      0.6044543385505676
    ],
    [
      0.30285996198654175,
      0.576582670211792,
      0.12055706977844238
    ],
    [
      0.16505366563796997,
      0.6343387961387634,
      0.20060789585113525
    ],
    [
      0.23286791145801544,
      0.7058812975883484,
      0.061250731348991394
    ],
    [
      0.21739530563354492,
      0.6504432559013367,
      0.13216213881969452
    ],
    [
      0.10389760136604309,
      0.1778712272644043,
      0.7182323932647705
    ],
    [
      0.27152061462402344,
      0.13416923582553864,
      0.5943089723587036
    ],
    [
      0.169957235455513,
      0.07380198687314987,
      0.7562403082847595
    ],
    [
      0.13951760530471802,
      0.08469869941473007,
      0.7757850289344788
    ],
    [
      0.319256454706192,
      0.5106034874916077,
      0.17014023661613464
    ],
    [
      0.4871276319026947,
      0.10032199323177338,
      0.4125498831272125
    ],
    [
      0.7498874664306641,
      0.170518159866333,
      0.0795934796333313
    ],
    [
      0.2452327460050583,
      0.5417430996894836,
      0.2130235731601715
    ],
    [
      0.6816227436065674,
      0.13457198441028595,
      0.18380478024482727
    ],
    [
      0.7900444269180298,
      0.12797780334949493,
      0.08197727054357529
    ],
    [
      0.23117026686668396,
      0.7166810035705566,
      0.05214925855398178
    ],
    [
      0.5693244934082031,
      0.38315844535827637,
      0.0475173145532608
    ],
    [
      0.5983507633209229,
      0.2790933847427368,
      0.1225559264421463
    ],
    [
      0.6820295453071594,
      0.08013151586055756,
      0.2378387749195099
    ],
    [
      0.1209796890616417,
      0.0685405284166336,
      0.8104800581932068
    ],
    [
      0.5966939926147461,
      0.28201642632484436,
      0.12128907442092896
    ],
    [
      0.18513759970664978,
      0.20039460062980652,
      0.614467442035675
    ],
    [
      0.7124707698822021,
      0.13664782047271729,
      0.15088124573230743
    ]
  ],