{
  "N": 112800,
  "usage": [
    0.3752288818359375,
    0.30709078907966614,
    0.31768035888671875
  ],
  "entropy_mean": 0.7227192521095276,
  "entropy_std": 0.1976276934146881,
  "top1_share": [
    0.37297871708869934,
    0.2889273166656494,
    0.33809396624565125
  ],
  "P_expert_given_class": [
    [
      0.06090971454977989,
      0.30023834109306335,
      0.6388513445854187
    ],
    [
      0.31309691071510315,
      0.05082147195935249,
      0.6360810995101929
    ],
    [
      0.7498555183410645,
      0.15988196432590485,
      0.09026346355676651
    ],
    [
      0.7836025357246399,
      0.12184978276491165,
      0.09454713761806488
    ],
    [
      0.7422806024551392,
      0.12061957269906998,
      0.1370987892150879
    ],
    [
      0.13875114917755127,
      0.7172718644142151,
      0.14397697150707245
    ],
    [
      0.4780433177947998,
      0.39189574122428894,
      0.1300611048936844
    ],
    [
      0.3455876410007477,
      0.07789889723062515,
      0.5765132904052734
    ],
    [
      0.5504159331321716,
      0.3739139139652252,
      0.07567045837640762
    ],
    [
      0.6262080669403076,
      0.2202979326248169,
      0.1534940004348755
    ],
    [
      0.6079996824264526,
      0.25079891085624695,
      0.14120136201381683
    ],
    [
      0.4302464425563812,
      0.48541757464408875,
      0.08433602005243301
    ],
    [
      0.1465621441602707,
      0.617699921131134,
      0.23573705554008484
    ],
    [
      0.11737420409917831,
      0.1924346536397934,
      0.6901915073394775
    ],
    [
      0.20188844203948975,
      0.774397611618042,
      0.023715145885944366
    ],
    [
      0.4130847752094269,
      0.5271106362342834,
      0.05980421230196953
    ],
    [
      0.3341619372367859,
      0.6099439263343811,
      0.05589394271373749
    ],
    [
      0.7917811870574951,
      0.059784989804029465,
      0.1484336107969284
    ],
    [
      0.26479002833366394,
      0.11297445744276047,
      0.6222355365753174
    ],
    [
      0.24158909916877747,
      0.2256990522146225,
      0.5327122211456299
    ],
    [
      0.3968718647956848,
      0.492033988237381,
      0.11109407991170883
    ],
    [
      0.4081301987171173,
      0.0766371637582779,
      0.5152326226234436
    ],
    [
      0.11484664678573608,
      0.07494198530912399,
      0.810211181640625
    ],
    [
      0.08563422411680222,
      0.09107467532157898,
      0.8232911229133606
    ],
    [
      0.05867680907249451,
      0.31972736120224,
      0.6215962171554565
    ],
    [
      0.26954489946365356,
      0.6145420074462891,
      0.11591324210166931
    ],
    [
      0.14121907949447632,
      0.66937255859375,
      0.1894075721502304
    ],
    [
      0.21100875735282898,
      0.7343165874481201,
      0.05467456206679344
    ],
    [
      0.19645236432552338,
      0.6694102883338928,
      0.13413786888122559
    ],
    [
      0.08832604438066483,
      0.19432294368743896,
      0.7173513174057007
    ],
    [
      0.25634369254112244,
      0.13309387862682343,
      0.6105622053146362
    ],
    [
      0.1451481580734253,
      0.09603454172611237,
      0.7588164806365967
    ],
    [
      0.11779778450727463,
      0.08966587483882904,
      0.7925357222557068
    ],
    [
      0.29228660464286804,
      0.5238761901855469,
      0.18383726477622986
    ],
    [
      0.4821639358997345,
      0.10906586796045303,
      0.40876996517181396
    ],
    [
      0.7651622295379639,
      0.1597338616847992,
      0.07510380446910858
    ],
    [
      0.24071455001831055,
      0.5347453951835632,
      0.22454023361206055
    ],
    [
      0.6549535393714905,
      0.13373695313930511,
      0.21131007373332977
    ],
    [
      0.7854047417640686,
      0.13654522597789764,
      0.07805074006319046
    ],
    [
      0.21597519516944885,
      0.7307771444320679,
      0.05324748530983925
    ],
    [
      0.5675507187843323,
      0.38565123081207275,
      0.04679795727133751
    ],
    [
      0.6039689183235168,
      0.2762209475040436,
      0.1198093444108963
    ],
    [
      0.6597610712051392,
      0.0847000703215599,
      0.2555388808250427
    ],
    [
      0.09523724019527435,
      0.07599006593227386,
      0.8287736773490906
    ],
    [
      0.5897218585014343,
      0.28666913509368896,
      0.12360963225364685
    ],
    [
      0.14950859546661377,
      0.209721177816391,
      0.640769898891449
    ],
    [
      0.7051171064376831,
      0.1397087574005127,
      0.15517400205135345
    ]
  ],