{
  "N": 112800,
  "usage": [
    0.38153257966041565,
    0.3059536814689636,
    0.3125137388706207
  ],
  "entropy_mean": 0.7282984256744385,
  "entropy_std": 0.19800478219985962,
  "top1_share": [
    0.379441499710083,
    0.28708332777023315,
    0.33347517251968384
  ],
  "P_expert_given_class": [
    [
      0.06682053208351135,
      0.3024410307407379,
      0.6307388544082642
    ],
    [
      0.31360670924186707,
      0.05391021817922592,
      0.6324834823608398
    ],
    [
      0.7323004007339478,
      0.175984188914299,
      0.09171544015407562
    ],
    [
      0.7772188186645508,
      0.1301853060722351,
      0.09259616583585739
    ],
    [
      0.7540770173072815,
      0.11689715087413788,
      0.12902534008026123
    ],
    [
      0.15000608563423157,
      0.7060495018959045,
      0.1439451277256012
    ],
    [
      0.5015028715133667,
      0.37184637784957886,
      0.12665113806724548
    ],
    [
      0.35334649682044983,
      0.07302612066268921,
      0.5736276507377625
    ],
    [
      0.5554819107055664,
      0.37120726704597473,
      0.07331161946058273
    ],
    [
      0.6393218040466309,
      0.21186117827892303,
      0.14881715178489685
    ],
    [
      0.6012561321258545,
      0.2579003572463989,
      0.1408431977033615
    ],
    [
      0.43766164779663086,
      0.47605836391448975,
      0.08628062158823013
    ],
    [
      0.15139703452587128,
      0.6283707618713379,
      0.2202327996492386
    ],
    [
      0.12783804535865784,
      0.19684594869613647,
      0.675316333770752
    ],
    [
      0.19878174364566803,
      0.7777248620986938,
      0.02349325455725193
    ],
    [
      0.410521924495697,
      0.5276821255683899,
      0.06179597228765488
    ],
    [
      0.34375742077827454,
      0.6003620624542236,
      0.05588069185614586
    ],
    [
      0.8010131120681763,
      0.05684588849544525,
      0.14214114844799042
    ],
    [
      0.268456369638443,
      0.11424114555120468,
      0.6173015832901001
    ],
    [
      0.24003420770168304,
      0.23717333376407623,
      0.5227920413017273
    ],
    [
      0.40382519364356995,
      0.48606187105178833,
      0.11011366546154022
    ],
    [
      0.40461474657058716,
      0.08195413649082184,
      0.5134313702583313
    ],
    [
      0.13574723899364471,
      0.08097265660762787,
      0.7832797765731812
    ],
    [
      0.09812101721763611,
      0.08870511502027512,
      0.8131727576255798
    ],
    [
      0.06244431808590889,
      0.32541248202323914,
      0.6121435761451721
    ],
    [
      0.2724541425704956,
      0.60845947265625,
      0.1190858706831932
    ],
    [
      0.150331512093544,
      0.6597163677215576,
      0.1899513453245163
    ],
    [
      0.21458053588867188,
      0.7249106168746948,
      0.060509007424116135
    ],
    [
      0.20654278993606567,
      0.6607089042663574,
      0.13274823129177094
    ],
    [
      0.09480766952037811,
      0.20175489783287048,
      0.7034379839897156
    ],
    [
      0.2693803608417511,
      0.13249756395816803,
      0.5981215238571167
    ],
    [
      0.15336161851882935,
      0.08739466965198517,
      0.7592435479164124
    ],
    [
      0.1305655837059021,
      0.09188176691532135,
      0.7775527238845825
    ],
    [
      0.31102725863456726,
      0.5052806735038757,
      0.18369266390800476
    ],
    [
      0.502058744430542,
      0.11343327909708023,
      0.38450831174850464
    ],
    [
      0.7440049648284912,
      0.18011552095413208,
      0.07587996125221252
    ],
    [
      0.24032145738601685,
      0.5415509939193726,
      0.2181273102760315
    ],
    [
      0.664824903011322,
      0.1271536946296692,
      0.20802126824855804
    ],
    [
      0.7885904312133789,
      0.13223738968372345,
      0.07917226105928421
    ],
    [
      0.21600575745105743,
      0.7306541204452515,
      0.05334079638123512
    ],
    [
      0.570415735244751,
      0.3803373873233795,
      0.04924656078219414
    ],
    [
      0.6087179183959961,
      0.27160635590553284,
      0.11967548727989197
    ],
    [
      0.6742558479309082,
      0.078159399330616,
      0.24758435785770416
    ],
    [
      0.109731525182724,
      0.0757661685347557,
      0.8145018815994263
    ],
    [
      0.5989603400230408,
      0.27897265553474426,
      0.12206734716892242
    ],
    [
      0.17185963690280914,
      0.2092348039150238,
      0.6189060211181641
    ],
    [
      0.710081934928894,
      0.13827866315841675,
      0.15163877606391907
    ]
  ],