{
  "N": 112800,
  "usage": [
    0.4066942632198334,
    0.2763373851776123,
    0.3169683516025543
  ],
  "entropy_mean": 0.733456015586853,
  "entropy_std": 0.19716957211494446,
  "top1_share": [
    0.40037232637405396,
    0.2651861608028412,
    0.33444148302078247
  ],
  "P_expert_given_class": [
    [
      0.09075987339019775,
      0.3273458480834961,
      0.5818935036659241
    ],
    [
      0.33662235736846924,
      0.036115773022174835,
      0.6272616982460022
    ],
    [
      0.738716185092926,
      0.1406404823064804,
      0.12064336240291595
    ],
    [
      0.7970306277275085,
      0.06466900557279587,
      0.1383010298013687
    ],
    [
      0.7847464680671692,
      0.08302126824855804,
      0.13223257660865784
    ],
    [
      0.20535099506378174,
      0.6086625456809998,
      0.18598675727844238
    ],
    [
      0.5826137065887451,
      0.3070622980594635,
      0.11032255738973618
    ],
    [
      0.45706212520599365,
      0.034340474754571915,
      0.5085974335670471
    ],
    [
      0.5266878604888916,
      0.3783945143222809,
      0.09491757303476334
    ],
    [
      0.7048470377922058,
      0.13901081681251526,
      0.15614095330238342
    ],
    [
      0.5879799127578735,
      0.26138341426849365,
      0.1506369709968567
    ],
    [
      0.47898560762405396,
      0.38944530487060547,
      0.13156911730766296
    ],
    [
      0.16651102900505066,
      0.671088457107544,
      0.16240036487579346
    ],
    [
      0.15102848410606384,
      0.18390800058841705,
      0.6650637984275818
    ],
    [
      0.18306280672550201,
      0.7874211668968201,
      0.029515959322452545
    ],
    [
      0.3996177017688751,
      0.5176117420196533,
      0.0827702060341835
    ],
    [
      0.40495240688323975,
      0.5243864059448242,
      0.07066069543361664
    ],
    [
      0.7918612360954285,
      0.057159263640642166,
      0.15097953379154205
    ],
    [
      0.3106866776943207,
      0.0789036676287651,
      0.6104096174240112
    ],
    [
      0.2873936891555786,
      0.14776389300823212,
      0.5648425221443176
    ],
    [
      0.41254565119743347,
      0.4851265549659729,
      0.10232791304588318
    ],
    [
      0.4269304871559143,
      0.06526097655296326,
      0.5078086256980896
    ],
    [
      0.1521117240190506,
      0.08275128901004791,
      0.7651370763778687
    ],
    [
      0.12371549010276794,
      0.08605578541755676,
      0.7902287244796753
    ],
    [
      0.08234232664108276,
      0.3420955538749695,
      0.5755624175071716
    ],
    [
      0.38754376769065857,
      0.46701186895370483,
      0.145444855093956
    ],
    [
      0.20295432209968567,
      0.5630146265029907,
      0.2340308129787445
    ],
    [
      0.27192506194114685,
      0.649412214756012,
      0.07866224646568298
    ],
    [
      0.21495796740055084,
      0.6282268762588501,
      0.1568150520324707
    ],
    [
      0.1825769990682602,
      0.09056093543767929,
      0.7268620729446411
    ],
    [
      0.28429853916168213,
      0.14677117764949799,
      0.5689302682876587
    ],
    [
      0.177726611495018,
      0.056891366839408875,
      0.7653823494911194
    ],
    [
      0.12507638335227966,
      0.10524294525384903,
      0.7696805596351624
    ],
    [
      0.3044458329677582,
      0.5135236382484436,
      0.18203045427799225
    ],
    [
      0.474962055683136,
      0.06344915181398392,
      0.46158915758132935
    ],
    [
      0.737706184387207,
      0.15588553249835968,
      0.10640811175107956
    ],
    [
      0.26564541459083557,
      0.4983006417751312,
      0.23605328798294067
    ],
    [
      0.7134032845497131,
      0.12342225760221481,
      0.1631750762462616
    ],
    [
      0.8154712915420532,
      0.09687235206365585,
      0.08765613287687302
    ],
    [
      0.20558468997478485,
      0.7458407878875732,
      0.04857411980628967
    ],
    [
      0.527819812297821,
      0.40794244408607483,
      0.06423728913068771
    ],
    [
      0.6268523931503296,
      0.23134998977184296,
      0.1417975127696991
    ],
    [
      0.7175668478012085,
      0.07721769064664841,
      0.20521534979343414
    ],
    [
      0.13858793675899506,
      0.053476110100746155,
      0.8079357743263245
    ],
    [
      0.6240677237510681,
      0.24363075196743011,
      0.13230109214782715
    ],
    [
      0.20711703598499298,
      0.1645948737859726,
      0.6282880306243896
    ],
    [
      0.7241768836975098,
      0.10559123754501343,
      0.17023153603076935
    ]
  ],