{
  "N": 112800,
  "usage": [
    0.37079617381095886,
    0.31111204624176025,
    0.3180917501449585
  ],
  "entropy_mean": 0.726622462272644,
  "entropy_std": 0.20165112614631653,
  "top1_share": [
    0.3671010732650757,
    0.29511526226997375,
    0.33778369426727295
  ],
  "P_expert_given_class": [
    [
      0.05687856674194336,
      0.29980233311653137,
      0.6433190107345581
    ],
    [
      0.320713073015213,
      0.05062118172645569,
      0.6286661028862
    ],
    [
      0.7590382099151611,
      0.1611889898777008,
      0.07977239042520523
    ],
    [
      0.7824221849441528,
      0.13938023149967194,
      0.0781974121928215
    ],
    [
      0.743583619594574,
      0.11109818518161774,
      0.14531764388084412
    ],
    [
      0.13489022850990295,
      0.7236623764038086,
      0.14144712686538696
    ],
    [
      0.4432890713214874,
      0.4207320511341095,
      0.1359785497188568
    ],
    [
      0.347743958234787,
      0.06776188313961029,
      0.5844938158988953
    ],
    [
      0.5391465425491333,
      0.3842490613460541,
      0.07660450041294098
    ],
    [
      0.6084640622138977,
      0.2269478142261505,
      0.16458731889724731
    ],
    [
      0.6099998354911804,
      0.23927263915538788,
      0.15072859823703766
    ],
    [
      0.39744171500205994,
      0.512778103351593,
      0.08978014439344406
    ],
    [
      0.13979622721672058,
      0.6272284984588623,
      0.23297449946403503
    ],
    [
      0.10659812390804291,
      0.2113945037126541,
      0.6820077300071716
    ],
    [
      0.1897454410791397,
      0.7876461744308472,
      0.02260829508304596
    ],
    [
      0.4206392467021942,
      0.5227898359298706,
      0.056570474058389664
    ],
    [
      0.3122815489768982,
      0.6324179172515869,
      0.05530087277293205
    ],
    [
      0.7942851781845093,
      0.05346786603331566,
      0.1522471308708191
    ],
    [
      0.2562476396560669,
      0.1216835305094719,
      0.6220691800117493
    ],
    [
      0.23261429369449615,
      0.23652835190296173,
      0.5308578014373779
    ],
    [
      0.414448082447052,
      0.4553225338459015,
      0.1302299201488495
    ],
    [
      0.41845959424972534,
      0.07188728451728821,
      0.5096531510353088
    ],
    [
      0.11861559748649597,
      0.06813272833824158,
      0.8132520318031311
    ],
    [
      0.09009309113025665,
      0.0961371511220932,
      0.8137707114219666
    ],
    [
      0.05481700226664543,
      0.327987939119339,
      0.6171956062316895
    ],
    [
      0.2763461768627167,
      0.5928890705108643,
      0.13076543807983398
    ],
    [
      0.12822940945625305,
      0.6721120476722717,
      0.19965913891792297
    ],
    [
      0.21837803721427917,
      0.7231384515762329,
      0.05848398804664612
    ],
    [
      0.19457925856113434,
      0.6709372997283936,
      0.13448405265808105
    ],
    [
      0.09045441448688507,
      0.2212151139974594,
      0.6883301138877869
    ],
    [
      0.2689896821975708,
      0.1316382735967636,
      0.5993722677230835
    ],
    [
      0.14572057127952576,
      0.10033571720123291,
      0.7539430260658264
    ],
    [
      0.11654236167669296,
      0.09747428447008133,
      0.7859829664230347
    ],
    [
      0.3010367155075073,
      0.4939827024936676,
      0.2049805223941803
    ],
    [
      0.47437968850135803,
      0.12038876861333847,
      0.4052317142486572
    ],
    [
      0.762304425239563,
      0.1680152714252472,
      0.06967997550964355
    ],
    [
      0.24233652651309967,
      0.5318145155906677,
      0.2258489727973938
    ],
    [
      0.61855548620224,
      0.15282289683818817,
      0.228621706366539
    ],
    [
      0.7791407704353333,
      0.14770779013633728,
      0.07315102219581604
    ],
    [
      0.1795811802148819,
      0.7661916017532349,
      0.0542270801961422
    ],
    [
      0.5711654424667358,
      0.38324499130249023,
      0.045589957386255264
    ],
    [
      0.6027548909187317,
      0.27681443095207214,
      0.12043075263500214
    ],
    [
      0.6422808766365051,
      0.08792095631361008,
      0.2697979211807251
    ],
    [
      0.0928029790520668,
      0.07693071663379669,
      0.830265998840332
    ],
    [
      0.5812979340553284,
      0.28797757625579834,
      0.13072465360164642
    ],
    [
      0.14297182857990265,
      0.22578340768814087,
      0.6312442421913147
    ],
    [
      0.7053207159042358,
      0.14281246066093445,
      0.15186707675457
    ]
  ],