{
  "N": 112800,
  "usage": [
    0.3945806622505188,
    0.29597461223602295,
    0.30944469571113586
  ],
  "entropy_mean": 0.7337455749511719,
  "entropy_std": 0.19474191963672638,
  "top1_share": [
    0.3896719813346863,
    0.27804964780807495,
    0.33227837085723877
  ],
  "P_expert_given_class": [
    [
      0.06905899196863174,
      0.318835973739624,
      0.612105131149292
    ],
    [
      0.38367488980293274,
      0.04908369854092598,
      0.5672398805618286
    ],
    [
      0.7434826493263245,
      0.1567183881998062,
      0.09979958087205887
    ],
    [
      0.7757853865623474,
      0.11457279324531555,
      0.10964184999465942
    ],
    [
      0.7701619267463684,
      0.09298278391361237,
      0.13685427606105804
    ],
    [
      0.16992539167404175,
      0.6807613372802734,
      0.1493130475282669
    ],
    [
      0.5314437747001648,
      0.35454225540161133,
      0.11401361972093582
    ],
    [
      0.37357988953590393,
      0.056283142417669296,
      0.5701371431350708
    ],
    [
      0.5270251035690308,
      0.3895108699798584,
      0.08346346765756607
    ],
    [
      0.6647670865058899,
      0.18004551529884338,
      0.15518705546855927
    ],
    [
      0.5702986121177673,
      0.2868155539035797,
      0.14288602769374847
    ],
    [
      0.45326414704322815,
      0.45537328720092773,
      0.0913623794913292
    ],
    [
      0.1577589213848114,
      0.6419340372085571,
      0.20030738413333893
    ],
    [
      0.129796102643013,
      0.19059127569198608,
      0.6796127557754517
    ],
    [
      0.1999283879995346,
      0.776569664478302,
      0.023501751944422722
    ],
    [
      0.4103093147277832,
      0.5254674553871155,
      0.06422361731529236
    ],
    [
      0.3670705556869507,
      0.5746389031410217,
      0.058290887624025345
    ],
    [
      0.7990821599960327,
      0.05528760328888893,
      0.14563028514385223
    ],
    [
      0.32591718435287476,
      0.10468366742134094,
      0.5693992376327515
    ],
    [
      0.24747031927108765,
      0.21556803584098816,
      0.5369623303413391
    ],
    [
      0.42297884821891785,
      0.47195616364479065,
      0.10506483167409897
    ],
    [
      0.4506474733352661,
      0.07808219641447067,
      0.47126999497413635
    ],
    [
      0.14035449922084808,
      0.08518164604902267,
      0.7744641900062561
    ],
    [
      0.11958624422550201,
      0.08336307108402252,
      0.7970511317253113
    ],
    [
      0.06539656221866608,
      0.3396366536617279,
      0.5949666500091553
    ],
    [
      0.30468741059303284,
      0.5774548053741455,
      0.11785715818405151
    ],
    [
      0.17508111894130707,
      0.6107146739959717,
      0.21420377492904663
    ],
    [
      0.2394953966140747,
      0.6993253231048584,
      0.061178673058748245
    ],
    [
      0.20906591415405273,
      0.651161789894104,
      0.13977208733558655
    ],
    [
      0.11534132808446884,
      0.16689960658550262,
      0.7177593111991882
    ],
    [
      0.2785074710845947,
      0.13910086452960968,
      0.5823912024497986
    ],
    [
      0.18526645004749298,
      0.06608686596155167,
      0.7486473917961121
    ],
    [
      0.14276817440986633,
      0.08703292161226273,
      0.7701982855796814
    ],
    [
      0.3301142752170563,
      0.5040602087974548,
      0.16582615673542023
    ],
    [
      0.48865431547164917,
      0.09002625197172165,
      0.4213199019432068
    ],
    [
      0.7583286166191101,
      0.15818144381046295,
      0.08349049836397171
    ],
    [
      0.24492548406124115,
      0.5336920022964478,
      0.22138218581676483
    ],
    [
      0.6935297846794128,
      0.13034841418266296,
      0.1761227250099182
    ],
    [
      0.7970468401908875,
      0.11866883933544159,
      0.08428363502025604
    ],
    [
      0.23020748794078827,
      0.717366099357605,
      0.05242712050676346
    ],
    [
      0.5687398314476013,
      0.3778475821018219,
      0.05341348052024841
    ],
    [
      0.5984259247779846,
      0.2711361050605774,
      0.13043823838233948
    ],
    [
      0.6798915266990662,
      0.07834704965353012,
      0.24176152050495148
    ],
    [
      0.12301237881183624,
      0.06733185052871704,
      0.8096563220024109
    ],
    [
      0.605086624622345,
      0.2666712999343872,
      0.12824204564094543
    ],
    [
      0.1892332136631012,
      0.19537656009197235,
      0.615390419960022
    ],
    [
      0.7191164493560791,
      0.12549106776714325,
      0.15539272129535675
    ]
  ],