{
  "N": 112800,
  "usage": [
    0.4281029999256134,
    0.22506700456142426,
    0.34682998061180115
  ],
  "entropy_mean": 0.7516568303108215,
  "entropy_std": 0.21111053228378296,
  "top1_share": [
    0.4639982283115387,
    0.19599290192127228,
    0.34000885486602783
  ],
  "P_expert_given_class": [
    [
      0.17373232543468475,
      0.17354363203048706,
      0.6527241468429565
    ],
    [
      0.1599649041891098,
      0.020199529826641083,
      0.8198354840278625
    ],
    [
      0.7134626507759094,
      0.13312821090221405,
      0.15340951085090637
    ],
    [
      0.7372234463691711,
      0.11552294343709946,
      0.1472550481557846
    ],
    [
      0.7297812104225159,
      0.10360407829284668,
      0.16661477088928223
    ],
    [
      0.27002111077308655,
      0.5281566977500916,
      0.2018231600522995
    ],
    [
      0.6868352293968201,
      0.20216090977191925,
      0.1110038235783577
    ],
    [
      0.543325662612915,
      0.027712427079677582,
      0.4289623498916626
    ],
    [
      0.5653226971626282,
      0.35901397466659546,
      0.07566308975219727
    ],
    [
      0.735541045665741,
      0.104634128510952,
      0.15982531011104584
    ],
    [
      0.5287149548530579,
      0.2610504925251007,
      0.21023453772068024
    ],
    [
      0.48700571060180664,
      0.39364564418792725,
      0.1193486675620079
    ],
    [
      0.2921721339225769,
      0.4060796797275543,
      0.301748663187027
    ],
    [
      0.25746166706085205,
      0.14735077321529388,
      0.595187783241272
    ],
    [
      0.1826612800359726,
      0.7655288577079773,
      0.05181032419204712
    ],
    [
      0.41539686918258667,
      0.425404816865921,
      0.15919806063175201
    ],
    [
      0.6233193278312683,
      0.27517426013946533,
      0.10150699317455292
    ],
    [
      0.731859028339386,
      0.06545688956975937,
      0.20268374681472778
    ],
    [
      0.22278569638729095,
      0.04106152057647705,
      0.7361524701118469
    ],
    [
      0.37501463294029236,
      0.10285941511392593,
      0.5221256017684937
    ],
    [
      0.3144248127937317,
      0.5092020630836487,
      0.17637310922145844
    ],
    [
      0.2941918671131134,
      0.05148765817284584,
      0.654321014881134
    ],
    [
      0.24433743953704834,
      0.1294192522764206,
      0.6262434720993042
    ],
    [
      0.1703309565782547,
      0.08597421646118164,
      0.743694543838501
    ],
    [
      0.157848060131073,
      0.20638485252857208,
      0.6357670426368713
    ],
    [
      0.5118517279624939,
      0.25847503542900085,
      0.22967298328876495
    ],
    [
      0.4420238733291626,
      0.30545222759246826,
      0.2525235116481781
    ],
    [
      0.30610913038253784,
      0.5773747563362122,
      0.11651561409235
    ],
    [
      0.2932204306125641,
      0.5566979646682739,
      0.15008097887039185
    ],
    [
      0.2785007357597351,
      0.04648352041840553,
      0.6750162243843079
    ],
    [
      0.2475498467683792,
      0.11179650574922562,
      0.6406524181365967
    ],
    [
      0.19118668138980865,
      0.04195768013596535,
      0.7668560147285461
    ],
    [
      0.19619545340538025,
      0.09025371074676514,
      0.7135513424873352
    ],
    [
      0.2991316318511963,
      0.3538162410259247,
      0.3470523953437805
    ],
    [
      0.5299850702285767,
      0.05359877273440361,
      0.4164164364337921
    ],
    [
      0.6010866761207581,
      0.21466970443725586,
      0.184243306517601
    ],
    [
      0.329000860452652,
      0.35701707005500793,
      0.31398260593414307
    ],
    [
      0.7075620293617249,
      0.1448207050561905,
      0.1476169377565384
    ],
    [
      0.8038942813873291,
      0.08129611611366272,
      0.11480948328971863
    ],
    [
      0.20808157324790955,
      0.697005033493042,
      0.09491316974163055
    ],
    [
      0.539516031742096,
      0.3355903923511505,
      0.1248936578631401
    ],
    [
      0.6404675841331482,
      0.21345283091068268,
      0.14607952535152435
    ],
    [
      0.6613445281982422,
      0.10550446063280106,
      0.23315009474754333
    ],
    [
      0.15405653417110443,
      0.04365605488419533,
      0.802287757396698
    ],
    [
      0.669350266456604,
      0.18796278536319733,
      0.14268618822097778
    ],
    [
      0.2161862701177597,
      0.06774619221687317,
      0.7160678505897522
    ],
    [
      0.6818065643310547,
      0.09976590424776077,
      0.21842776238918304
    ]
  ],