{
  "N": 112800,
  "usage": [
    0.3716760277748108,
    0.3087230324745178,
    0.3196009397506714
  ],
  "entropy_mean": 0.7026473879814148,
  "entropy_std": 0.2077929526567459,
  "top1_share": [
    0.36838653683662415,
    0.29660460352897644,
    0.3350088596343994
  ],
  "P_expert_given_class": [
    [
      0.049486227333545685,
      0.31069156527519226,
      0.6398217678070068
    ],
    [
      0.2816905677318573,
      0.039814386516809464,
      0.6784960031509399
    ],
    [
      0.7764468193054199,
      0.14561791718006134,
      0.07793541997671127
    ],
    [
      0.8115580677986145,
      0.11985462158918381,
      0.06858713924884796
    ],
    [
      0.7565214037895203,
      0.09564656764268875,
      0.14783230423927307
    ],
    [
      0.13933558762073517,
      0.7309426069259644,
      0.12972156703472137
    ],
    [
      0.44274184107780457,
      0.439668744802475,
      0.11758948117494583
    ],
    [
      0.3352358937263489,
      0.056043293327093124,
      0.608721911907196
    ],
    [
      0.5485804677009583,
      0.38380107283592224,
      0.06761902570724487
    ],
    [
      0.6144163608551025,
      0.2076043337583542,
      0.17797867953777313
    ],
    [
      0.6241415739059448,
      0.23144693672657013,
      0.1444106251001358
    ],
    [
      0.3659457266330719,
      0.5555797815322876,
      0.07847398519515991
    ],
    [
      0.14807642996311188,
      0.6524656414985657,
      0.19945767521858215
    ],
    [
      0.10719632357358932,
      0.21818791329860687,
      0.674615740776062
    ],
    [
      0.18250489234924316,
      0.7965006232261658,
      0.020994680002331734
    ],
    [
      0.4191158413887024,
      0.5250237584114075,
      0.055860456079244614
    ],
    [
      0.300126314163208,
      0.6528534293174744,
      0.04702107608318329
    ],
    [
      0.7995499968528748,
      0.04793743044137955,
      0.15251348912715912
    ],
    [
      0.21562914550304413,
      0.10892768949270248,
      0.6754432916641235
    ],
    [
      0.2382429987192154,
      0.21559596061706543,
      0.5461610555648804
    ],
    [
      0.42834314703941345,
      0.42367225885391235,
      0.1479850709438324
    ],
    [
      0.4048820436000824,
      0.058021511882543564,
      0.5370962619781494
    ],
    [
      0.11732298880815506,
      0.05681094527244568,
      0.8258659243583679
    ],
    [
      0.09170616418123245,
      0.08934974670410156,
      0.8189437985420227
    ],
    [
      0.04515302926301956,
      0.3400838077068329,
      0.6147628426551819
    ],
    [
      0.27610859274864197,
      0.606372594833374,
      0.11751936376094818
    ],
    [
      0.1138034462928772,
      0.7113568782806396,
      0.17483924329280853
    ],
    [
      0.21498245000839233,
      0.7304181456565857,
      0.05459969863295555
    ],
    [
      0.1959785521030426,
      0.6767538189888,
      0.1272682398557663
    ],
    [
      0.08869131654500961,
      0.18117310106754303,
      0.730135977268219
    ],
    [
      0.266139954328537,
      0.13220176100730896,
      0.6016576886177063
    ],
    [
      0.14137762784957886,
      0.10372679680585861,
      0.7548952102661133
    ],
    [
      0.11107194423675537,
      0.09531594812870026,
      0.7936128973960876
    ],
    [
      0.32172060012817383,
      0.4773959219455719,
      0.20088353753089905
    ],
    [
      0.49652299284935,
      0.11391962319612503,
      0.38955697417259216
    ],
    [
      0.7785189151763916,
      0.14825573563575745,
      0.07322513312101364
    ],
    [
      0.2468634843826294,
      0.5370596647262573,
      0.21607691049575806
    ],
    [
      0.6411188840866089,
      0.13939182460308075,
      0.21948903799057007
    ],
    [
      0.7864360809326172,
      0.14503002166748047,
      0.06853222101926804
    ],
    [
      0.1634303629398346,
      0.7929701209068298,
      0.04359940066933632
    ],
    [
      0.5663837790489197,
      0.38959255814552307,
      0.04402345046401024
    ],
    [
      0.6163131594657898,
      0.2634531259536743,
      0.1202332153916359
    ],
    [
      0.660502016544342,
      0.07399135082960129,
      0.2655068039894104
    ],
    [
      0.0920650064945221,
      0.07244457304477692,
      0.8354902863502502
    ],
    [
      0.6000285744667053,
      0.2654544711112976,
      0.13451653718948364
    ],
    [
      0.13772179186344147,
      0.21585486829280853,
      0.6464220285415649
    ],
    [
      0.709042489528656,
      0.1357087641954422,
      0.15524956583976746
    ]
  ],