{
  "N": 112800,
  "usage": [
    0.42643389105796814,
    0.23399081826210022,
    0.33957529067993164
  ],
  "entropy_mean": 0.7299389243125916,
  "entropy_std": 0.21204715967178345,
  "top1_share": [
    0.44415780901908875,
    0.2135283648967743,
    0.34231382608413696
  ],
  "P_expert_given_class": [
    [
      0.13660401105880737,
      0.21648648381233215,
      0.6469097137451172
    ],
    [
      0.21001645922660828,
      0.02435716614127159,
      0.7656258344650269
    ],
    [
      0.7467281818389893,
      0.1191396564245224,
      0.134131520986557
    ],
    [
      0.7773293852806091,
      0.07655130326747894,
      0.14611917734146118
    ],
    [
      0.767424464225769,
      0.08895719051361084,
      0.14361894130706787
    ],
    [
      0.2313573658466339,
      0.5467402935028076,
      0.2219027429819107
    ],
    [
      0.6970100998878479,
      0.20766612887382507,
      0.09532306343317032
    ],
    [
      0.5484740734100342,
      0.024664094671607018,
      0.42686212062835693
    ],
    [
      0.6007941961288452,
      0.3128995895385742,
      0.08630675822496414
    ],
    [
      0.7266296744346619,
      0.11349736899137497,
      0.1598735898733139
    ],
    [
      0.6032186150550842,
      0.2330693006515503,
      0.16371142864227295
    ],
    [
      0.5410993695259094,
      0.3296946585178375,
      0.12920595705509186
    ],
    [
      0.2468007355928421,
      0.5459306836128235,
      0.20726770162582397
    ],
    [
      0.1895514875650406,
      0.16092714667320251,
      0.6495206356048584
    ],
    [
      0.17741240561008453,
      0.7831973433494568,
      0.039389681071043015
    ],
    [
      0.39083585143089294,
      0.4943042993545532,
      0.11485983431339264
    ],
    [
      0.5516558885574341,
      0.36338767409324646,
      0.08495698869228363
    ],
    [
      0.77414470911026,
      0.05467107892036438,
      0.17118406295776367
    ],
    [
      0.23051027953624725,
      0.054482754319906235,
      0.7150064706802368
    ],
    [
      0.29762738943099976,
      0.11051690578460693,
      0.591855525970459
    ],
    [
      0.38591811060905457,
      0.47904422879219055,
      0.1350373476743698
    ],
    [
      0.36186274886131287,
      0.0520135872066021,
      0.5861230492591858
    ],
    [
      0.1965147703886032,
      0.08260425180196762,
      0.7208812236785889
    ],
    [
      0.1300962120294571,
      0.0713893473148346,
      0.7985150218009949
    ],
    [
      0.12366645783185959,
      0.24226275086402893,
      0.6340698003768921
    ],
    [
      0.5198706388473511,
      0.3016366958618164,
      0.178492933511734
    ],
    [
      0.32898157835006714,
      0.39173734188079834,
      0.2792809307575226
    ],
    [
      0.33655211329460144,
      0.5761827826499939,
      0.08726540952920914
    ],
    [
      0.2340077906847,
      0.5896188616752625,
      0.1763734072446823
    ],
    [
      0.24388925731182098,
      0.05970549210906029,
      0.6964053511619568
    ],
    [
      0.28611060976982117,
      0.12298236787319183,
      0.5909080505371094
    ],
    [
      0.14118404686450958,
      0.046695526689291,
      0.8121211528778076
    ],
    [
      0.1404421180486679,
      0.0828275978565216,
      0.7767303586006165
    ],
    [
      0.29748043417930603,
      0.4204320013523102,
      0.2820870876312256
    ],
    [
      0.4861833155155182,
      0.053982924669981,
      0.45983338356018066
    ],
    [
      0.6987051367759705,
      0.16307243704795837,
      0.13822150230407715
    ],
    [
      0.31993773579597473,
      0.40124979615211487,
      0.27881231904029846
    ],
    [
      0.7291630506515503,
      0.10999918729066849,
      0.16083693504333496
    ],
    [
      0.820604681968689,
      0.07907194644212723,
      0.10032393038272858
    ],
    [
      0.24880917370319366,
      0.6838040947914124,
      0.06738675385713577
    ],
    [
      0.5023924708366394,
      0.4110477566719055,
      0.0865599662065506
    ],
    [
      0.6545016765594482,
      0.19615177810192108,
      0.1493469476699829
    ],
    [
      0.69752037525177,
      0.0890583023428917,
      0.21342119574546814
    ],
    [
      0.1410640925168991,
      0.04259840399026871,
      0.8163370490074158
    ],
    [
      0.666321873664856,
      0.196754589676857,
      0.13692378997802734
    ],
    [
      0.20848894119262695,
      0.09607653319835663,
      0.6954348087310791
    ],
    [
      0.6968955993652344,
      0.09442682564258575,
      0.2086777538061142
    ]
  ],