{
  "N": 112800,
  "usage": [
    0.41231369972229004,
    0.2624974846839905,
    0.32518884539604187
  ],
  "entropy_mean": 0.7247697710990906,
  "entropy_std": 0.20544476807117462,
  "top1_share": [
    0.41306737065315247,
    0.2514007091522217,
    0.33553192019462585
  ],
  "P_expert_given_class": [
    [
      0.10561539977788925,
      0.28838610649108887,
      0.6059978008270264
    ],
    [
      0.25120821595191956,
      0.03317521885037422,
      0.7156168222427368
    ],
    [
      0.7488561272621155,
      0.12469051033258438,
      0.12645365297794342
    ],
    [
      0.8029699921607971,
      0.061456870287656784,
      0.13557393848896027
    ],
    [
      0.7853766083717346,
      0.08678984642028809,
      0.12783282995224
    ],
    [
      0.2053452432155609,
      0.5846229195594788,
      0.21003121137619019
    ],
    [
      0.6302402019500732,
      0.2682100534439087,
      0.10154995322227478
    ],
    [
      0.504913866519928,
      0.026488808915019035,
      0.4685981869697571
    ],
    [
      0.5588656067848206,
      0.35466429591178894,
      0.08646958321332932
    ],
    [
      0.72811359167099,
      0.12748053669929504,
      0.14440575242042542
    ],
    [
      0.6054880023002625,
      0.24386967718601227,
      0.15064245462417603
    ],
    [
      0.4925065040588379,
      0.3806621730327606,
      0.12683112919330597
    ],
    [
      0.18908381462097168,
      0.6436411142349243,
      0.16727547347545624
    ],
    [
      0.162459135055542,
      0.183323934674263,
      0.6542162299156189
    ],
    [
      0.16397419571876526,
      0.8018822073936462,
      0.03414393216371536
    ],
    [
      0.3935922086238861,
      0.5112535357475281,
      0.09515449404716492
    ],
    [
      0.44134125113487244,
      0.480384886264801,
      0.07827357202768326
    ],
    [
      0.7847888469696045,
      0.060324009507894516,
      0.15488797426223755
    ],
    [
      0.25486400723457336,
      0.07180715352296829,
      0.6733285188674927
    ],
    [
      0.2848348617553711,
      0.1320239007472992,
      0.5831415057182312
    ],
    [
      0.3930358290672302,
      0.504913866519928,
      0.10205058753490448
    ],
    [
      0.3834216594696045,
      0.06352365761995316,
      0.5530550479888916
    ],
    [
      0.16497111320495605,
      0.08232517540454865,
      0.752704381942749
    ],
    [
      0.12870928645133972,
      0.08023425936698914,
      0.7910568714141846
    ],
    [
      0.09450896829366684,
      0.30550792813301086,
      0.5999836921691895
    ],
    [
      0.4566100537776947,
      0.38557401299476624,
      0.15781641006469727
    ],
    [
      0.23492169380187988,
      0.5242117047309875,
      0.24086733162403107
    ],
    [
      0.29368478059768677,
      0.6314466595649719,
      0.07486898452043533
    ],
    [
      0.21361570060253143,
      0.6155173778533936,
      0.17086701095104218
    ],
    [
      0.20446600019931793,
      0.07203276455402374,
      0.723500669002533
    ],
    [
      0.2914855480194092,
      0.1422489732503891,
      0.5662648677825928
    ],
    [
      0.1539720743894577,
      0.04849172383546829,
      0.7975361347198486
    ],
    [
      0.12669949233531952,
      0.09855784475803375,
      0.7747424840927124
    ],
    [
      0.30993983149528503,
      0.4783962070941925,
      0.21166378259658813
    ],
    [
      0.4805431663990021,
      0.057669587433338165,
      0.4617860019207001
    ],
    [
      0.7261806130409241,
      0.1524808704853058,
      0.12133843451738358
    ],
    [
      0.2814382314682007,
      0.4730280935764313,
      0.24553433060646057
    ],
    [
      0.7303984761238098,
      0.11481184512376785,
      0.1547897458076477
    ],
    [
      0.8199998140335083,
      0.08792401105165482,
      0.09207621961832047
    ],
    [
      0.2164764404296875,
      0.7309374213218689,
      0.05258635804057121
    ],
    [
      0.5113083124160767,
      0.41656967997550964,
      0.07212178409099579
    ],
    [
      0.6469725966453552,
      0.21524454653263092,
      0.13778239488601685
    ],
    [
      0.7161679863929749,
      0.0865124985575676,
      0.19731909036636353
    ],
    [
      0.135888934135437,
      0.04721910506486893,
      0.8168918490409851
    ],
    [
      0.6508471965789795,
      0.2246927171945572,
      0.12445998191833496
    ],
    [
      0.2062816470861435,
      0.1325591653585434,
      0.6611586809158325
    ],
    [
      0.711762547492981,
      0.09961237013339996,
      0.18862612545490265
    ]
  ],