{
  "N": 112800,
  "usage": [
    0.41603538393974304,
    0.2869689464569092,
    0.2969956398010254
  ],
  "entropy_mean": 0.744446337223053,
  "entropy_std": 0.19936521351337433,
  "top1_share": [
    0.4294503629207611,
    0.2647162973880768,
    0.3058333396911621
  ],
  "P_expert_given_class": [
    [
      0.10405702143907547,
      0.25013619661331177,
      0.645805835723877
    ],
    [
      0.42502984404563904,
      0.0987335667014122,
      0.47623687982559204
    ],
    [
      0.7930989861488342,
      0.10763373970985413,
      0.09926734119653702
    ],
    [
      0.8784188032150269,
      0.034541454166173935,
      0.0870404839515686
    ],
    [
      0.7005441188812256,
      0.19447430968284607,
      0.10498171299695969
    ],
    [
      0.265979140996933,
      0.5695873498916626,
      0.16443315148353577
    ],
    [
      0.4574081003665924,
      0.42513543367385864,
      0.11745607852935791
    ],
    [
      0.5057753324508667,
      0.049573928117752075,
      0.4446517527103424
    ],
    [
      0.5373351573944092,
      0.3767520487308502,
      0.08591259270906448
    ],
    [
      0.6231139302253723,
      0.26483145356178284,
      0.11205435544252396
    ],
    [
      0.40849801898002625,
      0.45478084683418274,
      0.13672080636024475
    ],
    [
      0.5276287198066711,
      0.3678354024887085,
      0.1045355349779129
    ],
    [
      0.2726292014122009,
      0.5544164776802063,
      0.17295458912849426
    ],
    [
      0.22272944450378418,
      0.1206962838768959,
      0.656574547290802
    ],
    [
      0.19129835069179535,
      0.7809374928474426,
      0.02776411361992359
    ],
    [
      0.37061890959739685,
      0.567938506603241,
      0.0614423044025898
    ],
    [
      0.3478901982307434,
      0.5939309000968933,
      0.05817899852991104
    ],
    [
      0.7270374894142151,
      0.11284015327692032,
      0.16012190282344818
    ],
    [
      0.3443164825439453,
      0.11877451837062836,
      0.5369091033935547
    ],
    [
      0.4076903164386749,
      0.09025338292121887,
      0.5020565986633301
    ],
    [
      0.44703349471092224,
      0.44505777955055237,
      0.1079077497124672
    ],
    [
      0.492780864238739,
      0.1023276150226593,
      0.40489208698272705
    ],
    [
      0.16370506584644318,
      0.07757353782653809,
      0.7587215900421143
    ],
    [
      0.14298366010189056,
      0.08043576776981354,
      0.7765806317329407
    ],
    [
      0.07461058348417282,
      0.26875922083854675,
      0.656630277633667
    ],
    [
      0.270068496465683,
      0.6077722907066345,
      0.12215934693813324
    ],
    [
      0.18432503938674927,
      0.5920984745025635,
      0.2235761284828186
    ],
    [
      0.23381279408931732,
      0.6974566578865051,
      0.06873073428869247
    ],
    [
      0.31935134530067444,
      0.5536190271377563,
      0.12702995538711548
    ],
    [
      0.18855765461921692,
      0.1342764049768448,
      0.6771660447120667
    ],
    [
      0.3314897119998932,
      0.12596841156482697,
      0.5425419211387634
    ],
    [
      0.16179382801055908,
      0.09966003894805908,
      0.7385465502738953
    ],
    [
      0.12561997771263123,
      0.09049080312252045,
      0.7838892936706543
    ],
    [
      0.5676323771476746,
      0.278779000043869,
      0.15358877182006836
    ],
    [
      0.5206156373023987,
      0.10379861295223236,
      0.37558549642562866
    ],
    [
      0.815262496471405,
      0.08704160898923874,
      0.09769527614116669
    ],
    [
      0.28066208958625793,
      0.4449124038219452,
      0.2744252383708954
    ],
    [
      0.6676123142242432,
      0.12800949811935425,
      0.20437774062156677
    ],
    [
      0.7879493832588196,
      0.1290908008813858,
      0.08295945078134537
    ],
    [
      0.20642387866973877,
      0.7517017722129822,
      0.041874974966049194
    ],
    [
      0.49791422486305237,
      0.4539366066455841,
      0.04814862087368965
    ],
    [
      0.6293125152587891,
      0.2724374830722809,
      0.0982501432299614
    ],
    [
      0.7436186671257019,
      0.05292253568768501,
      0.20345862209796906
    ],
    [
      0.1406080722808838,
      0.0857628732919693,
      0.7736291885375977
    ],
    [
      0.5781797766685486,
      0.31937921047210693,
      0.10244081169366837
    ],
    [
      0.16814638674259186,
      0.25768813490867615,
      0.5741661190986633
    ],
    [
      0.7024936079978943,
      0.11278107017278671,
      0.18472518026828766
    ]
  ],