{
  "N": 112800,
  "usage": [
    0.4108782112598419,
    0.29355573654174805,
    0.29556605219841003
  ],
  "entropy_mean": 0.7418293356895447,
  "entropy_std": 0.2004455178976059,
  "top1_share": [
    0.4252127707004547,
    0.2712588608264923,
    0.303528368473053
  ],
  "P_expert_given_class": [
    [
      0.10069932043552399,
      0.2602234184741974,
      0.6390773057937622
    ],
    [
      0.4238509237766266,
      0.13011698424816132,
      0.4460318982601166
    ],
    [
      0.7912227511405945,
      0.11063066124916077,
      0.09814634919166565
    ],
    [
      0.8754059076309204,
      0.03590512275695801,
      0.08868864923715591
    ],
    [
      0.6994255185127258,
      0.19256766140460968,
      0.10800710320472717
    ],
    [
      0.2515751123428345,
      0.5993584990501404,
      0.14906646311283112
    ],
    [
      0.43665334582328796,
      0.4496898353099823,
      0.11365652829408646
    ],
    [
      0.4981798827648163,
      0.05221600830554962,
      0.44960376620292664
    ],
    [
      0.5358251333236694,
      0.38480526208877563,
      0.079368956387043
    ],
    [
      0.6145257353782654,
      0.27721521258354187,
      0.1082587018609047
    ],
    [
      0.39727580547332764,
      0.46689173579216003,
      0.13583256304264069
    ],
    [
      0.5170362591743469,
      0.38330817222595215,
      0.09965525567531586
    ],
    [
      0.25672638416290283,
      0.562767505645752,
      0.18050599098205566
    ],
    [
      0.21645627915859222,
      0.12026016414165497,
      0.6632830500602722
    ],
    [
      0.20036235451698303,
      0.7760069370269775,
      0.023630386218428612
    ],
    [
      0.37436220049858093,
      0.5698747038841248,
      0.0557631179690361
    ],
    [
      0.340796560049057,
      0.6032299995422363,
      0.05597394332289696
    ],
    [
      0.7105651497840881,
      0.12042964994907379,
      0.1690056174993515
    ],
    [
      0.33606427907943726,
      0.1483333855867386,
      0.5156022906303406
    ],
    [
      0.3990319073200226,
      0.09521566331386566,
      0.5057520270347595
    ],
    [
      0.46186769008636475,
      0.4331079125404358,
      0.10502427071332932
    ],
    [
      0.49141764640808105,
      0.11915451288223267,
      0.3894277811050415
    ],
    [
      0.15264634788036346,
      0.07751403003931046,
      0.7698397040367126
    ],
    [
      0.12983062863349915,
      0.07996056973934174,
      0.7902092337608337
    ],
    [
      0.07235407084226608,
      0.28455767035484314,
      0.6430878043174744
    ],
    [
      0.2605033218860626,
      0.6300007700920105,
      0.10949554294347763
    ],
    [
      0.1723380833864212,
      0.6088148355484009,
      0.2188456505537033
    ],
    [
      0.2253262847661972,
      0.7095188498497009,
      0.0651547908782959
    ],
    [
      0.3041567802429199,
      0.5769198536872864,
      0.11892326176166534
    ],
    [
      0.1887771040201187,
      0.1218390166759491,
      0.6893841028213501
    ],
    [
      0.3141617178916931,
      0.12464702874422073,
      0.5611927509307861
    ],
    [
      0.15427374839782715,
      0.10906005650758743,
      0.7366664409637451
    ],
    [
      0.11451125144958496,
      0.0835966169834137,
      0.8018912672996521
    ],
    [
      0.5818767547607422,
      0.26339903473854065,
      0.1547248363494873
    ],
    [
      0.5364817380905151,
      0.10222405195236206,
      0.36129364371299744
    ],
    [
      0.8154790997505188,
      0.08905600756406784,
      0.09546487778425217
    ],
    [
      0.27822497487068176,
      0.44670170545578003,
      0.27507323026657104
    ],
    [
      0.6576574444770813,
      0.13138875365257263,
      0.2109534591436386
    ],
    [
      0.7784420847892761,
      0.1361628621816635,
      0.08539547026157379
    ],
    [
      0.20566141605377197,
      0.7545726299285889,
      0.039765968918800354
    ],
    [
      0.5011220574378967,
      0.45436954498291016,
      0.04450825974345207
    ],
    [
      0.619187593460083,
      0.2833862602710724,
      0.09742505848407745
    ],
    [
      0.7396414279937744,
      0.05495139956474304,
      0.20540770888328552
    ],
    [
      0.13832466304302216,
      0.09148474037647247,
      0.7701900005340576
    ],
    [
      0.5704651474952698,
      0.32821792364120483,
      0.10131780058145523
    ],
    [
      0.16523359715938568,
      0.253310889005661,
      0.5814549326896667
    ],
    [
      0.7052722573280334,
      0.11015260219573975,
      0.18457497656345367
    ]
  ],