{
  "N": 112800,
  "usage": [
    0.38097110390663147,
    0.3070351183414459,
    0.3119937777519226
  ],
  "entropy_mean": 0.7336279153823853,
  "entropy_std": 0.20418021082878113,
  "top1_share": [
    0.38545212149620056,
    0.2939450442790985,
    0.3206028342247009
  ],
  "P_expert_given_class": [
    [
      0.07310834527015686,
      0.20864249765872955,
      0.7182490825653076
    ],
    [
      0.402474045753479,
      0.15642204880714417,
      0.4411042332649231
    ],
    [
      0.7685860991477966,
      0.13266558945178986,
      0.09874818474054337
    ],
    [
      0.8781817555427551,
      0.03900298476219177,
      0.0828147605061531
    ],
    [
      0.6509122848510742,
      0.2056923508644104,
      0.1433950811624527
    ],
    [
      0.2304733544588089,
      0.6380608081817627,
      0.1314658671617508
    ],
    [
      0.337033212184906,
      0.5078101754188538,
      0.15515565872192383
    ],
    [
      0.42537441849708557,
      0.07616956532001495,
      0.4984572231769562
    ],
    [
      0.5660334229469299,
      0.3640404939651489,
      0.0699257105588913
    ],
    [
      0.5450736284255981,
      0.35785865783691406,
      0.09706749767065048
    ],
    [
      0.3902311325073242,
      0.49147889018058777,
      0.11828993260860443
    ],
    [
      0.47273966670036316,
      0.41933462023735046,
      0.10792532563209534
    ],
    [
      0.17899096012115479,
      0.5851779580116272,
      0.2358311265707016
    ],
    [
      0.2005501538515091,
      0.08612553030252457,
      0.7133254408836365
    ],
    [
      0.18270272016525269,
      0.7952954769134521,
      0.022001715376973152
    ],
    [
      0.3442022502422333,
      0.6173250675201416,
      0.03847208619117737
    ],
    [
      0.28845664858818054,
      0.659121036529541,
      0.05242179334163666
    ],
    [
      0.6962589621543884,
      0.11015589535236359,
      0.19358448684215546
    ],
    [
      0.29265066981315613,
      0.15935997664928436,
      0.5479888319969177
    ],
    [
      0.3562992215156555,
      0.09836594760417938,
      0.54533451795578
    ],
    [
      0.4164382815361023,
      0.4457664489746094,
      0.13779541850090027
    ],
    [
      0.4719289243221283,
      0.12892656028270721,
      0.3991446793079376
    ],
    [
      0.12287280708551407,
      0.0634673610329628,
      0.813659131526947
    ],
    [
      0.11956324428319931,
      0.08034541457891464,
      0.800091564655304
    ],
    [
      0.060273151844739914,
      0.233571395277977,
      0.7061554193496704
    ],
    [
      0.25724077224731445,
      0.6380511522293091,
      0.10470758378505707
    ],
    [
      0.12258484214544296,
      0.6597998142242432,
      0.21761585772037506
    ],
    [
      0.22729085385799408,
      0.7180845737457275,
      0.05462435260415077
    ],
    [
      0.3381374478340149,
      0.5501595139503479,
      0.11170303076505661
    ],
    [
      0.14505229890346527,
      0.1287812888622284,
      0.7261664867401123
    ],
    [
      0.26991838216781616,
      0.12411706149578094,
      0.6059644818305969
    ],
    [
      0.12910474836826324,
      0.13253654539585114,
      0.7383585572242737
    ],
    [
      0.0820433720946312,
      0.06961605697870255,
      0.8483408689498901
    ],
    [
      0.5457956194877625,
      0.2801685631275177,
      0.17403504252433777
    ],
    [
      0.5334969758987427,
      0.10983400046825409,
      0.35666823387145996
    ],
    [
      0.8238970041275024,
      0.08107921481132507,
      0.09502429515123367
    ],
    [
      0.24340136349201202,
      0.4887613356113434,
      0.2678365707397461
    ],
    [
      0.5833467841148376,
      0.12324149161577225,
      0.2934117615222931
    ],
    [
      0.7050813436508179,
      0.20300164818763733,
      0.09191618859767914
    ],
    [
      0.2210618108510971,
      0.724699079990387,
      0.0542391762137413
    ],
    [
      0.47450846433639526,
      0.4948131740093231,
      0.030678628012537956
    ],
    [
      0.595712423324585,
      0.3094145953655243,
      0.09487221390008926
    ],
    [
      0.6835113763809204,
      0.06739740073680878,
      0.2490912824869156
    ],
    [
      0.14057813584804535,
      0.09418535977602005,
      0.7652364373207092
    ],
    [
      0.5260056257247925,
      0.3779289424419403,
      0.09606519341468811
    ],
    [
      0.10764161497354507,
      0.2729908525943756,
      0.6193670034408569
    ],
    [
      0.6788192987442017,
      0.1218038946390152,
      0.19937850534915924
    ]
  ],