{
  "N": 112800,
  "usage": [
    0.38390520215034485,
    0.30280089378356934,
    0.3132939636707306
  ],
  "entropy_mean": 0.7376136779785156,
  "entropy_std": 0.20542830228805542,
  "top1_share": [
    0.392508864402771,
    0.2887411415576935,
    0.3187499940395355
  ],
  "P_expert_given_class": [
    [
      0.07441303879022598,
      0.20277519524097443,
      0.722811758518219
    ],
    [
      0.40545332431793213,
      0.15073296427726746,
      0.4438134729862213
    ],
    [
      0.7687263488769531,
      0.12657317519187927,
      0.10470118373632431
    ],
    [
      0.8781944513320923,
      0.034541282802820206,
      0.08726392686367035
    ],
    [
      0.6466076374053955,
      0.21715931594371796,
      0.1362331062555313
    ],
    [
      0.22440949082374573,
      0.6330218315124512,
      0.14256872236728668
    ],
    [
      0.34793907403945923,
      0.49560970067977905,
      0.156450554728508
    ],
    [
      0.44417405128479004,
      0.06863028556108475,
      0.48719462752342224
    ],
    [
      0.5537900328636169,
      0.37070024013519287,
      0.07550978660583496
    ],
    [
      0.5515056252479553,
      0.33866915106773376,
      0.1098247542977333
    ],
    [
      0.3940105438232422,
      0.48458775877952576,
      0.12140248715877533
    ],
    [
      0.46938490867614746,
      0.41622722148895264,
      0.11438848823308945
    ],
    [
      0.181563138961792,
      0.584034264087677,
      0.23440228402614594
    ],
    [
      0.19853977859020233,
      0.09120533615350723,
      0.7102549076080322
    ],
    [
      0.18312762677669525,
      0.7920919060707092,
      0.024780722334980965
    ],
    [
      0.3449024558067322,
      0.6118987202644348,
      0.043199364095926285
    ],
    [
      0.2995676100254059,
      0.6456170678138733,
      0.054814402014017105
    ],
    [
      0.6977972984313965,
      0.11988108605146408,
      0.1823219656944275
    ],
    [
      0.29693979024887085,
      0.1570853739976883,
      0.5459745526313782
    ],
    [
      0.36062091588974,
      0.10235172510147095,
      0.5370274782180786
    ],
    [
      0.4332304894924164,
      0.43601882457733154,
      0.1307503879070282
    ],
    [
      0.47098255157470703,
      0.12780024111270905,
      0.40121737122535706
    ],
    [
      0.1220906600356102,
      0.06391888111829758,
      0.8139897584915161
    ],
    [
      0.1226169690489769,
      0.07518478482961655,
      0.8021981120109558
    ],
    [
      0.06036579608917236,
      0.222412109375,
      0.7172213196754456
    ],
    [
      0.25939270853996277,
      0.628727376461029,
      0.11187945306301117
    ],
    [
      0.12883497774600983,
      0.6468858122825623,
      0.22427929937839508
    ],
    [
      0.228182852268219,
      0.7158384323120117,
      0.055977657437324524
    ],
    [
      0.3391912877559662,
      0.5380873084068298,
      0.12272147834300995
    ],
    [
      0.1504894495010376,
      0.1323944330215454,
      0.7171164155006409
    ],
    [
      0.27610111236572266,
      0.11639760434627533,
      0.6075018048286438
    ],
    [
      0.1271977424621582,
      0.11703959107398987,
      0.7557622790336609
    ],
    [
      0.08034344017505646,
      0.07283831387758255,
      0.8468179106712341
    ],
    [
      0.565577507019043,
      0.27116742730140686,
      0.16325542330741882
    ],
    [
      0.5449325442314148,
      0.11188095062971115,
      0.3431856036186218
    ],
    [
      0.8115716576576233,
      0.08029334247112274,
      0.10813529789447784
    ],
    [
      0.24960075318813324,
      0.4793627858161926,
      0.2710359990596771
    ],
    [
      0.5736810564994812,
      0.12712711095809937,
      0.299191415309906
    ],
    [
      0.7183326482772827,
      0.1889578104019165,
      0.09270931035280228
    ],
    [
      0.22360539436340332,
      0.7198654413223267,
      0.056528862565755844
    ],
    [
      0.4708002805709839,
      0.49453938007354736,
      0.034660857170820236
    ],
    [
      0.6016782522201538,
      0.2978861629962921,
      0.10043440014123917
    ],
    [
      0.7004470825195312,
      0.07222268730401993,
      0.22732983529567719
    ],
    [
      0.14005640149116516,
      0.0897175520658493,
      0.7702262997627258
    ],
    [
      0.5288888812065125,
      0.36664775013923645,
      0.1044633537530899
    ],
    [
      0.11292213201522827,
      0.26912954449653625,
      0.6179482340812683
    ],
    [
      0.6807609796524048,
      0.1259024292230606,
      0.19333761930465698
    ]
  ],