{
  "N": 112800,
  "usage": [
    0.4273791015148163,
    0.2675396800041199,
    0.30508124828338623
  ],
  "entropy_mean": 0.7602481842041016,
  "entropy_std": 0.19706927239894867,
  "top1_share": [
    0.443945050239563,
    0.2508244812488556,
    0.3052304983139038
  ],
  "P_expert_given_class": [
    [
      0.16565844416618347,
      0.2721623480319977,
      0.5621790885925293
    ],
    [
      0.35931625962257385,
      0.0670858770608902,
      0.573599100112915
    ],
    [
      0.743366539478302,
      0.11784735321998596,
      0.1387864649295807
    ],
    [
      0.8395473957061768,
      0.056547731161117554,
      0.10390505194664001
    ],
    [
      0.7260984182357788,
      0.14526505768299103,
      0.12863586843013763
    ],
    [
      0.3186011016368866,
      0.4894312620162964,
      0.1919679194688797
    ],
    [
      0.544131875038147,
      0.354654997587204,
      0.10121364891529083
    ],
    [
      0.6043105721473694,
      0.03382718563079834,
      0.3618621528148651
    ],
    [
      0.5396395921707153,
      0.38054803013801575,
      0.07981179654598236
    ],
    [
      0.7186906337738037,
      0.16868847608566284,
      0.11262071877717972
    ],
    [
      0.41821596026420593,
      0.4004855453968048,
      0.18129844963550568
    ],
    [
      0.5272184610366821,
      0.3597421944141388,
      0.11303921043872833
    ],
    [
      0.2834099531173706,
      0.5960975885391235,
      0.12049271911382675
    ],
    [
      0.24249936640262604,
      0.13789762556552887,
      0.6196027994155884
    ],
    [
      0.174141064286232,
      0.7872711420059204,
      0.03858751431107521
    ],
    [
      0.3600534200668335,
      0.5382310748100281,
      0.10171607881784439
    ],
    [
      0.46607834100723267,
      0.46363040804862976,
      0.07029121369123459
    ],
    [
      0.7272010445594788,
      0.09139271080493927,
      0.18140697479248047
    ],
    [
      0.32863903045654297,
      0.09041804075241089,
      0.5809428095817566
    ],
    [
      0.4223504662513733,
      0.07524832338094711,
      0.502400815486908
    ],
    [
      0.41141390800476074,
      0.4666379392147064,
      0.12194883078336716
    ],
    [
      0.44265350699424744,
      0.09629005193710327,
      0.4610559046268463
    ],
    [
      0.14075641334056854,
      0.08404509723186493,
      0.7751985788345337
    ],
    [
      0.13891427218914032,
      0.07911476492881775,
      0.7819710969924927
    ],
    [
      0.1262776255607605,
      0.28379300236701965,
      0.5899298191070557
    ],
    [
      0.35725411772727966,
      0.4573585093021393,
      0.1853874921798706
    ],
    [
      0.2968786954879761,
      0.4761955738067627,
      0.226925790309906
    ],
    [
      0.24994349479675293,
      0.6426819562911987,
      0.10737475007772446
    ],
    [
      0.34734606742858887,
      0.5058684349060059,
      0.14678524434566498
    ],
    [
      0.2635261118412018,
      0.06159501522779465,
      0.6748785972595215
    ],
    [
      0.2952398359775543,
      0.1562086045742035,
      0.5485515594482422
    ],
    [
      0.1702641397714615,
      0.059663087129592896,
      0.7700727581977844
    ],
    [
      0.13215704262256622,
      0.09081064164638519,
      0.7770323753356934
    ],
    [
      0.4199412167072296,
      0.3741372525691986,
      0.2059212625026703
    ],
    [
      0.5893300771713257,
      0.06247790530323982,
      0.34819161891937256
    ],
    [
      0.7204786539077759,
      0.15336258709430695,
      0.12615859508514404
    ],
    [
      0.27834364771842957,
      0.4352530837059021,
      0.2864035665988922
    ],
    [
      0.6940154433250427,
      0.16838744282722473,
      0.13759686052799225
    ],
    [
      0.8006886839866638,
      0.10699077695608139,
      0.09232166409492493
    ],
    [
      0.22192135453224182,
      0.723055899143219,
      0.05502374470233917
    ],
    [
      0.4597073495388031,
      0.4637618064880371,
      0.07653060555458069
    ],
    [
      0.6591447591781616,
      0.23663996160030365,
      0.10421563684940338
    ],
    [
      0.6805281043052673,
      0.1282382309436798,
      0.1912343055009842
    ],
    [
      0.1428183615207672,
      0.06404931098222733,
      0.7931320667266846
    ],
    [
      0.6205318570137024,
      0.2760092616081238,
      0.10345874726772308
    ],
    [
      0.2289734184741974,
      0.18734239041805267,
      0.5836846232414246
    ],
    [
      0.6886065602302551,
      0.10792406648397446,
      0.20347028970718384
    ]
  ],