{
  "N": 112800,
  "usage": [
    0.39020970463752747,
    0.2988157868385315,
    0.31097447872161865
  ],
  "entropy_mean": 0.7388831973075867,
  "entropy_std": 0.2032942920923233,
  "top1_share": [
    0.40137410163879395,
    0.28150710463523865,
    0.3171187937259674
  ],
  "P_expert_given_class": [
    [
      0.0799318477511406,
      0.2119150608778,
      0.7081524133682251
    ],
    [
      0.40521371364593506,
      0.1505812406539917,
      0.44420596957206726
    ],
    [
      0.767859697341919,
      0.12828920781612396,
      0.10385077446699142
    ],
    [
      0.8768151998519897,
      0.037638451904058456,
      0.08554668724536896
    ],
    [
      0.6585983037948608,
      0.20414668321609497,
      0.13725553452968597
    ],
    [
      0.23404477536678314,
      0.6297666430473328,
      0.1361885517835617
    ],
    [
      0.3683360815048218,
      0.47419866919517517,
      0.15746429562568665
    ],
    [
      0.45052027702331543,
      0.0654977411031723,
      0.48398131132125854
    ],
    [
      0.565915584564209,
      0.3580796420574188,
      0.07600485533475876
    ],
    [
      0.5681323409080505,
      0.3299941420555115,
      0.10187371075153351
    ],
    [
      0.3981912136077881,
      0.48224344849586487,
      0.11956486105918884
    ],
    [
      0.48203372955322266,
      0.40657398104667664,
      0.11139286309480667
    ],
    [
      0.21728605031967163,
      0.5528392791748047,
      0.22987423837184906
    ],
    [
      0.19911091029644012,
      0.09765408933162689,
      0.7032353281974792
    ],
    [
      0.18809062242507935,
      0.7875191569328308,
      0.02439112588763237
    ],
    [
      0.3544904887676239,
      0.6007911562919617,
      0.044718388468027115
    ],
    [
      0.31010934710502625,
      0.6316943168640137,
      0.05819578096270561
    ],
    [
      0.7057470679283142,
      0.11286811530590057,
      0.1813850700855255
    ],
    [
      0.30162927508354187,
      0.1625347137451172,
      0.5358361601829529
    ],
    [
      0.37418559193611145,
      0.09924962371587753,
      0.5265639424324036
    ],
    [
      0.45158645510673523,
      0.4297218322753906,
      0.11869211494922638
    ],
    [
      0.47294509410858154,
      0.12826082110404968,
      0.3987938165664673
    ],
    [
      0.12794360518455505,
      0.06719246506690979,
      0.8048644065856934
    ],
    [
      0.11732348054647446,
      0.0795653685927391,
      0.8031102418899536
    ],
    [
      0.06259512156248093,
      0.2383410930633545,
      0.6990651488304138
    ],
    [
      0.25656846165657043,
      0.6296746134757996,
      0.11375653743743896
    ],
    [
      0.1305789351463318,
      0.6350798606872559,
      0.23434236645698547
    ],
    [
      0.23375515639781952,
      0.7105199694633484,
      0.05572495236992836
    ],
    [
      0.3338894546031952,
      0.5540418028831482,
      0.11206924170255661
    ],
    [
      0.15929894149303436,
      0.12868712842464447,
      0.7120150327682495
    ],
    [
      0.285289466381073,
      0.12290804833173752,
      0.591802716255188
    ],
    [
      0.1286713182926178,
      0.11754286289215088,
      0.7537862062454224
    ],
    [
      0.07734828442335129,
      0.07416998594999313,
      0.8484804034233093
    ],
    [
      0.5773502588272095,
      0.27079227566719055,
      0.1518571376800537
    ],
    [
      0.541121244430542,
      0.10645609349012375,
      0.35242265462875366
    ],
    [
      0.8180664777755737,
      0.08045436441898346,
      0.10147983580827713
    ],
    [
      0.2590295970439911,
      0.4629068374633789,
      0.27806395292282104
    ],
    [
      0.5733328461647034,
      0.1249232068657875,
      0.3017447292804718
    ],
    [
      0.7221946716308594,
      0.17412959039211273,
      0.10367503762245178
    ],
    [
      0.22140143811702728,
      0.7269786596298218,
      0.051620014011859894
    ],
    [
      0.4912884533405304,
      0.4726933240890503,
      0.0360184907913208
    ],
    [
      0.6099026799201965,
      0.29351192712783813,
      0.09658493101596832
    ],
    [
      0.7094064354896545,
      0.06501329690217972,
      0.2255801409482956
    ],
    [
      0.13173288106918335,
      0.08624710887670517,
      0.7820195555686951
    ],
    [
      0.5411837697029114,
      0.3576093912124634,
      0.10120692104101181
    ],
    [
      0.11664225161075592,
      0.26806148886680603,
      0.6152963042259216
    ],
    [
      0.6831687688827515,
      0.11478452384471893,
      0.20204676687717438
    ]
  ],