{
  "N": 112800,
  "usage": [
    0.4154072701931,
    0.2855249345302582,
    0.29906779527664185
  ],
  "entropy_mean": 0.7402703762054443,
  "entropy_std": 0.20078808069229126,
  "top1_share": [
    0.42482268810272217,
    0.2683156132698059,
    0.3068616986274719
  ],
  "P_expert_given_class": [
    [
      0.1052732840180397,
      0.2559559643268585,
      0.6387708783149719
    ],
    [
      0.426918625831604,
      0.09099376946687698,
      0.48208749294281006
    ],
    [
      0.7951856255531311,
      0.10582758486270905,
      0.09898591041564941
    ],
    [
      0.8768674731254578,
      0.03482567518949509,
      0.08830694854259491
    ],
    [
      0.7110967636108398,
      0.18752528727054596,
      0.10137806832790375
    ],
    [
      0.2750917673110962,
      0.5589625239372253,
      0.1659453958272934
    ],
    [
      0.475947767496109,
      0.41535788774490356,
      0.10869431495666504
    ],
    [
      0.5128958225250244,
      0.04270700365304947,
      0.4443974196910858
    ],
    [
      0.5255301594734192,
      0.38372811675071716,
      0.09074113517999649
    ],
    [
      0.6450965404510498,
      0.24316376447677612,
      0.11173951625823975
    ],
    [
      0.40157172083854675,
      0.4582572281360626,
      0.14017094671726227
    ],
    [
      0.5409722328186035,
      0.3440438210964203,
      0.1149839237332344
    ],
    [
      0.26485687494277954,
      0.5663349032402039,
      0.16880938410758972
    ],
    [
      0.22063493728637695,
      0.1156265139579773,
      0.6637386679649353
    ],
    [
      0.18216156959533691,
      0.7888535857200623,
      0.028984129428863525
    ],
    [
      0.35791724920272827,
      0.5784350633621216,
      0.06364855915307999
    ],
    [
      0.3663419485092163,
      0.5780651569366455,
      0.055592264980077744
    ],
    [
      0.729204535484314,
      0.10523667931556702,
      0.16555868089199066
    ],
    [
      0.3556729555130005,
      0.11551011353731155,
      0.528816819190979
    ],
    [
      0.4154342710971832,
      0.08680268377065659,
      0.4977625906467438
    ],
    [
      0.40141561627388,
      0.4882466197013855,
      0.11033770442008972
    ],
    [
      0.489623099565506,
      0.09920064359903336,
      0.41117650270462036
    ],
    [
      0.1588616669178009,
      0.07118812948465347,
      0.7699497938156128
    ],
    [
      0.12809471786022186,
      0.08257243037223816,
      0.7893328666687012
    ],
    [
      0.07576379179954529,
      0.2694449722766876,
      0.6547910571098328
    ],
    [
      0.2738703489303589,
      0.5987099409103394,
      0.1274203658103943
    ],
    [
      0.19986556470394135,
      0.5817461609840393,
      0.21838849782943726
    ],
    [
      0.22897198796272278,
      0.69243323802948,
      0.0785943791270256
    ],
    [
      0.3153167963027954,
      0.5574024319648743,
      0.12728090584278107
    ],
    [
      0.18890298902988434,
      0.11690311133861542,
      0.6941938400268555
    ],
    [
      0.3261187970638275,
      0.12655124068260193,
      0.5473300218582153
    ],
    [
      0.16562069952487946,
      0.10114304721355438,
      0.7332371473312378
    ],
    [
      0.12246207892894745,
      0.08542008697986603,
      0.7921174168586731
    ],
    [
      0.5192826986312866,
      0.3117763102054596,
      0.16894131898880005
    ],
    [
      0.5339622497558594,
      0.09230611473321915,
      0.3737306594848633
    ],
    [
      0.8124217987060547,
      0.08831143379211426,
      0.09926643967628479
    ],
    [
      0.2846982479095459,
      0.44114482402801514,
      0.2741572856903076
    ],
    [
      0.6804609894752502,
      0.12168175727128983,
      0.19785679876804352
    ],
    [
      0.7964360117912292,
      0.11894688755273819,
      0.08461690694093704
    ],
    [
      0.20546388626098633,
      0.751693069934845,
      0.042843397706747055
    ],
    [
      0.47926315665245056,
      0.4729972779750824,
      0.04773908853530884
    ],
    [
      0.6306109428405762,
      0.270743727684021,
      0.09864512085914612
    ],
    [
      0.7263821363449097,
      0.06102705001831055,
      0.2125907689332962
    ],
    [
      0.13937728106975555,
      0.080307237803936,
      0.7803155779838562
    ],
    [
      0.5816646218299866,
      0.31550249457359314,
      0.10283351689577103
    ],
    [
      0.1714549958705902,
      0.254995733499527,
      0.5735499858856201
    ],
    [
      0.7030998468399048,
      0.111063651740551,
      0.18583621084690094
    ]
  ],