{
  "N": 112800,
  "usage": [
    0.3792513310909271,
    0.30627140402793884,
    0.3144772946834564
  ],
  "entropy_mean": 0.7216665148735046,
  "entropy_std": 0.2095487117767334,
  "top1_share": [
    0.38513296842575073,
    0.2960194945335388,
    0.31884750723838806
  ],
  "P_expert_given_class": [
    [
      0.0717972069978714,
      0.1934032142162323,
      0.7347997426986694
    ],
    [
      0.41932564973831177,
      0.1569993495941162,
      0.42367586493492126
    ],
    [
      0.7787285447120667,
      0.1259273737668991,
      0.09534303098917007
    ],
    [
      0.8894991278648376,
      0.03471222519874573,
      0.07578956335783005
    ],
    [
      0.650385856628418,
      0.20489740371704102,
      0.14471684396266937
    ],
    [
      0.21858316659927368,
      0.6557359099388123,
      0.12568126618862152
    ],
    [
      0.32271459698677063,
      0.504570484161377,
      0.1727144420146942
    ],
    [
      0.4391552805900574,
      0.06428445875644684,
      0.4965611696243286
    ],
    [
      0.5838701128959656,
      0.3532603085041046,
      0.06286919862031937
    ],
    [
      0.5500321388244629,
      0.34787508845329285,
      0.10209248214960098
    ],
    [
      0.3851061463356018,
      0.49773919582366943,
      0.11715462058782578
    ],
    [
      0.47450804710388184,
      0.42790770530700684,
      0.09758519381284714
    ],
    [
      0.17079868912696838,
      0.5620511770248413,
      0.2671494781970978
    ],
    [
      0.20604419708251953,
      0.08914381265640259,
      0.7048113346099854
    ],
    [
      0.16868790984153748,
      0.8087655901908875,
      0.022547466680407524
    ],
    [
      0.33762791752815247,
      0.6245676875114441,
      0.03780496492981911
    ],
    [
      0.27376529574394226,
      0.6692802309989929,
      0.056954409927129745
    ],
    [
      0.6953142285346985,
      0.1168626919388771,
      0.18782301247119904
    ],
    [
      0.29557088017463684,
      0.1584191471338272,
      0.5460096001625061
    ],
    [
      0.3691908121109009,
      0.08933799713850021,
      0.5414718389511108
    ],
    [
      0.40996551513671875,
      0.44626694917678833,
      0.1437671184539795
    ],
    [
      0.4820351302623749,
      0.12667270004749298,
      0.39129263162612915
    ],
    [
      0.11039777100086212,
      0.05575413256883621,
      0.8338480591773987
    ],
    [
      0.11152535676956177,
      0.07483627647161484,
      0.8136383295059204
    ],
    [
      0.05879493057727814,
      0.21359799802303314,
      0.7276065945625305
    ],
    [
      0.24404515326023102,
      0.6476460099220276,
      0.10830884426832199
    ],
    [
      0.10743317753076553,
      0.6682910919189453,
      0.22427518665790558
    ],
    [
      0.20514576137065887,
      0.746216356754303,
      0.04863855615258217
    ],
    [
      0.32034727931022644,
      0.568770170211792,
      0.11088333278894424
    ],
    [
      0.1532924324274063,
      0.1045674979686737,
      0.7421396374702454
    ],
    [
      0.2714371383190155,
      0.11133239418268204,
      0.6172312498092651
    ],
    [
      0.1350211352109909,
      0.1340545266866684,
      0.7309238314628601
    ],
    [
      0.07394060492515564,
      0.06790494173765182,
      0.8581551313400269
    ],
    [
      0.5586948394775391,
      0.2809813618659973,
      0.16032391786575317
    ],
    [
      0.5600500702857971,
      0.10384214669466019,
      0.33610835671424866
    ],
    [
      0.8274604082107544,
      0.07580098509788513,
      0.09673842787742615
    ],
    [
      0.23915687203407288,
      0.4854488670825958,
      0.2753943204879761
    ],
    [
      0.5695684552192688,
      0.12951965630054474,
      0.3009118139743805
    ],
    [
      0.6959384083747864,
      0.21037396788597107,
      0.0936872586607933
    ],
    [
      0.20751982927322388,
      0.7351338863372803,
      0.05734598636627197
    ],
    [
      0.47370433807373047,
      0.496101438999176,
      0.03019360452890396
    ],
    [
      0.6010052561759949,
      0.29895856976509094,
      0.10003750026226044
    ],
    [
      0.6620153188705444,
      0.06923706829547882,
      0.2687467038631439
    ],
    [
      0.13786190748214722,
      0.0891718715429306,
      0.7729661464691162
    ],
    [
      0.5266515016555786,
      0.3728080093860626,
      0.1005403995513916
    ],
    [
      0.09680429100990295,
      0.27479246258735657,
      0.6284023523330688
    ],
    [
      0.6842955946922302,
      0.12093419581651688,
      0.19477078318595886
    ]
  ],