{
  "N": 112800,
  "usage": [
    0.31915393471717834,
    0.2973107099533081,
    0.38353535532951355
  ],
  "entropy_mean": 0.8504816293716431,
  "entropy_std": 0.22057531774044037,
  "top1_share": [
    0.26917552947998047,
    0.2930230498313904,
    0.43780142068862915
  ],
  "P_expert_given_class": [
    [
      0.2155078947544098,
      0.19560952484607697,
      0.5888819098472595
    ],
    [
      0.15974512696266174,
      0.057025421410799026,
      0.783229410648346
    ],
    [
      0.4886569082736969,
      0.270254909992218,
      0.24108746647834778
    ],
    [
      0.4464162588119507,
      0.33706584572792053,
      0.21651768684387207
    ],
    [
      0.477037250995636,
      0.24831393361091614,
      0.27464860677719116
    ],
    [
      0.2705502212047577,
      0.5194854140281677,
      0.20996426045894623
    ],
    [
      0.4714079201221466,
      0.2673945426940918,
      0.2611968517303467
    ],
    [
      0.26788583397865295,
      0.09156636893749237,
      0.6405482292175293
    ],
    [
      0.3076890707015991,
      0.5015385746955872,
      0.19077229499816895
    ],
    [
      0.40709713101387024,
      0.2768856883049011,
      0.3160168528556824
    ],
    [
      0.28039246797561646,
      0.4277157187461853,
      0.2918919324874878
    ],
    [
      0.2879592180252075,
      0.48423081636428833,
      0.22781044244766235
    ],
    [
      0.2771080434322357,
      0.30703967809677124,
      0.4158521294593811
    ],
    [
      0.2813163995742798,
      0.19692477583885193,
      0.5217592120170593
    ],
    [
      0.19836993515491486,
      0.608008623123169,
      0.19362148642539978
    ],
    [
      0.32309332489967346,
      0.32703065872192383,
      0.349875807762146
    ],
    [
      0.4194526970386505,
      0.3254593014717102,
      0.25508761405944824
    ],
    [
      0.41746506094932556,
      0.1885974258184433,
      0.3939371407032013
    ],
    [
      0.19399744272232056,
      0.07324379682540894,
      0.7327589392662048
    ],
    [
      0.39009374380111694,
      0.15078313648700714,
      0.45912283658981323
    ],
    [
      0.2541380524635315,
      0.5096109509468079,
      0.23625068366527557
    ],
    [
      0.245345339179039,
      0.09027469903230667,
      0.6643804907798767
    ],
    [
      0.25384944677352905,
      0.4020213782787323,
      0.3441292643547058
    ],
    [
      0.2605332136154175,
      0.3001549243927002,
      0.4393119812011719
    ],
    [
      0.20882391929626465,
      0.2607649862766266,
      0.5304116606712341
    ],
    [
      0.27604377269744873,
      0.292113721370697,
      0.4318419396877289
    ],
    [
      0.37936562299728394,
      0.34461820125579834,
      0.27601712942123413
    ],
    [
      0.20621564984321594,
      0.5926533341407776,
      0.20113041996955872
    ],
    [
      0.2615478038787842,
      0.5557643175125122,
      0.18268811702728271
    ],
    [
      0.2581091821193695,
      0.10387289524078369,
      0.6380178332328796
    ],
    [
      0.3016757071018219,
      0.14401781558990479,
      0.5543071627616882
    ],
    [
      0.26202037930488586,
      0.1051020547747612,
      0.6328772902488708
    ],
    [
      0.33481869101524353,
      0.24985674023628235,
      0.4153244197368622
    ],
    [
      0.3134850859642029,
      0.41402003169059753,
      0.272495299577713
    ],
    [
      0.3877672553062439,
      0.12273736298084259,
      0.4894947409629822
    ],
    [
      0.4042339622974396,
      0.3388868570327759,
      0.25687864422798157
    ],
    [
      0.2969569265842438,
      0.44448912143707275,
      0.2585534453392029
    ],
    [
      0.45756271481513977,
      0.28410154581069946,
      0.2583356499671936
    ],
    [
      0.5460060238838196,
      0.20679989457130432,
      0.24719400703907013
    ],
    [
      0.16757947206497192,
      0.6827210187911987,
      0.14969895780086517
    ],
    [
      0.40243420004844666,
      0.2921115756034851,
      0.3054545521736145
    ],
    [
      0.3860703408718109,
      0.36831146478652954,
      0.2456180900335312
    ],
    [
      0.3997657895088196,
      0.23703931272029877,
      0.3631949722766876
    ],
    [
      0.1556132435798645,
      0.1426389366388321,
      0.7017480731010437
    ],
    [
      0.3944139778614044,
      0.3402930796146393,
      0.2652924954891205
    ],
    [
      0.16130512952804565,
      0.10349537432193756,
      0.7351996302604675
    ],
    [
      0.44331109523773193,
      0.19095513224601746,
      0.3657335340976715
    ]
  ],