{
  "N": 112800,
  "usage": [
    0.4040849804878235,
    0.29273802042007446,
    0.3031770586967468
  ],
  "entropy_mean": 0.7394976019859314,
  "entropy_std": 0.20314575731754303,
  "top1_share": [
    0.4171099364757538,
    0.273714542388916,
    0.3091755211353302
  ],
  "P_expert_given_class": [
    [
      0.09498661756515503,
      0.2362191081047058,
      0.6687949299812317
    ],
    [
      0.4244283437728882,
      0.11811557412147522,
      0.4574560523033142
    ],
    [
      0.7872298359870911,
      0.10933873802423477,
      0.10343079268932343
    ],
    [
      0.8710741400718689,
      0.03624121472239494,
      0.09268350899219513
    ],
    [
      0.6813982725143433,
      0.20271478593349457,
      0.11588744819164276
    ],
    [
      0.24416469037532806,
      0.6027956604957581,
      0.15303866565227509
    ],
    [
      0.4235786497592926,
      0.4500545859336853,
      0.1263669729232788
    ],
    [
      0.479319304227829,
      0.057754822075366974,
      0.4629252254962921
    ],
    [
      0.5398943424224854,
      0.3724806308746338,
      0.08762487769126892
    ],
    [
      0.5947197675704956,
      0.29600030183792114,
      0.1092800423502922
    ],
    [
      0.39574751257896423,
      0.46835067868232727,
      0.1359013468027115
    ],
    [
      0.5058498978614807,
      0.3857819437980652,
      0.10836777091026306
    ],
    [
      0.24264760315418243,
      0.5790035724639893,
      0.17834851145744324
    ],
    [
      0.20907966792583466,
      0.10698402673006058,
      0.6839361786842346
    ],
    [
      0.19327324628829956,
      0.7818563580513,
      0.024869976565241814
    ],
    [
      0.36388716101646423,
      0.5811703205108643,
      0.05494210496544838
    ],
    [
      0.32604026794433594,
      0.6159136891365051,
      0.05804651975631714
    ],
    [
      0.7033033967018127,
      0.122858427464962,
      0.1738385707139969
    ],
    [
      0.32818716764450073,
      0.1326928436756134,
      0.539120614528656
    ],
    [
      0.3946528434753418,
      0.09565990418195724,
      0.5096878409385681
    ],
    [
      0.45382195711135864,
      0.44556885957717896,
      0.10060789436101913
    ],
    [
      0.48679667711257935,
      0.11012208461761475,
      0.403082013130188
    ],
    [
      0.13620524108409882,
      0.07121233642101288,
      0.7925830483436584
    ],
    [
      0.1301601678133011,
      0.07108815014362335,
      0.7987520098686218
    ],
    [
      0.07123017311096191,
      0.26004502177238464,
      0.6687254309654236
    ],
    [
      0.25760000944137573,
      0.6243400573730469,
      0.118059441447258
    ],
    [
      0.16375771164894104,
      0.6059442162513733,
      0.23029790818691254
    ],
    [
      0.23150451481342316,
      0.7067456245422363,
      0.061749961227178574
    ],
    [
      0.3139447271823883,
      0.5612984299659729,
      0.12475661188364029
    ],
    [
      0.17700108885765076,
      0.12393593788146973,
      0.6990628838539124
    ],
    [
      0.3154667019844055,
      0.11405583471059799,
      0.5704773664474487
    ],
    [
      0.14796628057956696,
      0.10894089937210083,
      0.7430921792984009
    ],
    [
      0.10705303400754929,
      0.07533617317676544,
      0.8176102638244629
    ],
    [
      0.5918870568275452,
      0.2563312351703644,
      0.15178106725215912
    ],
    [
      0.5313163995742798,
      0.10509499907493591,
      0.3635883629322052
    ],
    [
      0.8204831480979919,
      0.08047117292881012,
      0.09904643893241882
    ],
    [
      0.2783677279949188,
      0.4576505422592163,
      0.2639818787574768
    ],
    [
      0.6282726526260376,
      0.1305353194475174,
      0.24119168519973755
    ],
    [
      0.7746233940124512,
      0.13803456723690033,
      0.08734200894832611
    ],
    [
      0.21047133207321167,
      0.7483730316162109,
      0.04115571454167366
    ],
    [
      0.49396437406539917,
      0.4612888693809509,
      0.04474630579352379
    ],
    [
      0.6129938364028931,
      0.2858482301235199,
      0.1011587381362915
    ],
    [
      0.7221860289573669,
      0.05433404818177223,
      0.22348052263259888
    ],
    [
      0.12820036709308624,
      0.0879485160112381,
      0.7838512063026428
    ],
    [
      0.5586549639701843,
      0.3382684886455536,
      0.10307701677083969
    ],
    [
      0.15143686532974243,
      0.2664583623409271,
      0.5821050405502319
    ],
    [
      0.6931641101837158,
      0.11742489784955978,
      0.18941116333007812
    ]
  ],