{
  "N": 112800,
  "usage": [
    0.4253796935081482,
    0.2526073753833771,
    0.3220129609107971
  ],
  "entropy_mean": 0.7609695196151733,
  "entropy_std": 0.20378544926643372,
  "top1_share": [
    0.4538209140300751,
    0.22601063549518585,
    0.3201684355735779
  ],
  "P_expert_given_class": [
    [
      0.18294189870357513,
      0.21452540159225464,
      0.6025326251983643
    ],
    [
      0.27542996406555176,
      0.06300139427185059,
      0.6615689992904663
    ],
    [
      0.7215650081634521,
      0.1351168304681778,
      0.14331872761249542
    ],
    [
      0.8263269662857056,
      0.07549838721752167,
      0.09817329049110413
    ],
    [
      0.7160322666168213,
      0.13205833733081818,
      0.15190988779067993
    ],
    [
      0.31269389390945435,
      0.4773595631122589,
      0.20994648337364197
    ],
    [
      0.5980861186981201,
      0.2924661636352539,
      0.1094476729631424
    ],
    [
      0.5855545401573181,
      0.03502942994236946,
      0.3794165551662445
    ],
    [
      0.5752515196800232,
      0.3446255326271057,
      0.08012314140796661
    ],
    [
      0.7295184135437012,
      0.135166734457016,
      0.1353151947259903
    ],
    [
      0.44072219729423523,
      0.3478369414806366,
      0.21144065260887146
    ],
    [
      0.5199224948883057,
      0.37376394867897034,
      0.10631278157234192
    ],
    [
      0.2979467511177063,
      0.5600965619087219,
      0.14195655286312103
    ],
    [
      0.2352457493543625,
      0.14466625452041626,
      0.6200882196426392
    ],
    [
      0.15011996030807495,
      0.8145232796669006,
      0.03535795956850052
    ],
    [
      0.35423722863197327,
      0.5224395394325256,
      0.1233234778046608
    ],
    [
      0.5231307744979858,
      0.39357686042785645,
      0.08329246938228607
    ],
    [
      0.7086618542671204,
      0.07931236177682877,
      0.21202506124973297
    ],
    [
      0.2744505703449249,
      0.08893943578004837,
      0.6366097927093506
    ],
    [
      0.3888925015926361,
      0.08905461430549622,
      0.5220521688461304
    ],
    [
      0.3594576120376587,
      0.5099950432777405,
      0.1305473893880844
    ],
    [
      0.38648849725723267,
      0.10336115211248398,
      0.5101509094238281
    ],
    [
      0.14890410006046295,
      0.07204329967498779,
      0.7790523171424866
    ],
    [
      0.13709022104740143,
      0.0692572295665741,
      0.7936528325080872
    ],
    [
      0.14733591675758362,
      0.2312571406364441,
      0.6214075088500977
    ],
    [
      0.42148828506469727,
      0.3596159815788269,
      0.2188953459262848
    ],
    [
      0.36251112818717957,
      0.3455947935581207,
      0.2918930947780609
    ],
    [
      0.287433385848999,
      0.6021986603736877,
      0.11036790162324905
    ],
    [
      0.34231990575790405,
      0.5041718482971191,
      0.15350791811943054
    ],
    [
      0.2795587480068207,
      0.059721119701862335,
      0.6607202291488647
    ],
    [
      0.2667164206504822,
      0.14666125178337097,
      0.5866222977638245
    ],
    [
      0.16358454525470734,
      0.05744122341275215,
      0.7789735198020935
    ],
    [
      0.13726629316806793,
      0.08141181617975235,
      0.7813228368759155
    ],
    [
      0.37024644017219543,
      0.4250169098377228,
      0.2047363519668579
    ],
    [
      0.5851060748100281,
      0.08891701698303223,
      0.32597729563713074
    ],
    [
      0.6868151426315308,
      0.20361211895942688,
      0.10957277566194534
    ],
    [
      0.3147193491458893,
      0.37953922152519226,
      0.30574122071266174
    ],
    [
      0.687334418296814,
      0.1716647744178772,
      0.14100097119808197
    ],
    [
      0.7895198464393616,
      0.10094571113586426,
      0.1095348596572876
    ],
    [
      0.22950391471385956,
      0.712691605091095,
      0.05780509486794472
    ],
    [
      0.45472899079322815,
      0.44967275857925415,
      0.09559830278158188
    ],
    [
      0.6674220561981201,
      0.21471305191516876,
      0.11786559969186783
    ],
    [
      0.6658826470375061,
      0.13850514590740204,
      0.1956128031015396
    ],
    [
      0.1298416256904602,
      0.04727809131145477,
      0.8228809237480164
    ],
    [
      0.6541125774383545,
      0.22786003351211548,
      0.11802757531404495
    ],
    [
      0.2300008088350296,
      0.12514400482177734,
      0.6448547840118408
    ],
    [
      0.6707258820533752,
      0.12519840896129608,
      0.2040761411190033
    ]
  ],