{
  "N": 112800,
  "usage": [
    0.42271995544433594,
    0.2721392512321472,
    0.30514073371887207
  ],
  "entropy_mean": 0.7617968916893005,
  "entropy_std": 0.19444437325000763,
  "top1_share": [
    0.4365691542625427,
    0.25937944650650024,
    0.3040514290332794
  ],
  "P_expert_given_class": [
    [
      0.1570553034543991,
      0.29532718658447266,
      0.5476172566413879
    ],
    [
      0.4029861390590668,
      0.06066209822893143,
      0.5363520383834839
    ],
    [
      0.7517656087875366,
      0.12068280577659607,
      0.12755131721496582
    ],
    [
      0.8449208736419678,
      0.046003472059965134,
      0.10907590389251709
    ],
    [
      0.7154359221458435,
      0.15201348066329956,
      0.13255149126052856
    ],
    [
      0.31059277057647705,
      0.49644139409065247,
      0.19296589493751526
    ],
    [
      0.5338664054870605,
      0.3667377829551697,
      0.09939585626125336
    ],
    [
      0.5963724851608276,
      0.03366466984152794,
      0.369962215423584
    ],
    [
      0.5105786323547363,
      0.4029322862625122,
      0.08648857474327087
    ],
    [
      0.689620316028595,
      0.18664339184761047,
      0.1237364336848259
    ],
    [
      0.39550867676734924,
      0.42688068747520447,
      0.17761078476905823
    ],
    [
      0.5407755374908447,
      0.3372158110141754,
      0.12200864404439926
    ],
    [
      0.2923394739627838,
      0.580923318862915,
      0.1267368644475937
    ],
    [
      0.24749672412872314,
      0.139134481549263,
      0.6133691668510437
    ],
    [
      0.1883777230978012,
      0.7699881792068481,
      0.041633978486061096
    ],
    [
      0.36720940470695496,
      0.5387958884239197,
      0.09399428963661194
    ],
    [
      0.4471049904823303,
      0.4862659275531769,
      0.06662963330745697
    ],
    [
      0.7130208611488342,
      0.0965532585978508,
      0.19042643904685974
    ],
    [
      0.35818129777908325,
      0.0818353220820427,
      0.5599835515022278
    ],
    [
      0.4319036304950714,
      0.06636984646320343,
      0.5017262101173401
    ],
    [
      0.39078840613365173,
      0.4840744137763977,
      0.1251370757818222
    ],
    [
      0.47133758664131165,
      0.08233094215393066,
      0.44633111357688904
    ],
    [
      0.12771224975585938,
      0.08334024995565414,
      0.7889480590820312
    ],
    [
      0.12444654107093811,
      0.08004144579172134,
      0.7955120801925659
    ],
    [
      0.1133175790309906,
      0.3022880256175995,
      0.5843942165374756
    ],
    [
      0.3132518231868744,
      0.514320433139801,
      0.1724279820919037
    ],
    [
      0.2722710072994232,
      0.5131230354309082,
      0.2146054357290268
    ],
    [
      0.2162490040063858,
      0.6734539270401001,
      0.11029721796512604
    ],
    [
      0.3279514014720917,
      0.5223454236984253,
      0.14970359206199646
    ],
    [
      0.25599661469459534,
      0.06563662737607956,
      0.6783663630485535
    ],
    [
      0.30411508679389954,
      0.14338217675685883,
      0.5525025129318237
    ],
    [
      0.17687295377254486,
      0.06561201065778732,
      0.7575156092643738
    ],
    [
      0.12232974916696548,
      0.08501933515071869,
      0.7926509380340576
    ],
    [
      0.39524540305137634,
      0.3954910933971405,
      0.20926332473754883
    ],
    [
      0.5638669729232788,
      0.06402705609798431,
      0.3721061944961548
    ],
    [
      0.7463287115097046,
      0.1277160495519638,
      0.12595517933368683
    ],
    [
      0.2726174294948578,
      0.42677125334739685,
      0.3006112575531006
    ],
    [
      0.686462938785553,
      0.1572592407464981,
      0.1562773585319519
    ],
    [
      0.8011109828948975,
      0.10700247436761856,
      0.09188742935657501
    ],
    [
      0.2351398915052414,
      0.7102295160293579,
      0.05463041365146637
    ],
    [
      0.47736573219299316,
      0.4530266225337982,
      0.06960830092430115
    ],
    [
      0.6427634358406067,
      0.24725806713104248,
      0.10997862368822098
    ],
    [
      0.6772365570068359,
      0.11189448088407516,
      0.21087005734443665
    ],
    [
      0.14683230221271515,
      0.07370857149362564,
      0.7794579863548279
    ],
    [
      0.5934325456619263,
      0.29536348581314087,
      0.11120335757732391
    ],
    [
      0.22225750982761383,
      0.21700100600719452,
      0.5607412457466125
    ],
    [
      0.6954293251037598,
      0.10375558584928513,
      0.20081569254398346
    ]
  ],