{
  "N": 112800,
  "usage": [
    0.4214792847633362,
    0.27536386251449585,
    0.3031568229198456
  ],
  "entropy_mean": 0.757432758808136,
  "entropy_std": 0.1947851926088333,
  "top1_share": [
    0.4342819154262543,
    0.2597694993019104,
    0.3059485852718353
  ],
  "P_expert_given_class": [
    [
      0.14385542273521423,
      0.2923066318035126,
      0.5638381242752075
    ],
    [
      0.3880433738231659,
      0.06793137639760971,
      0.5440245866775513
    ],
    [
      0.7676613330841064,
      0.11798682063817978,
      0.11435166746377945
    ],
    [
      0.8529307246208191,
      0.04099828749895096,
      0.10607003420591354
    ],
    [
      0.7215074300765991,
      0.15367527306079865,
      0.12481790035963058
    ],
    [
      0.3034510016441345,
      0.5113181471824646,
      0.18523037433624268
    ],
    [
      0.5222805738449097,
      0.3820762038230896,
      0.0956435427069664
    ],
    [
      0.5738649964332581,
      0.036758583039045334,
      0.3893767297267914
    ],
    [
      0.5270066261291504,
      0.38148853182792664,
      0.09150488674640656
    ],
    [
      0.6602256894111633,
      0.21386322379112244,
      0.12591087818145752
    ],
    [
      0.4006544351577759,
      0.4293942153453827,
      0.1699518859386444
    ],
    [
      0.5566307306289673,
      0.3260982632637024,
      0.1172717809677124
    ],
    [
      0.30171000957489014,
      0.5655521154403687,
      0.1327374428510666
    ],
    [
      0.2406763732433319,
      0.13572734594345093,
      0.6235963702201843
    ],
    [
      0.18321679532527924,
      0.7810456156730652,
      0.03573782369494438
    ],
    [
      0.36150115728378296,
      0.5542644262313843,
      0.0842343270778656
    ],
    [
      0.42802953720092773,
      0.5091865062713623,
      0.06278382241725922
    ],
    [
      0.7262827754020691,
      0.09318345040082932,
      0.18053336441516876
    ],
    [
      0.3427494168281555,
      0.088527150452137,
      0.5687239766120911
    ],
    [
      0.4344193935394287,
      0.0697028785943985,
      0.495878130197525
    ],
    [
      0.39073336124420166,
      0.4872489273548126,
      0.12201737612485886
    ],
    [
      0.4580989480018616,
      0.08770828694105148,
      0.45419251918792725
    ],
    [
      0.14407815039157867,
      0.08443667739629745,
      0.7714855670928955
    ],
    [
      0.12073586881160736,
      0.08707085996866226,
      0.7921935319900513
    ],
    [
      0.10394175350666046,
      0.30072730779647827,
      0.5953314900398254
    ],
    [
      0.3038555681705475,
      0.5355245471000671,
      0.16061978042125702
    ],
    [
      0.2585947811603546,
      0.5300180912017822,
      0.21138691902160645
    ],
    [
      0.22358182072639465,
      0.6717169880867004,
      0.10470131039619446
    ],
    [
      0.32020655274391174,
      0.5409231781959534,
      0.13886982202529907
    ],
    [
      0.2419394999742508,
      0.07897865027189255,
      0.6790817379951477
    ],
    [
      0.30544808506965637,
      0.14323927462100983,
      0.5513129234313965
    ],
    [
      0.16352233290672302,
      0.07371481508016586,
      0.7627623081207275
    ],
    [
      0.12168098241090775,
      0.08463346213102341,
      0.7936850786209106
    ],
    [
      0.4229092001914978,
      0.37470540404319763,
      0.20238539576530457
    ],
    [
      0.5526552796363831,
      0.06925181299448013,
      0.3780924081802368
    ],
    [
      0.7716100811958313,
      0.11631204932928085,
      0.11207837611436844
    ],
    [
      0.284583181142807,
      0.4272999167442322,
      0.2881169021129608
    ],
    [
      0.6933699250221252,
      0.15489956736564636,
      0.1517295390367508
    ],
    [
      0.8088578581809998,
      0.1044997125864029,
      0.08664309233427048
    ],
    [
      0.24863991141319275,
      0.7017046809196472,
      0.04965564236044884
    ],
    [
      0.48081207275390625,
      0.4566488564014435,
      0.06253916770219803
    ],
    [
      0.631941556930542,
      0.25738003849983215,
      0.11067872494459152
    ],
    [
      0.6879856586456299,
      0.09698892384767532,
      0.21502476930618286
    ],
    [
      0.1406041532754898,
      0.07868821173906326,
      0.7807073593139648
    ],
    [
      0.5833102464675903,
      0.3050658106803894,
      0.11162421852350235
    ],
    [
      0.2030177116394043,
      0.23617690801620483,
      0.5608053207397461
    ],
    [
      0.706117570400238,
      0.10545297712087631,
      0.18843017518520355
    ]
  ],