{
  "N": 112800,
  "usage": [
    0.42151880264282227,
    0.27617260813713074,
    0.3023085594177246
  ],
  "entropy_mean": 0.7559060454368591,
  "entropy_std": 0.19522495567798615,
  "top1_share": [
    0.43106383085250854,
    0.2599290907382965,
    0.30900707840919495
  ],
  "P_expert_given_class": [
    [
      0.13079074025154114,
      0.2718428075313568,
      0.5973657965660095
    ],
    [
      0.40358856320381165,
      0.07414212822914124,
      0.522269606590271
    ],
    [
      0.7822105288505554,
      0.11253565549850464,
      0.10525330901145935
    ],
    [
      0.8627933859825134,
      0.03739645704627037,
      0.09980998933315277
    ],
    [
      0.7176492810249329,
      0.1610594242811203,
      0.12129130214452744
    ],
    [
      0.2953246235847473,
      0.5245200991630554,
      0.18015532195568085
    ],
    [
      0.5155544281005859,
      0.38314729928970337,
      0.10129892081022263
    ],
    [
      0.5496421456336975,
      0.0387960821390152,
      0.4115634858608246
    ],
    [
      0.5231178402900696,
      0.38043832778930664,
      0.09644410759210587
    ],
    [
      0.6542365550994873,
      0.2200029194355011,
      0.12576046586036682
    ],
    [
      0.38965654373168945,
      0.44423091411590576,
      0.1661134958267212
    ],
    [
      0.5514355897903442,
      0.32781487703323364,
      0.12074850499629974
    ],
    [
      0.3080228567123413,
      0.5424652695655823,
      0.14951267838478088
    ],
    [
      0.22883325815200806,
      0.12576325237751007,
      0.6454033255577087
    ],
    [
      0.1858167201280594,
      0.7805927991867065,
      0.03358975425362587
    ],
    [
      0.3725437819957733,
      0.5537753105163574,
      0.07368115335702896
    ],
    [
      0.41899240016937256,
      0.5196332931518555,
      0.061374690383672714
    ],
    [
      0.716494083404541,
      0.10129568725824356,
      0.1822108030319214
    ],
    [
      0.3498513102531433,
      0.09615679085254669,
      0.5539930462837219
    ],
    [
      0.4224509000778198,
      0.07413079589605331,
      0.5034196376800537
    ],
    [
      0.3917246162891388,
      0.48975107073783875,
      0.11852442473173141
    ],
    [
      0.4725543260574341,
      0.08792830258607864,
      0.43951770663261414
    ],
    [
      0.15924511849880219,
      0.08499471098184586,
      0.7557613849639893
    ],
    [
      0.12418146431446075,
      0.0913308635354042,
      0.7844879031181335
    ],
    [
      0.09461404383182526,
      0.2832396328449249,
      0.6221465468406677
    ],
    [
      0.28151845932006836,
      0.5702744722366333,
      0.14820685982704163
    ],
    [
      0.2396489530801773,
      0.5456507802009583,
      0.21470041573047638
    ],
    [
      0.22276540100574493,
      0.6742607951164246,
      0.10297389328479767
    ],
    [
      0.3140384554862976,
      0.5467450022697449,
      0.13921615481376648
    ],
    [
      0.2272142469882965,
      0.0886087417602539,
      0.6841777563095093
    ],
    [
      0.3163973093032837,
      0.14044919610023499,
      0.5431521534919739
    ],
    [
      0.18194755911827087,
      0.0865049958229065,
      0.7315466403961182
    ],
    [
      0.13287097215652466,
      0.0929914191365242,
      0.7741381525993347
    ],
    [
      0.43918323516845703,
      0.3748667240142822,
      0.18594932556152344
    ],
    [
      0.5463320016860962,
      0.07260412722826004,
      0.3810640573501587
    ],
    [
      0.7891716957092285,
      0.1053309515118599,
      0.10549762099981308
    ],
    [
      0.2859344184398651,
      0.4187858998775482,
      0.29527997970581055
    ],
    [
      0.7052947282791138,
      0.1335938423871994,
      0.161110520362854
    ],
    [
      0.8046668171882629,
      0.10910890251398087,
      0.08622493594884872
    ],
    [
      0.24053451418876648,
      0.7072513699531555,
      0.052213966846466064
    ],
    [
      0.4952501356601715,
      0.44886499643325806,
      0.05588478595018387
    ],
    [
      0.6324135065078735,
      0.2569328248500824,
      0.11065389215946198
    ],
    [
      0.7007867693901062,
      0.07973020523786545,
      0.2194826453924179
    ],
    [
      0.14322254061698914,
      0.08085397630929947,
      0.7759241461753845
    ],
    [
      0.5848636627197266,
      0.3023260533809662,
      0.11281115561723709
    ],
    [
      0.19304893910884857,
      0.2353803813457489,
      0.5715713500976562
    ],
    [
      0.7129591703414917,
      0.10201115906238556,
      0.18502932786941528
    ]
  ],