{
  "N": 112800,
  "usage": [
    0.41177263855934143,
    0.23637671768665314,
    0.35185062885284424
  ],
  "entropy_mean": 0.7664554119110107,
  "entropy_std": 0.21067123115062714,
  "top1_share": [
    0.4550975263118744,
    0.19910460710525513,
    0.3457978665828705
  ],
  "P_expert_given_class": [
    [
      0.20236773788928986,
      0.19022071361541748,
      0.6074113845825195
    ],
    [
      0.16505400836467743,
      0.039406538009643555,
      0.7955399751663208
    ],
    [
      0.6902600526809692,
      0.15128490328788757,
      0.15845505893230438
    ],
    [
      0.7866687178611755,
      0.11722546815872192,
      0.09610576927661896
    ],
    [
      0.6717102527618408,
      0.11382396519184113,
      0.21446530520915985
    ],
    [
      0.3199220299720764,
      0.5311281681060791,
      0.14894962310791016
    ],
    [
      0.6760862469673157,
      0.21330195665359497,
      0.11061137169599533
    ],
    [
      0.5237829089164734,
      0.03934978321194649,
      0.4368671178817749
    ],
    [
      0.5649408102035522,
      0.3650454878807068,
      0.07001499086618423
    ],
    [
      0.7070708870887756,
      0.11540528386831284,
      0.1775231957435608
    ],
    [
      0.40779733657836914,
      0.29460638761520386,
      0.2975955307483673
    ],
    [
      0.4856995642185211,
      0.4156361222267151,
      0.09866413474082947
    ],
    [
      0.2935743033885956,
      0.43662968277931213,
      0.2697961628437042
    ],
    [
      0.2669730484485626,
      0.15848425030708313,
      0.5745423436164856
    ],
    [
      0.14081893861293793,
      0.8136587738990784,
      0.04552268236875534
    ],
    [
      0.359539270401001,
      0.4408835470676422,
      0.1995769441127777
    ],
    [
      0.5866543054580688,
      0.30800220370292664,
      0.10534348338842392
    ],
    [
      0.6103260517120361,
      0.09151378273963928,
      0.29816028475761414
    ],
    [
      0.21559685468673706,
      0.06339895725250244,
      0.7210044264793396
    ],
    [
      0.4475567638874054,
      0.11522399634122849,
      0.4372202455997467
    ],
    [
      0.2790899872779846,
      0.5472378134727478,
      0.17367221415042877
    ],
    [
      0.282798707485199,
      0.0766172856092453,
      0.6405845880508423
    ],
    [
      0.1510164439678192,
      0.09381002187728882,
      0.7551731467247009
    ],
    [
      0.1366623491048813,
      0.07677318900823593,
      0.78656405210495
    ],
    [
      0.17621822655200958,
      0.21287044882774353,
      0.6109113693237305
    ],
    [
      0.4224134087562561,
      0.284994900226593,
      0.2925911843776703
    ],
    [
      0.465538889169693,
      0.25972792506217957,
      0.2747337222099304
    ],
    [
      0.27003270387649536,
      0.5848326683044434,
      0.14513467252254486
    ],
    [
      0.35456138849258423,
      0.5379180908203125,
      0.10752035677433014
    ],
    [
      0.28564849495887756,
      0.04749729856848717,
      0.6668541431427002
    ],
    [
      0.2633480131626129,
      0.11430630087852478,
      0.6223461627960205
    ],
    [
      0.19457870721817017,
      0.04254938289523125,
      0.7628720998764038
    ],
    [
      0.16663528978824615,
      0.08806963264942169,
      0.7452961206436157
    ],
    [
      0.36712703108787537,
      0.34174057841300964,
      0.2911323606967926
    ],
    [
      0.535772442817688,
      0.0747431293129921,
      0.38948479294776917
    ],
    [
      0.5878175497055054,
      0.2539512515068054,
      0.15823160111904144
    ],
    [
      0.33232685923576355,
      0.33618953824043274,
      0.33148396015167236
    ],
    [
      0.6705335974693298,
      0.1884893923997879,
      0.14097698032855988
    ],
    [
      0.7820249199867249,
      0.09301311522722244,
      0.12496252357959747
    ],
    [
      0.21200339496135712,
      0.7022169232368469,
      0.08577932417392731
    ],
    [
      0.48213469982147217,
      0.34938445687294006,
      0.16848117113113403
    ],
    [
      0.6515785455703735,
      0.21342065930366516,
      0.13500113785266876
    ],
    [
      0.5670090317726135,
      0.15553425252437592,
      0.27745696902275085
    ],
    [
      0.11434768885374069,
      0.037981998175382614,
      0.847670316696167
    ],
    [
      0.6589391827583313,
      0.19124093651771545,
      0.14981962740421295
    ],
    [
      0.1979518085718155,
      0.06320253014564514,
      0.7388460040092468
    ],
    [
      0.6228062510490417,
      0.12716203927993774,
      0.25003042817115784
    ]
  ],