{
  "N": 112800,
  "usage": [
    0.39215752482414246,
    0.2984178066253662,
    0.3094246983528137
  ],
  "entropy_mean": 0.7408828735351562,
  "entropy_std": 0.20418144762516022,
  "top1_share": [
    0.404485821723938,
    0.2796453833580017,
    0.3158687949180603
  ],
  "P_expert_given_class": [
    [
      0.08285985141992569,
      0.21596267819404602,
      0.7011786103248596
    ],
    [
      0.3971055746078491,
      0.15028758347034454,
      0.45260733366012573
    ],
    [
      0.777693510055542,
      0.12093111872673035,
      0.10137442499399185
    ],
    [
      0.8785125613212585,
      0.03697257116436958,
      0.08451507240533829
    ],
    [
      0.6605774164199829,
      0.21116004884243011,
      0.128261536359787
    ],
    [
      0.22721700370311737,
      0.6268188953399658,
      0.14596423506736755
    ],
    [
      0.3979667127132416,
      0.4634781777858734,
      0.1385553479194641
    ],
    [
      0.454411119222641,
      0.06409603357315063,
      0.48149338364601135
    ],
    [
      0.5546324253082275,
      0.36057281494140625,
      0.08479446172714233
    ],
    [
      0.5645834803581238,
      0.32603299617767334,
      0.1093842089176178
    ],
    [
      0.39409446716308594,
      0.4698813855648041,
      0.13602402806282043
    ],
    [
      0.48138290643692017,
      0.4016299545764923,
      0.11698711663484573
    ],
    [
      0.22490862011909485,
      0.5727776288986206,
      0.2023143321275711
    ],
    [
      0.1947924792766571,
      0.09680745005607605,
      0.7084000706672668
    ],
    [
      0.18294137716293335,
      0.7916477918624878,
      0.025411004200577736
    ],
    [
      0.35484975576400757,
      0.5934786796569824,
      0.051671307533979416
    ],
    [
      0.3085115849971771,
      0.6317826509475708,
      0.05970650911331177
    ],
    [
      0.6934026479721069,
      0.1191919818520546,
      0.18740630149841309
    ],
    [
      0.30647262930870056,
      0.1577429175376892,
      0.5357840061187744
    ],
    [
      0.38054579496383667,
      0.09331314265727997,
      0.5261414051055908
    ],
    [
      0.4505471885204315,
      0.43079349398612976,
      0.11865932494401932
    ],
    [
      0.4722544252872467,
      0.1289539933204651,
      0.3987919092178345
    ],
    [
      0.12276949733495712,
      0.07634607702493668,
      0.8008852005004883
    ],
    [
      0.12636302411556244,
      0.07522528618574142,
      0.7984116077423096
    ],
    [
      0.0658237561583519,
      0.2409333735704422,
      0.6932436227798462
    ],
    [
      0.2526356875896454,
      0.6258990168571472,
      0.12146557122468948
    ],
    [
      0.1413545161485672,
      0.6248201131820679,
      0.23382484912872314
    ],
    [
      0.22251324355602264,
      0.7161031365394592,
      0.06138363480567932
    ],
    [
      0.3139699399471283,
      0.5614854693412781,
      0.12454495579004288
    ],
    [
      0.1546618938446045,
      0.13052895665168762,
      0.7148091793060303
    ],
    [
      0.29787999391555786,
      0.11888423562049866,
      0.5832359194755554
    ],
    [
      0.1377755105495453,
      0.11292662471532822,
      0.7492976784706116
    ],
    [
      0.09383661299943924,
      0.07307811826467514,
      0.8330849409103394
    ],
    [
      0.5806286334991455,
      0.269890159368515,
      0.14948175847530365
    ],
    [
      0.5358683466911316,
      0.1088242456316948,
      0.35530799627304077
    ],
    [
      0.8227748274803162,
      0.0826149731874466,
      0.09461002051830292
    ],
    [
      0.2652847170829773,
      0.46513962745666504,
      0.2695755958557129
    ],
    [
      0.5996689796447754,
      0.1191156879067421,
      0.28121453523635864
    ],
    [
      0.7467849850654602,
      0.16057434678077698,
      0.09264138340950012
    ],
    [
      0.21151705086231232,
      0.7417680621147156,
      0.04671446979045868
    ],
    [
      0.48956099152565,
      0.4684065282344818,
      0.04203224182128906
    ],
    [
      0.608568549156189,
      0.2928878366947174,
      0.09854350239038467
    ],
    [
      0.7110970616340637,
      0.056836578994989395,
      0.23206624388694763
    ],
    [
      0.13154630362987518,
      0.09741732478141785,
      0.7710357904434204
    ],
    [
      0.5449733734130859,
      0.35037291049957275,
      0.10465335100889206
    ],
    [
      0.13115589320659637,
      0.27290117740631104,
      0.595943033695221
    ],
    [
      0.6821225881576538,
      0.11834650486707687,
      0.1995304524898529
    ]
  ],