{
  "N": 112800,
  "usage": [
    0.3968009948730469,
    0.2975415289402008,
    0.3056575059890747
  ],
  "entropy_mean": 0.7460130453109741,
  "entropy_std": 0.2004953920841217,
  "top1_share": [
    0.4079609811306,
    0.2805319130420685,
    0.31150710582733154
  ],
  "P_expert_given_class": [
    [
      0.08776724338531494,
      0.22645457088947296,
      0.6857781410217285
    ],
    [
      0.41265618801116943,
      0.13671916723251343,
      0.4506242871284485
    ],
    [
      0.7757385969161987,
      0.12037432193756104,
      0.10388725250959396
    ],
    [
      0.8745842576026917,
      0.03597813472151756,
      0.08943766355514526
    ],
    [
      0.6656324863433838,
      0.20725136995315552,
      0.12711650133132935
    ],
    [
      0.237925186753273,
      0.6201632618904114,
      0.14191149175167084
    ],
    [
      0.3964948058128357,
      0.46350419521331787,
      0.140000119805336
    ],
    [
      0.4774497449398041,
      0.05474868044257164,
      0.46780091524124146
    ],
    [
      0.538759708404541,
      0.3789067566394806,
      0.0823337584733963
    ],
    [
      0.5780476927757263,
      0.30898308753967285,
      0.11296986788511276
    ],
    [
      0.3913947343826294,
      0.47680583596229553,
      0.13179920613765717
    ],
    [
      0.48708486557006836,
      0.4055076837539673,
      0.10740736871957779
    ],
    [
      0.23487544059753418,
      0.5602522492408752,
      0.20487290620803833
    ],
    [
      0.19382117688655853,
      0.10347127169370651,
      0.7027068138122559
    ],
    [
      0.1972663700580597,
      0.7764503359794617,
      0.02628367580473423
    ],
    [
      0.3565322756767273,
      0.5907585024833679,
      0.052709199488162994
    ],
    [
      0.3147764801979065,
      0.6253291964530945,
      0.059894200414419174
    ],
    [
      0.698097288608551,
      0.12489650398492813,
      0.17700618505477905
    ],
    [
      0.32078540325164795,
      0.14708548784255981,
      0.532128632068634
    ],
    [
      0.3825826048851013,
      0.09289300441741943,
      0.5245236754417419
    ],
    [
      0.45214971899986267,
      0.4313713610172272,
      0.11647890508174896
    ],
    [
      0.47902852296829224,
      0.12165860831737518,
      0.3993133306503296
    ],
    [
      0.13388203084468842,
      0.07285086065530777,
      0.7932672500610352
    ],
    [
      0.13165010511875153,
      0.07795500755310059,
      0.7903953194618225
    ],
    [
      0.06939005851745605,
      0.25134187936782837,
      0.6792683005332947
    ],
    [
      0.25384238362312317,
      0.6308082342147827,
      0.11534962803125381
    ],
    [
      0.15278595685958862,
      0.6196235418319702,
      0.22759030759334564
    ],
    [
      0.23627400398254395,
      0.7016152739524841,
      0.062110334634780884
    ],
    [
      0.308380663394928,
      0.5752077698707581,
      0.11641135066747665
    ],
    [
      0.1688029170036316,
      0.12374136596918106,
      0.707456111907959
    ],
    [
      0.3051682114601135,
      0.11934204399585724,
      0.575489342212677
    ],
    [
      0.1426309496164322,
      0.11817964911460876,
      0.7391899824142456
    ],
    [
      0.09848994016647339,
      0.0789545327425003,
      0.8225565552711487
    ],
    [
      0.5749070048332214,
      0.26954859495162964,
      0.15554393827915192
    ],
    [
      0.5350960493087769,
      0.1064501479268074,
      0.35845455527305603
    ],
    [
      0.812465488910675,
      0.08626168221235275,
      0.10127247869968414
    ],
    [
      0.26992306113243103,
      0.4559074938297272,
      0.2741697430610657
    ],
    [
      0.6016828417778015,
      0.13551288843154907,
      0.2628042697906494
    ],
    [
      0.7567145824432373,
      0.1510268598794937,
      0.0922590047121048
    ],
    [
      0.21225112676620483,
      0.7427896857261658,
      0.044959768652915955
    ],
    [
      0.4892311990261078,
      0.46735599637031555,
      0.043412771075963974
    ],
    [
      0.6109380125999451,
      0.2904299795627594,
      0.09863172471523285
    ],
    [
      0.7198925018310547,
      0.06068656966090202,
      0.21942077577114105
    ],
    [
      0.1380334049463272,
      0.09123201668262482,
      0.7707359790802002
    ],
    [
      0.5501647591590881,
      0.3440678119659424,
      0.10576774924993515
    ],
    [
      0.14077019691467285,
      0.2830651104450226,
      0.5761656761169434
    ],
    [
      0.6828298568725586,
      0.12093312293291092,
      0.1962369829416275
    ]
  ],