{
  "N": 112800,
  "usage": [
    0.37825146317481995,
    0.3081417679786682,
    0.3136068284511566
  ],
  "entropy_mean": 0.729465663433075,
  "entropy_std": 0.20662270486354828,
  "top1_share": [
    0.38723403215408325,
    0.29290780425071716,
    0.3198581635951996
  ],
  "P_expert_given_class": [
    [
      0.07264065742492676,
      0.19204045832157135,
      0.7353184223175049
    ],
    [
      0.42704278230667114,
      0.1627238392829895,
      0.41023334860801697
    ],
    [
      0.7643412947654724,
      0.13454027473926544,
      0.10111887753009796
    ],
    [
      0.8767496943473816,
      0.03936679661273956,
      0.08388405293226242
    ],
    [
      0.655462920665741,
      0.20760102570056915,
      0.13693684339523315
    ],
    [
      0.21795082092285156,
      0.6590883135795593,
      0.12296086549758911
    ],
    [
      0.32182031869888306,
      0.5108460783958435,
      0.16733339428901672
    ],
    [
      0.4168187081813812,
      0.07804978638887405,
      0.5051303505897522
    ],
    [
      0.5701262354850769,
      0.3672633767127991,
      0.06261007487773895
    ],
    [
      0.5405219793319702,
      0.36232590675354004,
      0.09715180099010468
    ],
    [
      0.38585132360458374,
      0.496084600687027,
      0.11806333810091019
    ],
    [
      0.4732047915458679,
      0.4212040901184082,
      0.1055913195014
    ],
    [
      0.17728184163570404,
      0.5747365355491638,
      0.24798192083835602
    ],
    [
      0.20327138900756836,
      0.0889100581407547,
      0.7078184485435486
    ],
    [
      0.18286831676959991,
      0.7969692945480347,
      0.02016189508140087
    ],
    [
      0.3428039252758026,
      0.6203003525733948,
      0.036895692348480225
    ],
    [
      0.27852630615234375,
      0.6674454212188721,
      0.05402830243110657
    ],
    [
      0.6868588924407959,
      0.12016277015209198,
      0.1929781436920166
    ],
    [
      0.29722440242767334,
      0.16242456436157227,
      0.5403513312339783
    ],
    [
      0.36719393730163574,
      0.09840582311153412,
      0.5344012379646301
    ],
    [
      0.4027501940727234,
      0.4576120972633362,
      0.13963671028614044
    ],
    [
      0.4811210632324219,
      0.13236771523952484,
      0.386511892080307
    ],
    [
      0.10526516288518906,
      0.06294791400432587,
      0.8317872881889343
    ],
    [
      0.11480246484279633,
      0.07846122235059738,
      0.8067365884780884
    ],
    [
      0.05895041674375534,
      0.21661873161792755,
      0.7244308590888977
    ],
    [
      0.24966035783290863,
      0.6422731280326843,
      0.10806598514318466
    ],
    [
      0.10990375280380249,
      0.6670684814453125,
      0.22302739322185516
    ],
    [
      0.2220400720834732,
      0.7237508893013,
      0.054208457469940186
    ],
    [
      0.3291989862918854,
      0.5640740394592285,
      0.10672558844089508
    ],
    [
      0.1446579098701477,
      0.1280549168586731,
      0.7272871136665344
    ],
    [
      0.2718946635723114,
      0.11639674007892609,
      0.6117083430290222
    ],
    [
      0.13333483040332794,
      0.1207270398736,
      0.7459375262260437
    ],
    [
      0.07312130928039551,
      0.06458187103271484,
      0.8622968792915344
    ],
    [
      0.5603522658348083,
      0.27810561656951904,
      0.16154246032238007
    ],
    [
      0.5570381879806519,
      0.1098487451672554,
      0.33311304450035095
    ],
    [
      0.8192790746688843,
      0.07929301261901855,
      0.10142715275287628
    ],
    [
      0.24088312685489655,
      0.47714731097221375,
      0.28196972608566284
    ],
    [
      0.5654773116111755,
      0.13470906019210815,
      0.2998139560222626
    ],
    [
      0.6904492378234863,
      0.21077442169189453,
      0.0987764373421669
    ],
    [
      0.22535943984985352,
      0.718535840511322,
      0.05610422044992447
    ],
    [
      0.4794943332672119,
      0.48948150873184204,
      0.031024128198623657
    ],
    [
      0.595321774482727,
      0.3069608211517334,
      0.09771723300218582
    ],
    [
      0.6673175096511841,
      0.07369182258844376,
      0.25899070501327515
    ],
    [
      0.1315871626138687,
      0.09264592081308365,
      0.775767982006073
    ],
    [
      0.5260153412818909,
      0.3775540292263031,
      0.09643001109361649
    ],
    [
      0.09580495953559875,
      0.26828911900520325,
      0.6359057426452637
    ],
    [
      0.6681743264198303,
      0.130196213722229,
      0.20162878930568695
    ]
  ],