{
  "N": 112800,
  "usage": [
    0.3612656593322754,
    0.3259032070636749,
    0.3128311336040497
  ],
  "entropy_mean": 0.8107805848121643,
  "entropy_std": 0.23270483314990997,
  "top1_share": [
    0.3755585253238678,
    0.2964361608028412,
    0.328005313873291
  ],
  "P_expert_given_class": [
    [
      0.48601678013801575,
      0.35982590913772583,
      0.1541571021080017
    ],
    [
      0.24437493085861206,
      0.7016543745994568,
      0.053970541805028915
    ],
    [
      0.33566221594810486,
      0.4008559286594391,
      0.26348209381103516
    ],
    [
      0.5516244769096375,
      0.3923977315425873,
      0.05597726255655289
    ],
    [
      0.13401435315608978,
      0.22633913159370422,
      0.6396456360816956
    ],
    [
      0.6707643866539001,
      0.3074578046798706,
      0.021776894107460976
    ],
    [
      0.4726155996322632,
      0.3012401759624481,
      0.22614453732967377
    ],
    [
      0.20981532335281372,
      0.6951888799667358,
      0.09499660134315491
    ],
    [
      0.41762831807136536,
      0.47343891859054565,
      0.1089327484369278
    ],
    [
      0.2981155514717102,
      0.4214700758457184,
      0.2804151475429535
    ],
    [
      0.15456818044185638,
      0.09227371960878372,
      0.7531580328941345
    ],
    [
      0.6547579765319824,
      0.21111902594566345,
      0.13412219285964966
    ],
    [
      0.6607271432876587,
      0.2645155191421509,
      0.0747576430439949
    ],
    [
      0.5185242295265198,
      0.3291538655757904,
      0.15232209861278534
    ],
    [
      0.7864770293235779,
      0.17496240139007568,
      0.03855985403060913
    ],
    [
      0.43267571926116943,
      0.34546658396720886,
      0.22185754776000977
    ],
    [
      0.5288141369819641,
      0.3005056381225586,
      0.170680433511734
    ],
    [
      0.047224707901477814,
      0.04932365566492081,
      0.9034521579742432
    ],
    [
      0.3169358968734741,
      0.6400284767150879,
      0.04303596913814545
    ],
    [
      0.42284253239631653,
      0.5361312031745911,
      0.041025735437870026
    ],
    [
      0.3602353036403656,
      0.05416187271475792,
      0.5856027007102966
    ],
    [
      0.3565705716609955,
      0.5488898754119873,
      0.0945403128862381
    ],
    [
      0.05955580249428749,
      0.03821615129709244,
      0.9022274017333984
    ],
    [
      0.10782153904438019,
      0.07196365296840668,
      0.8202148675918579
    ],
    [
      0.5090541839599609,
      0.3475283682346344,
      0.14341850578784943
    ],
    [
      0.3581881821155548,
      0.28137481212615967,
      0.3604370951652527
    ],
    [
      0.383985310792923,
      0.24901537597179413,
      0.3669991195201874
    ],
    [
      0.4184066355228424,
      0.11557386070489883,
      0.4660201072692871
    ],
    [
      0.6214891672134399,
      0.356902539730072,
      0.021608062088489532
    ],
    [
      0.33219078183174133,
      0.6328043937683105,
      0.035005029290914536
    ],
    [
      0.191707044839859,
      0.25323182344436646,
      0.5550617575645447
    ],
    [
      0.10239902138710022,
      0.5947464108467102,
      0.3028552532196045
    ],
    [
      0.1156250387430191,
      0.060173869132995605,
      0.8242014050483704
    ],
    [
      0.28372281789779663,
      0.25793179869651794,
      0.4583453834056854
    ],
    [
      0.15083995461463928,
      0.6191096305847168,
      0.23004969954490662
    ],
    [
      0.6054785251617432,
      0.3095204532146454,
      0.08500071614980698
    ],
    [
      0.26719579100608826,
      0.267140656709671,
      0.4656634032726288
    ],
    [
      0.5929383635520935,
      0.15367183089256287,
      0.253389447927475
    ],
    [
      0.22203700244426727,
      0.4870963990688324,
      0.2908674478530884
    ],
    [
      0.690435528755188,
      0.21399372816085815,
      0.09557109326124191
    ],
    [
      0.3950369656085968,
      0.3421787917613983,
      0.26278436183929443
    ],
    [
      0.3189135193824768,
      0.4611388146877289,
      0.2199476659297943
    ],
    [
      0.1404065638780594,
      0.054350972175598145,
      0.8052425980567932
    ],
    [
      0.08483634889125824,
      0.15219363570213318,
      0.7629699110984802
    ],
    [
      0.3187046945095062,
      0.40736743807792664,
      0.27392810583114624
    ],
    [
      0.271860271692276,
      0.402687132358551,
      0.32545334100723267
    ],
    [
      0.3756697475910187,
      0.3611410856246948,
      0.26318877935409546
    ]
  ],