{
  "N": 112800,
  "usage": [
    0.36232656240463257,
    0.3241824209690094,
    0.3134910464286804
  ],
  "entropy_mean": 0.7434893846511841,
  "entropy_std": 0.27923545241355896,
  "top1_share": [
    0.3920212686061859,
    0.2533687949180603,
    0.3546099364757538
  ],
  "P_expert_given_class": [
    [
      0.6032255291938782,
      0.31325870752334595,
      0.08351609855890274
    ],
    [
      0.10992565006017685,
      0.8693742752075195,
      0.020699800923466682
    ],
    [
      0.3605329394340515,
      0.3899385929107666,
      0.249529168009758
    ],
    [
      0.6056888699531555,
      0.3482528030872345,
      0.046058956533670425
    ],
    [
      0.10219597816467285,
      0.23381862044334412,
      0.6639853715896606
    ],
    [
      0.7319473624229431,
      0.2460246980190277,
      0.02202858217060566
    ],
    [
      0.47514107823371887,
      0.32226359844207764,
      0.20259559154510498
    ],
    [
      0.09439069032669067,
      0.82168048620224,
      0.08392774313688278
    ],
    [
      0.5126157402992249,
      0.41096922755241394,
      0.07641412317752838
    ],
    [
      0.2499551922082901,
      0.37764716148376465,
      0.37239760160446167
    ],
    [
      0.09021655470132828,
      0.10171101987361908,
      0.8080712556838989
    ],
    [
      0.7436603307723999,
      0.16693851351737976,
      0.08940042555332184
    ],
    [
      0.7386133074760437,
      0.207237109541893,
      0.054149702191352844
    ],
    [
      0.5894493460655212,
      0.31278371810913086,
      0.0977666825056076
    ],
    [
      0.8162404894828796,
      0.1680772304534912,
      0.015682009980082512
    ],
    [
      0.3480258285999298,
      0.4109748899936676,
      0.2409992516040802
    ],
    [
      0.5791388154029846,
      0.2216213196516037,
      0.1992383599281311
    ],
    [
      0.02682689018547535,
      0.03681615740060806,
      0.9363572001457214
    ],
    [
      0.1934947520494461,
      0.7796725630760193,
      0.026833029463887215
    ],
    [
      0.411607563495636,
      0.5418798327445984,
      0.04651274532079697
    ],
    [
      0.3427731692790985,
      0.05214059352874756,
      0.6050860285758972
    ],
    [
      0.25741052627563477,
      0.6675578355789185,
      0.07503087818622589
    ],
    [
      0.030036812648177147,
      0.031660325825214386,
      0.9383020997047424
    ],
    [
      0.15421216189861298,
      0.058829620480537415,
      0.7869589924812317
    ],
    [
      0.620432436466217,
      0.29522085189819336,
      0.08434677869081497
    ],
    [
      0.4239221513271332,
      0.36331096291542053,
      0.21276788413524628
    ],
    [
      0.4437369704246521,
      0.1384275108575821,
      0.4178352355957031
    ],
    [
      0.45164012908935547,
      0.05941630154848099,
      0.4889432191848755
    ],
    [
      0.6648050546646118,
      0.3100186288356781,
      0.025176214054226875
    ],
    [
      0.14867259562015533,
      0.8039534687995911,
      0.04737458378076553
    ],
    [
      0.2723369896411896,
      0.2277112603187561,
      0.4999508559703827
    ],
    [
      0.14762941002845764,
      0.5265563726425171,
      0.3258146047592163
    ],
    [
      0.13144294917583466,
      0.05186953395605087,
      0.8166874647140503
    ],
    [
      0.25898003578186035,
      0.27552416920661926,
      0.46549612283706665
    ],
    [
      0.15585637092590332,
      0.5199556350708008,
      0.3241879642009735
    ],
    [
      0.6604166030883789,
      0.28547346591949463,
      0.054110970348119736
    ],
    [
      0.3054314851760864,
      0.2546686828136444,
      0.4399002492427826
    ],
    [
      0.6201152205467224,
      0.1693539172410965,
      0.2105301469564438
    ],
    [
      0.26368582248687744,
      0.36889204382896423,
      0.36742183566093445
    ],
    [
      0.7959457635879517,
      0.14243566989898682,
      0.061618950217962265
    ],
    [
      0.31531473994255066,
      0.3385264277458191,
      0.34615907073020935
    ],
    [
      0.2967413663864136,
      0.4481484591960907,
      0.25510984659194946
    ],
    [
      0.09545665234327316,
      0.06636623293161392,
      0.8381769061088562
    ],
    [
      0.027864014729857445,
      0.23302596807479858,
      0.7391091585159302
    ],
    [
      0.32265880703926086,
      0.37392866611480713,
      0.30341312289237976
    ],
    [
      0.14873069524765015,
      0.5118224024772644,
      0.3394470512866974
    ],
    [
      0.29020363092422485,
      0.3808392286300659,
      0.32895734906196594
    ]
  ],