{
  "N": 112800,
  "usage": [
    0.363191694021225,
    0.32337310910224915,
    0.31343522667884827
  ],
  "entropy_mean": 0.7590875625610352,
  "entropy_std": 0.25896531343460083,
  "top1_share": [
    0.38315603137016296,
    0.28342199325561523,
    0.3334219753742218
  ],
  "P_expert_given_class": [
    [
      0.561353325843811,
      0.34222716093063354,
      0.09641972184181213
    ],
    [
      0.13417281210422516,
      0.8323240280151367,
      0.033503033220767975
    ],
    [
      0.3395107090473175,
      0.39786747097969055,
      0.26262205839157104
    ],
    [
      0.5148204565048218,
      0.43557092547416687,
      0.04960844665765762
    ],
    [
      0.10314497351646423,
      0.22086258232593536,
      0.6759917140007019
    ],
    [
      0.7067843675613403,
      0.27271220088005066,
      0.02050267904996872
    ],
    [
      0.47070807218551636,
      0.3141038417816162,
      0.21518801152706146
    ],
    [
      0.15423260629177094,
      0.7503544688224792,
      0.09541334211826324
    ],
    [
      0.4939306676387787,
      0.4107513129711151,
      0.09531913697719574
    ],
    [
      0.26285701990127563,
      0.3797948360443115,
      0.35734823346138
    ],
    [
      0.12595808506011963,
      0.08209104835987091,
      0.7919505834579468
    ],
    [
      0.7713186144828796,
      0.133392795920372,
      0.09528923779726028
    ],
    [
      0.7028688192367554,
      0.24194778501987457,
      0.05518374219536781
    ],
    [
      0.5813146233558655,
      0.31928035616874695,
      0.09940531104803085
    ],
    [
      0.8102532029151917,
      0.16498911380767822,
      0.02475661039352417
    ],
    [
      0.3683653771877289,
      0.371770977973938,
      0.25986364483833313
    ],
    [
      0.572482705116272,
      0.23975351452827454,
      0.1877639889717102
    ],
    [
      0.028470348566770554,
      0.03190379589796066,
      0.9396254420280457
    ],
    [
      0.23940367996692657,
      0.7303631901741028,
      0.030234264209866524
    ],
    [
      0.41830533742904663,
      0.5445618033409119,
      0.03713308274745941
    ],
    [
      0.3684977889060974,
      0.033455606549978256,
      0.5980462431907654
    ],
    [
      0.26295751333236694,
      0.6515151262283325,
      0.0855274349451065
    ],
    [
      0.02573527954518795,
      0.028199033811688423,
      0.9460655450820923
    ],
    [
      0.11219850927591324,
      0.06307242065668106,
      0.8247290253639221
    ],
    [
      0.5793337225914001,
      0.320732980966568,
      0.0999334305524826
    ],
    [
      0.3747246265411377,
      0.3787752389907837,
      0.2465001493692398
    ],
    [
      0.4892468750476837,
      0.15928524732589722,
      0.35146820545196533
    ],
    [
      0.4795660376548767,
      0.050585828721523285,
      0.46984732151031494
    ],
    [
      0.6386018991470337,
      0.3417164087295532,
      0.019681910052895546
    ],
    [
      0.2887671887874603,
      0.6506612300872803,
      0.06057140231132507
    ],
    [
      0.23941604793071747,
      0.23782798647880554,
      0.5227556824684143
    ],
    [
      0.11156821995973587,
      0.5952747464179993,
      0.2931568920612335
    ],
    [
      0.1213151291012764,
      0.04449155926704407,
      0.8341923952102661
    ],
    [
      0.263538658618927,
      0.24374307692050934,
      0.4927176833152771
    ],
    [
      0.13209572434425354,
      0.5893624424934387,
      0.2785412669181824
    ],
    [
      0.6536898016929626,
      0.29439759254455566,
      0.051912590861320496
    ],
    [
      0.3002016544342041,
      0.24025358259677887,
      0.4595445692539215
    ],
    [
      0.64217609167099,
      0.15217940509319305,
      0.20564493536949158
    ],
    [
      0.22344237565994263,
      0.45195862650871277,
      0.3245986998081207
    ],
    [
      0.7386684417724609,
      0.18422268331050873,
      0.0771094411611557
    ],
    [
      0.3448929190635681,
      0.319756418466568,
      0.3353504240512848
    ],
    [
      0.29660433530807495,
      0.4726469814777374,
      0.2307489812374115
    ],
    [
      0.10813198238611221,
      0.06980682164430618,
      0.8220615386962891
    ],
    [
      0.04646995663642883,
      0.1994284838438034,
      0.7541019320487976
    ],
    [
      0.3273147940635681,
      0.3683219254016876,
      0.3043629825115204
    ],
    [
      0.2028321474790573,
      0.4795764684677124,
      0.31759169697761536
    ],
    [
      0.3377671539783478,
      0.3606661856174469,
      0.3015671372413635
    ]
  ],