{
  "N": 112800,
  "usage": [
    0.3673722445964813,
    0.3284567892551422,
    0.30417096614837646
  ],
  "entropy_mean": 0.7376706004142761,
  "entropy_std": 0.27386435866355896,
  "top1_share": [
    0.3990691602230072,
    0.2617996335029602,
    0.3391312062740326
  ],
  "P_expert_given_class": [
    [
      0.6256353855133057,
      0.2970270812511444,
      0.07733733206987381
    ],
    [
      0.08490224927663803,
      0.892956018447876,
      0.02214234694838524
    ],
    [
      0.3861309885978699,
      0.39221131801605225,
      0.22165779769420624
    ],
    [
      0.5648042559623718,
      0.38544172048568726,
      0.04975401610136032
    ],
    [
      0.0856865867972374,
      0.24131040275096893,
      0.6730026006698608
    ],
    [
      0.7140970826148987,
      0.2573896646499634,
      0.028513742610812187
    ],
    [
      0.4905272424221039,
      0.29372110962867737,
      0.2157520353794098
    ],
    [
      0.10372334718704224,
      0.8008730411529541,
      0.09540380537509918
    ],
    [
      0.5415295958518982,
      0.3964546322822571,
      0.06201528012752533
    ],
    [
      0.2544756233692169,
      0.3869346082210541,
      0.35858961939811707
    ],
    [
      0.09738490730524063,
      0.11163140833377838,
      0.7909839153289795
    ],
    [
      0.7694248557090759,
      0.15323223173618317,
      0.07734286785125732
    ],
    [
      0.7414310574531555,
      0.2100251317024231,
      0.04854417219758034
    ],
    [
      0.6122655868530273,
      0.2972850203514099,
      0.09044887125492096
    ],
    [
      0.8360946178436279,
      0.1482374221086502,
      0.015669099986553192
    ],
    [
      0.34693849086761475,
      0.42311981320381165,
      0.2299419343471527
    ],
    [
      0.6129100918769836,
      0.19179436564445496,
      0.19529564678668976
    ],
    [
      0.03791666403412819,
      0.05229322612285614,
      0.9097896218299866
    ],
    [
      0.171597421169281,
      0.8032578825950623,
      0.02514384314417839
    ],
    [
      0.36819830536842346,
      0.5867579579353333,
      0.04504300281405449
    ],
    [
      0.32189249992370605,
      0.052100781351327896,
      0.6260061860084534
    ],
    [
      0.23931147158145905,
      0.6805126667022705,
      0.08017502725124359
    ],
    [
      0.028847455978393555,
      0.03713460639119148,
      0.9340172410011292
    ],
    [
      0.1551257073879242,
      0.05628889799118042,
      0.7885850667953491
    ],
    [
      0.6360757350921631,
      0.28527259826660156,
      0.0786520317196846
    ],
    [
      0.45878854393959045,
      0.357998251914978,
      0.18321256339550018
    ],
    [
      0.48979267477989197,
      0.1399158090353012,
      0.37029093503952026
    ],
    [
      0.47938552498817444,
      0.056336142122745514,
      0.4642777442932129
    ],
    [
      0.6395805478096008,
      0.3267674446105957,
      0.033651530742645264
    ],
    [
      0.15669801831245422,
      0.8027743101119995,
      0.040527474135160446
    ],
    [
      0.28682413697242737,
      0.24918103218078613,
      0.4639948904514313
    ],
    [
      0.13820983469486237,
      0.5785871148109436,
      0.2832019329071045
    ],
    [
      0.13964706659317017,
      0.05603012070059776,
      0.8043221235275269
    ],
    [
      0.26807525753974915,
      0.24907594919204712,
      0.48284804821014404
    ],
    [
      0.1381281465291977,
      0.5346344113349915,
      0.3272375166416168
    ],
    [
      0.6709131598472595,
      0.27282479405403137,
      0.05626180022954941
    ],
    [
      0.3227532207965851,
      0.2595553696155548,
      0.4176916480064392
    ],
    [
      0.6489307284355164,
      0.1525977998971939,
      0.1984720677137375
    ],
    [
      0.27788829803466797,
      0.39103955030441284,
      0.331073135137558
    ],
    [
      0.815096914768219,
      0.13547241687774658,
      0.049431368708610535
    ],
    [
      0.31828755140304565,
      0.34405070543289185,
      0.33766189217567444
    ],
    [
      0.2917710840702057,
      0.46486663818359375,
      0.24336209893226624
    ],
    [
      0.11584898829460144,
      0.07647322118282318,
      0.8076780438423157
    ],
    [
      0.029841318726539612,
      0.23637761175632477,
      0.7337810397148132
    ],
    [
      0.32634398341178894,
      0.3793216049671173,
      0.2943339943885803
    ],
    [
      0.14211983978748322,
      0.5453607439994812,
      0.31251901388168335
    ],
    [
      0.28464338183403015,
      0.3949613571166992,
      0.3203947842121124
    ]
  ],