{
  "N": 112800,
  "usage": [
    0.35846877098083496,
    0.3267934024333954,
    0.31473779678344727
  ],
  "entropy_mean": 0.7977238893508911,
  "entropy_std": 0.242237851023674,
  "top1_share": [
    0.3734840452671051,
    0.29370567202568054,
    0.33281028270721436
  ],
  "P_expert_given_class": [
    [
      0.491066575050354,
      0.3623098134994507,
      0.1466229408979416
    ],
    [
      0.20036596059799194,
      0.7565581798553467,
      0.04307645931839943
    ],
    [
      0.33677536249160767,
      0.39059844613075256,
      0.27262699604034424
    ],
    [
      0.5382182002067566,
      0.39863887429237366,
      0.06314261257648468
    ],
    [
      0.12007234245538712,
      0.22342747449874878,
      0.6564991474151611
    ],
    [
      0.6915283203125,
      0.2897501289844513,
      0.018722008913755417
    ],
    [
      0.4796828627586365,
      0.29738613963127136,
      0.222930908203125
    ],
    [
      0.18347588181495667,
      0.7254987359046936,
      0.0910254716873169
    ],
    [
      0.4451230466365814,
      0.44620904326438904,
      0.10866791754961014
    ],
    [
      0.28188297152519226,
      0.42417111992836,
      0.2939460873603821
    ],
    [
      0.15504606068134308,
      0.08868327736854553,
      0.7562702894210815
    ],
    [
      0.6851385235786438,
      0.1974639892578125,
      0.11739742010831833
    ],
    [
      0.6557195782661438,
      0.26903900504112244,
      0.07524137198925018
    ],
    [
      0.521231472492218,
      0.33283746242523193,
      0.1459309607744217
    ],
    [
      0.8042564988136292,
      0.16783303022384644,
      0.027911266312003136
    ],
    [
      0.40910252928733826,
      0.3547250032424927,
      0.23617281019687653
    ],
    [
      0.5494027137756348,
      0.2696766257286072,
      0.18092073500156403
    ],
    [
      0.040175363421440125,
      0.04618960991501808,
      0.9136341214179993
    ],
    [
      0.28096288442611694,
      0.6837193369865417,
      0.035318631678819656
    ],
    [
      0.4175906181335449,
      0.5461621284484863,
      0.03624746948480606
    ],
    [
      0.35823854804039,
      0.05852507799863815,
      0.5832358598709106
    ],
    [
      0.31916436553001404,
      0.590137779712677,
      0.09069734066724777
    ],
    [
      0.04465647041797638,
      0.03353111818432808,
      0.9218120574951172
    ],
    [
      0.11332131922245026,
      0.08024759590625763,
      0.8064308166503906
    ],
    [
      0.5070830583572388,
      0.3525729775428772,
      0.14034424722194672
    ],
    [
      0.3659345805644989,
      0.3101174533367157,
      0.32394781708717346
    ],
    [
      0.4039531648159027,
      0.22103320062160492,
      0.37501344084739685
    ],
    [
      0.43945613503456116,
      0.10439483076334,
      0.456149697303772
    ],
    [
      0.6438351273536682,
      0.3360757827758789,
      0.02008856274187565
    ],
    [
      0.30442237854003906,
      0.6635778546333313,
      0.03200015425682068
    ],
    [
      0.2045002579689026,
      0.24564091861248016,
      0.5498589873313904
    ],
    [
      0.10640762746334076,
      0.5762253403663635,
      0.3173680901527405
    ],
    [
      0.11743439733982086,
      0.05528174713253975,
      0.827284574508667
    ],
    [
      0.258120059967041,
      0.2556939721107483,
      0.4861854016780853
    ],
    [
      0.14795465767383575,
      0.5883633494377136,
      0.2636820077896118
    ],
    [
      0.626311719417572,
      0.3035731315612793,
      0.0701155886054039
    ],
    [
      0.26342377066612244,
      0.25409701466560364,
      0.4824790358543396
    ],
    [
      0.5890190601348877,
      0.16686514019966125,
      0.24411629140377045
    ],
    [
      0.2370552122592926,
      0.4689471423625946,
      0.2939976453781128
    ],
    [
      0.7098904848098755,
      0.20709197223186493,
      0.08301737159490585
    ],
    [
      0.3698446750640869,
      0.33148109912872314,
      0.29867497086524963
    ],
    [
      0.3115115165710449,
      0.4670771360397339,
      0.2214113175868988
    ],
    [
      0.12396560609340668,
      0.059019315987825394,
      0.8170152902603149
    ],
    [
      0.07282949239015579,
      0.15764284133911133,
      0.7695279121398926
    ],
    [
      0.316752552986145,
      0.40434619784355164,
      0.2789011001586914
    ],
    [
      0.24200129508972168,
      0.4343463182449341,
      0.3236522376537323
    ],
    [
      0.3641287386417389,
      0.3625112473964691,
      0.2733597755432129
    ]
  ],