{
  "N": 112800,
  "usage": [
    0.3652884066104889,
    0.3228289783000946,
    0.3118825852870941
  ],
  "entropy_mean": 0.7865957021713257,
  "entropy_std": 0.24552686512470245,
  "top1_share": [
    0.3884662985801697,
    0.2778546214103699,
    0.33367908000946045
  ],
  "P_expert_given_class": [
    [
      0.5646768808364868,
      0.3229789137840271,
      0.11234424263238907
    ],
    [
      0.16475388407707214,
      0.7960817813873291,
      0.03916440159082413
    ],
    [
      0.350052148103714,
      0.38217827677726746,
      0.26776963472366333
    ],
    [
      0.5269409418106079,
      0.4163340926170349,
      0.05672534927725792
    ],
    [
      0.10559839755296707,
      0.23163846135139465,
      0.6627629995346069
    ],
    [
      0.7083598375320435,
      0.27362480759620667,
      0.018014533445239067
    ],
    [
      0.46014246344566345,
      0.311396986246109,
      0.2284606397151947
    ],
    [
      0.1688319593667984,
      0.7245177030563354,
      0.10665047913789749
    ],
    [
      0.4896761476993561,
      0.408674031496048,
      0.10164918750524521
    ],
    [
      0.2864878475666046,
      0.4027484655380249,
      0.3107634484767914
    ],
    [
      0.13391825556755066,
      0.0954337865114212,
      0.7706480026245117
    ],
    [
      0.7269226908683777,
      0.16715362668037415,
      0.10592441260814667
    ],
    [
      0.6766054034233093,
      0.26263177394866943,
      0.06076250225305557
    ],
    [
      0.5736114978790283,
      0.3037852942943573,
      0.12260311096906662
    ],
    [
      0.8019057512283325,
      0.17467835545539856,
      0.023416047915816307
    ],
    [
      0.37700843811035156,
      0.3795147240161896,
      0.24347689747810364
    ],
    [
      0.5446673631668091,
      0.2593078315258026,
      0.19602495431900024
    ],
    [
      0.03727637231349945,
      0.04238832741975784,
      0.920336127281189
    ],
    [
      0.2535034716129303,
      0.7119499444961548,
      0.034546639770269394
    ],
    [
      0.410868376493454,
      0.5491824746131897,
      0.03994910791516304
    ],
    [
      0.37562960386276245,
      0.04706372320652008,
      0.5773072838783264
    ],
    [
      0.2875926196575165,
      0.622502863407135,
      0.08990302681922913
    ],
    [
      0.04127946123480797,
      0.03300485759973526,
      0.9257163405418396
    ],
    [
      0.11678722500801086,
      0.06853260099887848,
      0.814680814743042
    ],
    [
      0.578338623046875,
      0.3043827414512634,
      0.11727850884199142
    ],
    [
      0.3844582736492157,
      0.3471998870372772,
      0.26834234595298767
    ],
    [
      0.4597362279891968,
      0.18381956219673157,
      0.356443852186203
    ],
    [
      0.47432494163513184,
      0.07452432066202164,
      0.4511512815952301
    ],
    [
      0.6541021466255188,
      0.3274490237236023,
      0.018447814509272575
    ],
    [
      0.2869856655597687,
      0.6637796759605408,
      0.049235522747039795
    ],
    [
      0.24476473033428192,
      0.23282083868980408,
      0.5224153399467468
    ],
    [
      0.11839916557073593,
      0.5643814206123352,
      0.31721973419189453
    ],
    [
      0.13507208228111267,
      0.06022963672876358,
      0.8046992421150208
    ],
    [
      0.24540725350379944,
      0.27667751908302307,
      0.4779152572154999
    ],
    [
      0.14549967646598816,
      0.591741681098938,
      0.2627594769001007
    ],
    [
      0.6547042727470398,
      0.2887917757034302,
      0.05650312453508377
    ],
    [
      0.298803448677063,
      0.24704746901988983,
      0.45414870977401733
    ],
    [
      0.6054696440696716,
      0.17014142870903015,
      0.2243885099887848
    ],
    [
      0.22717861831188202,
      0.4436357021331787,
      0.3291850984096527
    ],
    [
      0.7244697213172913,
      0.19507580995559692,
      0.0804549977183342
    ],
    [
      0.3449193835258484,
      0.3392103314399719,
      0.3158705532550812
    ],
    [
      0.3099643588066101,
      0.4687705338001251,
      0.22126474976539612
    ],
    [
      0.1223013699054718,
      0.08049716800451279,
      0.7972015142440796
    ],
    [
      0.06640695035457611,
      0.13625870645046234,
      0.7973338961601257
    ],
    [
      0.3351192772388458,
      0.38340628147125244,
      0.28147435188293457
    ],
    [
      0.22504360973834991,
      0.4393851161003113,
      0.3355710804462433
    ],
    [
      0.3439890444278717,
      0.36643141508102417,
      0.289579302072525
    ]
  ],