{
  "N": 112800,
  "usage": [
    0.3621652126312256,
    0.3305104076862335,
    0.3073243498802185
  ],
  "entropy_mean": 0.7301980257034302,
  "entropy_std": 0.2840557396411896,
  "top1_share": [
    0.3995567262172699,
    0.2517819106578827,
    0.348661333322525
  ],
  "P_expert_given_class": [
    [
      0.6021493673324585,
      0.3227096498012543,
      0.07514145970344543
    ],
    [
      0.09296867996454239,
      0.8900607228279114,
      0.01696949265897274
    ],
    [
      0.3829093873500824,
      0.37015414237976074,
      0.24693618714809418
    ],
    [
      0.5723613500595093,
      0.3764421045780182,
      0.05119684338569641
    ],
    [
      0.09593813866376877,
      0.2249266803264618,
      0.6791343688964844
    ],
    [
      0.7091322541236877,
      0.2674423158168793,
      0.023425541818141937
    ],
    [
      0.4907059669494629,
      0.30927029252052307,
      0.2000248283147812
    ],
    [
      0.10083208978176117,
      0.8254156112670898,
      0.07375213503837585
    ],
    [
      0.5289674401283264,
      0.3951297998428345,
      0.07590297609567642
    ],
    [
      0.26744192838668823,
      0.38563916087150574,
      0.3469189703464508
    ],
    [
      0.09760172665119171,
      0.10157658904790878,
      0.8008216619491577
    ],
    [
      0.7541204690933228,
      0.17300395667552948,
      0.07287465780973434
    ],
    [
      0.7234042286872864,
      0.2300272136926651,
      0.04656772315502167
    ],
    [
      0.5905842185020447,
      0.3222016394138336,
      0.0872143879532814
    ],
    [
      0.8182612657546997,
      0.16354218125343323,
      0.018197454512119293
    ],
    [
      0.36509785056114197,
      0.42466259002685547,
      0.21023927628993988
    ],
    [
      0.6208552122116089,
      0.198249951004982,
      0.18089459836483002
    ],
    [
      0.02756923995912075,
      0.044915199279785156,
      0.9275151491165161
    ],
    [
      0.17654527723789215,
      0.8045074343681335,
      0.018947653472423553
    ],
    [
      0.40583130717277527,
      0.5498203039169312,
      0.04434838145971298
    ],
    [
      0.29294446110725403,
      0.047659486532211304,
      0.659396231174469
    ],
    [
      0.24464093148708344,
      0.6818620562553406,
      0.0734972134232521
    ],
    [
      0.030807089060544968,
      0.026473917067050934,
      0.9427186250686646
    ],
    [
      0.161238431930542,
      0.05922883376479149,
      0.7795328497886658
    ],
    [
      0.616429328918457,
      0.31165745854377747,
      0.0719129666686058
    ],
    [
      0.4343996047973633,
      0.3791086971759796,
      0.18649157881736755
    ],
    [
      0.471021831035614,
      0.14673930406570435,
      0.3822386860847473
    ],
    [
      0.4667757749557495,
      0.05693019926548004,
      0.47629454731941223
    ],
    [
      0.6136531233787537,
      0.3555251359939575,
      0.030821360647678375
    ],
    [
      0.13693144917488098,
      0.8343514800071716,
      0.028715727850794792
    ],
    [
      0.26621055603027344,
      0.24900001287460327,
      0.48478949069976807
    ],
    [
      0.11225362122058868,
      0.5894598364830017,
      0.298287034034729
    ],
    [
      0.12425393611192703,
      0.04526691138744354,
      0.8304792046546936
    ],
    [
      0.25042036175727844,
      0.24435381591320038,
      0.505225658416748
    ],
    [
      0.13075406849384308,
      0.5154033899307251,
      0.3538423478603363
    ],
    [
      0.6471375823020935,
      0.2995602786540985,
      0.05330101028084755
    ],
    [
      0.33307600021362305,
      0.2543432116508484,
      0.41258084774017334
    ],
    [
      0.66025310754776,
      0.1662851870059967,
      0.17346221208572388
    ],
    [
      0.2937130033969879,
      0.3606090545654297,
      0.34567877650260925
    ],
    [
      0.8033169507980347,
      0.14463688433170319,
      0.05204686149954796
    ],
    [
      0.33039629459381104,
      0.352403461933136,
      0.3171999454498291
    ],
    [
      0.2996698021888733,
      0.4498971998691559,
      0.2504338324069977
    ],
    [
      0.09193145483732224,
      0.06761278212070465,
      0.8404561281204224
    ],
    [
      0.029291994869709015,
      0.20174673199653625,
      0.7689608335494995
    ],
    [
      0.3274577558040619,
      0.3838046193122864,
      0.2887382507324219
    ],
    [
      0.1316467970609665,
      0.5253557562828064,
      0.3429979085922241
    ],
    [
      0.29786601662635803,
      0.40501275658607483,
      0.29712143540382385
    ]
  ],