{
  "N": 112800,
  "usage": [
    0.3695676028728485,
    0.3168899714946747,
    0.3135424256324768
  ],
  "entropy_mean": 0.7455452680587769,
  "entropy_std": 0.27349379658699036,
  "top1_share": [
    0.3916400671005249,
    0.2703014314174652,
    0.3380585014820099
  ],
  "P_expert_given_class": [
    [
      0.6054876446723938,
      0.3117784261703491,
      0.08273353427648544
    ],
    [
      0.10400395095348358,
      0.8721126317977905,
      0.02388366125524044
    ],
    [
      0.3660980761051178,
      0.38031306862831116,
      0.2535889744758606
    ],
    [
      0.5601089000701904,
      0.3769765794277191,
      0.06291445344686508
    ],
    [
      0.1140819564461708,
      0.21896542608737946,
      0.6669526100158691
    ],
    [
      0.7216951847076416,
      0.2548770010471344,
      0.0234273262321949
    ],
    [
      0.49107295274734497,
      0.2963927388191223,
      0.2125338613986969
    ],
    [
      0.12297441065311432,
      0.7745866179466248,
      0.10243817418813705
    ],
    [
      0.4897887706756592,
      0.4250998795032501,
      0.08511120826005936
    ],
    [
      0.26243120431900024,
      0.3855421543121338,
      0.35202696919441223
    ],
    [
      0.12570124864578247,
      0.08740758895874023,
      0.7868908047676086
    ],
    [
      0.7447611093521118,
      0.1662500649690628,
      0.08898849785327911
    ],
    [
      0.7344282269477844,
      0.20812715590000153,
      0.057444553822278976
    ],
    [
      0.5930013060569763,
      0.31329113245010376,
      0.09370715171098709
    ],
    [
      0.8349941968917847,
      0.14419251680374146,
      0.02081242948770523
    ],
    [
      0.3590409457683563,
      0.3887498080730438,
      0.25220897793769836
    ],
    [
      0.5737093687057495,
      0.2398253083229065,
      0.18646512925624847
    ],
    [
      0.035065051168203354,
      0.03154081106185913,
      0.933392345905304
    ],
    [
      0.21793965995311737,
      0.7566730976104736,
      0.025386588647961617
    ],
    [
      0.40976691246032715,
      0.5508896112442017,
      0.03934337571263313
    ],
    [
      0.3569610118865967,
      0.03260565921664238,
      0.610433042049408
    ],
    [
      0.25303199887275696,
      0.6715818643569946,
      0.07538510113954544
    ],
    [
      0.02732911705970764,
      0.022236203774809837,
      0.950435996055603
    ],
    [
      0.13147611916065216,
      0.04992254823446274,
      0.8186013698577881
    ],
    [
      0.6244435906410217,
      0.2889192998409271,
      0.08663636445999146
    ],
    [
      0.4075736105442047,
      0.3717825412750244,
      0.2206439971923828
    ],
    [
      0.4892025887966156,
      0.14515475928783417,
      0.36564314365386963
    ],
    [
      0.4959278404712677,
      0.04876331612467766,
      0.45530903339385986
    ],
    [
      0.6615070104598999,
      0.31320011615753174,
      0.02529301866889
    ],
    [
      0.24850191175937653,
      0.7024285793304443,
      0.049069248139858246
    ],
    [
      0.24923011660575867,
      0.23381905257701874,
      0.5169506072998047
    ],
    [
      0.131727933883667,
      0.5500065088272095,
      0.31826457381248474
    ],
    [
      0.12930603325366974,
      0.04112979397177696,
      0.8295648694038391
    ],
    [
      0.2616311013698578,
      0.23464854061603546,
      0.5037201642990112
    ],
    [
      0.15040796995162964,
      0.5612080693244934,
      0.288383811712265
    ],
    [
      0.6784689426422119,
      0.27323809266090393,
      0.048292890191078186
    ],
    [
      0.3385038673877716,
      0.22726745903491974,
      0.4342283010482788
    ],
    [
      0.6169601082801819,
      0.17777252197265625,
      0.20526643097400665
    ],
    [
      0.24535413086414337,
      0.3822377920150757,
      0.3724082112312317
    ],
    [
      0.7915604710578918,
      0.14328230917453766,
      0.06515762954950333
    ],
    [
      0.3291018307209015,
      0.32912108302116394,
      0.3417772352695465
    ],
    [
      0.29823413491249084,
      0.4662399888038635,
      0.23552589118480682
    ],
    [
      0.09038947522640228,
      0.061078205704689026,
      0.8485315442085266
    ],
    [
      0.04140051454305649,
      0.16045013070106506,
      0.7981491684913635
    ],
    [
      0.32530519366264343,
      0.3711146414279938,
      0.3035793900489807
    ],
    [
      0.18090209364891052,
      0.4840832054615021,
      0.33501431345939636
    ],
    [
      0.34908387064933777,
      0.3669404983520508,
      0.28397589921951294
    ]
  ],