{
  "N": 112800,
  "usage": [
    0.37180545926094055,
    0.32336828112602234,
    0.3048262298107147
  ],
  "entropy_mean": 0.7307068109512329,
  "entropy_std": 0.27719318866729736,
  "top1_share": [
    0.39800530672073364,
    0.26189717650413513,
    0.3400975167751312
  ],
  "P_expert_given_class": [
    [
      0.6010448932647705,
      0.3133612871170044,
      0.08559377491474152
    ],
    [
      0.0878291055560112,
      0.8990983963012695,
      0.013073135167360306
    ],
    [
      0.38075247406959534,
      0.37141016125679016,
      0.2478369176387787
    ],
    [
      0.6028822660446167,
      0.3611254096031189,
      0.03599170222878456
    ],
    [
      0.10346530377864838,
      0.23821228742599487,
      0.6583226323127747
    ],
    [
      0.7544354200363159,
      0.2254888117313385,
      0.020075777545571327
    ],
    [
      0.4873126745223999,
      0.31053972244262695,
      0.20214727520942688
    ],
    [
      0.10580804944038391,
      0.8154230713844299,
      0.07876847684383392
    ],
    [
      0.5091059803962708,
      0.4242610037326813,
      0.0666327103972435
    ],
    [
      0.24312210083007812,
      0.3911939859390259,
      0.3656844198703766
    ],
    [
      0.09883305430412292,
      0.11541561037302017,
      0.7857515215873718
    ],
    [
      0.7767283916473389,
      0.13230757415294647,
      0.090964175760746
    ],
    [
      0.737536609172821,
      0.21042971312999725,
      0.052033934742212296
    ],
    [
      0.575855553150177,
      0.31774139404296875,
      0.10640300810337067
    ],
    [
      0.8527086973190308,
      0.13055433332920074,
      0.016736816614866257
    ],
    [
      0.36664536595344543,
      0.3951128125190735,
      0.2382417619228363
    ],
    [
      0.5887534618377686,
      0.20593184232711792,
      0.20531436800956726
    ],
    [
      0.029991311952471733,
      0.040701959282159805,
      0.9293068647384644
    ],
    [
      0.18853889405727386,
      0.7947680950164795,
      0.01669294759631157
    ],
    [
      0.39791762828826904,
      0.5704835057258606,
      0.03159918263554573
    ],
    [
      0.3598531186580658,
      0.034181322902441025,
      0.6059656143188477
    ],
    [
      0.2558535635471344,
      0.6794497966766357,
      0.06469724327325821
    ],
    [
      0.027189569547772408,
      0.04147025942802429,
      0.931340217590332
    ],
    [
      0.15640325844287872,
      0.06670180708169937,
      0.7768948078155518
    ],
    [
      0.6252743601799011,
      0.29251256585121155,
      0.0822126641869545
    ],
    [
      0.4545125961303711,
      0.3382740616798401,
      0.20721326768398285
    ],
    [
      0.472772479057312,
      0.13399258255958557,
      0.3932347595691681
    ],
    [
      0.5192089080810547,
      0.03692417964339256,
      0.44386643171310425
    ],
    [
      0.6854072213172913,
      0.29680120944976807,
      0.017792504280805588
    ],
    [
      0.1685713678598404,
      0.7852051854133606,
      0.04622354730963707
    ],
    [
      0.2531154453754425,
      0.24530936777591705,
      0.5015754699707031
    ],
    [
      0.147159144282341,
      0.552944540977478,
      0.2998971939086914
    ],
    [
      0.12853118777275085,
      0.0549570731818676,
      0.8165120482444763
    ],
    [
      0.2545486092567444,
      0.26572105288505554,
      0.47972992062568665
    ],
    [
      0.165592759847641,
      0.53205406665802,
      0.30235356092453003
    ],
    [
      0.7050027251243591,
      0.25061163306236267,
      0.044385336339473724
    ],
    [
      0.3289845883846283,
      0.23575516045093536,
      0.4352605640888214
    ],
    [
      0.6368726491928101,
      0.15284037590026855,
      0.21028617024421692
    ],
    [
      0.2771902084350586,
      0.4020044505596161,
      0.32080569863319397
    ],
    [
      0.8186005353927612,
      0.12413238734006882,
      0.05726734921336174
    ],
    [
      0.32538074254989624,
      0.32911720871925354,
      0.34550225734710693
    ],
    [
      0.2911531627178192,
      0.4674103260040283,
      0.2414364069700241
    ],
    [
      0.09269137680530548,
      0.07752343267202377,
      0.8297852873802185
    ],
    [
      0.029698597267270088,
      0.2704719305038452,
      0.6998292803764343
    ],
    [
      0.32777196168899536,
      0.3814103901386261,
      0.29081791639328003
    ],
    [
      0.15710529685020447,
      0.5129902958869934,
      0.3299041986465454
    ],
    [
      0.3211416006088257,
      0.3739844262599945,
      0.30487388372421265
    ]
  ],