{
  "N": 112800,
  "usage": [
    0.36610710620880127,
    0.3228619396686554,
    0.31103092432022095
  ],
  "entropy_mean": 0.7350804805755615,
  "entropy_std": 0.2749064266681671,
  "top1_share": [
    0.3916577994823456,
    0.2716134786605835,
    0.3367287218570709
  ],
  "P_expert_given_class": [
    [
      0.6038972735404968,
      0.3218275010585785,
      0.07427491247653961
    ],
    [
      0.11366703361272812,
      0.8682419657707214,
      0.018090523779392242
    ],
    [
      0.37414059042930603,
      0.394320547580719,
      0.23153844475746155
    ],
    [
      0.5773986577987671,
      0.37832868099212646,
      0.044272199273109436
    ],
    [
      0.09059645980596542,
      0.22318778932094574,
      0.6862164735794067
    ],
    [
      0.7258582711219788,
      0.25464147329330444,
      0.019500000402331352
    ],
    [
      0.49654531478881836,
      0.2905864715576172,
      0.21286825835704803
    ],
    [
      0.1230015680193901,
      0.7974709272384644,
      0.07952834665775299
    ],
    [
      0.5011227130889893,
      0.41059184074401855,
      0.0882851853966713
    ],
    [
      0.2605985701084137,
      0.40355443954467773,
      0.33584678173065186
    ],
    [
      0.09856077283620834,
      0.09395215660333633,
      0.8074873685836792
    ],
    [
      0.7710915803909302,
      0.1427769660949707,
      0.08613211661577225
    ],
    [
      0.719927966594696,
      0.23099780082702637,
      0.0490744449198246
    ],
    [
      0.6057824492454529,
      0.3096826672554016,
      0.0845334529876709
    ],
    [
      0.8156077861785889,
      0.16466569900512695,
      0.01972631923854351
    ],
    [
      0.34989380836486816,
      0.40975502133369446,
      0.2403511255979538
    ],
    [
      0.5777280926704407,
      0.21723221242427826,
      0.20503979921340942
    ],
    [
      0.024120915681123734,
      0.03440181910991669,
      0.9414769411087036
    ],
    [
      0.21097040176391602,
      0.767821729183197,
      0.021208234131336212
    ],
    [
      0.3751426637172699,
      0.5867398381233215,
      0.038116708397865295
    ],
    [
      0.3364417254924774,
      0.034244418144226074,
      0.6293140649795532
    ],
    [
      0.26315075159072876,
      0.6612145304679871,
      0.07563455402851105
    ],
    [
      0.02212417684495449,
      0.03001035749912262,
      0.9478657245635986
    ],
    [
      0.1255383938550949,
      0.0646820217370987,
      0.809780478477478
    ],
    [
      0.6242067217826843,
      0.3021961748600006,
      0.07359768450260162
    ],
    [
      0.45333126187324524,
      0.35157570242881775,
      0.19509239494800568
    ],
    [
      0.4765031337738037,
      0.14384187757968903,
      0.3796547055244446
    ],
    [
      0.4763960838317871,
      0.05292489752173424,
      0.47067952156066895
    ],
    [
      0.6527221202850342,
      0.3248977065086365,
      0.022379621863365173
    ],
    [
      0.19616782665252686,
      0.7584030032157898,
      0.045429255813360214
    ],
    [
      0.2509911358356476,
      0.2260574847459793,
      0.5229509472846985
    ],
    [
      0.13404163718223572,
      0.5617965459823608,
      0.30416223406791687
    ],
    [
      0.13229261338710785,
      0.052961427718400955,
      0.8147459030151367
    ],
    [
      0.25388872623443604,
      0.23736165463924408,
      0.50874924659729
    ],
    [
      0.14313627779483795,
      0.5598028302192688,
      0.29706132411956787
    ],
    [
      0.7004433274269104,
      0.26070836186408997,
      0.03884778544306755
    ],
    [
      0.3257805109024048,
      0.2356410175561905,
      0.4385792016983032
    ],
    [
      0.6652690768241882,
      0.14531953632831573,
      0.18941155076026917
    ],
    [
      0.2257111668586731,
      0.3972061276435852,
      0.37708255648612976
    ],
    [
      0.773829996585846,
      0.16097694635391235,
      0.06519213318824768
    ],
    [
      0.3231033384799957,
      0.34484586119651794,
      0.3320504128932953
    ],
    [
      0.28346070647239685,
      0.4786166250705719,
      0.2379225343465805
    ],
    [
      0.09917899966239929,
      0.057206448167562485,
      0.8436155319213867
    ],
    [
      0.03086109086871147,
      0.1599053591489792,
      0.8092333674430847
    ],
    [
      0.32479292154312134,
      0.38246580958366394,
      0.2927404046058655
    ],
    [
      0.17189636826515198,
      0.5090395212173462,
      0.3190634548664093
    ],
    [
      0.3261178135871887,
      0.3798315227031708,
      0.29405155777931213
    ]
  ],