{
  "N": 112800,
  "usage": [
    0.37171676754951477,
    0.31317976117134094,
    0.3151034712791443
  ],
  "entropy_mean": 0.7378717660903931,
  "entropy_std": 0.2689974308013916,
  "top1_share": [
    0.39874112606048584,
    0.25087764859199524,
    0.35038119554519653
  ],
  "P_expert_given_class": [
    [
      0.6122635006904602,
      0.30096763372421265,
      0.08676842600107193
    ],
    [
      0.10492046922445297,
      0.8757032155990601,
      0.019376644864678383
    ],
    [
      0.37287721037864685,
      0.36107948422431946,
      0.26604294776916504
    ],
    [
      0.5669224858283997,
      0.38539403676986694,
      0.047683898359537125
    ],
    [
      0.10012498497962952,
      0.22378621995449066,
      0.6760892868041992
    ],
    [
      0.7342345714569092,
      0.2472488135099411,
      0.01851680688560009
    ],
    [
      0.48341572284698486,
      0.28951987624168396,
      0.2270646095275879
    ],
    [
      0.1325281411409378,
      0.7687254548072815,
      0.09874740242958069
    ],
    [
      0.5055814385414124,
      0.4076594114303589,
      0.08675949275493622
    ],
    [
      0.26494988799095154,
      0.383842796087265,
      0.3512074649333954
    ],
    [
      0.10992519557476044,
      0.09294728189706802,
      0.7971264123916626
    ],
    [
      0.7656078338623047,
      0.1403353214263916,
      0.09405684471130371
    ],
    [
      0.7310435771942139,
      0.21869882941246033,
      0.05025797709822655
    ],
    [
      0.6110193133354187,
      0.2927524447441101,
      0.09622860699892044
    ],
    [
      0.8473169207572937,
      0.13715824484825134,
      0.015525239519774914
    ],
    [
      0.36958804726600647,
      0.3972656726837158,
      0.23314549028873444
    ],
    [
      0.575688898563385,
      0.2224557250738144,
      0.20185482501983643
    ],
    [
      0.03134572505950928,
      0.04091653972864151,
      0.9277381300926208
    ],
    [
      0.21167811751365662,
      0.7682934403419495,
      0.020027561113238335
    ],
    [
      0.4151274263858795,
      0.5414046049118042,
      0.04346702992916107
    ],
    [
      0.34812167286872864,
      0.029025167226791382,
      0.6228535771369934
    ],
    [
      0.2521040141582489,
      0.671819269657135,
      0.07607675343751907
    ],
    [
      0.02504345215857029,
      0.03143542259931564,
      0.9435207843780518
    ],
    [
      0.13877660036087036,
      0.06015077605843544,
      0.8010727167129517
    ],
    [
      0.6313903331756592,
      0.27806389331817627,
      0.09054580330848694
    ],
    [
      0.47823017835617065,
      0.3130614161491394,
      0.20870846509933472
    ],
    [
      0.4636395275592804,
      0.14338065683841705,
      0.39298009872436523
    ],
    [
      0.48378437757492065,
      0.032329265028238297,
      0.48388591408729553
    ],
    [
      0.676052451133728,
      0.3044300675392151,
      0.019517792388796806
    ],
    [
      0.2116086781024933,
      0.754696249961853,
      0.03369544818997383
    ],
    [
      0.25232377648353577,
      0.2330780327320099,
      0.5145980715751648
    ],
    [
      0.13391578197479248,
      0.5303320288658142,
      0.33575183153152466
    ],
    [
      0.1413220912218094,
      0.05584641173481941,
      0.802831768989563
    ],
    [
      0.24010831117630005,
      0.20089983940124512,
      0.5589916706085205
    ],
    [
      0.13332141935825348,
      0.5444028377532959,
      0.3222755193710327
    ],
    [
      0.6959331035614014,
      0.2601299285888672,
      0.04393686726689339
    ],
    [
      0.3331988751888275,
      0.2226099669933319,
      0.444191038608551
    ],
    [
      0.6230995059013367,
      0.17111773788928986,
      0.20578384399414062
    ],
    [
      0.2612062990665436,
      0.3718566298484802,
      0.3669375479221344
    ],
    [
      0.806256890296936,
      0.13218100368976593,
      0.061561744660139084
    ],
    [
      0.3315401077270508,
      0.3344777226448059,
      0.33398133516311646
    ],
    [
      0.2940462529659271,
      0.4689718186855316,
      0.23698198795318604
    ],
    [
      0.08887853473424911,
      0.0742194876074791,
      0.8369020223617554
    ],
    [
      0.02909814566373825,
      0.15726247429847717,
      0.8136393427848816
    ],
    [
      0.3283638656139374,
      0.3721051812171936,
      0.2995310425758362
    ],
    [
      0.18392036855220795,
      0.49989181756973267,
      0.3161877691745758
    ],
    [
      0.33924445509910583,
      0.3755185306072235,
      0.28523749113082886
    ]
  ],