{
  "N": 112800,
  "usage": [
    0.36043328046798706,
    0.3270999789237976,
    0.31246674060821533
  ],
  "entropy_mean": 0.7828408479690552,
  "entropy_std": 0.2469242960214615,
  "top1_share": [
    0.3830053210258484,
    0.28712767362594604,
    0.32986703515052795
  ],
  "P_expert_given_class": [
    [
      0.5294509530067444,
      0.3527466952800751,
      0.11780207604169846
    ],
    [
      0.16763576865196228,
      0.7934091687202454,
      0.03895430266857147
    ],
    [
      0.3475436270236969,
      0.3944765329360962,
      0.2579796016216278
    ],
    [
      0.5690793991088867,
      0.376716673374176,
      0.05420434847474098
    ],
    [
      0.11464723199605942,
      0.2330983430147171,
      0.652255117893219
    ],
    [
      0.675964891910553,
      0.3087405860424042,
      0.015295222401618958
    ],
    [
      0.519483208656311,
      0.2834209203720093,
      0.1970960646867752
    ],
    [
      0.15576942265033722,
      0.7498800158500671,
      0.09435007721185684
    ],
    [
      0.4657111167907715,
      0.4264639914035797,
      0.10782443732023239
    ],
    [
      0.27167078852653503,
      0.4038167893886566,
      0.3245123028755188
    ],
    [
      0.145010843873024,
      0.08371463418006897,
      0.7712750434875488
    ],
    [
      0.7290251851081848,
      0.16558919847011566,
      0.10538554191589355
    ],
    [
      0.6656090021133423,
      0.2744329869747162,
      0.05995893478393555
    ],
    [
      0.5634497404098511,
      0.31267231702804565,
      0.12387849390506744
    ],
    [
      0.7808669209480286,
      0.19679298996925354,
      0.022339612245559692
    ],
    [
      0.370515376329422,
      0.37970849871635437,
      0.24977630376815796
    ],
    [
      0.5656753778457642,
      0.2667832374572754,
      0.167541041970253
    ],
    [
      0.043849971145391464,
      0.040232885628938675,
      0.9159167408943176
    ],
    [
      0.2573334872722626,
      0.7144641280174255,
      0.028202129527926445
    ],
    [
      0.4028438329696655,
      0.5614763498306274,
      0.03567936643958092
    ],
    [
      0.3572859764099121,
      0.045613959431648254,
      0.5971003174781799
    ],
    [
      0.30080023407936096,
      0.6174505352973938,
      0.08174870163202286
    ],
    [
      0.03723709285259247,
      0.029002206400036812,
      0.9337607026100159
    ],
    [
      0.10671058297157288,
      0.0575614795088768,
      0.8357272148132324
    ],
    [
      0.5446115136146545,
      0.34031862020492554,
      0.11507038027048111
    ],
    [
      0.36280742287635803,
      0.34023669362068176,
      0.29695606231689453
    ],
    [
      0.4423987865447998,
      0.19758586585521698,
      0.36001497507095337
    ],
    [
      0.4466980993747711,
      0.08140556514263153,
      0.4718967080116272
    ],
    [
      0.6114832758903503,
      0.37157830595970154,
      0.01693824492394924
    ],
    [
      0.2773036062717438,
      0.6781489253044128,
      0.044547755271196365
    ],
    [
      0.22514130175113678,
      0.23937581479549408,
      0.535483181476593
    ],
    [
      0.10952409356832504,
      0.5587902069091797,
      0.3316853940486908
    ],
    [
      0.11932139098644257,
      0.05083043873310089,
      0.8298471570014954
    ],
    [
      0.2500026822090149,
      0.27208948135375977,
      0.47790756821632385
    ],
    [
      0.13720321655273438,
      0.5788455605506897,
      0.2839528024196625
    ],
    [
      0.6422913670539856,
      0.3055071234703064,
      0.052201759070158005
    ],
    [
      0.2930426001548767,
      0.24968352913856506,
      0.45727381110191345
    ],
    [
      0.637004554271698,
      0.14550372958183289,
      0.2174919694662094
    ],
    [
      0.2329804003238678,
      0.4766797423362732,
      0.29034021496772766
    ],
    [
      0.7151575684547424,
      0.20612137019634247,
      0.07872061431407928
    ],
    [
      0.34773483872413635,
      0.32995009422302246,
      0.3223145604133606
    ],
    [
      0.3080649673938751,
      0.4688670337200165,
      0.2230684906244278
    ],
    [
      0.13014574348926544,
      0.06603594124317169,
      0.8038179278373718
    ],
    [
      0.06705940514802933,
      0.1532425582408905,
      0.7796985507011414
    ],
    [
      0.32017871737480164,
      0.3877987861633301,
      0.29202279448509216
    ],
    [
      0.2198655754327774,
      0.4442017674446106,
      0.3359324336051941
    ],
    [
      0.357173889875412,
      0.36263588070869446,
      0.28019049763679504
    ]
  ],