{
  "N": 112800,
  "usage": [
    0.37078797817230225,
    0.3285292088985443,
    0.30068278312683105
  ],
  "entropy_mean": 0.7323422431945801,
  "entropy_std": 0.2763146758079529,
  "top1_share": [
    0.40269502997398376,
    0.2543528378009796,
    0.3429521322250366
  ],
  "P_expert_given_class": [
    [
      0.6431394219398499,
      0.3000893294811249,
      0.056770775467157364
    ],
    [
      0.07323525100946426,
      0.9095755219459534,
      0.01718958467245102
    ],
    [
      0.3950910270214081,
      0.3800599277019501,
      0.22484973073005676
    ],
    [
      0.5874565243721008,
      0.3650377690792084,
      0.0475047305226326
    ],
    [
      0.11144459992647171,
      0.2261296808719635,
      0.6624254584312439
    ],
    [
      0.724371075630188,
      0.25397953391075134,
      0.021650178357958794
    ],
    [
      0.5423939228057861,
      0.28459805250167847,
      0.17300844192504883
    ],
    [
      0.10405145585536957,
      0.8312410116195679,
      0.06470780819654465
    ],
    [
      0.5438722372055054,
      0.3860664665699005,
      0.07006137818098068
    ],
    [
      0.2675822675228119,
      0.3911782503128052,
      0.34123992919921875
    ],
    [
      0.11182694882154465,
      0.11635561287403107,
      0.7718173265457153
    ],
    [
      0.7611649036407471,
      0.17385031282901764,
      0.06498491764068604
    ],
    [
      0.7387094497680664,
      0.22279606759548187,
      0.0384945310652256
    ],
    [
      0.6201702356338501,
      0.3068341910839081,
      0.0729956105351448
    ],
    [
      0.7905041575431824,
      0.18879632651805878,
      0.020698875188827515
    ],
    [
      0.33786243200302124,
      0.4540821313858032,
      0.2080555409193039
    ],
    [
      0.6129156351089478,
      0.219978466629982,
      0.16710491478443146
    ],
    [
      0.04368908330798149,
      0.04947245493531227,
      0.9068393111228943
    ],
    [
      0.17045873403549194,
      0.8096692562103271,
      0.019871685653924942
    ],
    [
      0.3846644461154938,
      0.5833628177642822,
      0.0319727323949337
    ],
    [
      0.2995324730873108,
      0.042316559702157974,
      0.6581510901451111
    ],
    [
      0.23413792252540588,
      0.6939834952354431,
      0.07187896966934204
    ],
    [
      0.040024787187576294,
      0.0332452617585659,
      0.9267298579216003
    ],
    [
      0.17589111626148224,
      0.06189452484250069,
      0.7622154355049133
    ],
    [
      0.6562108397483826,
      0.2851131558418274,
      0.05867607146501541
    ],
    [
      0.4339218735694885,
      0.37971407175064087,
      0.18636451661586761
    ],
    [
      0.4725678563117981,
      0.15174949169158936,
      0.3756825029850006
    ],
    [
      0.459331214427948,
      0.05839554965496063,
      0.48227301239967346
    ],
    [
      0.6430104374885559,
      0.32611358165740967,
      0.030875645577907562
    ],
    [
      0.1320856660604477,
      0.830309271812439,
      0.03760392963886261
    ],
    [
      0.30568814277648926,
      0.22125808894634247,
      0.473052978515625
    ],
    [
      0.13978642225265503,
      0.5076580047607422,
      0.3525553047657013
    ],
    [
      0.1793910562992096,
      0.05010111257433891,
      0.7705076336860657
    ],
    [
      0.2549748122692108,
      0.22700583934783936,
      0.5180190801620483
    ],
    [
      0.14929081499576569,
      0.5124998688697815,
      0.33820873498916626
    ],
    [
      0.6367696523666382,
      0.3131963312625885,
      0.050034940242767334
    ],
    [
      0.3293554186820984,
      0.25648075342178345,
      0.41416382789611816
    ],
    [
      0.7096753120422363,
      0.12713369727134705,
      0.16319146752357483
    ],
    [
      0.2839750349521637,
      0.3859480917453766,
      0.3300763666629791
    ],
    [
      0.7958493828773499,
      0.14938855171203613,
      0.054762113839387894
    ],
    [
      0.31100383400917053,
      0.367086261510849,
      0.32190969586372375
    ],
    [
      0.30747050046920776,
      0.44931331276893616,
      0.24321620166301727
    ],
    [
      0.09140145778656006,
      0.05071082338690758,
      0.8578881025314331
    ],
    [
      0.03995570167899132,
      0.18763062357902527,
      0.772413432598114
    ],
    [
      0.329856812953949,
      0.38778653740882874,
      0.28235700726509094
    ],
    [
      0.16975711286067963,
      0.5070017576217651,
      0.3232402503490448
    ],
    [
      0.2815140187740326,
      0.42468512058258057,
      0.29380106925964355
    ]
  ],