{
  "N": 112800,
  "usage": [
    0.36896848678588867,
    0.3292153477668762,
    0.3018161356449127
  ],
  "entropy_mean": 0.7522669434547424,
  "entropy_std": 0.2726169228553772,
  "top1_share": [
    0.39818263053894043,
    0.25250887870788574,
    0.3493085205554962
  ],
  "P_expert_given_class": [
    [
      0.6330288052558899,
      0.30213358998298645,
      0.0648377537727356
    ],
    [
      0.06529350578784943,
      0.9195345044136047,
      0.015171035192906857
    ],
    [
      0.3755098283290863,
      0.37619584798812866,
      0.248293936252594
    ],
    [
      0.5768210291862488,
      0.36661332845687866,
      0.05656532198190689
    ],
    [
      0.13055159151554108,
      0.23850250244140625,
      0.6309456825256348
    ],
    [
      0.7175214290618896,
      0.2559521496295929,
      0.02652614749968052
    ],
    [
      0.4992775619029999,
      0.30370938777923584,
      0.19701269268989563
    ],
    [
      0.12239138036966324,
      0.8019521236419678,
      0.07565612345933914
    ],
    [
      0.5114873647689819,
      0.4055219292640686,
      0.08299078047275543
    ],
    [
      0.26912549138069153,
      0.38363030552864075,
      0.34724390506744385
    ],
    [
      0.11147162318229675,
      0.14107239246368408,
      0.7474571466445923
    ],
    [
      0.7521131038665771,
      0.18152309954166412,
      0.06636323034763336
    ],
    [
      0.7387658953666687,
      0.21946001052856445,
      0.04177343472838402
    ],
    [
      0.6072078943252563,
      0.3127533495426178,
      0.08003883063793182
    ],
    [
      0.7967385649681091,
      0.1811668574810028,
      0.02209497056901455
    ],
    [
      0.35781970620155334,
      0.4254375100135803,
      0.21674299240112305
    ],
    [
      0.5926008820533752,
      0.2252083569765091,
      0.18219032883644104
    ],
    [
      0.042518410831689835,
      0.06515461951494217,
      0.8923275470733643
    ],
    [
      0.1696375161409378,
      0.8100120425224304,
      0.02035125158727169
    ],
    [
      0.37797871232032776,
      0.5847087502479553,
      0.0373130664229393
    ],
    [
      0.311923623085022,
      0.04818235710263252,
      0.6398933529853821
    ],
    [
      0.23631469905376434,
      0.7005266547203064,
      0.06315870583057404
    ],
    [
      0.054378535598516464,
      0.040896225720644,
      0.9047248363494873
    ],
    [
      0.18166786432266235,
      0.06974627077579498,
      0.7485851645469666
    ],
    [
      0.6566815972328186,
      0.2738787829875946,
      0.069438636302948
    ],
    [
      0.4440506100654602,
      0.3640459179878235,
      0.19190309941768646
    ],
    [
      0.4478168189525604,
      0.1625586897134781,
      0.38962435722351074
    ],
    [
      0.43940916657447815,
      0.06937506049871445,
      0.4912157654762268
    ],
    [
      0.6319687366485596,
      0.3330494165420532,
      0.034982696175575256
    ],
    [
      0.16648757457733154,
      0.7910280227661133,
      0.04248465597629547
    ],
    [
      0.2957645356655121,
      0.2449691742658615,
      0.4592665731906891
    ],
    [
      0.14340239763259888,
      0.5125361680984497,
      0.34406131505966187
    ],
    [
      0.15479570627212524,
      0.05877697095274925,
      0.7864275574684143
    ],
    [
      0.251670777797699,
      0.22284749150276184,
      0.5254813432693481
    ],
    [
      0.15387408435344696,
      0.5145714282989502,
      0.33155426383018494
    ],
    [
      0.6443080902099609,
      0.3003767430782318,
      0.05531533062458038
    ],
    [
      0.32071685791015625,
      0.2674018144607544,
      0.4118815064430237
    ],
    [
      0.6899514198303223,
      0.1482827514410019,
      0.16176477074623108
    ],
    [
      0.28071969747543335,
      0.34529930353164673,
      0.37398073077201843
    ],
    [
      0.8036736845970154,
      0.1399771124124527,
      0.05634903535246849
    ],
    [
      0.3221733272075653,
      0.3525145947933197,
      0.325312077999115
    ],
    [
      0.2963774502277374,
      0.44852757453918457,
      0.255094975233078
    ],
    [
      0.09641629457473755,
      0.0738343596458435,
      0.8297486305236816
    ],
    [
      0.05241261422634125,
      0.19358544051647186,
      0.7540014386177063
    ],
    [
      0.3185765743255615,
      0.39065229892730713,
      0.29077041149139404
    ],
    [
      0.18413306772708893,
      0.502611517906189,
      0.3132550120353699
    ],
    [
      0.31399041414260864,
      0.40282583236694336,
      0.28318390250205994
    ]
  ],