{
  "N": 112800,
  "usage": [
    0.3649110794067383,
    0.31828945875167847,
    0.31679946184158325
  ],
  "entropy_mean": 0.7501493692398071,
  "entropy_std": 0.26707130670547485,
  "top1_share": [
    0.3814007043838501,
    0.26879432797431946,
    0.34980496764183044
  ],
  "P_expert_given_class": [
    [
      0.5787890553474426,
      0.32948407530784607,
      0.09172698110342026
    ],
    [
      0.12039830535650253,
      0.8503572344779968,
      0.02924438565969467
    ],
    [
      0.34880876541137695,
      0.37937039136886597,
      0.2718212604522705
    ],
    [
      0.5590108633041382,
      0.3941900432109833,
      0.04679872840642929
    ],
    [
      0.10821875184774399,
      0.21170873939990997,
      0.6800730228424072
    ],
    [
      0.7310770153999329,
      0.2544558644294739,
      0.014466900378465652
    ],
    [
      0.49833476543426514,
      0.3009055256843567,
      0.20076003670692444
    ],
    [
      0.14765997231006622,
      0.7319441437721252,
      0.12039591372013092
    ],
    [
      0.47349750995635986,
      0.41943004727363586,
      0.10707229375839233
    ],
    [
      0.2592371702194214,
      0.36704501509666443,
      0.37371760606765747
    ],
    [
      0.1294359415769577,
      0.08666640520095825,
      0.7838976979255676
    ],
    [
      0.7567060589790344,
      0.14622347056865692,
      0.09706930071115494
    ],
    [
      0.7045325636863708,
      0.24820993840694427,
      0.0472569577395916
    ],
    [
      0.594617486000061,
      0.30601757764816284,
      0.09936504065990448
    ],
    [
      0.8144642114639282,
      0.16870611906051636,
      0.01682952605187893
    ],
    [
      0.3444339632987976,
      0.4102327525615692,
      0.24533362686634064
    ],
    [
      0.5570144653320312,
      0.25670233368873596,
      0.18628326058387756
    ],
    [
      0.03319060429930687,
      0.0342363640666008,
      0.9325737357139587
    ],
    [
      0.22277694940567017,
      0.7525094747543335,
      0.024713559076189995
    ],
    [
      0.4330545961856842,
      0.5285816788673401,
      0.03836357966065407
    ],
    [
      0.3486917316913605,
      0.03136574476957321,
      0.6199426054954529
    ],
    [
      0.2619420886039734,
      0.6624953150749207,
      0.07556360960006714
    ],
    [
      0.025863181799650192,
      0.02339346893131733,
      0.950744092464447
    ],
    [
      0.12133155763149261,
      0.06559643149375916,
      0.8130719661712646
    ],
    [
      0.6026321053504944,
      0.305242657661438,
      0.09212552756071091
    ],
    [
      0.3868181109428406,
      0.38522934913635254,
      0.22795292735099792
    ],
    [
      0.4732285141944885,
      0.15027876198291779,
      0.37649330496788025
    ],
    [
      0.4983290731906891,
      0.049949511885643005,
      0.4517214596271515
    ],
    [
      0.6604979634284973,
      0.3219132721424103,
      0.01758890226483345
    ],
    [
      0.26607581973075867,
      0.6959636807441711,
      0.03796134144067764
    ],
    [
      0.25708460807800293,
      0.22421106696128845,
      0.5187039971351624
    ],
    [
      0.13315074145793915,
      0.5155270099639893,
      0.3513220548629761
    ],
    [
      0.12289802730083466,
      0.047445379197597504,
      0.8296558856964111
    ],
    [
      0.25413286685943604,
      0.22967924177646637,
      0.516187846660614
    ],
    [
      0.1499408781528473,
      0.5505002737045288,
      0.29955941438674927
    ],
    [
      0.6871323585510254,
      0.27080222964286804,
      0.04206494241952896
    ],
    [
      0.30933839082717896,
      0.24394600093364716,
      0.44671571254730225
    ],
    [
      0.6412438154220581,
      0.16141165792942047,
      0.19734467566013336
    ],
    [
      0.21675264835357666,
      0.4266672134399414,
      0.35658007860183716
    ],
    [
      0.7530199289321899,
      0.17971913516521454,
      0.06726118177175522
    ],
    [
      0.3087064027786255,
      0.34233352541923523,
      0.34896010160446167
    ],
    [
      0.2836451232433319,
      0.4741041660308838,
      0.24225100874900818
    ],
    [
      0.10225357115268707,
      0.05991942062973976,
      0.8378269076347351
    ],
    [
      0.04298977553844452,
      0.13004466891288757,
      0.8269655704498291
    ],
    [
      0.31321847438812256,
      0.36649420857429504,
      0.3202868700027466
    ],
    [
      0.1836549937725067,
      0.496291846036911,
      0.320053368806839
    ],
    [
      0.33098673820495605,
      0.372104674577713,
      0.2969084680080414
    ]
  ],