{
  "N": 112800,
  "usage": [
    0.36593958735466003,
    0.33188942074775696,
    0.3021710216999054
  ],
  "entropy_mean": 0.8194050788879395,
  "entropy_std": 0.234843909740448,
  "top1_share": [
    0.3816489279270172,
    0.30575355887413025,
    0.31259751319885254
  ],
  "P_expert_given_class": [
    [
      0.4667244851589203,
      0.36816099286079407,
      0.16511452198028564
    ],
    [
      0.2895391285419464,
      0.6533427834510803,
      0.057118382304906845
    ],
    [
      0.38550877571105957,
      0.4210215210914612,
      0.19346976280212402
    ],
    [
      0.5446473956108093,
      0.3919322192668915,
      0.06342014670372009
    ],
    [
      0.15323668718338013,
      0.27327439188957214,
      0.5734895467758179
    ],
    [
      0.669704258441925,
      0.29792678356170654,
      0.032369088381528854
    ],
    [
      0.454831600189209,
      0.3216853439807892,
      0.22348342835903168
    ],
    [
      0.21437525749206543,
      0.6634600162506104,
      0.12216445803642273
    ],
    [
      0.4691407382488251,
      0.3999629318714142,
      0.13089631497859955
    ],
    [
      0.3221207559108734,
      0.4413149654865265,
      0.23656491935253143
    ],
    [
      0.15328966081142426,
      0.11016743630170822,
      0.7365424036979675
    ],
    [
      0.6003856658935547,
      0.24555274844169617,
      0.15406109392642975
    ],
    [
      0.6960530877113342,
      0.23423215746879578,
      0.06971438229084015
    ],
    [
      0.4388437271118164,
      0.39707425236701965,
      0.16408148407936096
    ],
    [
      0.7638426423072815,
      0.1920846849679947,
      0.04407361149787903
    ],
    [
      0.44635245203971863,
      0.3751896023750305,
      0.17845748364925385
    ],
    [
      0.5396820306777954,
      0.31802505254745483,
      0.1422932744026184
    ],
    [
      0.06625808030366898,
      0.07711820304393768,
      0.8566240668296814
    ],
    [
      0.3527534306049347,
      0.5966036319732666,
      0.05064281448721886
    ],
    [
      0.407450407743454,
      0.5278708934783936,
      0.06467806547880173
    ],
    [
      0.33010461926460266,
      0.09177517890930176,
      0.5781203508377075
    ],
    [
      0.3845307528972626,
      0.5331008434295654,
      0.08236788213253021
    ],
    [
      0.08379378169775009,
      0.06508554518222809,
      0.8511217832565308
    ],
    [
      0.115546315908432,
      0.08588698506355286,
      0.7985668182373047
    ],
    [
      0.5002025365829468,
      0.34350353479385376,
      0.15629439055919647
    ],
    [
      0.315173476934433,
      0.2802450656890869,
      0.4045816957950592
    ],
    [
      0.39235633611679077,
      0.3111989200115204,
      0.29644423723220825
    ],
    [
      0.36355912685394287,
      0.1653245985507965,
      0.4711162745952606
    ],
    [
      0.6488274931907654,
      0.31878113746643066,
      0.032392073422670364
    ],
    [
      0.28959891200065613,
      0.6503864526748657,
      0.060014285147190094
    ],
    [
      0.19363164901733398,
      0.2934950292110443,
      0.5128735899925232
    ],
    [
      0.11199253052473068,
      0.5617257952690125,
      0.3262813091278076
    ],
    [
      0.15310229361057281,
      0.10663580149412155,
      0.7402620315551758
    ],
    [
      0.30749988555908203,
      0.19804398715496063,
      0.49445703625679016
    ],
    [
      0.17121197283267975,
      0.5763281583786011,
      0.25245898962020874
    ],
    [
      0.5535483360290527,
      0.3464949131011963,
      0.09995610266923904
    ],
    [
      0.3304440379142761,
      0.27579471468925476,
      0.39376160502433777
    ],
    [
      0.5379840731620789,
      0.17830350995063782,
      0.28371214866638184
    ],
    [
      0.25933974981307983,
      0.4888414442539215,
      0.25181910395622253
    ],
    [
      0.6877472400665283,
      0.202006995677948,
      0.11024651676416397
    ],
    [
      0.41373276710510254,
      0.3828962445259094,
      0.2033708542585373
    ],
    [
      0.3589351177215576,
      0.43032288551330566,
      0.2107420712709427
    ],
    [
      0.16860248148441315,
      0.08803123235702515,
      0.7433666586875916
    ],
    [
      0.09490711987018585,
      0.16417405009269714,
      0.7409189343452454
    ],
    [
      0.3421063721179962,
      0.40344637632369995,
      0.2544470727443695
    ],
    [
      0.24877148866653442,
      0.3809340298175812,
      0.3702947795391083
    ],
    [
      0.407168447971344,
      0.37003767490386963,
      0.22279372811317444
    ]
  ],