{
  "N": 112800,
  "usage": [
    0.33419981598854065,
    0.1357153207063675,
    0.5300848484039307
  ],
  "entropy_mean": 0.6812370419502258,
  "entropy_std": 0.30324438214302063,
  "top1_share": [
    0.33548757433891296,
    0.010549644939601421,
    0.6539627909660339
  ],
  "P_expert_given_class": [
    [
      0.5908971428871155,
      0.09966149926185608,
      0.3094414174556732
    ],
    [
      0.8629360795021057,
      0.030394162982702255,
      0.10667068511247635
    ],
    [
      0.25160351395606995,
      0.19132781028747559,
      0.5570686459541321
    ],
    [
      0.18900229036808014,
      0.2334710657596588,
      0.5775272846221924
    ],
    [
      0.4281807541847229,
      0.12312924861907959,
      0.44868993759155273
    ],
    [
      0.08783427625894547,
      0.13529406487941742,
      0.776871919631958
    ],
    [
      0.5161996483802795,
      0.2035529911518097,
      0.2802475094795227
    ],
    [
      0.08817943930625916,
      0.07140448689460754,
      0.8404150605201721
    ],
    [
      0.19181877374649048,
      0.2621987462043762,
      0.5459825396537781
    ],
    [
      0.16871361434459686,
      0.23147445917129517,
      0.599812924861908
    ],
    [
      0.16542422771453857,
      0.2026115208864212,
      0.6319646239280701
    ],
    [
      0.20846697688102722,
      0.26165467500686646,
      0.5298787951469421
    ],
    [
      0.22095248103141785,
      0.1484416127204895,
      0.6306063532829285
    ],
    [
      0.5362988114356995,
      0.11005418002605438,
      0.35364726185798645
    ],
    [
      0.04673781618475914,
      0.08220871537923813,
      0.8710530400276184
    ],
    [
      0.06209619343280792,
      0.10209277272224426,
      0.8358108997344971
    ],
    [
      0.19094473123550415,
      0.22738367319107056,
      0.5816720128059387
    ],
    [
      0.2189681977033615,
      0.09481916576623917,
      0.6862122416496277
    ],
    [
      0.7381832599639893,
      0.040701497346162796,
      0.22111526131629944
    ],
    [
      0.41262462735176086,
      0.07521775364875793,
      0.5121586322784424
    ],
    [
      0.19461549818515778,
      0.1929435282945633,
      0.612441897392273
    ],
    [
      0.7562723159790039,
      0.05073055624961853,
      0.19299724698066711
    ],
    [
      0.2100270688533783,
      0.08863353729248047,
      0.7013391256332397
    ],
    [
      0.6566326022148132,
      0.08482050895690918,
      0.2585468590259552
    ],
    [
      0.5499623417854309,
      0.1018691211938858,
      0.3481694757938385
    ],
    [
      0.09960100799798965,
      0.1664222925901413,
      0.7339777946472168
    ],
    [
      0.3840934634208679,
      0.18894442915916443,
      0.4269625246524811
    ],
    [
      0.10821039974689484,
      0.20176653563976288,
      0.6900226473808289
    ],
    [
      0.12696795165538788,
      0.13855375349521637,
      0.734477162361145
    ],
    [
      0.03498939052224159,
      0.04315091297030449,
      0.9218606352806091
    ],
    [
      0.8146685361862183,
      0.05854305997490883,
      0.12678752839565277
    ],
    [
      0.8439436554908752,
      0.03850828856229782,
      0.1175476685166359
    ],
    [
      0.775916576385498,
      0.06394768506288528,
      0.16013608872890472
    ],
    [
      0.294230580329895,
      0.17537687718868256,
      0.530392587184906
    ],
    [
      0.7058130502700806,
      0.06292098760604858,
      0.23126649856567383
    ],
    [
      0.09278100728988647,
      0.10510920733213425,
      0.8021095395088196
    ],
    [
      0.40211978554725647,
      0.17922088503837585,
      0.4186597764492035
    ],
    [
      0.520695686340332,
      0.20242410898208618,
      0.27688002586364746
    ],
    [
      0.6227342486381531,
      0.15586265921592712,
      0.22140337526798248
    ],
    [
      0.08831492066383362,
      0.16264355182647705,
      0.7490418553352356
    ],
    [
      0.07069239765405655,
      0.11949384957551956,
      0.8098158836364746
    ],
    [
      0.24713414907455444,
      0.22837600111961365,
      0.5244900584220886
    ],
    [
      0.20356453955173492,
      0.11096443235874176,
      0.6854705214500427
    ],
    [
      0.21810534596443176,
      0.07915595173835754,
      0.7027372121810913
    ],
    [
      0.210744246840477,
      0.23411178588867188,
      0.5551435351371765
    ],
    [
      0.13255192339420319,
      0.08661315590143204,
      0.7808356881141663
    ],
    [
      0.16594739258289337,
      0.13041815161705017,
      0.70363450050354
    ]
  ],