{
  "N": 112800,
  "usage": [
    0.26489970088005066,
    0.3536946177482605,
    0.38140565156936646
  ],
  "entropy_mean": 0.7516486644744873,
  "entropy_std": 0.2204679250717163,
  "top1_share": [
    0.23472517728805542,
    0.4261702001094818,
    0.33910462260246277
  ],
  "P_expert_given_class": [
    [
      0.6623340845108032,
      0.113457091152668,
      0.2242082953453064
    ],
    [
      0.8269010782241821,
      0.05756928771734238,
      0.11552965641021729
    ],
    [
      0.11378537863492966,
      0.4908689856529236,
      0.39534592628479004
    ],
    [
      0.033817414194345474,
      0.7066835761070251,
      0.2594987750053406
    ],
    [
      0.16823460161685944,
      0.646393358707428,
      0.1853724867105484
    ],
    [
      0.041143033653497696,
      0.40672239661216736,
      0.5521347522735596
    ],
    [
      0.20049451291561127,
      0.679715096950531,
      0.11978984624147415
    ],
    [
      0.14897038042545319,
      0.13837766647338867,
      0.7126521468162537
    ],
    [
      0.06758560985326767,
      0.7180635929107666,
      0.21435010433197021
    ],
    [
      0.11839841306209564,
      0.621338963508606,
      0.26026198267936707
    ],
    [
      0.13039952516555786,
      0.5564716458320618,
      0.313129186630249
    ],
    [
      0.11100798100233078,
      0.7241166234016418,
      0.16487544775009155
    ],
    [
      0.2454288750886917,
      0.16886837780475616,
      0.5857023000717163
    ],
    [
      0.5560702085494995,
      0.11936549842357635,
      0.3245643079280853
    ],
    [
      0.007705774158239365,
      0.16224128007888794,
      0.8300524353981018
    ],
    [
      0.03502671793103218,
      0.3650316894054413,
      0.5999425053596497
    ],
    [
      0.11395173519849777,
      0.6530057191848755,
      0.2330424189567566
    ],
    [
      0.13533224165439606,
      0.35816502571105957,
      0.5065023899078369
    ],
    [
      0.69306880235672,
      0.05420701950788498,
      0.2527237832546234
    ],
    [
      0.31902649998664856,
      0.12906746566295624,
      0.5519060492515564
    ],
    [
      0.087490513920784,
      0.4731561243534088,
      0.4393531382083893
    ],
    [
      0.724103569984436,
      0.10990702360868454,
      0.1659899353981018
    ],
    [
      0.19388003647327423,
      0.061136920005083084,
      0.7449834942817688
    ],
    [
      0.6598184108734131,
      0.12121803313493729,
      0.218963161110878
    ],
    [
      0.6086027026176453,
      0.1082405373454094,
      0.28315678238868713
    ],
    [
      0.1765451580286026,
      0.462471604347229,
      0.36098212003707886
    ],
    [
      0.35289397835731506,
      0.5225967764854431,
      0.12450966984033585
    ],
    [
      0.10095250606536865,
      0.5354971289634705,
      0.36354947090148926
    ],
    [
      0.04653505980968475,
      0.32507070899009705,
      0.6283946633338928
    ],
    [
      0.019564252346754074,
      0.03743651881814003,
      0.9430001974105835
    ],
    [
      0.7056691646575928,
      0.20734044909477234,
      0.08699097484350204
    ],
    [
      0.8180960416793823,
      0.06968803703784943,
      0.1122155487537384
    ],
    [
      0.7463518381118774,
      0.09344044327735901,
      0.16020792722702026
    ],
    [
      0.08563415706157684,
      0.5747429132461548,
      0.33962276577949524
    ],
    [
      0.37118813395500183,
      0.448058158159256,
      0.18075421452522278
    ],
    [
      0.033857423812150955,
      0.1951814740896225,
      0.7709606885910034
    ],
    [
      0.2291993945837021,
      0.5208643078804016,
      0.24993637204170227
    ],
    [
      0.373809814453125,
      0.4707328677177429,
      0.15545828640460968
    ],
    [
      0.35162878036499023,
      0.5611172318458557,
      0.08725418150424957
    ],
    [
      0.05363963544368744,
      0.32722628116607666,
      0.6191345453262329
    ],
    [
      0.044061899185180664,
      0.4799395203590393,
      0.475998193025589
    ],
    [
      0.17048683762550354,
      0.6027008295059204,
      0.22681178152561188
    ],
    [
      0.14834295213222504,
      0.3087233603000641,
      0.5429334044456482
    ],
    [
      0.23254264891147614,
      0.04507693648338318,
      0.7223799824714661
    ],
    [
      0.14345528185367584,
      0.6225505471229553,
      0.2339940369129181
    ],
    [
      0.18398816883563995,
      0.07410303503274918,
      0.7419094443321228
    ],
    [
      0.05926429107785225,
      0.39569881558418274,
      0.5450366735458374
    ]
  ],