{
  "N": 112800,
  "usage": [
    0.29279282689094543,
    0.3575344681739807,
    0.34967270493507385
  ],
  "entropy_mean": 0.7112696170806885,
  "entropy_std": 0.24684685468673706,
  "top1_share": [
    0.25527483224868774,
    0.43188831210136414,
    0.3128368854522705
  ],
  "P_expert_given_class": [
    [
      0.6752461194992065,
      0.10694493353366852,
      0.2178085893392563
    ],
    [
      0.8921441435813904,
      0.04381202533841133,
      0.06404456496238708
    ],
    [
      0.15756452083587646,
      0.4806097447872162,
      0.3618260324001312
    ],
    [
      0.020648229867219925,
      0.8099088072776794,
      0.16944144666194916
    ],
    [
      0.24837379157543182,
      0.5973750352859497,
      0.1542513221502304
    ],
    [
      0.0508679524064064,
      0.4806159436702728,
      0.46851566433906555
    ],
    [
      0.2852620780467987,
      0.6436585783958435,
      0.07107897847890854
    ],
    [
      0.17688044905662537,
      0.10185851901769638,
      0.7212612628936768
    ],
    [
      0.04744318872690201,
      0.7624468207359314,
      0.19010962545871735
    ],
    [
      0.11046402901411057,
      0.5987806916236877,
      0.2907552123069763
    ],
    [
      0.12513968348503113,
      0.6020240783691406,
      0.2728358507156372
    ],
    [
      0.07477091252803802,
      0.8022725582122803,
      0.12295664101839066
    ],
    [
      0.3078244626522064,
      0.10410325229167938,
      0.5880709886550903
    ],
    [
      0.5839735865592957,
      0.12050259858369827,
      0.29552364349365234
    ],
    [
      0.0069071222096681595,
      0.1342857927083969,
      0.8588078022003174
    ],
    [
      0.055010173469781876,
      0.3324621617794037,
      0.6125284433364868
    ],
    [
      0.11117833107709885,
      0.6775129437446594,
      0.21130943298339844
    ],
    [
      0.23784217238426208,
      0.32489725947380066,
      0.43726083636283875
    ],
    [
      0.7560248374938965,
      0.042275622487068176,
      0.20169977843761444
    ],
    [
      0.3283562660217285,
      0.11974415928125381,
      0.5519000887870789
    ],
    [
      0.06673188507556915,
      0.453183650970459,
      0.480084627866745
    ],
    [
      0.8194752931594849,
      0.08390110731124878,
      0.09662280976772308
    ],
    [
      0.16714680194854736,
      0.05376669019460678,
      0.7790867686271667
    ],
    [
      0.7846809029579163,
      0.07741990685462952,
      0.1378990262746811
    ],
    [
      0.655100405216217,
      0.10355662554502487,
      0.241342693567276
    ],
    [
      0.25891849398612976,
      0.49278056621551514,
      0.24830101430416107
    ],
    [
      0.4048731029033661,
      0.5249245166778564,
      0.07020355015993118
    ],
    [
      0.08346789330244064,
      0.6385011672973633,
      0.2780310809612274
    ],
    [
      0.07231037318706512,
      0.4029211699962616,
      0.524768590927124
    ],
    [
      0.02399076707661152,
      0.03703394532203674,
      0.9389756321907043
    ],
    [
      0.7496625185012817,
      0.18637071549892426,
      0.0639658272266388
    ],
    [
      0.8875176906585693,
      0.06137768551707268,
      0.051104236394166946
    ],
    [
      0.8063245415687561,
      0.09800755232572556,
      0.09566701203584671
    ],
    [
      0.08518124371767044,
      0.5471579432487488,
      0.36766037344932556
    ],
    [
      0.3977498710155487,
      0.43102291226387024,
      0.17122752964496613
    ],
    [
      0.03871209919452667,
      0.16616998612880707,
      0.7951169610023499
    ],
    [
      0.26305878162384033,
      0.5112414956092834,
      0.22569991648197174
    ],
    [
      0.4322809875011444,
      0.48813390731811523,
      0.0795847550034523
    ],
    [
      0.38494205474853516,
      0.5603013634681702,
      0.054756198078393936
    ],
    [
      0.07899101823568344,
      0.38292229175567627,
      0.5380860567092896
    ],
    [
      0.0738459974527359,
      0.46162134408950806,
      0.4645324647426605
    ],
    [
      0.17505843937397003,
      0.6068826913833618,
      0.21805915236473083
    ],
    [
      0.1476680189371109,
      0.3487452566623688,
      0.5035862326622009
    ],
    [
      0.2071334570646286,
      0.06335362792015076,
      0.729513943195343
    ],
    [
      0.13651210069656372,
      0.6284158825874329,
      0.23507244884967804
    ],
    [
      0.23799197375774384,
      0.07323181629180908,
      0.6887755393981934
    ],
    [
      0.07001377642154694,
      0.43508070707321167,
      0.49490609765052795
    ]
  ],