{
  "N": 112800,
  "usage": [
    0.2796477675437927,
    0.3539792597293854,
    0.3663729727268219
  ],
  "entropy_mean": 0.740696132183075,
  "entropy_std": 0.23018401861190796,
  "top1_share": [
    0.2429964542388916,
    0.42856383323669434,
    0.32843971252441406
  ],
  "P_expert_given_class": [
    [
      0.6665328741073608,
      0.09938827157020569,
      0.2340787947177887
    ],
    [
      0.8578384518623352,
      0.04784947261214256,
      0.09431151300668716
    ],
    [
      0.1316075325012207,
      0.4755162000656128,
      0.3928754925727844
    ],
    [
      0.02954339049756527,
      0.7516584992408752,
      0.2187989354133606
    ],
    [
      0.20862999558448792,
      0.6250466108322144,
      0.16632333397865295
    ],
    [
      0.054228946566581726,
      0.43669259548187256,
      0.509077787399292
    ],
    [
      0.22790229320526123,
      0.6742752194404602,
      0.09782148152589798
    ],
    [
      0.1440638303756714,
      0.12913168966770172,
      0.7268047332763672
    ],
    [
      0.05747582018375397,
      0.7418155074119568,
      0.20070777833461761
    ],
    [
      0.12480467557907104,
      0.6357967853546143,
      0.23939844965934753
    ],
    [
      0.1466260552406311,
      0.5830850005149841,
      0.2702890634536743
    ],
    [
      0.08482205122709274,
      0.7718003392219543,
      0.14337746798992157
    ],
    [
      0.28914859890937805,
      0.1370546817779541,
      0.5737968683242798
    ],
    [
      0.5396273136138916,
      0.11425156891345978,
      0.34612032771110535
    ],
    [
      0.009655642323195934,
      0.1541973352432251,
      0.8361465930938721
    ],
    [
      0.05044504255056381,
      0.3535987436771393,
      0.5959557890892029
    ],
    [
      0.11345086246728897,
      0.6620758175849915,
      0.2244730442762375
    ],
    [
      0.18665575981140137,
      0.3560669720172882,
      0.45727774500846863
    ],
    [
      0.7298216819763184,
      0.046935878694057465,
      0.2232426404953003
    ],
    [
      0.32176652550697327,
      0.11878570914268494,
      0.5594473481178284
    ],
    [
      0.076132632791996,
      0.507169783115387,
      0.4166974723339081
    ],
    [
      0.7682563066482544,
      0.09211651235818863,
      0.1396269053220749
    ],
    [
      0.20704331994056702,
      0.05312749370932579,
      0.7398295998573303
    ],
    [
      0.6983241438865662,
      0.10119964182376862,
      0.20047666132450104
    ],
    [
      0.62269127368927,
      0.09269054979085922,
      0.2846193015575409
    ],
    [
      0.21139341592788696,
      0.47441649436950684,
      0.3141900300979614
    ],
    [
      0.3692691922187805,
      0.5165266990661621,
      0.11420421302318573
    ],
    [
      0.10459649562835693,
      0.5896930694580078,
      0.3057106137275696
    ],
    [
      0.0660761296749115,
      0.34860968589782715,
      0.5853144526481628
    ],
    [
      0.01804882474243641,
      0.039740920066833496,
      0.9422101974487305
    ],
    [
      0.7422010898590088,
      0.17786486446857452,
      0.07993294298648834
    ],
    [
      0.8445730209350586,
      0.06465265154838562,
      0.09077372401952744
    ],
    [
      0.7741215825080872,
      0.08180674910545349,
      0.1440712958574295
    ],
    [
      0.07867460697889328,
      0.5738449692726135,
      0.3474801480770111
    ],
    [
      0.36649879813194275,
      0.4471414089202881,
      0.18635979294776917
    ],
    [
      0.036251939833164215,
      0.18293343484401703,
      0.7808160185813904
    ],
    [
      0.24618084728717804,
      0.501528799533844,
      0.2522900104522705
    ],
    [
      0.4064502716064453,
      0.46854695677757263,
      0.12500308454036713
    ],
    [
      0.3815973103046417,
      0.537514328956604,
      0.08088799566030502
    ],
    [
      0.07275376468896866,
      0.3279464840888977,
      0.5992998480796814
    ],
    [
      0.065587118268013,
      0.4703645706176758,
      0.464048832654953
    ],
    [
      0.18088430166244507,
      0.6034262776374817,
      0.2156895399093628
    ],
    [
      0.14455461502075195,
      0.32192397117614746,
      0.5335211753845215
    ],
    [
      0.23982538282871246,
      0.04386509954929352,
      0.7163084745407104
    ],
    [
      0.14966240525245667,
      0.6321519017219543,
      0.21818570792675018
    ],
    [
      0.2244042456150055,
      0.07052534818649292,
      0.705069899559021
    ],
    [
      0.07274167239665985,
      0.4006730020046234,
      0.5265856385231018
    ]
  ],