{
  "N": 112800,
  "usage": [
    0.2958582043647766,
    0.35543549060821533,
    0.34870633482933044
  ],
  "entropy_mean": 0.7069311141967773,
  "entropy_std": 0.2508241832256317,
  "top1_share": [
    0.2571631073951721,
    0.4317198693752289,
    0.311117023229599
  ],
  "P_expert_given_class": [
    [
      0.690222978591919,
      0.09525777399539948,
      0.21451972424983978
    ],
    [
      0.8922601342201233,
      0.04244627803564072,
      0.06529311835765839
    ],
    [
      0.16191212832927704,
      0.5008413791656494,
      0.33724597096443176
    ],
    [
      0.023624056950211525,
      0.8144327402114868,
      0.16194264590740204
    ],
    [
      0.23623408377170563,
      0.6148156523704529,
      0.14894963800907135
    ],
    [
      0.051089610904455185,
      0.46196091175079346,
      0.48694971203804016
    ],
    [
      0.2930666506290436,
      0.6179249286651611,
      0.08900794386863708
    ],
    [
      0.19585615396499634,
      0.10160897672176361,
      0.7025356292724609
    ],
    [
      0.04270676523447037,
      0.764298677444458,
      0.19299450516700745
    ],
    [
      0.10867050290107727,
      0.5961755514144897,
      0.29515379667282104
    ],
    [
      0.12434354424476624,
      0.6122778654098511,
      0.2633782923221588
    ],
    [
      0.07475321739912033,
      0.8091839551925659,
      0.1160627081990242
    ],
    [
      0.30772584676742554,
      0.10757137089967728,
      0.5847033858299255
    ],
    [
      0.603864312171936,
      0.10888488590717316,
      0.28725069761276245
    ],
    [
      0.007687288802117109,
      0.13194264471530914,
      0.860369861125946
    ],
    [
      0.05083869770169258,
      0.32882505655288696,
      0.6203362941741943
    ],
    [
      0.10849902778863907,
      0.6812621355056763,
      0.21023862063884735
    ],
    [
      0.2587147057056427,
      0.2947693169116974,
      0.446515291929245
    ],
    [
      0.7561256885528564,
      0.04103735461831093,
      0.2028375118970871
    ],
    [
      0.33125320076942444,
      0.11823330074548721,
      0.550513744354248
    ],
    [
      0.06773894280195236,
      0.45642268657684326,
      0.4758382737636566
    ],
    [
      0.818247377872467,
      0.0810951218008995,
      0.10065829008817673
    ],
    [
      0.17694517970085144,
      0.04828118160367012,
      0.7747737169265747
    ],
    [
      0.7915083765983582,
      0.06366536766290665,
      0.14482596516609192
    ],
    [
      0.6737605333328247,
      0.08930899947881699,
      0.2369297295808792
    ],
    [
      0.2685679495334625,
      0.4774649441242218,
      0.2539670169353485
    ],
    [
      0.39411213994026184,
      0.529186487197876,
      0.07670126110315323
    ],
    [
      0.07364922761917114,
      0.6581777334213257,
      0.26817381381988525
    ],
    [
      0.07510054111480713,
      0.3896300792694092,
      0.5352691411972046
    ],
    [
      0.020818961784243584,
      0.034124962985515594,
      0.9450563788414001
    ],
    [
      0.7601550221443176,
      0.17473918199539185,
      0.06510517746210098
    ],
    [
      0.8906115889549255,
      0.05690935254096985,
      0.05247774347662926
    ],
    [
      0.8131347894668579,
      0.0872783437371254,
      0.09958650916814804
    ],
    [
      0.09827560931444168,
      0.5438942909240723,
      0.35783058404922485
    ],
    [
      0.3825705349445343,
      0.45011231303215027,
      0.1673172563314438
    ],
    [
      0.038619931787252426,
      0.1715480089187622,
      0.789831280708313
    ],
    [
      0.2774713933467865,
      0.5156184434890747,
      0.2069094181060791
    ],
    [
      0.42749670147895813,
      0.4899415969848633,
      0.08256186544895172
    ],
    [
      0.4036900997161865,
      0.5419018864631653,
      0.054408397525548935
    ],
    [
      0.09008751809597015,
      0.4075709283351898,
      0.502341628074646
    ],
    [
      0.0677664652466774,
      0.46268802881240845,
      0.4695453345775604
    ],
    [
      0.16727425158023834,
      0.6181750893592834,
      0.21455062925815582
    ],
    [
      0.15935203433036804,
      0.31540241837501526,
      0.5252454280853271
    ],
    [
      0.2119232565164566,
      0.05937856808304787,
      0.7286983132362366
    ],
    [
      0.1286073625087738,
      0.6371515393257141,
      0.23424144089221954
    ],
    [
      0.23879627883434296,
      0.06542298942804337,
      0.6957811117172241
    ],
    [
      0.06960591673851013,
      0.43662354350090027,
      0.49377068877220154
    ]
  ],