{
  "N": 112800,
  "usage": [
    0.27001363039016724,
    0.35943976044654846,
    0.3705466091632843
  ],
  "entropy_mean": 0.7421990036964417,
  "entropy_std": 0.226481631398201,
  "top1_share": [
    0.23566488921642303,
    0.4364095628261566,
    0.32792553305625916
  ],
  "P_expert_given_class": [
    [
      0.660544216632843,
      0.10655052214860916,
      0.2329053282737732
    ],
    [
      0.8507260680198669,
      0.055010922253131866,
      0.09426267445087433
    ],
    [
      0.1196744441986084,
      0.4891611635684967,
      0.391165167093277
    ],
    [
      0.03168442100286484,
      0.7522603869438171,
      0.21605585515499115
    ],
    [
      0.1885404884815216,
      0.6377575397491455,
      0.17370150983333588
    ],
    [
      0.04668157175183296,
      0.4300864040851593,
      0.5232325792312622
    ],
    [
      0.20461855828762054,
      0.6867719292640686,
      0.1086091473698616
    ],
    [
      0.12871816754341125,
      0.13673123717308044,
      0.7345511317253113
    ],
    [
      0.05925387516617775,
      0.7282205820083618,
      0.21252593398094177
    ],
    [
      0.11707588285207748,
      0.6400696039199829,
      0.24285434186458588
    ],
    [
      0.13455067574977875,
      0.5783965587615967,
      0.28705310821533203
    ],
    [
      0.08921439200639725,
      0.7521572709083557,
      0.15862751007080078
    ],
    [
      0.27046021819114685,
      0.15622490644454956,
      0.5733146667480469
    ],
    [
      0.5443968176841736,
      0.11201128363609314,
      0.3435910940170288
    ],
    [
      0.008364337496459484,
      0.15874147415161133,
      0.8328940868377686
    ],
    [
      0.04076273739337921,
      0.3673190176486969,
      0.5919181704521179
    ],
    [
      0.1139887273311615,
      0.6615232229232788,
      0.2244890332221985
    ],
    [
      0.15713609755039215,
      0.3631465435028076,
      0.4797176718711853
    ],
    [
      0.7177936434745789,
      0.05211764946579933,
      0.23008914291858673
    ],
    [
      0.3251669704914093,
      0.12771201133728027,
      0.5471212863922119
    ],
    [
      0.07984431087970734,
      0.5104862451553345,
      0.409668892621994
    ],
    [
      0.7531934976577759,
      0.10464265942573547,
      0.14216402173042297
    ],
    [
      0.20416437089443207,
      0.05881848186254501,
      0.737018346786499
    ],
    [
      0.6683142781257629,
      0.11795859038829803,
      0.21372787654399872
    ],
    [
      0.6140519380569458,
      0.10233470797538757,
      0.28361284732818604
    ],
    [
      0.17952758073806763,
      0.48214197158813477,
      0.33832991123199463
    ],
    [
      0.3511672914028168,
      0.523453414440155,
      0.12537938356399536
    ],
    [
      0.10014913231134415,
      0.5686838030815125,
      0.33116698265075684
    ],
    [
      0.052897777408361435,
      0.3465152680873871,
      0.6005855798721313
    ],
    [
      0.017049837857484818,
      0.04022257775068283,
      0.9427281618118286
    ],
    [
      0.7258223295211792,
      0.19191624224185944,
      0.08226069062948227
    ],
    [
      0.8396762013435364,
      0.06755902618169785,
      0.09276466816663742
    ],
    [
      0.7611902356147766,
      0.08822748810052872,
      0.150582417845726
    ],
    [
      0.07715635746717453,
      0.5943698883056641,
      0.32847338914871216
    ],
    [
      0.3693210184574127,
      0.4552542567253113,
      0.17542453110218048
    ],
    [
      0.034038107842206955,
      0.1856798380613327,
      0.7802819013595581
    ],
    [
      0.2334471344947815,
      0.511221170425415,
      0.25533241033554077
    ],
    [
      0.3754551410675049,
      0.48085230588912964,
      0.14369246363639832
    ],
    [
      0.3604688048362732,
      0.5562106370925903,
      0.08332068473100662
    ],
    [
      0.06682425737380981,
      0.3279486894607544,
      0.6052265167236328
    ],
    [
      0.051767248660326004,
      0.4860975742340088,
      0.4621352553367615
    ],
    [
      0.17104977369308472,
      0.6142687201499939,
      0.21468184888362885
    ],
    [
      0.1494760662317276,
      0.32121461629867554,
      0.5293102264404297
    ],
    [
      0.23321133852005005,
      0.04319902881979942,
      0.7235898375511169
    ],
    [
      0.14246207475662231,
      0.636134147644043,
      0.2214031219482422
    ],
    [
      0.2056443840265274,
      0.07506498694419861,
      0.7192906737327576
    ],
    [
      0.06391794234514236,
      0.4112227261066437,
      0.5248591899871826
    ]
  ],