{
  "N": 112800,
  "usage": [
    0.29288920760154724,
    0.3524336516857147,
    0.35467711091041565
  ],
  "entropy_mean": 0.6921103000640869,
  "entropy_std": 0.25244978070259094,
  "top1_share": [
    0.2562943398952484,
    0.4253634810447693,
    0.3183422088623047
  ],
  "P_expert_given_class": [
    [
      0.695252001285553,
      0.09122078120708466,
      0.21352656185626984
    ],
    [
      0.8896120190620422,
      0.042154863476753235,
      0.0682322159409523
    ],
    [
      0.16508589684963226,
      0.49011489748954773,
      0.34479838609695435
    ],
    [
      0.0206435639411211,
      0.808558464050293,
      0.17079831659793854
    ],
    [
      0.23896212875843048,
      0.6122496724128723,
      0.1487881988286972
    ],
    [
      0.03997461497783661,
      0.452200710773468,
      0.5078251361846924
    ],
    [
      0.30316200852394104,
      0.6173004508018494,
      0.07953763008117676
    ],
    [
      0.17786426842212677,
      0.10385385155677795,
      0.718282163143158
    ],
    [
      0.04466275870800018,
      0.7696627378463745,
      0.18567410111427307
    ],
    [
      0.10349991172552109,
      0.605730414390564,
      0.29076990485191345
    ],
    [
      0.11317601799964905,
      0.6175605058670044,
      0.2692636549472809
    ],
    [
      0.07431349158287048,
      0.8083083033561707,
      0.117377869784832
    ],
    [
      0.3159613013267517,
      0.09642061591148376,
      0.5876179337501526
    ],
    [
      0.6194974184036255,
      0.1007341668009758,
      0.2797676622867584
    ],
    [
      0.0075211296789348125,
      0.10488677024841309,
      0.8875913619995117
    ],
    [
      0.046139705926179886,
      0.3046451508998871,
      0.6492148041725159
    ],
    [
      0.11230765283107758,
      0.6899644136428833,
      0.1977274864912033
    ],
    [
      0.24478454887866974,
      0.2744542360305786,
      0.48076140880584717
    ],
    [
      0.7493816614151001,
      0.041935861110687256,
      0.20868249237537384
    ],
    [
      0.3315475881099701,
      0.11142086237668991,
      0.5570318698883057
    ],
    [
      0.0712726041674614,
      0.4753389358520508,
      0.4533885717391968
    ],
    [
      0.8240278959274292,
      0.07752833515405655,
      0.09844347834587097
    ],
    [
      0.15553897619247437,
      0.03850030526518822,
      0.8059601187705994
    ],
    [
      0.7927674055099487,
      0.050860460847616196,
      0.1563725471496582
    ],
    [
      0.6839490532875061,
      0.08883865922689438,
      0.22721265256404877
    ],
    [
      0.26820632815361023,
      0.4598122239112854,
      0.271981418132782
    ],
    [
      0.3982504904270172,
      0.5301186442375183,
      0.07163072377443314
    ],
    [
      0.0707244798541069,
      0.6666854619979858,
      0.2625897526741028
    ],
    [
      0.06250626593828201,
      0.3939876854419708,
      0.5435070991516113
    ],
    [
      0.020423725247383118,
      0.033688802272081375,
      0.9458878636360168
    ],
    [
      0.7620095014572144,
      0.17032261192798615,
      0.06766874343156815
    ],
    [
      0.8903040289878845,
      0.052370212972164154,
      0.057325419038534164
    ],
    [
      0.8038596510887146,
      0.07952544838190079,
      0.11661463230848312
    ],
    [
      0.09806948155164719,
      0.5763792991638184,
      0.3255513906478882
    ],
    [
      0.38336479663848877,
      0.4533733129501343,
      0.16326148808002472
    ],
    [
      0.03520691394805908,
      0.15786530077457428,
      0.806927502155304
    ],
    [
      0.2776620090007782,
      0.5154426097869873,
      0.20689600706100464
    ],
    [
      0.43050333857536316,
      0.48017415404319763,
      0.08932256698608398
    ],
    [
      0.38346004486083984,
      0.5636177659034729,
      0.052922654896974564
    ],
    [
      0.07775828242301941,
      0.391996830701828,
      0.5302454829216003
    ],
    [
      0.06363500654697418,
      0.4436054527759552,
      0.49275943636894226
    ],
    [
      0.16644851863384247,
      0.62515789270401,
      0.20839279890060425
    ],
    [
      0.13032051920890808,
      0.2996681332588196,
      0.570012092590332
    ],
    [
      0.20280222594738007,
      0.05516345798969269,
      0.7420340776443481
    ],
    [
      0.12271659821271896,
      0.650233805179596,
      0.2270493358373642
    ],
    [
      0.23297566175460815,
      0.060701701790094376,
      0.7063226103782654
    ],
    [
      0.06367967277765274,
      0.4300444424152374,
      0.5062753558158875
    ]
  ],