{
  "N": 112800,
  "usage": [
    0.29334378242492676,
    0.3518373370170593,
    0.3548189103603363
  ],
  "entropy_mean": 0.6988550424575806,
  "entropy_std": 0.2555661201477051,
  "top1_share": [
    0.25652483105659485,
    0.42542552947998047,
    0.3180496394634247
  ],
  "P_expert_given_class": [
    [
      0.6908197999000549,
      0.09718603640794754,
      0.21199403703212738
    ],
    [
      0.902408242225647,
      0.038583576679229736,
      0.05900811403989792
    ],
    [
      0.16249455511569977,
      0.48920318484306335,
      0.3483031392097473
    ],
    [
      0.02101181261241436,
      0.8040016293525696,
      0.17498645186424255
    ],
    [
      0.22787921130657196,
      0.6211941838264465,
      0.15092627704143524
    ],
    [
      0.04700174182653427,
      0.46702834963798523,
      0.48596933484077454
    ],
    [
      0.29103076457977295,
      0.6248853802680969,
      0.08408338576555252
    ],
    [
      0.18417206406593323,
      0.10443773865699768,
      0.71138995885849
    ],
    [
      0.044998135417699814,
      0.76043301820755,
      0.19456921517848969
    ],
    [
      0.10026621073484421,
      0.598423182964325,
      0.30131056904792786
    ],
    [
      0.1196088120341301,
      0.6019466519355774,
      0.27844521403312683
    ],
    [
      0.08408204466104507,
      0.7928414344787598,
      0.12307649105787277
    ],
    [
      0.3192404508590698,
      0.09987859427928925,
      0.5808818936347961
    ],
    [
      0.6219903826713562,
      0.11007240414619446,
      0.2679370045661926
    ],
    [
      0.006909491028636694,
      0.10712777823209763,
      0.8859629034996033
    ],
    [
      0.045593924820423126,
      0.31723302602767944,
      0.6371727585792542
    ],
    [
      0.10630304366350174,
      0.6876378655433655,
      0.206059068441391
    ],
    [
      0.24709831178188324,
      0.2908172607421875,
      0.46208521723747253
    ],
    [
      0.764144778251648,
      0.03910551220178604,
      0.1967497617006302
    ],
    [
      0.33623382449150085,
      0.11078693717718124,
      0.5529789328575134
    ],
    [
      0.06910166144371033,
      0.4447188377380371,
      0.48617950081825256
    ],
    [
      0.8310628533363342,
      0.07466845214366913,
      0.09426907449960709
    ],
    [
      0.15905562043190002,
      0.04898734390735626,
      0.7919572591781616
    ],
    [
      0.7830740213394165,
      0.06583071500062943,
      0.1510949581861496
    ],
    [
      0.6726195812225342,
      0.09061785787343979,
      0.23676274716854095
    ],
    [
      0.27525684237480164,
      0.46816015243530273,
      0.256583034992218
    ],
    [
      0.40180885791778564,
      0.524061918258667,
      0.07412921637296677
    ],
    [
      0.07300282269716263,
      0.6608042120933533,
      0.26619309186935425
    ],
    [
      0.06564797461032867,
      0.38346847891807556,
      0.5508832931518555
    ],
    [
      0.019510244950652122,
      0.03172028064727783,
      0.9487695097923279
    ],
    [
      0.754834771156311,
      0.17473553121089935,
      0.07042934745550156
    ],
    [
      0.892232358455658,
      0.05728840455412865,
      0.050479575991630554
    ],
    [
      0.802580714225769,
      0.09066398441791534,
      0.10675540566444397
    ],
    [
      0.10092981159687042,
      0.5449661612510681,
      0.3541037440299988
    ],
    [
      0.38378775119781494,
      0.44826722145080566,
      0.16794484853744507
    ],
    [
      0.03426259383559227,
      0.16399458050727844,
      0.801742434501648
    ],
    [
      0.26176905632019043,
      0.5096039772033691,
      0.22862625122070312
    ],
    [
      0.43283945322036743,
      0.4828435778617859,
      0.0843166932463646
    ],
    [
      0.38479501008987427,
      0.5568286776542664,
      0.058375854045152664
    ],
    [
      0.08722472190856934,
      0.38225236535072327,
      0.5305225849151611
    ],
    [
      0.06270292401313782,
      0.45359471440315247,
      0.4837033152580261
    ],
    [
      0.1620110124349594,
      0.6165093779563904,
      0.22147992253303528
    ],
    [
      0.13941463828086853,
      0.3046685755252838,
      0.5559162497520447
    ],
    [
      0.2021494358778,
      0.05896454676985741,
      0.7388858795166016
    ],
    [
      0.1210809201002121,
      0.6392315030097961,
      0.23968757688999176
    ],
    [
      0.22998042404651642,
      0.06295603513717651,
      0.7070642113685608
    ],
    [
      0.061134014278650284,
      0.43312180042266846,
      0.5057443976402283
    ]
  ],