{
  "N": 112800,
  "usage": [
    0.25632935762405396,
    0.3481581509113312,
    0.3955124616622925
  ],
  "entropy_mean": 0.7554391622543335,
  "entropy_std": 0.21483634412288666,
  "top1_share": [
    0.22986702620983124,
    0.40933510661125183,
    0.3607978820800781
  ],
  "P_expert_given_class": [
    [
      0.6360760927200317,
      0.13416896760463715,
      0.22975486516952515
    ],
    [
      0.8150404095649719,
      0.06565730273723602,
      0.119301937520504
    ],
    [
      0.1022874116897583,
      0.49230310320854187,
      0.4054103195667267
    ],
    [
      0.030270487070083618,
      0.6691780686378479,
      0.30055180191993713
    ],
    [
      0.14768476784229279,
      0.635036051273346,
      0.21727965772151947
    ],
    [
      0.027278630062937737,
      0.40834176540374756,
      0.5643794536590576
    ],
    [
      0.1978655308485031,
      0.6698766350746155,
      0.13225898146629333
    ],
    [
      0.16685131192207336,
      0.14285993576049805,
      0.6902885437011719
    ],
    [
      0.0648164227604866,
      0.7105974555015564,
      0.22458623349666595
    ],
    [
      0.11145120114088058,
      0.6126145720481873,
      0.2759345769882202
    ],
    [
      0.11910992860794067,
      0.5276945233345032,
      0.35319527983665466
    ],
    [
      0.10866346955299377,
      0.7063248753547668,
      0.1850118190050125
    ],
    [
      0.21980127692222595,
      0.18586868047714233,
      0.594330906867981
    ],
    [
      0.5542245507240295,
      0.11599975824356079,
      0.32977649569511414
    ],
    [
      0.006617089733481407,
      0.1586635410785675,
      0.8347194790840149
    ],
    [
      0.028786636888980865,
      0.35234805941581726,
      0.6188658475875854
    ],
    [
      0.11179324984550476,
      0.6411206722259521,
      0.24708707630634308
    ],
    [
      0.10133703798055649,
      0.3541387617588043,
      0.544524610042572
    ],
    [
      0.6813783645629883,
      0.06068185344338417,
      0.25794002413749695
    ],
    [
      0.3095388412475586,
      0.1332511007785797,
      0.5572105050086975
    ],
    [
      0.0817057192325592,
      0.45374420285224915,
      0.46455031633377075
    ],
    [
      0.7064107060432434,
      0.11545449495315552,
      0.17813469469547272
    ],
    [
      0.19185177981853485,
      0.06501762568950653,
      0.7431309223175049
    ],
    [
      0.6338779926300049,
      0.1228465884923935,
      0.24327541887760162
    ],
    [
      0.5810720920562744,
      0.12345634400844574,
      0.2954722046852112
    ],
    [
      0.14257676899433136,
      0.4469732642173767,
      0.4104502201080322
    ],
    [
      0.3396326005458832,
      0.5236283540725708,
      0.13673943281173706
    ],
    [
      0.0835285410284996,
      0.5062384605407715,
      0.41023218631744385
    ],
    [
      0.03394302353262901,
      0.33508387207984924,
      0.6309725642204285
    ],
    [
      0.020751917734742165,
      0.03845495358109474,
      0.9407938718795776
    ],
    [
      0.6866189241409302,
      0.21658770740032196,
      0.09679299592971802
    ],
    [
      0.8165522217750549,
      0.06463774293661118,
      0.11881090700626373
    ],
    [
      0.7440006732940674,
      0.09348993003368378,
      0.16250860691070557
    ],
    [
      0.10301735997200012,
      0.5286104083061218,
      0.36837276816368103
    ],
    [
      0.41020187735557556,
      0.4103749990463257,
      0.1794227659702301
    ],
    [
      0.030301345512270927,
      0.2017035037279129,
      0.767995297908783
    ],
    [
      0.21487973630428314,
      0.5157695412635803,
      0.26934924721717834
    ],
    [
      0.35498493909835815,
      0.48480841517448425,
      0.16020682454109192
    ],
    [
      0.3340344727039337,
      0.573024570941925,
      0.09294132143259048
    ],
    [
      0.038483522832393646,
      0.3085571229457855,
      0.6529605388641357
    ],
    [
      0.03593915328383446,
      0.45340025424957275,
      0.5106606483459473
    ],
    [
      0.15683533251285553,
      0.6073141694068909,
      0.23585107922554016
    ],
    [
      0.1477845460176468,
      0.2951909303665161,
      0.5570242404937744
    ],
    [
      0.25012266635894775,
      0.04688907787203789,
      0.7029879093170166
    ],
    [
      0.13275596499443054,
      0.6147475242614746,
      0.2524961829185486
    ],
    [
      0.1800135374069214,
      0.07613730430603027,
      0.7438492774963379
    ],
    [
      0.05473083630204201,
      0.36457109451293945,
      0.5806977152824402
    ]
  ],