{
  "N": 112800,
  "usage": [
    0.2912629246711731,
    0.35723283886909485,
    0.3515043258666992
  ],
  "entropy_mean": 0.7179816961288452,
  "entropy_std": 0.24195712804794312,
  "top1_share": [
    0.24946808815002441,
    0.43528369069099426,
    0.3152482211589813
  ],
  "P_expert_given_class": [
    [
      0.6836071014404297,
      0.09990662336349487,
      0.21648651361465454
    ],
    [
      0.8748216032981873,
      0.04694274440407753,
      0.07823577523231506
    ],
    [
      0.1426914781332016,
      0.4841180443763733,
      0.373190313577652
    ],
    [
      0.021417776122689247,
      0.7971414923667908,
      0.18144068121910095
    ],
    [
      0.2322131097316742,
      0.614409863948822,
      0.15337680280208588
    ],
    [
      0.04995967075228691,
      0.49307867884635925,
      0.45696163177490234
    ],
    [
      0.26514410972595215,
      0.6686909794807434,
      0.06616491824388504
    ],
    [
      0.16341213881969452,
      0.10570450127124786,
      0.7308841943740845
    ],
    [
      0.060212232172489166,
      0.7556677460670471,
      0.18412034213542938
    ],
    [
      0.12158672511577606,
      0.6148238182067871,
      0.2635890245437622
    ],
    [
      0.12758749723434448,
      0.6158989071846008,
      0.2565145492553711
    ],
    [
      0.0764070451259613,
      0.7989912629127502,
      0.12460147589445114
    ],
    [
      0.3044646978378296,
      0.10752484947443008,
      0.5880098342895508
    ],
    [
      0.5894477367401123,
      0.11770252138376236,
      0.29284942150115967
    ],
    [
      0.008880103938281536,
      0.12834195792675018,
      0.8627786040306091
    ],
    [
      0.04794924333691597,
      0.33658501505851746,
      0.6154661178588867
    ],
    [
      0.11581911891698837,
      0.6893795728683472,
      0.19480085372924805
    ],
    [
      0.22834187746047974,
      0.32529714703559875,
      0.4463605284690857
    ],
    [
      0.743388295173645,
      0.044573403894901276,
      0.21203817427158356
    ],
    [
      0.3233029544353485,
      0.13286913931369781,
      0.5438278317451477
    ],
    [
      0.06820649653673172,
      0.4571813941001892,
      0.47461238503456116
    ],
    [
      0.8008391857147217,
      0.08638821542263031,
      0.1127723678946495
    ],
    [
      0.20019011199474335,
      0.04882356524467468,
      0.7509864568710327
    ],
    [
      0.7691256403923035,
      0.07720311731100082,
      0.1536712944507599
    ],
    [
      0.6557708978652954,
      0.09364566951990128,
      0.2505832314491272
    ],
    [
      0.250032514333725,
      0.48537349700927734,
      0.2645944356918335
    ],
    [
      0.39167681336402893,
      0.5262123346328735,
      0.08211098611354828
    ],
    [
      0.09623022377490997,
      0.6196390390396118,
      0.28413110971450806
    ],
    [
      0.06758102029561996,
      0.40725597739219666,
      0.5251628756523132
    ],
    [
      0.02150561660528183,
      0.031442951411008835,
      0.9470508098602295
    ],
    [
      0.7546249032020569,
      0.17250452935695648,
      0.07287056744098663
    ],
    [
      0.881713330745697,
      0.0559869185090065,
      0.06229934096336365
    ],
    [
      0.7904519438743591,
      0.0883389487862587,
      0.12120894342660904
    ],
    [
      0.07987935841083527,
      0.5403031706809998,
      0.3798181414604187
    ],
    [
      0.4002755284309387,
      0.42578762769699097,
      0.1739366501569748
    ],
    [
      0.0408235527575016,
      0.16351795196533203,
      0.7956582903862
    ],
    [
      0.25709009170532227,
      0.5176483988761902,
      0.2252614051103592
    ],
    [
      0.41490817070007324,
      0.5004191994667053,
      0.08467233180999756
    ],
    [
      0.37528693675994873,
      0.5685533285140991,
      0.05615970119833946
    ],
    [
      0.08848495036363602,
      0.34310105443000793,
      0.5684142708778381
    ],
    [
      0.06460364907979965,
      0.4649675488471985,
      0.47042912244796753
    ],
    [
      0.18193413317203522,
      0.6120100021362305,
      0.2060566246509552
    ],
    [
      0.15236718952655792,
      0.36275923252105713,
      0.4848737120628357
    ],
    [
      0.24414274096488953,
      0.05260967090725899,
      0.7032479643821716
    ],
    [
      0.1471068412065506,
      0.6315231919288635,
      0.2213699072599411
    ],
    [
      0.23688507080078125,
      0.06343956291675568,
      0.6996753215789795
    ],
    [
      0.07696284353733063,
      0.4156605899333954,
      0.5073772072792053
    ]
  ],