{
  "N": 112800,
  "usage": [
    0.24135667085647583,
    0.2973434329032898,
    0.4612998962402344
  ],
  "entropy_mean": 0.7698817849159241,
  "entropy_std": 0.2231273502111435,
  "top1_share": [
    0.22362588346004486,
    0.3015868663787842,
    0.47478723526000977
  ],
  "P_expert_given_class": [
    [
      0.5551691055297852,
      0.15315371751785278,
      0.29167717695236206
    ],
    [
      0.7847697734832764,
      0.06357958912849426,
      0.1516503095626831
    ],
    [
      0.08169861137866974,
      0.40642133355140686,
      0.5118799209594727
    ],
    [
      0.05576859042048454,
      0.5032985210418701,
      0.4409336745738983
    ],
    [
      0.19030162692070007,
      0.5280619859695435,
      0.28163737058639526
    ],
    [
      0.03189925104379654,
      0.2854107916355133,
      0.6826895475387573
    ],
    [
      0.26586228609085083,
      0.5297388434410095,
      0.20439864695072174
    ],
    [
      0.15095733106136322,
      0.1626235991716385,
      0.6864185333251953
    ],
    [
      0.09839510172605515,
      0.5679115056991577,
      0.3336927592754364
    ],
    [
      0.09354821592569351,
      0.5265363454818726,
      0.37991586327552795
    ],
    [
      0.07750304043292999,
      0.45340749621391296,
      0.46908849477767944
    ],
    [
      0.134341299533844,
      0.5716572999954224,
      0.2940014600753784
    ],
    [
      0.15511474013328552,
      0.18427500128746033,
      0.6606100797653198
    ],
    [
      0.5212554931640625,
      0.107870914041996,
      0.3708738088607788
    ],
    [
      0.006656560581177473,
      0.1247406005859375,
      0.8686037063598633
    ],
    [
      0.01927690953016281,
      0.2995736598968506,
      0.6811501383781433
    ],
    [
      0.11368463933467865,
      0.5278208255767822,
      0.3584945797920227
    ],
    [
      0.06926269829273224,
      0.33428093791007996,
      0.5964562296867371
    ],
    [
      0.6373472213745117,
      0.06556288152933121,
      0.2970895767211914
    ],
    [
      0.30393606424331665,
      0.11415176093578339,
      0.5819131731987
    ],
    [
      0.05572750046849251,
      0.4108242690563202,
      0.5334475636482239
    ],
    [
      0.6674757599830627,
      0.09771375358104706,
      0.23480969667434692
    ],
    [
      0.14636501669883728,
      0.07224547863006592,
      0.7813888788223267
    ],
    [
      0.5505573153495789,
      0.12808269262313843,
      0.3213600218296051
    ],
    [
      0.485177218914032,
      0.1395563781261444,
      0.37526625394821167
    ],
    [
      0.08085144311189651,
      0.3921506702899933,
      0.5269975066184998
    ],
    [
      0.305134117603302,
      0.4521696865558624,
      0.24269640445709229
    ],
    [
      0.037635620683431625,
      0.4190618097782135,
      0.5433019399642944
    ],
    [
      0.03595597669482231,
      0.24371986091136932,
      0.7203240394592285
    ],
    [
      0.027745304629206657,
      0.03886063024401665,
      0.9333959221839905
    ],
    [
      0.6858262419700623,
      0.19195924699306488,
      0.1222139522433281
    ],
    [
      0.7988691329956055,
      0.05147087574005127,
      0.14966095983982086
    ],
    [
      0.7103250026702881,
      0.08927860856056213,
      0.2003963440656662
    ],
    [
      0.10262622684240341,
      0.45391327142715454,
      0.4434605836868286
    ],
    [
      0.4758826196193695,
      0.3257998824119568,
      0.1983175277709961
    ],
    [
      0.03184330835938454,
      0.15906941890716553,
      0.8090881109237671
    ],
    [
      0.21965044736862183,
      0.43124160170555115,
      0.34910762310028076
    ],
    [
      0.3561103940010071,
      0.45955541729927063,
      0.1843349039554596
    ],
    [
      0.3652147054672241,
      0.5032601952552795,
      0.13152435421943665
    ],
    [
      0.025619564577937126,
      0.2747795283794403,
      0.6996015310287476
    ],
    [
      0.022840695455670357,
      0.3684002459049225,
      0.6087591648101807
    ],
    [
      0.15187489986419678,
      0.519910991191864,
      0.3282144069671631
    ],
    [
      0.11304358392953873,
      0.2935870587825775,
      0.5933700203895569
    ],
    [
      0.2187114953994751,
      0.049522534012794495,
      0.7317662239074707
    ],
    [
      0.11919622123241425,
      0.52740877866745,
      0.3533955216407776
    ],
    [
      0.13926154375076294,
      0.07407844066619873,
      0.7866605520248413
    ],
    [
      0.06749293953180313,
      0.2974419891834259,
      0.6350657939910889
    ]
  ],