{
  "N": 112800,
  "usage": [
    0.24772366881370544,
    0.34097588062286377,
    0.4113004207611084
  ],
  "entropy_mean": 0.7634139060974121,
  "entropy_std": 0.20936714112758636,
  "top1_share": [
    0.22420212626457214,
    0.3939361572265625,
    0.38186171650886536
  ],
  "P_expert_given_class": [
    [
      0.6208772659301758,
      0.13934224843978882,
      0.2397802174091339
    ],
    [
      0.7891207933425903,
      0.07853307574987411,
      0.13234585523605347
    ],
    [
      0.09576117247343063,
      0.47956904768943787,
      0.4246702790260315
    ],
    [
      0.03458908572793007,
      0.6248462200164795,
      0.3405643701553345
    ],
    [
      0.14277346432209015,
      0.6327568292617798,
      0.22447086870670319
    ],
    [
      0.024938542395830154,
      0.3704664409160614,
      0.6045957207679749
    ],
    [
      0.19682097434997559,
      0.6492497324943542,
      0.1539297103881836
    ],
    [
      0.1703593134880066,
      0.1595330834388733,
      0.6701076030731201
    ],
    [
      0.07281197607517242,
      0.6656684279441833,
      0.2615187168121338
    ],
    [
      0.1015670895576477,
      0.5912564396858215,
      0.30717772245407104
    ],
    [
      0.10237465798854828,
      0.5148463845252991,
      0.38277849555015564
    ],
    [
      0.12153314054012299,
      0.6574854850769043,
      0.22098076343536377
    ],
    [
      0.2006068378686905,
      0.19453662633895874,
      0.604856550693512
    ],
    [
      0.5299330353736877,
      0.11716736853122711,
      0.3528997600078583
    ],
    [
      0.005644539371132851,
      0.14678628742694855,
      0.8475690484046936
    ],
    [
      0.02408667653799057,
      0.34996265172958374,
      0.6259503364562988
    ],
    [
      0.11436807364225388,
      0.6165799498558044,
      0.26905184984207153
    ],
    [
      0.08459381759166718,
      0.3674931824207306,
      0.5479133129119873
    ],
    [
      0.6551288962364197,
      0.06693945825099945,
      0.27793124318122864
    ],
    [
      0.3044438660144806,
      0.13352635502815247,
      0.5620302557945251
    ],
    [
      0.06680543720722198,
      0.45510736107826233,
      0.47808700799942017
    ],
    [
      0.6742008924484253,
      0.12232282012701035,
      0.20347681641578674
    ],
    [
      0.19217447936534882,
      0.07357046008110046,
      0.7342549562454224
    ],
    [
      0.6136686205863953,
      0.1369580626487732,
      0.24937337636947632
    ],
    [
      0.5584433674812317,
      0.13000835478305817,
      0.3115485608577728
    ],
    [
      0.11265921592712402,
      0.4431174099445343,
      0.44422343373298645
    ],
    [
      0.32635021209716797,
      0.5227450728416443,
      0.15090511739253998
    ],
    [
      0.0657789558172226,
      0.49086248874664307,
      0.4433574974536896
    ],
    [
      0.030980657786130905,
      0.301526814699173,
      0.6674923300743103
    ],
    [
      0.023545777425169945,
      0.04231202229857445,
      0.9341420531272888
    ],
    [
      0.6775902509689331,
      0.22328869998455048,
      0.09912122786045074
    ],
    [
      0.7998114228248596,
      0.06639668345451355,
      0.1337912380695343
    ],
    [
      0.7405622005462646,
      0.09895417839288712,
      0.1604837328195572
    ],
    [
      0.10169544070959091,
      0.5035496950149536,
      0.39475399255752563
    ],
    [
      0.41254982352256775,
      0.40724313259124756,
      0.18020690977573395
    ],
    [
      0.03161970525979996,
      0.1897450089454651,
      0.7786357402801514
    ],
    [
      0.20972245931625366,
      0.5107522010803223,
      0.27952563762664795
    ],
    [
      0.3370048999786377,
      0.4842836558818817,
      0.17871157824993134
    ],
    [
      0.3331465423107147,
      0.5664787292480469,
      0.10037524253129959
    ],
    [
      0.02912178635597229,
      0.2910570502281189,
      0.6798210740089417
    ],
    [
      0.028942903503775597,
      0.4442211389541626,
      0.5268365740776062
    ],
    [
      0.1489611566066742,
      0.5904510617256165,
      0.2605879008769989
    ],
    [
      0.13703012466430664,
      0.29466041922569275,
      0.5683088898658752
    ],
    [
      0.2536439597606659,
      0.051033616065979004,
      0.6953229904174805
    ],
    [
      0.12352781742811203,
      0.5964727997779846,
      0.28000006079673767
    ],
    [
      0.16890071332454681,
      0.07967077940702438,
      0.7514290809631348
    ],
    [
      0.05224037542939186,
      0.35253211855888367,
      0.5952264666557312
    ]
  ],