{
  "N": 112800,
  "usage": [
    0.2934141159057617,
    0.35279375314712524,
    0.35379210114479065
  ],
  "entropy_mean": 0.6862276792526245,
  "entropy_std": 0.2575233578681946,
  "top1_share": [
    0.2575620710849762,
    0.4248493015766144,
    0.3175886571407318
  ],
  "P_expert_given_class": [
    [
      0.705632209777832,
      0.09401620179414749,
      0.20035122334957123
    ],
    [
      0.9023895263671875,
      0.037133973091840744,
      0.060476355254650116
    ],
    [
      0.16119199991226196,
      0.5065943002700806,
      0.3322135806083679
    ],
    [
      0.023006528615951538,
      0.7948039770126343,
      0.1821899265050888
    ],
    [
      0.23753440380096436,
      0.6117382049560547,
      0.15072670578956604
    ],
    [
      0.03758098930120468,
      0.4409530758857727,
      0.5214659571647644
    ],
    [
      0.2989284098148346,
      0.624613344669342,
      0.07645851373672485
    ],
    [
      0.18050718307495117,
      0.10463663190603256,
      0.714855968952179
    ],
    [
      0.04558485746383667,
      0.7616807222366333,
      0.192734494805336
    ],
    [
      0.09845584630966187,
      0.5893294215202332,
      0.31221479177474976
    ],
    [
      0.11163175106048584,
      0.6283705234527588,
      0.2599971890449524
    ],
    [
      0.07814390957355499,
      0.80799800157547,
      0.11385784298181534
    ],
    [
      0.31996971368789673,
      0.09043760597705841,
      0.5895928740501404
    ],
    [
      0.6216498017311096,
      0.107486791908741,
      0.2708628475666046
    ],
    [
      0.00711189117282629,
      0.0963960587978363,
      0.8964915871620178
    ],
    [
      0.043454766273498535,
      0.30063655972480774,
      0.6559096574783325
    ],
    [
      0.11151238530874252,
      0.6973226070404053,
      0.1911645233631134
    ],
    [
      0.24301385879516602,
      0.28204086422920227,
      0.47494542598724365
    ],
    [
      0.7562152147293091,
      0.03805403783917427,
      0.20573127269744873
    ],
    [
      0.309134304523468,
      0.11670985072851181,
      0.5741561651229858
    ],
    [
      0.06797471642494202,
      0.48352158069610596,
      0.4485035836696625
    ],
    [
      0.8351362347602844,
      0.0738425925374031,
      0.09102160483598709
    ],
    [
      0.16253449022769928,
      0.04613248631358147,
      0.7913328409194946
    ],
    [
      0.8115633130073547,
      0.055619556456804276,
      0.132817342877388
    ],
    [
      0.6942608952522278,
      0.09139031171798706,
      0.21434953808784485
    ],
    [
      0.262618750333786,
      0.4643933176994324,
      0.2729879915714264
    ],
    [
      0.3904381990432739,
      0.5404402613639832,
      0.06912185251712799
    ],
    [
      0.06366779655218124,
      0.6890376806259155,
      0.24729560315608978
    ],
    [
      0.06628531962633133,
      0.37845316529273987,
      0.5552615523338318
    ],
    [
      0.017502032220363617,
      0.031238237395882607,
      0.9512606859207153
    ],
    [
      0.7550697922706604,
      0.1779671013355255,
      0.06696221977472305
    ],
    [
      0.8895589113235474,
      0.05398782715201378,
      0.056453436613082886
    ],
    [
      0.8001664280891418,
      0.0881081148982048,
      0.11172487586736679
    ],
    [
      0.1170128732919693,
      0.5360986590385437,
      0.3468881845474243
    ],
    [
      0.38252708315849304,
      0.442719966173172,
      0.174753338098526
    ],
    [
      0.03370698168873787,
      0.15410871803760529,
      0.8121843934059143
    ],
    [
      0.26663893461227417,
      0.5299203395843506,
      0.20344141125679016
    ],
    [
      0.4467024803161621,
      0.4705369174480438,
      0.08276120573282242
    ],
    [
      0.4022972583770752,
      0.5500696897506714,
      0.04763359576463699
    ],
    [
      0.08400025963783264,
      0.40509626269340515,
      0.5109026432037354
    ],
    [
      0.05848988890647888,
      0.4423319399356842,
      0.49917882680892944
    ],
    [
      0.16134925186634064,
      0.6188626885414124,
      0.21978789567947388
    ],
    [
      0.12125761806964874,
      0.32631880044937134,
      0.5524232983589172
    ],
    [
      0.2081923484802246,
      0.06164016202092171,
      0.730167806148529
    ],
    [
      0.11400046199560165,
      0.6438950896263123,
      0.24210518598556519
    ],
    [
      0.23048682510852814,
      0.06046638637781143,
      0.7090476155281067
    ],
    [
      0.05437515303492546,
      0.4341587424278259,
      0.5114663243293762
    ]
  ],