{
  "N": 112800,
  "usage": [
    0.2396232783794403,
    0.32658854126930237,
    0.4337882101535797
  ],
  "entropy_mean": 0.7669585943222046,
  "entropy_std": 0.21142546832561493,
  "top1_share": [
    0.21843084692955017,
    0.3621542453765869,
    0.4194149076938629
  ],
  "P_expert_given_class": [
    [
      0.5807275176048279,
      0.147251695394516,
      0.27202075719833374
    ],
    [
      0.7672164440155029,
      0.0779561698436737,
      0.1548275500535965
    ],
    [
      0.07914415746927261,
      0.4454408884048462,
      0.47541505098342896
    ],
    [
      0.035194069147109985,
      0.5588388442993164,
      0.4059673249721527
    ],
    [
      0.1522386521100998,
      0.6040487885475159,
      0.24371220171451569
    ],
    [
      0.022864509373903275,
      0.3462553024291992,
      0.6308793425559998
    ],
    [
      0.21492497622966766,
      0.6115817427635193,
      0.17349308729171753
    ],
    [
      0.15985286235809326,
      0.17005719244480133,
      0.6700902581214905
    ],
    [
      0.07986655831336975,
      0.6273592710494995,
      0.2927742898464203
    ],
    [
      0.09172637015581131,
      0.5742617845535278,
      0.33401188254356384
    ],
    [
      0.09230819344520569,
      0.48423776030540466,
      0.42345455288887024
    ],
    [
      0.13060115277767181,
      0.6131003499031067,
      0.25629866123199463
    ],
    [
      0.17638516426086426,
      0.18561796844005585,
      0.6379961371421814
    ],
    [
      0.5040227174758911,
      0.11623480170965195,
      0.3797423243522644
    ],
    [
      0.004618948791176081,
      0.14395272731781006,
      0.8514289855957031
    ],
    [
      0.019959092140197754,
      0.334403932094574,
      0.645638108253479
    ],
    [
      0.10292663425207138,
      0.5849884748458862,
      0.3120849132537842
    ],
    [
      0.07394284009933472,
      0.36014699935913086,
      0.5659096837043762
    ],
    [
      0.6268436908721924,
      0.06939781457185745,
      0.3037581741809845
    ],
    [
      0.28475940227508545,
      0.13370101153850555,
      0.5815392732620239
    ],
    [
      0.062428105622529984,
      0.4504019618034363,
      0.48716965317726135
    ],
    [
      0.6567022204399109,
      0.11560758948326111,
      0.22769035398960114
    ],
    [
      0.18377062678337097,
      0.07593298703432083,
      0.7402961850166321
    ],
    [
      0.5830847024917603,
      0.13816775381565094,
      0.2787478268146515
    ],
    [
      0.5125593543052673,
      0.1321047842502594,
      0.35533565282821655
    ],
    [
      0.09536997973918915,
      0.4204976260662079,
      0.4841318130493164
    ],
    [
      0.3091435134410858,
      0.4966930150985718,
      0.19416363537311554
    ],
    [
      0.05014126002788544,
      0.45924118161201477,
      0.49061721563339233
    ],
    [
      0.02635885961353779,
      0.28580042719841003,
      0.6878408193588257
    ],
    [
      0.024537958204746246,
      0.04036349430680275,
      0.9350983500480652
    ],
    [
      0.6739366054534912,
      0.2183467149734497,
      0.10771558433771133
    ],
    [
      0.801781952381134,
      0.05480058118700981,
      0.14341755211353302
    ],
    [
      0.740247368812561,
      0.09077717363834381,
      0.16897514462471008
    ],
    [
      0.10553370416164398,
      0.4978523850440979,
      0.3966139853000641
    ],
    [
      0.42914438247680664,
      0.38406142592430115,
      0.18679459393024445
    ],
    [
      0.02635704167187214,
      0.17075854539871216,
      0.8028843998908997
    ],
    [
      0.20442064106464386,
      0.4778408408164978,
      0.3177381157875061
    ],
    [
      0.3298608362674713,
      0.49089720845222473,
      0.179242342710495
    ],
    [
      0.33786720037460327,
      0.5531120896339417,
      0.10902086645364761
    ],
    [
      0.023560602217912674,
      0.27554965019226074,
      0.7008894085884094
    ],
    [
      0.02406199835240841,
      0.41955405473709106,
      0.5563834309577942
    ],
    [
      0.14111089706420898,
      0.571326732635498,
      0.28756165504455566
    ],
    [
      0.1354154497385025,
      0.31554144620895386,
      0.5490437150001526
    ],
    [
      0.2540420889854431,
      0.05112375319004059,
      0.694834291934967
    ],
    [
      0.11329728364944458,
      0.5779995918273926,
      0.3087036609649658
    ],
    [
      0.16053977608680725,
      0.07291606068611145,
      0.7665440440177917
    ],
    [
      0.05689605697989464,
      0.3235572874546051,
      0.6195465326309204
    ]
  ],