{
  "N": 112800,
  "usage": [
    0.28334683179855347,
    0.35820671916007996,
    0.3584464490413666
  ],
  "entropy_mean": 0.7358422875404358,
  "entropy_std": 0.2329721599817276,
  "top1_share": [
    0.2445567399263382,
    0.4363209307193756,
    0.3191223442554474
  ],
  "P_expert_given_class": [
    [
      0.6793069243431091,
      0.10322226583957672,
      0.21747052669525146
    ],
    [
      0.8754581809043884,
      0.046098798513412476,
      0.07844310253858566
    ],
    [
      0.13689158856868744,
      0.4918721914291382,
      0.37123626470565796
    ],
    [
      0.02981286309659481,
      0.7624784111976624,
      0.20770855247974396
    ],
    [
      0.22672078013420105,
      0.6159247159957886,
      0.15735481679439545
    ],
    [
      0.05334310606122017,
      0.46372488141059875,
      0.482931911945343
    ],
    [
      0.21629953384399414,
      0.6865822076797485,
      0.09711890667676926
    ],
    [
      0.12159909307956696,
      0.13020913302898407,
      0.7481911778450012
    ],
    [
      0.055075835436582565,
      0.7391502857208252,
      0.20577307045459747
    ],
    [
      0.12340526282787323,
      0.6238654851913452,
      0.25272950530052185
    ],
    [
      0.12865494191646576,
      0.6063423156738281,
      0.2650022506713867
    ],
    [
      0.08609165996313095,
      0.7685259580612183,
      0.14538206160068512
    ],
    [
      0.31057366728782654,
      0.1315177083015442,
      0.5579087734222412
    ],
    [
      0.5563593506813049,
      0.1235710009932518,
      0.320068895816803
    ],
    [
      0.009694098494946957,
      0.1632748246192932,
      0.8270302414894104
    ],
    [
      0.05264350771903992,
      0.35490092635154724,
      0.592455267906189
    ],
    [
      0.11679045110940933,
      0.6589239835739136,
      0.22428476810455322
    ],
    [
      0.1907288134098053,
      0.3478676676750183,
      0.46140384674072266
    ],
    [
      0.7455456256866455,
      0.04761296510696411,
      0.206841841340065
    ],
    [
      0.32528597116470337,
      0.12762458622455597,
      0.5470898151397705
    ],
    [
      0.06770236045122147,
      0.4911419153213501,
      0.4411562979221344
    ],
    [
      0.7883203625679016,
      0.09007181972265244,
      0.12160854041576385
    ],
    [
      0.20401030778884888,
      0.05489908158779144,
      0.7410907745361328
    ],
    [
      0.71703040599823,
      0.10220391303300858,
      0.18076646327972412
    ],
    [
      0.6403628587722778,
      0.09780267626047134,
      0.26183414459228516
    ],
    [
      0.2198813110589981,
      0.4752032458782196,
      0.3049156963825226
    ],
    [
      0.3875337243080139,
      0.5105020999908447,
      0.10196439176797867
    ],
    [
      0.10694784671068192,
      0.597959578037262,
      0.29509273171424866
    ],
    [
      0.07130947709083557,
      0.365260511636734,
      0.5634297132492065
    ],
    [
      0.01738874800503254,
      0.04133264720439911,
      0.9412781596183777
    ],
    [
      0.7581780552864075,
      0.17220091819763184,
      0.06962078809738159
    ],
    [
      0.8588593602180481,
      0.06001635268330574,
      0.08112441748380661
    ],
    [
      0.7814217805862427,
      0.08860290795564651,
      0.12997548282146454
    ],
    [
      0.07073526084423065,
      0.5616108775138855,
      0.3676541745662689
    ],
    [
      0.3782065212726593,
      0.4502635598182678,
      0.17152972519397736
    ],
    [
      0.03800225257873535,
      0.2024856060743332,
      0.759512722492218
    ],
    [
      0.2567322254180908,
      0.5098650455474854,
      0.2334025502204895
    ],
    [
      0.3788977265357971,
      0.5081430673599243,
      0.11295953392982483
    ],
    [
      0.3818207383155823,
      0.541527509689331,
      0.07665172219276428
    ],
    [
      0.08454649150371552,
      0.3396991491317749,
      0.5757535696029663
    ],
    [
      0.07112591713666916,
      0.47347545623779297,
      0.4553989768028259
    ],
    [
      0.1798369586467743,
      0.6018069982528687,
      0.21835607290267944
    ],
    [
      0.14448612928390503,
      0.33140629529953003,
      0.5241074562072754
    ],
    [
      0.22455766797065735,
      0.05179016664624214,
      0.7236524224281311
    ],
    [
      0.15056487917900085,
      0.6247289180755615,
      0.22470687329769135
    ],
    [
      0.22394388914108276,
      0.07008309662342072,
      0.7059726715087891
    ],
    [
      0.0746169313788414,
      0.4283443093299866,
      0.49703899025917053
    ]
  ],