{
  "N": 112800,
  "usage": [
    0.2914726138114929,
    0.358705073595047,
    0.3498223125934601
  ],
  "entropy_mean": 0.7201892733573914,
  "entropy_std": 0.23934757709503174,
  "top1_share": [
    0.252384752035141,
    0.43437057733535767,
    0.31324467062950134
  ],
  "P_expert_given_class": [
    [
      0.677311360836029,
      0.10397949069738388,
      0.21870864927768707
    ],
    [
      0.8853291869163513,
      0.04031337797641754,
      0.07435745745897293
    ],
    [
      0.14602522552013397,
      0.48317310214042664,
      0.3708013594150543
    ],
    [
      0.025263028219342232,
      0.7798975110054016,
      0.19483985006809235
    ],
    [
      0.2310684770345688,
      0.6275740265846252,
      0.14135755598545074
    ],
    [
      0.0514155775308609,
      0.48910096287727356,
      0.4594826400279999
    ],
    [
      0.2535306513309479,
      0.6699491143226624,
      0.07651963829994202
    ],
    [
      0.1533297747373581,
      0.11180226504802704,
      0.7348675727844238
    ],
    [
      0.05704151839017868,
      0.7566804885864258,
      0.18627822399139404
    ],
    [
      0.11345058679580688,
      0.6202450394630432,
      0.26630473136901855
    ],
    [
      0.1220250055193901,
      0.6215398907661438,
      0.25643524527549744
    ],
    [
      0.08149591088294983,
      0.7980790734291077,
      0.12042504549026489
    ],
    [
      0.3100292384624481,
      0.1194627657532692,
      0.5705074071884155
    ],
    [
      0.593194305896759,
      0.11703834682703018,
      0.289766788482666
    ],
    [
      0.010289155878126621,
      0.14177797734737396,
      0.8479323983192444
    ],
    [
      0.05431187152862549,
      0.3469707667827606,
      0.5987173914909363
    ],
    [
      0.1129140704870224,
      0.6886088848114014,
      0.19847653806209564
    ],
    [
      0.21890291571617126,
      0.330704003572464,
      0.4503932595252991
    ],
    [
      0.74984210729599,
      0.04168395698070526,
      0.20847471058368683
    ],
    [
      0.33018091320991516,
      0.12858091294765472,
      0.5412365794181824
    ],
    [
      0.06626832485198975,
      0.46882277727127075,
      0.4649085998535156
    ],
    [
      0.7992017269134521,
      0.08256656676530838,
      0.11823134124279022
    ],
    [
      0.20260286331176758,
      0.04889386147260666,
      0.7485036849975586
    ],
    [
      0.7629445195198059,
      0.0853431448340416,
      0.15171204507350922
    ],
    [
      0.6464822888374329,
      0.09513980150222778,
      0.25837746262550354
    ],
    [
      0.25425487756729126,
      0.4799337387084961,
      0.26581141352653503
    ],
    [
      0.3882950246334076,
      0.5278480648994446,
      0.08385703712701797
    ],
    [
      0.10321512073278427,
      0.6192468404769897,
      0.27753710746765137
    ],
    [
      0.0688033476471901,
      0.39351925253868103,
      0.5376774668693542
    ],
    [
      0.02326122485101223,
      0.03397100418806076,
      0.9427666068077087
    ],
    [
      0.7610486149787903,
      0.17116688191890717,
      0.06778474897146225
    ],
    [
      0.8728010058403015,
      0.059358444064855576,
      0.06784126162528992
    ],
    [
      0.7982953786849976,
      0.08844412863254547,
      0.11326050758361816
    ],
    [
      0.06806126236915588,
      0.5709231495857239,
      0.36101627349853516
    ],
    [
      0.3809412717819214,
      0.46112996339797974,
      0.15792833268642426
    ],
    [
      0.04283323138952255,
      0.18031561374664307,
      0.7768502235412598
    ],
    [
      0.2511318325996399,
      0.5125660300254822,
      0.23630215227603912
    ],
    [
      0.44508981704711914,
      0.4692780077457428,
      0.08563268929719925
    ],
    [
      0.3870980441570282,
      0.5551263689994812,
      0.057775694876909256
    ],
    [
      0.1035013422369957,
      0.3365212380886078,
      0.5599775910377502
    ],
    [
      0.07091715186834335,
      0.4746924340724945,
      0.45439067482948303
    ],
    [
      0.16978521645069122,
      0.6150038242340088,
      0.21521136164665222
    ],
    [
      0.15570755302906036,
      0.32262516021728516,
      0.5216675400733948
    ],
    [
      0.2288244664669037,
      0.052680399268865585,
      0.7184948921203613
    ],
    [
      0.1426004022359848,
      0.6313987970352173,
      0.2260010838508606
    ],
    [
      0.25399646162986755,
      0.06769628822803497,
      0.678307831287384
    ],
    [
      0.0742981880903244,
      0.4377634823322296,
      0.4879385828971863
    ]
  ],