{
  "N": 112800,
  "usage": [
    0.27207401394844055,
    0.23757290840148926,
    0.4903530478477478
  ],
  "entropy_mean": 0.7472764253616333,
  "entropy_std": 0.2610357105731964,
  "top1_share": [
    0.2728014290332794,
    0.18291667103767395,
    0.5442818999290466
  ],
  "P_expert_given_class": [
    [
      0.5666886568069458,
      0.15000909566879272,
      0.2833024263381958
    ],
    [
      0.8467229604721069,
      0.02410034090280533,
      0.12917643785476685
    ],
    [
      0.10814864933490753,
      0.3283005654811859,
      0.5635508298873901
    ],
    [
      0.09827645123004913,
      0.4304603636264801,
      0.47126302123069763
    ],
    [
      0.28886255621910095,
      0.35920679569244385,
      0.3519299030303955
    ],
    [
      0.05749121308326721,
      0.2201223522424698,
      0.7223860621452332
    ],
    [
      0.35197630524635315,
      0.41596195101737976,
      0.23206156492233276
    ],
    [
      0.11358338594436646,
      0.12603512406349182,
      0.7603805661201477
    ],
    [
      0.1456407755613327,
      0.4735473096370697,
      0.38081124424934387
    ],
    [
      0.11403835564851761,
      0.4525766372680664,
      0.43338507413864136
    ],
    [
      0.09228092432022095,
      0.3904733657836914,
      0.5172454714775085
    ],
    [
      0.18086467683315277,
      0.4934670925140381,
      0.32566702365875244
    ],
    [
      0.1496744155883789,
      0.1924148052930832,
      0.6579108834266663
    ],
    [
      0.5708665251731873,
      0.10465686023235321,
      0.3244759440422058
    ],
    [
      0.014015642926096916,
      0.09764542430639267,
      0.8883397579193115
    ],
    [
      0.02318800613284111,
      0.20399194955825806,
      0.7728204727172852
    ],
    [
      0.1579190492630005,
      0.43815770745277405,
      0.4039236605167389
    ],
    [
      0.1157483384013176,
      0.22484652698040009,
      0.6594041585922241
    ],
    [
      0.7011768817901611,
      0.03820602595806122,
      0.2606169879436493
    ],
    [
      0.37480419874191284,
      0.07733920961618423,
      0.5478560924530029
    ],
    [
      0.06748570501804352,
      0.3258242905139923,
      0.6066901087760925
    ],
    [
      0.7218400835990906,
      0.05547481030225754,
      0.22268536686897278
    ],
    [
      0.127465158700943,
      0.06466508656740189,
      0.8078692555427551
    ],
    [
      0.5767142176628113,
      0.11769162863492966,
      0.3055943250656128
    ],
    [
      0.49986517429351807,
      0.1406976729631424,
      0.3594367206096649
    ],
    [
      0.07400890439748764,
      0.32543519139289856,
      0.6005560755729675
    ],
    [
      0.3288528621196747,
      0.3672509491443634,
      0.30389583110809326
    ],
    [
      0.03958390653133392,
      0.3481053113937378,
      0.6123107671737671
    ],
    [
      0.06675349175930023,
      0.1984776109457016,
      0.7347681522369385
    ],
    [
      0.024707382544875145,
      0.025014853104948997,
      0.9502772092819214
    ],
    [
      0.7462884187698364,
      0.1287602037191391,
      0.12495206296443939
    ],
    [
      0.8268721699714661,
      0.04546992853283882,
      0.12765786051750183
    ],
    [
      0.7282972931861877,
      0.09013523161411285,
      0.18156695365905762
    ],
    [
      0.13699309527873993,
      0.3646455407142639,
      0.49836140871047974
    ],
    [
      0.5873525142669678,
      0.1937805861234665,
      0.2188665270805359
    ],
    [
      0.04010609909892082,
      0.13055934011936188,
      0.82933509349823
    ],
    [
      0.26816827058792114,
      0.3452064096927643,
      0.3866255283355713
    ],
    [
      0.4395158886909485,
      0.36445626616477966,
      0.1960277557373047
    ],
    [
      0.48646602034568787,
      0.3682398498058319,
      0.14529432356357574
    ],
    [
      0.03333187475800514,
      0.24642059206962585,
      0.7202478647232056
    ],
    [
      0.028612587600946426,
      0.26446226239204407,
      0.7069259881973267
    ],
    [
      0.1898813396692276,
      0.4332355260848999,
      0.37688302993774414
    ],
    [
      0.10636015236377716,
      0.1995965540409088,
      0.694042980670929
    ],
    [
      0.19390268623828888,
      0.05245845392346382,
      0.7536392211914062
    ],
    [
      0.1490679830312729,
      0.44258368015289307,
      0.4083476960659027
    ],
    [
      0.1163303405046463,
      0.07183203101158142,
      0.8118374347686768
    ],
    [
      0.11068658530712128,
      0.21392463147640228,
      0.6753889322280884
    ]
  ],