{
  "N": 112800,
  "usage": [
    0.46532031893730164,
    0.1543481945991516,
    0.38033151626586914
  ],
  "entropy_mean": 0.6934287548065186,
  "entropy_std": 0.24887453019618988,
  "top1_share": [
    0.507446825504303,
    0.10297872126102448,
    0.38957446813583374
  ],
  "P_expert_given_class": [
    [
      0.577420175075531,
      0.07408332824707031,
      0.3484964668750763
    ],
    [
      0.14141394197940826,
      0.05130976811051369,
      0.8072757720947266
    ],
    [
      0.8537583351135254,
      0.03727393224835396,
      0.1089683398604393
    ],
    [
      0.7914577126502991,
      0.02093089558184147,
      0.18761135637760162
    ],
    [
      0.3489612936973572,
      0.08805043995380402,
      0.5629884600639343
    ],
    [
      0.7866306304931641,
      0.08542732894420624,
      0.12794239819049835
    ],
    [
      0.8173196911811829,
      0.07663411647081375,
      0.1060464158654213
    ],
    [
      0.2413233369588852,
      0.04382720962166786,
      0.7148488759994507
    ],
    [
      0.6565916538238525,
      0.10414701700210571,
      0.2392609715461731
    ],
    [
      0.35047268867492676,
      0.051400087773799896,
      0.5981281995773315
    ],
    [
      0.33902937173843384,
      0.20153634250164032,
      0.4594345688819885
    ],
    [
      0.6919200420379639,
      0.10770872980356216,
      0.20037111639976501
    ],
    [
      0.4807020127773285,
      0.1669183075428009,
      0.35237982869148254
    ],
    [
      0.6885846257209778,
      0.06968560814857483,
      0.241729274392128
    ],
    [
      0.6053116321563721,
      0.2673725187778473,
      0.12731584906578064
    ],
    [
      0.4373432397842407,
      0.17876212298870087,
      0.38389450311660767
    ],
    [
      0.8545746803283691,
      0.04055614396929741,
      0.10486907511949539
    ],
    [
      0.3241240084171295,
      0.14495830237865448,
      0.5309181213378906
    ],
    [
      0.19529548287391663,
      0.04581032693386078,
      0.7588940858840942
    ],
    [
      0.5971733331680298,
      0.05524250492453575,
      0.34758517146110535
    ],
    [
      0.23472213745117188,
      0.6142013669013977,
      0.1510770469903946
    ],
    [
      0.31975361704826355,
      0.06564992666244507,
      0.6145966053009033
    ],
    [
      0.14590542018413544,
      0.3965809643268585,
      0.4575137197971344
    ],
    [
      0.22561217844486237,
      0.40387022495269775,
      0.37051764130592346
    ],
    [
      0.5778393745422363,
      0.11776404082775116,
      0.3043966293334961
    ],
    [
      0.3269946873188019,
      0.1573498398065567,
      0.5156552791595459
    ],
    [
      0.7192950248718262,
      0.08668059855699539,
      0.19402430951595306
    ],
    [
      0.3303883373737335,
      0.47374725341796875,
      0.19586428999900818
    ],
    [
      0.8362377882003784,
      0.07176657766103745,
      0.09199634194374084
    ],
    [
      0.20675107836723328,
      0.07763800024986267,
      0.7156104445457458
    ],
    [
      0.4864015281200409,
      0.1377784013748169,
      0.37582045793533325
    ],
    [
      0.18582648038864136,
      0.09006950259208679,
      0.7241039276123047
    ],
    [
      0.4002065360546112,
      0.27215445041656494,
      0.3276388943195343
    ],
    [
      0.12207835912704468,
      0.6165099143981934,
      0.2614113986492157
    ],
    [
      0.1644640862941742,
      0.09636009484529495,
      0.7391760945320129
    ],
    [
      0.7701615691184998,
      0.06975531578063965,
      0.16008365154266357
    ],
    [
      0.61993408203125,
      0.1641104519367218,
      0.21595466136932373
    ],
    [
      0.7693715691566467,
      0.11331826448440552,
      0.11730948090553284
    ],
    [
      0.7546436786651611,
      0.0465107224881649,
      0.1988450139760971
    ],
    [
      0.4406879246234894,
      0.39273178577423096,
      0.16657929122447968
    ],
    [
      0.542011022567749,
      0.12074410915374756,
      0.33724477887153625
    ],
    [
      0.5235806107521057,
      0.062449704855680466,
      0.41396936774253845
    ],
    [
      0.45890742540359497,
      0.2549562454223633,
      0.28613677620887756
    ],
    [
      0.07329082489013672,
      0.132388636469841,
      0.7943205833435059
    ],
    [
      0.44969624280929565,
      0.07216177135705948,
      0.4781420826911926
    ],
    [
      0.05867929384112358,
      0.11823708564043045,
      0.8230821490287781
    ],
    [
      0.3472054600715637,
      0.11724478751420975,
      0.535549521446228
    ]
  ],