{
  "N": 112800,
  "usage": [
    0.3997306525707245,
    0.29002028703689575,
    0.31024909019470215
  ],
  "entropy_mean": 0.7266055345535278,
  "entropy_std": 0.25382524728775024,
  "top1_share": [
    0.4250975251197815,
    0.2707269489765167,
    0.3041755259037018
  ],
  "P_expert_given_class": [
    [
      0.4492524266242981,
      0.41603296995162964,
      0.1347142606973648
    ],
    [
      0.07851524651050568,
      0.01296740397810936,
      0.9085166454315186
    ],
    [
      0.8135371208190918,
      0.12447202950716019,
      0.06199134886264801
    ],
    [
      0.8375179171562195,
      0.026516450569033623,
      0.1359662115573883
    ],
    [
      0.2764330804347992,
      0.16435818374156952,
      0.5592082738876343
    ],
    [
      0.7039867639541626,
      0.14465521275997162,
      0.15135815739631653
    ],
    [
      0.7846959829330444,
      0.15297573804855347,
      0.0623282864689827
    ],
    [
      0.09199192374944687,
      0.042143892496824265,
      0.8658632636070251
    ],
    [
      0.7071486115455627,
      0.0942685604095459,
      0.19858263432979584
    ],
    [
      0.21077130734920502,
      0.10997872799634933,
      0.6792506575584412
    ],
    [
      0.18520709872245789,
      0.4660108983516693,
      0.348781943321228
    ],
    [
      0.749176025390625,
      0.13544918596744537,
      0.11537432670593262
    ],
    [
      0.3835388123989105,
      0.46867188811302185,
      0.1477893739938736
    ],
    [
      0.5990878939628601,
      0.28502872586250305,
      0.11588418483734131
    ],
    [
      0.5722202658653259,
      0.37648990750312805,
      0.05128985270857811
    ],
    [
      0.389326274394989,
      0.2806755602359772,
      0.32999855279922485
    ],
    [
      0.6986932754516602,
      0.22096320986747742,
      0.08034330606460571
    ],
    [
      0.2066171020269394,
      0.3505631387233734,
      0.44281986355781555
    ],
    [
      0.15025991201400757,
      0.027413921430706978,
      0.8223267197608948
    ],
    [
      0.6160598993301392,
      0.0819353312253952,
      0.3020057678222656
    ],
    [
      0.1706477552652359,
      0.7239143252372742,
      0.10543788969516754
    ],
    [
      0.2661707401275635,
      0.058317236602306366,
      0.6755120158195496
    ],
    [
      0.0677681565284729,
      0.7338848114013672,
      0.1983465999364853
    ],
    [
      0.11340411007404327,
      0.7019038200378418,
      0.18469229340553284
    ],
    [
      0.40977445244789124,
      0.4950777292251587,
      0.09514828026294708
    ],
    [
      0.18486541509628296,
      0.28480252623558044,
      0.5303323268890381
    ],
    [
      0.5572716593742371,
      0.30611154437065125,
      0.1366172432899475
    ],
    [
      0.35232463479042053,
      0.4996181130409241,
      0.14805728197097778
    ],
    [
      0.7620198130607605,
      0.15244269371032715,
      0.08553732931613922
    ],
    [
      0.11920016258955002,
      0.1643959879875183,
      0.7164042592048645
    ],
    [
      0.35819610953330994,
      0.44089263677597046,
      0.2009115219116211
    ],
    [
      0.1671409159898758,
      0.16022472083568573,
      0.6726348996162415
    ],
    [
      0.2095072865486145,
      0.6769276857376099,
      0.1135648712515831
    ],
    [
      0.14907798171043396,
      0.741738498210907,
      0.10918323695659637
    ],
    [
      0.2047514021396637,
      0.1371629387140274,
      0.658085286617279
    ],
    [
      0.8080410361289978,
      0.12770327925682068,
      0.0642550140619278
    ],
    [
      0.4041701853275299,
      0.5222014784812927,
      0.0736287385225296
    ],
    [
      0.6920990943908691,
      0.2275496870279312,
      0.08035120368003845
    ],
    [
      0.7581576704978943,
      0.13878729939460754,
      0.10305437445640564
    ],
    [
      0.41142088174819946,
      0.5119288563728333,
      0.07665020227432251
    ],
    [
      0.4491007626056671,
      0.2109561562538147,
      0.3399430513381958
    ],
    [
      0.4461691379547119,
      0.1489192247390747,
      0.40491148829460144
    ],
    [
      0.34879863262176514,
      0.37868285179138184,
      0.27251893281936646
    ],
    [
      0.04007327929139137,
      0.41661784052848816,
      0.5433086156845093
    ],
    [
      0.37740761041641235,
      0.16538019478321075,
      0.45721277594566345
    ],
    [
      0.041853778064250946,
      0.3200620412826538,
      0.6380839347839355
    ],
    [
      0.4138912260532379,
      0.20318038761615753,
      0.3829287886619568
    ]
  ],