{
  "N": 112800,
  "usage": [
    0.4251948595046997,
    0.26492395997047424,
    0.30988121032714844
  ],
  "entropy_mean": 0.7340208292007446,
  "entropy_std": 0.25033679604530334,
  "top1_share": [
    0.45975178480148315,
    0.23163120448589325,
    0.3086170256137848
  ],
  "P_expert_given_class": [
    [
      0.49275583028793335,
      0.34930089116096497,
      0.1579430252313614
    ],
    [
      0.10409536212682724,
      0.018844857811927795,
      0.8770597577095032
    ],
    [
      0.8221935033798218,
      0.11107135564088821,
      0.0667354166507721
    ],
    [
      0.8169761896133423,
      0.027087755501270294,
      0.15593667328357697
    ],
    [
      0.35419541597366333,
      0.15623143315315247,
      0.48957300186157227
    ],
    [
      0.7398678064346313,
      0.12076681852340698,
      0.13936549425125122
    ],
    [
      0.7775423526763916,
      0.16782772541046143,
      0.05462968349456787
    ],
    [
      0.12260204553604126,
      0.039759427309036255,
      0.837638795375824
    ],
    [
      0.6710414886474609,
      0.13060548901557922,
      0.19835272431373596
    ],
    [
      0.27947598695755005,
      0.09388740360736847,
      0.6266359090805054
    ],
    [
      0.21727341413497925,
      0.4118953049182892,
      0.37083151936531067
    ],
    [
      0.7068182826042175,
      0.14787557721138,
      0.14530512690544128
    ],
    [
      0.42893823981285095,
      0.4035208821296692,
      0.16754087805747986
    ],
    [
      0.629215657711029,
      0.2435954213142395,
      0.12718884646892548
    ],
    [
      0.5157182216644287,
      0.43128371238708496,
      0.05299900844693184
    ],
    [
      0.43192246556282043,
      0.26010239124298096,
      0.30797505378723145
    ],
    [
      0.7880240082740784,
      0.13111013174057007,
      0.08086671680212021
    ],
    [
      0.2753522992134094,
      0.2873091995716095,
      0.4373391270637512
    ],
    [
      0.16497476398944855,
      0.0297738928347826,
      0.8052522540092468
    ],
    [
      0.6301729679107666,
      0.07651827484369278,
      0.2933095693588257
    ],
    [
      0.18504488468170166,
      0.721955418586731,
      0.0929994285106659
    ],
    [
      0.28448739647865295,
      0.053121622651815414,
      0.6623902916908264
    ],
    [
      0.08606234192848206,
      0.7102688550949097,
      0.20366881787776947
    ],
    [
      0.14244042336940765,
      0.6436536312103271,
      0.21390622854232788
    ],
    [
      0.43703344464302063,
      0.44511398673057556,
      0.11785311251878738
    ],
    [
      0.22811363637447357,
      0.24137111008167267,
      0.5305162072181702
    ],
    [
      0.5991607904434204,
      0.2496652454137802,
      0.1511749029159546
    ],
    [
      0.30985885858535767,
      0.5400872826576233,
      0.15005365014076233
    ],
    [
      0.7906342148780823,
      0.1287795454263687,
      0.08058659732341766
    ],
    [
      0.17689168453216553,
      0.16179440915584564,
      0.6613137125968933
    ],
    [
      0.43406999111175537,
      0.3597142994403839,
      0.2062162458896637
    ],
    [
      0.18642395734786987,
      0.1805705577135086,
      0.6330051422119141
    ],
    [
      0.28027862310409546,
      0.5666567087173462,
      0.1530647873878479
    ],
    [
      0.17073847353458405,
      0.7088460922241211,
      0.1204158291220665
    ],
    [
      0.23129527270793915,
      0.15422546863555908,
      0.6144790649414062
    ],
    [
      0.7663020491600037,
      0.16508497297763824,
      0.06861323118209839
    ],
    [
      0.47120848298072815,
      0.43471425771713257,
      0.09407713264226913
    ],
    [
      0.7084013223648071,
      0.21673482656478882,
      0.0748644545674324
    ],
    [
      0.7685825824737549,
      0.10968586057424545,
      0.1217322126030922
    ],
    [
      0.42699071764945984,
      0.4830072522163391,
      0.09000245481729507
    ],
    [
      0.5084130167961121,
      0.19461588561534882,
      0.29697149991989136
    ],
    [
      0.4765077233314514,
      0.11908622831106186,
      0.4044056236743927
    ],
    [
      0.37893638014793396,
      0.34392938017845154,
      0.2771335244178772
    ],
    [
      0.05523068085312843,
      0.2975386083126068,
      0.6472294926643372
    ],
    [
      0.40863531827926636,
      0.14010199904441833,
      0.4512630105018616
    ],
    [
      0.05535879731178284,
      0.2393641620874405,
      0.7052767872810364
    ],
    [
      0.44790518283843994,
      0.2033708244562149,
      0.3487238585948944
    ]
  ],