{
  "N": 112800,
  "usage": [
    0.4215048551559448,
    0.27105632424354553,
    0.30743885040283203
  ],
  "entropy_mean": 0.7328187227249146,
  "entropy_std": 0.2507316470146179,
  "top1_share": [
    0.4568882882595062,
    0.23890957236289978,
    0.304202139377594
  ],
  "P_expert_given_class": [
    [
      0.4752526879310608,
      0.37230953574180603,
      0.15243719518184662
    ],
    [
      0.09766250848770142,
      0.018503747880458832,
      0.8838337063789368
    ],
    [
      0.8248221278190613,
      0.11109492927789688,
      0.06408288329839706
    ],
    [
      0.8251201510429382,
      0.02633540891110897,
      0.1485436111688614
    ],
    [
      0.34509629011154175,
      0.1515830010175705,
      0.5033217072486877
    ],
    [
      0.7179250121116638,
      0.13728874921798706,
      0.1447860449552536
    ],
    [
      0.7753145098686218,
      0.16898012161254883,
      0.05570484697818756
    ],
    [
      0.11023389548063278,
      0.03792175278067589,
      0.8518441915512085
    ],
    [
      0.6806452870368958,
      0.12082819640636444,
      0.1985263079404831
    ],
    [
      0.2727770507335663,
      0.09014346450567245,
      0.6370795965194702
    ],
    [
      0.20757997035980225,
      0.4360642433166504,
      0.3563558757305145
    ],
    [
      0.7198221683502197,
      0.14182652533054352,
      0.1383521854877472
    ],
    [
      0.43232467770576477,
      0.4088291823863983,
      0.15884630382061005
    ],
    [
      0.6212750673294067,
      0.25734466314315796,
      0.12137997895479202
    ],
    [
      0.5308106541633606,
      0.419343501329422,
      0.049846503883600235
    ],
    [
      0.43398693203926086,
      0.26487287878990173,
      0.3011394739151001
    ],
    [
      0.7689842581748962,
      0.14816857874393463,
      0.0828472375869751
    ],
    [
      0.2625753879547119,
      0.30331772565841675,
      0.4341064989566803
    ],
    [
      0.16372588276863098,
      0.02870924025774002,
      0.8075648546218872
    ],
    [
      0.6349579691886902,
      0.0787203460931778,
      0.2863222360610962
    ],
    [
      0.1895991414785385,
      0.7144805788993835,
      0.09592001885175705
    ],
    [
      0.2821214497089386,
      0.054775040596723557,
      0.6631043553352356
    ],
    [
      0.0778840109705925,
      0.7305876612663269,
      0.1915283501148224
    ],
    [
      0.13344945013523102,
      0.6699336171150208,
      0.19661670923233032
    ],
    [
      0.4234541058540344,
      0.46712392568588257,
      0.10942158848047256
    ],
    [
      0.22576019167900085,
      0.24588130414485931,
      0.5283579230308533
    ],
    [
      0.5912015438079834,
      0.2578594982624054,
      0.15093940496444702
    ],
    [
      0.32828575372695923,
      0.5248810052871704,
      0.1468338966369629
    ],
    [
      0.7711398005485535,
      0.1450812965631485,
      0.08377930521965027
    ],
    [
      0.15960384905338287,
      0.17266061902046204,
      0.6677351593971252
    ],
    [
      0.4230159521102905,
      0.375830739736557,
      0.2011534571647644
    ],
    [
      0.1832604855298996,
      0.17559656500816345,
      0.641143262386322
    ],
    [
      0.27006763219833374,
      0.5906395316123962,
      0.13929298520088196
    ],
    [
      0.15610681474208832,
      0.7251272797584534,
      0.11876589804887772
    ],
    [
      0.22860278189182281,
      0.15251237154006958,
      0.6188852190971375
    ],
    [
      0.7781000137329102,
      0.15567094087600708,
      0.06622926145792007
    ],
    [
      0.4642200171947479,
      0.44961869716644287,
      0.08616220951080322
    ],
    [
      0.710690438747406,
      0.21746602654457092,
      0.07184377312660217
    ],
    [
      0.7682870626449585,
      0.11305863410234451,
      0.11865422874689102
    ],
    [
      0.4355565309524536,
      0.4771496057510376,
      0.08729316294193268
    ],
    [
      0.5055528283119202,
      0.1985575258731842,
      0.29588955640792847
    ],
    [
      0.47799912095069885,
      0.11875739693641663,
      0.40324386954307556
    ],
    [
      0.3719770312309265,
      0.35695284605026245,
      0.2710714340209961
    ],
    [
      0.05032166838645935,
      0.3327707052230835,
      0.6169074177742004
    ],
    [
      0.4087487459182739,
      0.1403992474079132,
      0.4508516490459442
    ],
    [
      0.05144696682691574,
      0.2530854344367981,
      0.6954677104949951
    ],
    [
      0.4433841407299042,
      0.2010032683610916,
      0.3556123971939087
    ]
  ],