{
  "N": 112800,
  "usage": [
    0.40661999583244324,
    0.28566476702690125,
    0.3077152967453003
  ],
  "entropy_mean": 0.7297568917274475,
  "entropy_std": 0.2512695789337158,
  "top1_share": [
    0.43652480840682983,
    0.2604610025882721,
    0.30301418900489807
  ],
  "P_expert_given_class": [
    [
      0.4636576771736145,
      0.4042398929595947,
      0.13210242986679077
    ],
    [
      0.08496533334255219,
      0.015174775384366512,
      0.8998597264289856
    ],
    [
      0.8255146145820618,
      0.11323979496955872,
      0.061246294528245926
    ],
    [
      0.8338767290115356,
      0.026390381157398224,
      0.13973282277584076
    ],
    [
      0.2981843650341034,
      0.16385769844055176,
      0.5379583835601807
    ],
    [
      0.6937847137451172,
      0.15084244310855865,
      0.155372753739357
    ],
    [
      0.7834532856941223,
      0.1538160890340805,
      0.06273024529218674
    ],
    [
      0.10087834298610687,
      0.044487494975328445,
      0.8546341061592102
    ],
    [
      0.7077102065086365,
      0.1035759299993515,
      0.18871381878852844
    ],
    [
      0.22258928418159485,
      0.11269202083349228,
      0.6647182703018188
    ],
    [
      0.20596708357334137,
      0.45330801606178284,
      0.34072500467300415
    ],
    [
      0.7414687871932983,
      0.13904275000095367,
      0.1194881796836853
    ],
    [
      0.40012505650520325,
      0.45877155661582947,
      0.14110352098941803
    ],
    [
      0.6130490899085999,
      0.2756906747817993,
      0.11126001924276352
    ],
    [
      0.5679651498794556,
      0.38370171189308167,
      0.04833341762423515
    ],
    [
      0.3929220139980316,
      0.27659329771995544,
      0.3304850459098816
    ],
    [
      0.713058590888977,
      0.21047936379909515,
      0.07646255195140839
    ],
    [
      0.2303985357284546,
      0.34164661169052124,
      0.42795491218566895
    ],
    [
      0.15898999571800232,
      0.02872629463672638,
      0.8122831583023071
    ],
    [
      0.6162837743759155,
      0.08029211312532425,
      0.3034234642982483
    ],
    [
      0.17186476290225983,
      0.7280369997024536,
      0.10009824484586716
    ],
    [
      0.27651581168174744,
      0.05388588085770607,
      0.6695979237556458
    ],
    [
      0.07651065289974213,
      0.733024537563324,
      0.19046549499034882
    ],
    [
      0.12151999026536942,
      0.6892932653427124,
      0.18918663263320923
    ],
    [
      0.4187000095844269,
      0.4870522618293762,
      0.09424817562103271
    ],
    [
      0.19956745207309723,
      0.27801841497421265,
      0.5224133133888245
    ],
    [
      0.5691027641296387,
      0.29461678862571716,
      0.13628070056438446
    ],
    [
      0.3580210506916046,
      0.4996085464954376,
      0.14237070083618164
    ],
    [
      0.7527260184288025,
      0.16303081810474396,
      0.08424297720193863
    ],
    [
      0.1345025897026062,
      0.17071357369422913,
      0.6947841644287109
    ],
    [
      0.36954572796821594,
      0.41055288910865784,
      0.2199012190103531
    ],
    [
      0.16699394583702087,
      0.16103985905647278,
      0.6719655394554138
    ],
    [
      0.21980634331703186,
      0.657228410243988,
      0.12296555936336517
    ],
    [
      0.13923919200897217,
      0.7575066685676575,
      0.10325442999601364
    ],
    [
      0.2063860148191452,
      0.14015106856822968,
      0.6534640192985535
    ],
    [
      0.8047000169754028,
      0.1270972341299057,
      0.06820273399353027
    ],
    [
      0.41131916642189026,
      0.5150013566017151,
      0.07367976009845734
    ],
    [
      0.6955477595329285,
      0.22701647877693176,
      0.07743561267852783
    ],
    [
      0.7577208280563354,
      0.13122224807739258,
      0.11105751991271973
    ],
    [
      0.4243985116481781,
      0.4956607520580292,
      0.07994066923856735
    ],
    [
      0.45391249656677246,
      0.20748887956142426,
      0.3385987877845764
    ],
    [
      0.4579225778579712,
      0.14318524301052094,
      0.398892343044281
    ],
    [
      0.36061927676200867,
      0.3695206046104431,
      0.2698594927787781
    ],
    [
      0.045813318341970444,
      0.38377416133880615,
      0.5704124569892883
    ],
    [
      0.3876434862613678,
      0.16340865194797516,
      0.448947548866272
    ],
    [
      0.047250304371118546,
      0.30378878116607666,
      0.6489609479904175
    ],
    [
      0.4284467101097107,
      0.19875137507915497,
      0.3728015124797821
    ]
  ],