{
  "N": 112800,
  "usage": [
    0.43708163499832153,
    0.24458828568458557,
    0.3183300793170929
  ],
  "entropy_mean": 0.7269675135612488,
  "entropy_std": 0.264516681432724,
  "top1_share": [
    0.4757358133792877,
    0.20536348223686218,
    0.3189007043838501
  ],
  "P_expert_given_class": [
    [
      0.5133442878723145,
      0.26718956232070923,
      0.21946626901626587
    ],
    [
      0.10376822203397751,
      0.03839483857154846,
      0.8578367829322815
    ],
    [
      0.8391340374946594,
      0.09104780852794647,
      0.06981885433197021
    ],
    [
      0.8174699544906616,
      0.02816876955330372,
      0.15436211228370667
    ],
    [
      0.3973883092403412,
      0.14541007578372955,
      0.4572017788887024
    ],
    [
      0.7756437659263611,
      0.12326071411371231,
      0.10109548270702362
    ],
    [
      0.8141482472419739,
      0.12820565700531006,
      0.05764708295464516
    ],
    [
      0.14545531570911407,
      0.056272950023412704,
      0.7982705235481262
    ],
    [
      0.6688247323036194,
      0.11572492122650146,
      0.21545079350471497
    ],
    [
      0.31460070610046387,
      0.09884043037891388,
      0.5865584015846252
    ],
    [
      0.2653389871120453,
      0.34773996472358704,
      0.3869209885597229
    ],
    [
      0.7157898545265198,
      0.12616907060146332,
      0.15804030001163483
    ],
    [
      0.4075179398059845,
      0.3595070540904999,
      0.23297525942325592
    ],
    [
      0.6380912065505981,
      0.20739740133285522,
      0.15451158583164215
    ],
    [
      0.4715309739112854,
      0.45469656586647034,
      0.07377243041992188
    ],
    [
      0.44658222794532776,
      0.267943799495697,
      0.28547364473342896
    ],
    [
      0.8519219756126404,
      0.07434200495481491,
      0.07373593747615814
    ],
    [
      0.3253045976161957,
      0.2178012579679489,
      0.4568934738636017
    ],
    [
      0.1640005260705948,
      0.050389889627695084,
      0.7856086492538452
    ],
    [
      0.6151303052902222,
      0.1010628193616867,
      0.28380677103996277
    ],
    [
      0.18890826404094696,
      0.6954178810119629,
      0.11567385494709015
    ],
    [
      0.27786576747894287,
      0.07922378927469254,
      0.6429107189178467
    ],
    [
      0.09031704813241959,
      0.61158287525177,
      0.2981000542640686
    ],
    [
      0.1443108767271042,
      0.608309805393219,
      0.24737919867038727
    ],
    [
      0.45816707611083984,
      0.3637363910675049,
      0.17809683084487915
    ],
    [
      0.23973673582077026,
      0.22316382825374603,
      0.5370994806289673
    ],
    [
      0.6374554634094238,
      0.21069684624671936,
      0.15184684097766876
    ],
    [
      0.27952831983566284,
      0.5468899011611938,
      0.17358267307281494
    ],
    [
      0.8235465884208679,
      0.11407623440027237,
      0.06237843260169029
    ],
    [
      0.1574384868144989,
      0.18875065445899963,
      0.6538107991218567
    ],
    [
      0.41738173365592957,
      0.3455706834793091,
      0.23704715073108673
    ],
    [
      0.18107058107852936,
      0.20166431367397308,
      0.617264986038208
    ],
    [
      0.3057149648666382,
      0.5003450512886047,
      0.19394001364707947
    ],
    [
      0.1363408863544464,
      0.6934217810630798,
      0.17023733258247375
    ],
    [
      0.19384053349494934,
      0.17755039036273956,
      0.6286090612411499
    ],
    [
      0.7489189505577087,
      0.1654701977968216,
      0.08561062812805176
    ],
    [
      0.5201748609542847,
      0.3685317039489746,
      0.11129359155893326
    ],
    [
      0.7617074847221375,
      0.16016310453414917,
      0.07813046872615814
    ],
    [
      0.7827305197715759,
      0.08983830362558365,
      0.12743166089057922
    ],
    [
      0.41699695587158203,
      0.46678411960601807,
      0.11621937900781631
    ],
    [
      0.5645880103111267,
      0.18561482429504395,
      0.24979710578918457
    ],
    [
      0.4961446523666382,
      0.11284182220697403,
      0.39101293683052063
    ],
    [
      0.4423367381095886,
      0.2790767252445221,
      0.278587281703949
    ],
    [
      0.04799053817987442,
      0.2395932823419571,
      0.7124164700508118
    ],
    [
      0.4348621070384979,
      0.13216917216777802,
      0.4329695999622345
    ],
    [
      0.052461352199316025,
      0.23306383192539215,
      0.7144742608070374
    ],
    [
      0.45132049918174744,
      0.2025378942489624,
      0.3461415469646454
    ]
  ],