{
  "N": 112800,
  "usage": [
    0.41509249806404114,
    0.2749007046222687,
    0.3100067973136902
  ],
  "entropy_mean": 0.7340571880340576,
  "entropy_std": 0.2513141334056854,
  "top1_share": [
    0.4515514075756073,
    0.24588651955127716,
    0.30256205797195435
  ],
  "P_expert_given_class": [
    [
      0.4761015772819519,
      0.3899250328540802,
      0.13397318124771118
    ],
    [
      0.08834986388683319,
      0.015925152227282524,
      0.8957250714302063
    ],
    [
      0.8209084868431091,
      0.11489617824554443,
      0.06419441103935242
    ],
    [
      0.8380014300346375,
      0.02476402372121811,
      0.13723395764827728
    ],
    [
      0.32952404022216797,
      0.15340982377529144,
      0.5170654058456421
    ],
    [
      0.6996610760688782,
      0.14200152456760406,
      0.15833789110183716
    ],
    [
      0.7819071412086487,
      0.15416330099105835,
      0.06393060088157654
    ],
    [
      0.10137643665075302,
      0.04041193798184395,
      0.85821133852005
    ],
    [
      0.6952083110809326,
      0.11314097046852112,
      0.1916518211364746
    ],
    [
      0.24830108880996704,
      0.09107338637113571,
      0.6606248021125793
    ],
    [
      0.2083749771118164,
      0.44907471537590027,
      0.34255024790763855
    ],
    [
      0.733383059501648,
      0.13639213144779205,
      0.13022491335868835
    ],
    [
      0.4225192368030548,
      0.42876169085502625,
      0.14871959388256073
    ],
    [
      0.6246815323829651,
      0.2657089829444885,
      0.10960961878299713
    ],
    [
      0.5560390949249268,
      0.38953927159309387,
      0.05442172288894653
    ],
    [
      0.41693711280822754,
      0.25989875197410583,
      0.3231643736362457
    ],
    [
      0.7418867349624634,
      0.16776956617832184,
      0.0903443992137909
    ],
    [
      0.25307145714759827,
      0.3187020719051361,
      0.42822667956352234
    ],
    [
      0.15946541726589203,
      0.02717084251344204,
      0.8133640289306641
    ],
    [
      0.6238372325897217,
      0.07982239127159119,
      0.2963404655456543
    ],
    [
      0.19424943625926971,
      0.703475832939148,
      0.10227426886558533
    ],
    [
      0.27677544951438904,
      0.051329366862773895,
      0.6718956232070923
    ],
    [
      0.07178450375795364,
      0.7357411980628967,
      0.19247326254844666
    ],
    [
      0.12284649908542633,
      0.6787420511245728,
      0.1984120011329651
    ],
    [
      0.42631644010543823,
      0.477714478969574,
      0.09596932679414749
    ],
    [
      0.22092480957508087,
      0.2620081901550293,
      0.5170668363571167
    ],
    [
      0.5812784433364868,
      0.26907584071159363,
      0.14964604377746582
    ],
    [
      0.34394827485084534,
      0.5150137543678284,
      0.1410384625196457
    ],
    [
      0.7600913047790527,
      0.1496008336544037,
      0.09030722826719284
    ],
    [
      0.14363493025302887,
      0.1695401817560196,
      0.68682461977005
    ],
    [
      0.40925881266593933,
      0.39262518286705017,
      0.19811594486236572
    ],
    [
      0.16850274801254272,
      0.16908735036849976,
      0.6624099612236023
    ],
    [
      0.24675944447517395,
      0.6145832538604736,
      0.13865700364112854
    ],
    [
      0.15093126893043518,
      0.7367269396781921,
      0.11234161257743835
    ],
    [
      0.2187720239162445,
      0.14033114910125732,
      0.6408971548080444
    ],
    [
      0.775675892829895,
      0.15280599892139435,
      0.07151824980974197
    ],
    [
      0.4465786814689636,
      0.47286489605903625,
      0.08055715262889862
    ],
    [
      0.6966453790664673,
      0.22514310479164124,
      0.07821202278137207
    ],
    [
      0.7546412944793701,
      0.12316258996725082,
      0.12219595909118652
    ],
    [
      0.42722466588020325,
      0.48372209072113037,
      0.08905351907014847
    ],
    [
      0.4771060049533844,
      0.19587096571922302,
      0.327022522687912
    ],
    [
      0.4733327329158783,
      0.12569695711135864,
      0.4009702205657959
    ],
    [
      0.3727841377258301,
      0.3477473556995392,
      0.2794688642024994
    ],
    [
      0.047767408192157745,
      0.35486510396003723,
      0.5973670482635498
    ],
    [
      0.39807289838790894,
      0.1468612104654312,
      0.4550657570362091
    ],
    [
      0.0527057871222496,
      0.2637139856815338,
      0.6835795044898987
    ],
    [
      0.43120497465133667,
      0.1997300386428833,
      0.36906519532203674
    ]
  ],