{
  "N": 112800,
  "usage": [
    0.39606279134750366,
    0.29619351029396057,
    0.3077436685562134
  ],
  "entropy_mean": 0.7227376699447632,
  "entropy_std": 0.25451231002807617,
  "top1_share": [
    0.4192730486392975,
    0.28215426206588745,
    0.29857268929481506
  ],
  "P_expert_given_class": [
    [
      0.43184030055999756,
      0.4351453185081482,
      0.1330142617225647
    ],
    [
      0.07595966756343842,
      0.013787616044282913,
      0.910251796245575
    ],
    [
      0.8229212164878845,
      0.11838887631893158,
      0.05868992581963539
    ],
    [
      0.8477601408958435,
      0.025618402287364006,
      0.1266220510005951
    ],
    [
      0.25831374526023865,
      0.19043363630771637,
      0.5512528419494629
    ],
    [
      0.7198432683944702,
      0.13292743265628815,
      0.14722974598407745
    ],
    [
      0.7743622064590454,
      0.1553206741809845,
      0.07031700015068054
    ],
    [
      0.08693162351846695,
      0.04564487561583519,
      0.8674225807189941
    ],
    [
      0.7299154996871948,
      0.08137740939855576,
      0.18870750069618225
    ],
    [
      0.1861466020345688,
      0.12411457300186157,
      0.689738392829895
    ],
    [
      0.18182048201560974,
      0.4849061667919159,
      0.333273321390152
    ],
    [
      0.7586154937744141,
      0.1320272535085678,
      0.10935842990875244
    ],
    [
      0.3808855414390564,
      0.4740046560764313,
      0.14510947465896606
    ],
    [
      0.5955175161361694,
      0.29459095001220703,
      0.10989102721214294
    ],
    [
      0.5919622778892517,
      0.3585738241672516,
      0.04946419224143028
    ],
    [
      0.39625847339630127,
      0.27722984552383423,
      0.32651183009147644
    ],
    [
      0.6741787791252136,
      0.25233060121536255,
      0.07349134236574173
    ],
    [
      0.20584110915660858,
      0.35269081592559814,
      0.4414677023887634
    ],
    [
      0.14759935438632965,
      0.030052147805690765,
      0.8223479986190796
    ],
    [
      0.629241406917572,
      0.08281219005584717,
      0.28794634342193604
    ],
    [
      0.17338243126869202,
      0.7128793001174927,
      0.11373845487833023
    ],
    [
      0.2579817771911621,
      0.06180791184306145,
      0.6802099347114563
    ],
    [
      0.06304345279932022,
      0.737170398235321,
      0.19978561997413635
    ],
    [
      0.1204952746629715,
      0.6935535669326782,
      0.18595100939273834
    ],
    [
      0.3908337950706482,
      0.512887716293335,
      0.09627796709537506
    ],
    [
      0.1820487380027771,
      0.3071962594985962,
      0.5107551217079163
    ],
    [
      0.5426694750785828,
      0.33222901821136475,
      0.12510144710540771
    ],
    [
      0.3582704961299896,
      0.49637293815612793,
      0.14535650610923767
    ],
    [
      0.7639448642730713,
      0.14862854778766632,
      0.08742687106132507
    ],
    [
      0.1070658266544342,
      0.1633126586675644,
      0.7296212315559387
    ],
    [
      0.3229335844516754,
      0.4615112245082855,
      0.21555504202842712
    ],
    [
      0.15505613386631012,
      0.16853490471839905,
      0.676408588886261
    ],
    [
      0.18975694477558136,
      0.7049092650413513,
      0.10533418506383896
    ],
    [
      0.16312040388584137,
      0.7288504838943481,
      0.10802952945232391
    ],
    [
      0.18462765216827393,
      0.14170320332050323,
      0.673668384552002
    ],
    [
      0.810608983039856,
      0.12672758102416992,
      0.06266362965106964
    ],
    [
      0.3584737777709961,
      0.5711702704429626,
      0.07035557925701141
    ],
    [
      0.6881200671195984,
      0.23232564330101013,
      0.07955455780029297
    ],
    [
      0.7598960995674133,
      0.14837466180324554,
      0.0917290523648262
    ],
    [
      0.4136315882205963,
      0.5141454339027405,
      0.07222343981266022
    ],
    [
      0.4530973732471466,
      0.21438542008399963,
      0.3325170874595642
    ],
    [
      0.43689200282096863,
      0.15964721143245697,
      0.403460830450058
    ],
    [
      0.3443686068058014,
      0.38570481538772583,
      0.2699267566204071
    ],
    [
      0.039069678634405136,
      0.4452672302722931,
      0.5156633257865906
    ],
    [
      0.371059775352478,
      0.18140563368797302,
      0.4475347399711609
    ],
    [
      0.04300035536289215,
      0.3135600984096527,
      0.6434394717216492
    ],
    [
      0.42559361457824707,
      0.19485634565353394,
      0.3795495927333832
    ]
  ],