{
  "N": 112800,
  "usage": [
    0.44482293725013733,
    0.23127374053001404,
    0.323903352022171
  ],
  "entropy_mean": 0.7216351628303528,
  "entropy_std": 0.26235231757164,
  "top1_share": [
    0.4927748143672943,
    0.18340425193309784,
    0.32382091879844666
  ],
  "P_expert_given_class": [
    [
      0.5183553695678711,
      0.24345757067203522,
      0.23818764090538025
    ],
    [
      0.10340265929698944,
      0.04481915384531021,
      0.8517779111862183
    ],
    [
      0.8412792682647705,
      0.08455050736665726,
      0.07417108118534088
    ],
    [
      0.8102361559867859,
      0.028750162571668625,
      0.16101355850696564
    ],
    [
      0.41349297761917114,
      0.12936753034591675,
      0.45713937282562256
    ],
    [
      0.7780017256736755,
      0.12020038813352585,
      0.1017979085445404
    ],
    [
      0.8252647519111633,
      0.11130235344171524,
      0.06343262642621994
    ],
    [
      0.16304810345172882,
      0.06196662411093712,
      0.7749850749969482
    ],
    [
      0.6613743305206299,
      0.11453092098236084,
      0.22409507632255554
    ],
    [
      0.3325972259044647,
      0.08946510404348373,
      0.577937662601471
    ],
    [
      0.30512040853500366,
      0.30791619420051575,
      0.3869631588459015
    ],
    [
      0.7156985402107239,
      0.11816070228815079,
      0.16614080965518951
    ],
    [
      0.40623125433921814,
      0.3486223816871643,
      0.24514609575271606
    ],
    [
      0.6404667496681213,
      0.1890244483947754,
      0.17050884664058685
    ],
    [
      0.4970957338809967,
      0.41997918486595154,
      0.08292510360479355
    ],
    [
      0.45519760251045227,
      0.25914865732192993,
      0.2856537997722626
    ],
    [
      0.8634326457977295,
      0.058880534023046494,
      0.07768791913986206
    ],
    [
      0.35976365208625793,
      0.19130218029022217,
      0.4489336609840393
    ],
    [
      0.1621323674917221,
      0.05669046565890312,
      0.7811775207519531
    ],
    [
      0.6109604239463806,
      0.09936967492103577,
      0.28966912627220154
    ],
    [
      0.18477608263492584,
      0.6907399296760559,
      0.12448392063379288
    ],
    [
      0.2753390371799469,
      0.08244983106851578,
      0.6422106623649597
    ],
    [
      0.0983729138970375,
      0.567186713218689,
      0.3344404399394989
    ],
    [
      0.14637301862239838,
      0.6046485304832458,
      0.2489776909351349
    ],
    [
      0.47028848528862,
      0.34280267357826233,
      0.18690858781337738
    ],
    [
      0.26257723569869995,
      0.20481045544147491,
      0.5326125025749207
    ],
    [
      0.6714361310005188,
      0.17663662135601044,
      0.1519259810447693
    ],
    [
      0.290765643119812,
      0.5328001976013184,
      0.17643362283706665
    ],
    [
      0.8287069201469421,
      0.10732676088809967,
      0.06396665424108505
    ],
    [
      0.15991580486297607,
      0.19542904198169708,
      0.6446554064750671
    ],
    [
      0.429796040058136,
      0.31879088282585144,
      0.25141292810440063
    ],
    [
      0.16349779069423676,
      0.18218031525611877,
      0.6543213129043579
    ],
    [
      0.33049851655960083,
      0.4547543227672577,
      0.2147475928068161
    ],
    [
      0.10326526314020157,
      0.7012872695922852,
      0.1954473853111267
    ],
    [
      0.18053583800792694,
      0.16101044416427612,
      0.6584529876708984
    ],
    [
      0.7368901371955872,
      0.16513800621032715,
      0.09797193855047226
    ],
    [
      0.5418464541435242,
      0.3405105471611023,
      0.11764384061098099
    ],
    [
      0.7800771594047546,
      0.13775573670864105,
      0.0821671262383461
    ],
    [
      0.784057080745697,
      0.07820279151201248,
      0.13773992657661438
    ],
    [
      0.44769877195358276,
      0.4343411326408386,
      0.1179601401090622
    ],
    [
      0.5858180522918701,
      0.17402657866477966,
      0.2401546984910965
    ],
    [
      0.5069790482521057,
      0.10280007123947144,
      0.39022117853164673
    ],
    [
      0.4700191617012024,
      0.2660157382488251,
      0.26396438479423523
    ],
    [
      0.05259447172284126,
      0.22323371469974518,
      0.7241724133491516
    ],
    [
      0.4452686607837677,
      0.12271267175674438,
      0.4320182204246521
    ],
    [
      0.05485725402832031,
      0.2285616248846054,
      0.7165809869766235
    ],
    [
      0.441275417804718,
      0.19620640575885773,
      0.3625181317329407
    ]
  ],