{
  "N": 112800,
  "usage": [
    0.4147582948207855,
    0.27403679490089417,
    0.3112049102783203
  ],
  "entropy_mean": 0.7315914630889893,
  "entropy_std": 0.2523941099643707,
  "top1_share": [
    0.4504166543483734,
    0.24601949751377106,
    0.30356383323669434
  ],
  "P_expert_given_class": [
    [
      0.47778183221817017,
      0.39010539650917053,
      0.1321134865283966
    ],
    [
      0.08999171108007431,
      0.01465042307972908,
      0.895358145236969
    ],
    [
      0.8241662383079529,
      0.11242281645536423,
      0.06341084092855453
    ],
    [
      0.840267539024353,
      0.023831091821193695,
      0.13590101897716522
    ],
    [
      0.3207706809043884,
      0.14900662004947662,
      0.53022301197052
    ],
    [
      0.7003723382949829,
      0.14028505980968475,
      0.15934298932552338
    ],
    [
      0.7843917012214661,
      0.15201427042484283,
      0.06359440833330154
    ],
    [
      0.10375531762838364,
      0.040962621569633484,
      0.8552814722061157
    ],
    [
      0.7008181214332581,
      0.10493665933609009,
      0.1942453384399414
    ],
    [
      0.24577641487121582,
      0.08996390551328659,
      0.6642599701881409
    ],
    [
      0.2046082317829132,
      0.44284510612487793,
      0.35254621505737305
    ],
    [
      0.7460115551948547,
      0.12816348671913147,
      0.1258244812488556
    ],
    [
      0.416707843542099,
      0.43609294295310974,
      0.14719830453395844
    ],
    [
      0.6195324659347534,
      0.27029260993003845,
      0.1101749911904335
    ],
    [
      0.5669171214103699,
      0.37710317969322205,
      0.05597929656505585
    ],
    [
      0.41336309909820557,
      0.2575359642505646,
      0.32910147309303284
    ],
    [
      0.7371893525123596,
      0.17875432968139648,
      0.08405666798353195
    ],
    [
      0.24109891057014465,
      0.32295021414756775,
      0.4359508156776428
    ],
    [
      0.16067743301391602,
      0.026486048474907875,
      0.8128366470336914
    ],
    [
      0.6179794073104858,
      0.08336113393306732,
      0.2986600697040558
    ],
    [
      0.1918032318353653,
      0.7048490643501282,
      0.10334830731153488
    ],
    [
      0.2793687582015991,
      0.04964035376906395,
      0.6709915399551392
    ],
    [
      0.07234460860490799,
      0.7332834005355835,
      0.19437137246131897
    ],
    [
      0.11990194767713547,
      0.6847656965255737,
      0.19533215463161469
    ],
    [
      0.43080031871795654,
      0.47376465797424316,
      0.09543532133102417
    ],
    [
      0.2159445732831955,
      0.26035642623901367,
      0.523698091506958
    ],
    [
      0.5767018795013428,
      0.2739892601966858,
      0.14930865168571472
    ],
    [
      0.3555392324924469,
      0.5001242160797119,
      0.1443355679512024
    ],
    [
      0.7587481737136841,
      0.15223239362239838,
      0.08901901543140411
    ],
    [
      0.14349152147769928,
      0.16965585947036743,
      0.6868524551391602
    ],
    [
      0.40005749464035034,
      0.3908655643463135,
      0.20907649397850037
    ],
    [
      0.16774845123291016,
      0.1642887443304062,
      0.6679638028144836
    ],
    [
      0.2403380125761032,
      0.6262694001197815,
      0.133392795920372
    ],
    [
      0.15961220860481262,
      0.7243554592132568,
      0.11603245139122009
    ],
    [
      0.21222464740276337,
      0.13507893681526184,
      0.6526963114738464
    ],
    [
      0.786237359046936,
      0.14123612642288208,
      0.07252680510282516
    ],
    [
      0.43919241428375244,
      0.4791244566440582,
      0.08168313652276993
    ],
    [
      0.7021457552909851,
      0.2238798588514328,
      0.07397449761629105
    ],
    [
      0.7582842707633972,
      0.12287891656160355,
      0.11883725225925446
    ],
    [
      0.43053746223449707,
      0.47761282324790955,
      0.0918499231338501
    ],
    [
      0.4696023166179657,
      0.19556745886802673,
      0.33483052253723145
    ],
    [
      0.47338226437568665,
      0.12372323125600815,
      0.40289491415023804
    ],
    [
      0.3675396740436554,
      0.36403316259384155,
      0.26842644810676575
    ],
    [
      0.046392522752285004,
      0.3615676462650299,
      0.5920398235321045
    ],
    [
      0.40094175934791565,
      0.1437571793794632,
      0.4553012549877167
    ],
    [
      0.04964837059378624,
      0.2672927975654602,
      0.6830591559410095
    ],
    [
      0.4329332113265991,
      0.19377176463603973,
      0.3732946217060089
    ]
  ],