{
  "N": 112800,
  "usage": [
    0.403192400932312,
    0.28944727778434753,
    0.30736029148101807
  ],
  "entropy_mean": 0.7350318431854248,
  "entropy_std": 0.24880288541316986,
  "top1_share": [
    0.43465426564216614,
    0.2648758888244629,
    0.30046984553337097
  ],
  "P_expert_given_class": [
    [
      0.4543970823287964,
      0.4112108647823334,
      0.1343914270401001
    ],
    [
      0.0867733508348465,
      0.016298161819577217,
      0.8969292044639587
    ],
    [
      0.8234908580780029,
      0.11562766879796982,
      0.06088125705718994
    ],
    [
      0.8282306790351868,
      0.027766278013586998,
      0.14400352537631989
    ],
    [
      0.282257616519928,
      0.17034409940242767,
      0.5473982691764832
    ],
    [
      0.6890674233436584,
      0.15445245802402496,
      0.1564805656671524
    ],
    [
      0.7762532830238342,
      0.16090483963489532,
      0.06284216046333313
    ],
    [
      0.1013626828789711,
      0.05021296814084053,
      0.848425030708313
    ],
    [
      0.7118859887123108,
      0.09596707671880722,
      0.1921469271183014
    ],
    [
      0.2142321765422821,
      0.11997303366661072,
      0.665794849395752
    ],
    [
      0.19178315997123718,
      0.4648225009441376,
      0.34339457750320435
    ],
    [
      0.7458927631378174,
      0.1339959055185318,
      0.12011174857616425
    ],
    [
      0.4038178026676178,
      0.45621827244758606,
      0.13996416330337524
    ],
    [
      0.6016107201576233,
      0.2831055819988251,
      0.11528351902961731
    ],
    [
      0.574695885181427,
      0.376516193151474,
      0.04878756031394005
    ],
    [
      0.39314326643943787,
      0.2867080569267273,
      0.3201480805873871
    ],
    [
      0.7056172490119934,
      0.2167816162109375,
      0.07760138064622879
    ],
    [
      0.21776044368743896,
      0.3464784324169159,
      0.43576163053512573
    ],
    [
      0.15741679072380066,
      0.031296927481889725,
      0.8112867474555969
    ],
    [
      0.6127867102622986,
      0.08467351645231247,
      0.30253908038139343
    ],
    [
      0.18228872120380402,
      0.7101431488990784,
      0.10756837576627731
    ],
    [
      0.26870661973953247,
      0.06191876158118248,
      0.6693748235702515
    ],
    [
      0.06734766811132431,
      0.7377616763114929,
      0.19489066302776337
    ],
    [
      0.11769864708185196,
      0.6866329312324524,
      0.1956687718629837
    ],
    [
      0.41124117374420166,
      0.4901457726955414,
      0.09861373901367188
    ],
    [
      0.19598107039928436,
      0.293950617313385,
      0.5100674033164978
    ],
    [
      0.563812792301178,
      0.29590335488319397,
      0.14028353989124298
    ],
    [
      0.35846948623657227,
      0.4938458204269409,
      0.14768439531326294
    ],
    [
      0.7515690326690674,
      0.16291150450706482,
      0.0855197086930275
    ],
    [
      0.12324830144643784,
      0.1826297491788864,
      0.6941218972206116
    ],
    [
      0.35932740569114685,
      0.4314523935317993,
      0.2092205435037613
    ],
    [
      0.17081288993358612,
      0.16198281943798065,
      0.667203962802887
    ],
    [
      0.21205686032772064,
      0.6644935607910156,
      0.12344931066036224
    ],
    [
      0.1569194346666336,
      0.7333118915557861,
      0.10976874083280563
    ],
    [
      0.20566821098327637,
      0.140581414103508,
      0.6537507176399231
    ],
    [
      0.8070946931838989,
      0.12728798389434814,
      0.06561655551195145
    ],
    [
      0.40256446599960327,
      0.5225011706352234,
      0.07493383437395096
    ],
    [
      0.6836555600166321,
      0.23918642103672028,
      0.07715632766485214
    ],
    [
      0.7610456347465515,
      0.13502411544322968,
      0.10393070429563522
    ],
    [
      0.4264878034591675,
      0.4974474012851715,
      0.07606466859579086
    ],
    [
      0.45353585481643677,
      0.2184998095035553,
      0.3279648423194885
    ],
    [
      0.44737324118614197,
      0.14870542287826538,
      0.4039217233657837
    ],
    [
      0.36429575085639954,
      0.37156492471694946,
      0.2641393542289734
    ],
    [
      0.040615636855363846,
      0.402651846408844,
      0.556732714176178
    ],
    [
      0.38055869936943054,
      0.16773544251918793,
      0.4517055153846741
    ],
    [
      0.045065268874168396,
      0.3112632632255554,
      0.6436716318130493
    ],
    [
      0.42012444138526917,
      0.21113425493240356,
      0.36874085664749146
    ]
  ],