{
  "N": 112800,
  "usage": [
    0.42936262488365173,
    0.25801244378089905,
    0.3126249313354492
  ],
  "entropy_mean": 0.7333484292030334,
  "entropy_std": 0.25588563084602356,
  "top1_share": [
    0.46507978439331055,
    0.221134752035141,
    0.31378546357154846
  ],
  "P_expert_given_class": [
    [
      0.5062381029129028,
      0.3015970289707184,
      0.1921643167734146
    ],
    [
      0.10798192024230957,
      0.029572222381830215,
      0.8624452948570251
    ],
    [
      0.8313685655593872,
      0.09907367080450058,
      0.06955795735120773
    ],
    [
      0.8214066624641418,
      0.02726379781961441,
      0.15132929384708405
    ],
    [
      0.377890944480896,
      0.1542762666940689,
      0.4678332507610321
    ],
    [
      0.7619606256484985,
      0.12756972014904022,
      0.11046981811523438
    ],
    [
      0.7840574979782104,
      0.15817002952098846,
      0.05777250975370407
    ],
    [
      0.1412225365638733,
      0.05080071836709976,
      0.8079758882522583
    ],
    [
      0.6686038970947266,
      0.1253572404384613,
      0.20603927969932556
    ],
    [
      0.30604222416877747,
      0.09659343212842941,
      0.597364068031311
    ],
    [
      0.24460050463676453,
      0.36147183179855347,
      0.39392852783203125
    ],
    [
      0.7094180583953857,
      0.14030727744102478,
      0.15027445554733276
    ],
    [
      0.40499061346054077,
      0.385893851518631,
      0.20911569893360138
    ],
    [
      0.6331566572189331,
      0.22571027278900146,
      0.14113110303878784
    ],
    [
      0.46556881070137024,
      0.468150794506073,
      0.06628018617630005
    ],
    [
      0.45147281885147095,
      0.2745700776576996,
      0.27395689487457275
    ],
    [
      0.826687216758728,
      0.10002213716506958,
      0.07329002022743225
    ],
    [
      0.30151256918907166,
      0.24392661452293396,
      0.4545605480670929
    ],
    [
      0.16822922229766846,
      0.04187314212322235,
      0.789898157119751
    ],
    [
      0.6231052279472351,
      0.09458769112825394,
      0.2823072671890259
    ],
    [
      0.17784295976161957,
      0.7210238575935364,
      0.10113251954317093
    ],
    [
      0.2809687852859497,
      0.06709756702184677,
      0.6519330739974976
    ],
    [
      0.08491270244121552,
      0.6549795269966125,
      0.26010817289352417
    ],
    [
      0.13764499127864838,
      0.6183483600616455,
      0.24400664865970612
    ],
    [
      0.44451904296875,
      0.402771919965744,
      0.15270854532718658
    ],
    [
      0.23744691908359528,
      0.23871256411075592,
      0.5238400101661682
    ],
    [
      0.6127057671546936,
      0.23478823900222778,
      0.15250617265701294
    ],
    [
      0.277610182762146,
      0.5564875602722168,
      0.16590143740177155
    ],
    [
      0.8010905385017395,
      0.1333739161491394,
      0.06553538888692856
    ],
    [
      0.1617700308561325,
      0.188135027885437,
      0.650095522403717
    ],
    [
      0.41847243905067444,
      0.35498836636543274,
      0.2265397161245346
    ],
    [
      0.18248580396175385,
      0.20654290914535522,
      0.6109718680381775
    ],
    [
      0.29361414909362793,
      0.5282524228096008,
      0.17813336849212646
    ],
    [
      0.14243674278259277,
      0.711716890335083,
      0.14584672451019287
    ],
    [
      0.20413896441459656,
      0.18126481771469116,
      0.6145967841148376
    ],
    [
      0.7511551976203918,
      0.16904699802398682,
      0.07979805767536163
    ],
    [
      0.5000789165496826,
      0.39266306161880493,
      0.10725750029087067
    ],
    [
      0.734052300453186,
      0.18932104110717773,
      0.0766262337565422
    ],
    [
      0.7688270211219788,
      0.10356468707323074,
      0.12760840356349945
    ],
    [
      0.4055522680282593,
      0.48464569449424744,
      0.1098012700676918
    ],
    [
      0.5488212704658508,
      0.2015581727027893,
      0.24962107837200165
    ],
    [
      0.4886910915374756,
      0.11681260168552399,
      0.39449572563171387
    ],
    [
      0.41524913907051086,
      0.3082360029220581,
      0.27651479840278625
    ],
    [
      0.049234021455049515,
      0.2592664062976837,
      0.6914998292922974
    ],
    [
      0.42453837394714355,
      0.13875332474708557,
      0.43670833110809326
    ],
    [
      0.04969904571771622,
      0.24418316781520844,
      0.706118643283844
    ],
    [
      0.4509671926498413,
      0.21326008439064026,
      0.33577296137809753
    ]
  ],