{
  "N": 112800,
  "usage": [
    0.45916008949279785,
    0.196022167801857,
    0.34481778740882874
  ],
  "entropy_mean": 0.70741868019104,
  "entropy_std": 0.25589415431022644,
  "top1_share": [
    0.5154698491096497,
    0.14084219932556152,
    0.3436879515647888
  ],
  "P_expert_given_class": [
    [
      0.5701471567153931,
      0.16047164797782898,
      0.26938188076019287
    ],
    [
      0.09311704337596893,
      0.042549438774585724,
      0.864333987236023
    ],
    [
      0.8474013209342957,
      0.0708363801240921,
      0.08176307380199432
    ],
    [
      0.795157790184021,
      0.028516050428152084,
      0.17632608115673065
    ],
    [
      0.41350406408309937,
      0.10562051832675934,
      0.4808751940727234
    ],
    [
      0.7881379723548889,
      0.09720230847597122,
      0.11466006189584732
    ],
    [
      0.8229832649230957,
      0.09575385600328445,
      0.08126276731491089
    ],
    [
      0.18837420642375946,
      0.053687624633312225,
      0.7579376697540283
    ],
    [
      0.6693975925445557,
      0.10798236727714539,
      0.22261983156204224
    ],
    [
      0.3618501126766205,
      0.07340038567781448,
      0.5647490620613098
    ],
    [
      0.3684517443180084,
      0.2409328669309616,
      0.3906150758266449
    ],
    [
      0.725084125995636,
      0.10245294123888016,
      0.1724620759487152
    ],
    [
      0.4313337802886963,
      0.28893882036209106,
      0.27972736954689026
    ],
    [
      0.684556245803833,
      0.12169396877288818,
      0.1937505155801773
    ],
    [
      0.5750755071640015,
      0.32206907868385315,
      0.10285509377717972
    ],
    [
      0.4666854739189148,
      0.21078772842884064,
      0.32252705097198486
    ],
    [
      0.8625290989875793,
      0.045216672122478485,
      0.09225420653820038
    ],
    [
      0.3800601065158844,
      0.15566585958003998,
      0.4642737805843353
    ],
    [
      0.1560453325510025,
      0.05008741840720177,
      0.7938671708106995
    ],
    [
      0.6060367226600647,
      0.07178516685962677,
      0.3221784234046936
    ],
    [
      0.1910865306854248,
      0.662962019443512,
      0.14595070481300354
    ],
    [
      0.2656450867652893,
      0.07342380285263062,
      0.6609315276145935
    ],
    [
      0.11606831848621368,
      0.4940897226333618,
      0.38984206318855286
    ],
    [
      0.16516557335853577,
      0.5196264386177063,
      0.3152083158493042
    ],
    [
      0.5410627126693726,
      0.24942995607852936,
      0.20950724184513092
    ],
    [
      0.30106303095817566,
      0.18253806233406067,
      0.5163998007774353
    ],
    [
      0.7112848162651062,
      0.1259782910346985,
      0.16273704171180725
    ],
    [
      0.32708367705345154,
      0.5037820339202881,
      0.16913408041000366
    ],
    [
      0.8347715735435486,
      0.08720529824495316,
      0.07802364230155945
    ],
    [
      0.1724644899368286,
      0.14177753031253815,
      0.6857579350471497
    ],
    [
      0.4234671890735626,
      0.25977686047554016,
      0.3167562782764435
    ],
    [
      0.14370308816432953,
      0.13641613721847534,
      0.7198810577392578
    ],
    [
      0.3515583574771881,
      0.3736400008201599,
      0.27480143308639526
    ],
    [
      0.09470781683921814,
      0.6924591064453125,
      0.21283283829689026
    ],
    [
      0.17519576847553253,
      0.13290899991989136,
      0.6918954253196716
    ],
    [
      0.7501413226127625,
      0.13488349318504333,
      0.11497528105974197
    ],
    [
      0.5924600958824158,
      0.27897441387176514,
      0.12856565415859222
    ],
    [
      0.7835346460342407,
      0.11902057379484177,
      0.09744498878717422
    ],
    [
      0.7708305716514587,
      0.07178914546966553,
      0.1573808789253235
    ],
    [
      0.46628043055534363,
      0.4111633002758026,
      0.1225569024682045
    ],
    [
      0.5970579981803894,
      0.13430523872375488,
      0.2686366140842438
    ],
    [
      0.5295520424842834,
      0.08336284756660461,
      0.38708484172821045
    ],
    [
      0.46635201573371887,
      0.25455737113952637,
      0.27909114956855774
    ],
    [
      0.057915497571229935,
      0.18753723800182343,
      0.7545478940010071
    ],
    [
      0.4748804271221161,
      0.09969083964824677,
      0.42542874813079834
    ],
    [
      0.05597320571541786,
      0.18662095069885254,
      0.7574054002761841
    ],
    [
      0.41529250144958496,
      0.16947007179260254,
      0.4152373671531677
    ]
  ],