{
  "N": 112800,
  "usage": [
    0.39450594782829285,
    0.2967069149017334,
    0.30878713726997375
  ],
  "entropy_mean": 0.7221280932426453,
  "entropy_std": 0.25499606132507324,
  "top1_share": [
    0.4204343855381012,
    0.27818262577056885,
    0.30138298869132996
  ],
  "P_expert_given_class": [
    [
      0.4423443675041199,
      0.4250408709049225,
      0.1326141506433487
    ],
    [
      0.07302556186914444,
      0.014521373435854912,
      0.9124523997306824
    ],
    [
      0.8189309239387512,
      0.12122886627912521,
      0.05984151363372803
    ],
    [
      0.8436676263809204,
      0.02761523611843586,
      0.12871691584587097
    ],
    [
      0.25638774037361145,
      0.1865861415863037,
      0.5570268034934998
    ],
    [
      0.722747266292572,
      0.12998650968074799,
      0.14726652204990387
    ],
    [
      0.7639959454536438,
      0.17349572479724884,
      0.06250829994678497
    ],
    [
      0.08980733156204224,
      0.047078900039196014,
      0.8631138205528259
    ],
    [
      0.718765377998352,
      0.09214895963668823,
      0.18908488750457764
    ],
    [
      0.1823485940694809,
      0.12595510482788086,
      0.6916965246200562
    ],
    [
      0.181339830160141,
      0.4799806773662567,
      0.3386787474155426
    ],
    [
      0.7541420459747314,
      0.14115215837955475,
      0.10470672696828842
    ],
    [
      0.37639230489730835,
      0.4782945215702057,
      0.14531326293945312
    ],
    [
      0.5991012454032898,
      0.28761109709739685,
      0.11328736692667007
    ],
    [
      0.5853583216667175,
      0.36378714442253113,
      0.05085456743836403
    ],
    [
      0.3890892267227173,
      0.2849339544773102,
      0.32597655057907104
    ],
    [
      0.6836392283439636,
      0.24518747627735138,
      0.07117395848035812
    ],
    [
      0.2050054967403412,
      0.3535762131214142,
      0.44141891598701477
    ],
    [
      0.14792510867118835,
      0.028904378414154053,
      0.8231713175773621
    ],
    [
      0.6226205825805664,
      0.07899270206689835,
      0.29838645458221436
    ],
    [
      0.159397691488266,
      0.7301391959190369,
      0.11046294867992401
    ],
    [
      0.25318050384521484,
      0.063869409263134,
      0.682949960231781
    ],
    [
      0.06297624111175537,
      0.7368406653404236,
      0.20018301904201508
    ],
    [
      0.11555352807044983,
      0.6976637244224548,
      0.18678255379199982
    ],
    [
      0.40070027112960815,
      0.5038332939147949,
      0.09546580165624619
    ],
    [
      0.1847725361585617,
      0.30945298075675964,
      0.5057745575904846
    ],
    [
      0.5500521063804626,
      0.32661980390548706,
      0.12332865595817566
    ],
    [
      0.35382482409477234,
      0.5023474097251892,
      0.14382800459861755
    ],
    [
      0.7713240385055542,
      0.14269503951072693,
      0.08598054945468903
    ],
    [
      0.11167047917842865,
      0.15747065842151642,
      0.7308588027954102
    ],
    [
      0.33579403162002563,
      0.4598173499107361,
      0.2043885737657547
    ],
    [
      0.15636174380779266,
      0.17116843163967133,
      0.6724705100059509
    ],
    [
      0.19040703773498535,
      0.701184868812561,
      0.10840802639722824
    ],
    [
      0.14969898760318756,
      0.7349098324775696,
      0.11539112031459808
    ],
    [
      0.17807236313819885,
      0.1411876231431961,
      0.6807392835617065
    ],
    [
      0.8046201467514038,
      0.12970910966396332,
      0.06567085534334183
    ],
    [
      0.37149372696876526,
      0.5581339001655579,
      0.07037250697612762
    ],
    [
      0.6798987984657288,
      0.244461789727211,
      0.0756402537226677
    ],
    [
      0.766112744808197,
      0.1424410194158554,
      0.0914466381072998
    ],
    [
      0.4118099808692932,
      0.5157919526100159,
      0.07239779829978943
    ],
    [
      0.4451926648616791,
      0.22063086926937103,
      0.33417704701423645
    ],
    [
      0.43067610263824463,
      0.16225910186767578,
      0.4070647358894348
    ],
    [
      0.3341105580329895,
      0.39587777853012085,
      0.2700118124485016
    ],
    [
      0.03863392397761345,
      0.4248843491077423,
      0.5364819765090942
    ],
    [
      0.36820194125175476,
      0.1830311417579651,
      0.44876667857170105
    ],
    [
      0.0402657687664032,
      0.30188697576522827,
      0.6578471660614014
    ],
    [
      0.4203457534313202,
      0.20083923637866974,
      0.3788149058818817
    ]
  ],