{
  "N": 112800,
  "usage": [
    0.42509663105010986,
    0.2607823312282562,
    0.3141210377216339
  ],
  "entropy_mean": 0.7335429191589355,
  "entropy_std": 0.25343191623687744,
  "top1_share": [
    0.45785459876060486,
    0.22824467718601227,
    0.3139007091522217
  ],
  "P_expert_given_class": [
    [
      0.4905247986316681,
      0.3262953460216522,
      0.18318049609661102
    ],
    [
      0.10624399781227112,
      0.022831542417407036,
      0.8709242939949036
    ],
    [
      0.8213397860527039,
      0.10640276223421097,
      0.07225777953863144
    ],
    [
      0.8203588724136353,
      0.025898128747940063,
      0.1537429541349411
    ],
    [
      0.3627626299858093,
      0.15375582873821259,
      0.4834820032119751
    ],
    [
      0.7589600682258606,
      0.11128022521734238,
      0.1297592669725418
    ],
    [
      0.7789682149887085,
      0.16424322128295898,
      0.056789301335811615
    ],
    [
      0.1333659291267395,
      0.04348330572247505,
      0.8231502175331116
    ],
    [
      0.6638507843017578,
      0.13541117310523987,
      0.20073845982551575
    ],
    [
      0.2988324463367462,
      0.09131518006324768,
      0.6098516583442688
    ],
    [
      0.22091814875602722,
      0.39205092191696167,
      0.3870314359664917
    ],
    [
      0.7047665119171143,
      0.14526602625846863,
      0.1499675214290619
    ],
    [
      0.41559988260269165,
      0.3901215195655823,
      0.19427886605262756
    ],
    [
      0.6288573741912842,
      0.22959037125110626,
      0.14155250787734985
    ],
    [
      0.48367375135421753,
      0.45110848546028137,
      0.0652175024151802
    ],
    [
      0.43537119030952454,
      0.2668726146221161,
      0.29775604605674744
    ],
    [
      0.8102919459342957,
      0.11145550012588501,
      0.07825281471014023
    ],
    [
      0.27958908677101135,
      0.2649300694465637,
      0.4554811120033264
    ],
    [
      0.16616512835025787,
      0.03334961086511612,
      0.8004854321479797
    ],
    [
      0.6339130997657776,
      0.07745980471372604,
      0.28862717747688293
    ],
    [
      0.17530304193496704,
      0.7278800010681152,
      0.09681659191846848
    ],
    [
      0.28558647632598877,
      0.055597640573978424,
      0.6588160395622253
    ],
    [
      0.08611522614955902,
      0.6851927042007446,
      0.2286912500858307
    ],
    [
      0.13973423838615417,
      0.6203984022140503,
      0.23986691236495972
    ],
    [
      0.433563232421875,
      0.4264528751373291,
      0.13998344540596008
    ],
    [
      0.2265915721654892,
      0.24791689217090607,
      0.5254911780357361
    ],
    [
      0.607205331325531,
      0.24086542427539825,
      0.15192830562591553
    ],
    [
      0.2839255630970001,
      0.5545024871826172,
      0.16157205402851105
    ],
    [
      0.8102429509162903,
      0.11771415919065475,
      0.07204318046569824
    ],
    [
      0.17409305274486542,
      0.1742585301399231,
      0.6516485214233398
    ],
    [
      0.4199846088886261,
      0.3532136082649231,
      0.2268017828464508
    ],
    [
      0.1777976155281067,
      0.19529859721660614,
      0.6269037127494812
    ],
    [
      0.28552699089050293,
      0.5405053496360779,
      0.1739673614501953
    ],
    [
      0.15582627058029175,
      0.7152315974235535,
      0.1289423555135727
    ],
    [
      0.21745513379573822,
      0.16747231781482697,
      0.6150720715522766
    ],
    [
      0.7562647461891174,
      0.1673843115568161,
      0.07635058462619781
    ],
    [
      0.47904592752456665,
      0.4134884476661682,
      0.10746593773365021
    ],
    [
      0.7178593277931213,
      0.20158860087394714,
      0.0805516391992569
    ],
    [
      0.7695272564888,
      0.10769946128129959,
      0.12277286499738693
    ],
    [
      0.4040933847427368,
      0.4962049424648285,
      0.09970129281282425
    ],
    [
      0.5242103934288025,
      0.19641663134098053,
      0.2793729603290558
    ],
    [
      0.48743754625320435,
      0.11459825932979584,
      0.397964745759964
    ],
    [
      0.3825003206729889,
      0.33229851722717285,
      0.2852019667625427
    ],
    [
      0.0507647804915905,
      0.28060171008110046,
      0.6686334013938904
    ],
    [
      0.41814616322517395,
      0.13751220703125,
      0.444341778755188
    ],
    [
      0.048993438482284546,
      0.23695193231105804,
      0.7140552401542664
    ],
    [
      0.4473927319049835,
      0.2064020037651062,
      0.3462052047252655
    ]
  ],