{
  "N": 112800,
  "usage": [
    0.39542075991630554,
    0.29952272772789,
    0.30505651235580444
  ],
  "entropy_mean": 0.7232728004455566,
  "entropy_std": 0.2522692084312439,
  "top1_share": [
    0.4208333194255829,
    0.2849024832248688,
    0.29426419734954834
  ],
  "P_expert_given_class": [
    [
      0.44066330790519714,
      0.4385737478733063,
      0.12076305598020554
    ],
    [
      0.07526901364326477,
      0.013693232089281082,
      0.911037266254425
    ],
    [
      0.8275260329246521,
      0.11943480372428894,
      0.053038276731967926
    ],
    [
      0.8573130369186401,
      0.028246549889445305,
      0.11443933099508286
    ],
    [
      0.25295838713645935,
      0.19627559185028076,
      0.5507662296295166
    ],
    [
      0.7207237482070923,
      0.13727998733520508,
      0.14199590682983398
    ],
    [
      0.7566145062446594,
      0.17381754517555237,
      0.06956788152456284
    ],
    [
      0.08855433762073517,
      0.05188386142253876,
      0.8595626950263977
    ],
    [
      0.7312189936637878,
      0.0811375305056572,
      0.18764346837997437
    ],
    [
      0.17997398972511292,
      0.1305646449327469,
      0.689461350440979
    ],
    [
      0.1776672750711441,
      0.48595738410949707,
      0.3363763391971588
    ],
    [
      0.7530298829078674,
      0.137140154838562,
      0.10983042418956757
    ],
    [
      0.38160908222198486,
      0.47164803743362427,
      0.14674173295497894
    ],
    [
      0.6074780821800232,
      0.28687071800231934,
      0.10565096884965897
    ],
    [
      0.5893233418464661,
      0.3603203296661377,
      0.050356581807136536
    ],
    [
      0.3945900499820709,
      0.2823674976825714,
      0.3230426013469696
    ],
    [
      0.6723939776420593,
      0.2571578025817871,
      0.07044842094182968
    ],
    [
      0.1987406611442566,
      0.3607056736946106,
      0.44055429100990295
    ],
    [
      0.1458122283220291,
      0.028605187311768532,
      0.8255834579467773
    ],
    [
      0.6274722218513489,
      0.08374318480491638,
      0.2887842655181885
    ],
    [
      0.17386214435100555,
      0.7064586877822876,
      0.1196787878870964
    ],
    [
      0.25488051772117615,
      0.06629505753517151,
      0.6788255572319031
    ],
    [
      0.05792519822716713,
      0.7501596212387085,
      0.191914901137352
    ],
    [
      0.11412393301725388,
      0.6998240947723389,
      0.18605108559131622
    ],
    [
      0.3992522358894348,
      0.5143361687660217,
      0.08641167730093002
    ],
    [
      0.1780945062637329,
      0.3134841024875641,
      0.5084209442138672
    ],
    [
      0.5478894710540771,
      0.3366387188434601,
      0.11547203361988068
    ],
    [
      0.36096659302711487,
      0.4922298789024353,
      0.14680394530296326
    ],
    [
      0.767263650894165,
      0.14851050078868866,
      0.08422589302062988
    ],
    [
      0.10645756125450134,
      0.16473926603794098,
      0.728802502155304
    ],
    [
      0.32790765166282654,
      0.46585652232170105,
      0.20623554289340973
    ],
    [
      0.1543131321668625,
      0.16686853766441345,
      0.6788181662559509
    ],
    [
      0.19235771894454956,
      0.7045619487762451,
      0.10307981818914413
    ],
    [
      0.1610783189535141,
      0.7258245944976807,
      0.11309630423784256
    ],
    [
      0.17882053554058075,
      0.1530563086271286,
      0.6681227087974548
    ],
    [
      0.8162128925323486,
      0.12690359354019165,
      0.05688391253352165
    ],
    [
      0.3641331195831299,
      0.5712713003158569,
      0.06459620594978333
    ],
    [
      0.6854865550994873,
      0.23699839413166046,
      0.07751473039388657
    ],
    [
      0.757266640663147,
      0.15556469559669495,
      0.08716828376054764
    ],
    [
      0.4185982346534729,
      0.5044726133346558,
      0.07692918926477432
    ],
    [
      0.4538898766040802,
      0.21795183420181274,
      0.32815858721733093
    ],
    [
      0.43256089091300964,
      0.16515029966831207,
      0.40228864550590515
    ],
    [
      0.3369307518005371,
      0.40275847911834717,
      0.2603107988834381
    ],
    [
      0.03530516475439072,
      0.4626045227050781,
      0.5020908117294312
    ],
    [
      0.36492887139320374,
      0.18819166719913483,
      0.44687968492507935
    ],
    [
      0.04088641330599785,
      0.3107612133026123,
      0.6483524441719055
    ],
    [
      0.42445018887519836,
      0.20066869258880615,
      0.37488099932670593
    ]
  ],