{
  "N": 112800,
  "usage": [
    0.40967267751693726,
    0.28194889426231384,
    0.3083784282207489
  ],
  "entropy_mean": 0.7298963665962219,
  "entropy_std": 0.2516487240791321,
  "top1_share": [
    0.4416311979293823,
    0.2578723430633545,
    0.3004964590072632
  ],
  "P_expert_given_class": [
    [
      0.4726983606815338,
      0.3982599377632141,
      0.1290416568517685
    ],
    [
      0.0856284648180008,
      0.01638898439705372,
      0.897982656955719
    ],
    [
      0.8283315896987915,
      0.1068500280380249,
      0.06481801718473434
    ],
    [
      0.839078962802887,
      0.024297405034303665,
      0.13662445545196533
    ],
    [
      0.31290826201438904,
      0.15916438400745392,
      0.5279276371002197
    ],
    [
      0.6957530975341797,
      0.14429916441440582,
      0.15994706749916077
    ],
    [
      0.7833836078643799,
      0.15281356871128082,
      0.06380163133144379
    ],
    [
      0.10263090580701828,
      0.04261055588722229,
      0.8547577857971191
    ],
    [
      0.706434965133667,
      0.10313998907804489,
      0.19042500853538513
    ],
    [
      0.2390449494123459,
      0.10014326870441437,
      0.660811722278595
    ],
    [
      0.19898974895477295,
      0.4631064832210541,
      0.33790403604507446
    ],
    [
      0.7419736385345459,
      0.1377660185098648,
      0.120261050760746
    ],
    [
      0.4045766592025757,
      0.45195144414901733,
      0.1434713900089264
    ],
    [
      0.6198621392250061,
      0.27054914832115173,
      0.10958929359912872
    ],
    [
      0.5666481256484985,
      0.3808755576610565,
      0.05247650295495987
    ],
    [
      0.3987521827220917,
      0.27089738845825195,
      0.33035075664520264
    ],
    [
      0.7178345918655396,
      0.1982542723417282,
      0.08391191810369492
    ],
    [
      0.23365715146064758,
      0.3449705243110657,
      0.42137256264686584
    ],
    [
      0.15705463290214539,
      0.027225444093346596,
      0.8157197833061218
    ],
    [
      0.6103502511978149,
      0.08002498745918274,
      0.3096257150173187
    ],
    [
      0.17619720101356506,
      0.7210045456886292,
      0.10279898345470428
    ],
    [
      0.27398309111595154,
      0.053172577172517776,
      0.6728441119194031
    ],
    [
      0.0699855238199234,
      0.7395187616348267,
      0.19049593806266785
    ],
    [
      0.11715998500585556,
      0.6909450888633728,
      0.1918954998254776
    ],
    [
      0.42802464962005615,
      0.4794474244117737,
      0.09252747893333435
    ],
    [
      0.21158142387866974,
      0.2794692814350128,
      0.5089500546455383
    ],
    [
      0.5738579630851746,
      0.2825808823108673,
      0.14356152713298798
    ],
    [
      0.348712295293808,
      0.5118101835250854,
      0.13947829604148865
    ],
    [
      0.7593382000923157,
      0.15424281358718872,
      0.08641865104436874
    ],
    [
      0.14155521988868713,
      0.16417574882507324,
      0.6942697763442993
    ],
    [
      0.3838236629962921,
      0.406061053276062,
      0.21011513471603394
    ],
    [
      0.1648947149515152,
      0.16349570453166962,
      0.6716093420982361
    ],
    [
      0.22416488826274872,
      0.6467434167861938,
      0.1290919929742813
    ],
    [
      0.14257925748825073,
      0.7457810640335083,
      0.11164048314094543
    ],
    [
      0.2077914923429489,
      0.13726559281349182,
      0.6549434661865234
    ],
    [
      0.8001898527145386,
      0.12949812412261963,
      0.07031182944774628
    ],
    [
      0.4258054494857788,
      0.5005255341529846,
      0.07366892695426941
    ],
    [
      0.6947837471961975,
      0.23199664056301117,
      0.07321981340646744
    ],
    [
      0.7550917267799377,
      0.12546119093894958,
      0.11944713443517685
    ],
    [
      0.4257713556289673,
      0.49179086089134216,
      0.08243740350008011
    ],
    [
      0.45692798495292664,
      0.20552219450473785,
      0.33755090832710266
    ],
    [
      0.46809640526771545,
      0.13455690443515778,
      0.39734622836112976
    ],
    [
      0.3620961010456085,
      0.37339431047439575,
      0.2645086348056793
    ],
    [
      0.0459149144589901,
      0.37863197922706604,
      0.5754539966583252
    ],
    [
      0.39928823709487915,
      0.15463317930698395,
      0.44607874751091003
    ],
    [
      0.048267289996147156,
      0.28151243925094604,
      0.6702200174331665
    ],
    [
      0.43314284086227417,
      0.19477492570877075,
      0.37208127975463867
    ]
  ],