{
  "N": 112800,
  "usage": [
    0.34171757102012634,
    0.4791223406791687,
    0.17916010320186615
  ],
  "entropy_mean": 0.6646509170532227,
  "entropy_std": 0.2298544943332672,
  "top1_share": [
    0.33914005756378174,
    0.5408067107200623,
    0.12005319446325302
  ],
  "P_expert_given_class": [
    [
      0.5895618200302124,
      0.3833656907081604,
      0.02707226388156414
    ],
    [
      0.01555092353373766,
      0.056579139083623886,
      0.9278697967529297
    ],
    [
      0.15883588790893555,
      0.6617646813392639,
      0.1793992668390274
    ],
    [
      0.04410608112812042,
      0.7588521242141724,
      0.19704191386699677
    ],
    [
      0.5250877737998962,
      0.29377320408821106,
      0.1811385601758957
    ],
    [
      0.041720617562532425,
      0.8162177801132202,
      0.1420624852180481
    ],
    [
      0.44296184182167053,
      0.4710754454135895,
      0.08596193790435791
    ],
    [
      0.2067117691040039,
      0.6774564981460571,
      0.11583126336336136
    ],
    [
      0.22376002371311188,
      0.7294029593467712,
      0.046836674213409424
    ],
    [
      0.2635488212108612,
      0.6794213056564331,
      0.0570300854742527
    ],
    [
      0.41656848788261414,
      0.56172776222229,
      0.021703708916902542
    ],
    [
      0.34891340136528015,
      0.6315439343452454,
      0.0195431187748909
    ],
    [
      0.19647178053855896,
      0.6701045036315918,
      0.13342349231243134
    ],
    [
      0.6497753262519836,
      0.2982322871685028,
      0.05199273303151131
    ],
    [
      0.07949485629796982,
      0.8419690728187561,
      0.07853556424379349
    ],
    [
      0.148207426071167,
      0.7803174257278442,
      0.07147528231143951
    ],
    [
      0.20027296245098114,
      0.7774747610092163,
      0.02225244976580143
    ],
    [
      0.7077692747116089,
      0.2413114607334137,
      0.050919897854328156
    ],
    [
      0.02027805894613266,
      0.15774206817150116,
      0.8219800591468811
    ],
    [
      0.07306189090013504,
      0.5303091406822205,
      0.3966289460659027
    ],
    [
      0.6930676698684692,
      0.24345242977142334,
      0.06348074227571487
    ],
    [
      0.09590718895196915,
      0.10692550987005234,
      0.7971675395965576
    ],
    [
      0.7947743535041809,
      0.17654754221439362,
      0.028678497299551964
    ],
    [
      0.7951318621635437,
      0.11689416319131851,
      0.08797377347946167
    ],
    [
      0.5040667653083801,
      0.44787073135375977,
      0.04806266725063324
    ],
    [
      0.5157568454742432,
      0.46417444944381714,
      0.020068010315299034
    ],
    [
      0.6732423901557922,
      0.3029840588569641,
      0.023773623630404472
    ],
    [
      0.4218173325061798,
      0.5573333501815796,
      0.02084936760365963
    ],
    [
      0.029557138681411743,
      0.7400099039077759,
      0.2304333746433258
    ],
    [
      0.070602647960186,
      0.859473466873169,
      0.06992478668689728
    ],
    [
      0.6325230002403259,
      0.13818395137786865,
      0.22929343581199646
    ],
    [
      0.5161202549934387,
      0.046251095831394196,
      0.4376292824745178
    ],
    [
      0.775500476360321,
      0.049055520445108414,
      0.17544317245483398
    ],
    [
      0.5823847055435181,
      0.313922643661499,
      0.10369207710027695
    ],
    [
      0.3680482506752014,
      0.1419087052345276,
      0.49004313349723816
    ],
    [
      0.048034701496362686,
      0.7731501460075378,
      0.17881543934345245
    ],
    [
      0.3114948272705078,
      0.5990551710128784,
      0.08944965898990631
    ],
    [
      0.3121603727340698,
      0.5390302538871765,
      0.14880941808223724
    ],
    [
      0.14564280211925507,
      0.5524953603744507,
      0.3018619120121002
    ],
    [
      0.12728536128997803,
      0.7645331025123596,
      0.10818275809288025
    ],
    [
      0.1393396556377411,
      0.7763413786888123,
      0.08431831002235413
    ],
    [
      0.19936129450798035,
      0.6802734136581421,
      0.12036460638046265
    ],
    [
      0.5991532802581787,
      0.2795862853527069,
      0.12126065790653229
    ],
    [
      0.7199065089225769,
      0.23952870070934296,
      0.04056331887841225
    ],
    [
      0.2660648226737976,
      0.6660449504852295,
      0.06789106875658035
    ],
    [
      0.24846667051315308,
      0.3657788932323456,
      0.38575422763824463
    ],
    [
      0.12265337258577347,
      0.5593047142028809,
      0.31804102659225464
    ]
  ],