{
  "N": 112800,
  "usage": [
    0.3549548089504242,
    0.42096883058547974,
    0.22407634556293488
  ],
  "entropy_mean": 0.6559641361236572,
  "entropy_std": 0.2483188807964325,
  "top1_share": [
    0.3566666543483734,
    0.46488475799560547,
    0.17844858765602112
  ],
  "P_expert_given_class": [
    [
      0.612175464630127,
      0.354183554649353,
      0.033641133457422256
    ],
    [
      0.01118129026144743,
      0.029659081250429153,
      0.9591593146324158
    ],
    [
      0.18621492385864258,
      0.5789715051651001,
      0.23481416702270508
    ],
    [
      0.04238215461373329,
      0.6970285177230835,
      0.2605901062488556
    ],
    [
      0.5590555667877197,
      0.22088471055030823,
      0.22005991637706757
    ],
    [
      0.03372819349169731,
      0.741948127746582,
      0.22432392835617065
    ],
    [
      0.5392155051231384,
      0.35270383954048157,
      0.10808014124631882
    ],
    [
      0.20708268880844116,
      0.6150084137916565,
      0.17790842056274414
    ],
    [
      0.23251278698444366,
      0.7168434858322144,
      0.050643302500247955
    ],
    [
      0.296642929315567,
      0.6101211309432983,
      0.09323617070913315
    ],
    [
      0.43553292751312256,
      0.5334082245826721,
      0.03105906769633293
    ],
    [
      0.32422786951065063,
      0.6595256328582764,
      0.016246452927589417
    ],
    [
      0.20847152173519135,
      0.579156219959259,
      0.21237219870090485
    ],
    [
      0.6956394910812378,
      0.23308756947517395,
      0.07127264142036438
    ],
    [
      0.06080399826169014,
      0.8543412089347839,
      0.0848546251654625
    ],
    [
      0.1277616173028946,
      0.7982290983200073,
      0.07400961965322495
    ],
    [
      0.2583538293838501,
      0.7204973697662354,
      0.021147970110177994
    ],
    [
      0.7966231107711792,
      0.13540124893188477,
      0.06797582656145096
    ],
    [
      0.013895165175199509,
      0.1291935294866562,
      0.8569102883338928
    ],
    [
      0.05178661644458771,
      0.4861355721950531,
      0.4620780050754547
    ],
    [
      0.7480220794677734,
      0.170545756816864,
      0.08143245428800583
    ],
    [
      0.06600979715585709,
      0.0497981533408165,
      0.8841918706893921
    ],
    [
      0.8220100998878479,
      0.11996825039386749,
      0.05802164599299431
    ],
    [
      0.7982880473136902,
      0.07398731261491776,
      0.12772390246391296
    ],
    [
      0.5113019943237305,
      0.4168442487716675,
      0.0718531608581543
    ],
    [
      0.4333709180355072,
      0.5412662029266357,
      0.025361834093928337
    ],
    [
      0.751415491104126,
      0.23313727974891663,
      0.015447648242115974
    ],
    [
      0.41740182042121887,
      0.5654245018959045,
      0.01717345416545868
    ],
    [
      0.018688708543777466,
      0.6549047231674194,
      0.3264065682888031
    ],
    [
      0.04998157545924187,
      0.7768189907073975,
      0.1731993556022644
    ],
    [
      0.6454777121543884,
      0.0683170035481453,
      0.28620490431785583
    ],
    [
      0.4002833664417267,
      0.033503610640764236,
      0.5662128925323486
    ],
    [
      0.7829614281654358,
      0.03505844622850418,
      0.1819794476032257
    ],
    [
      0.6766130328178406,
      0.20750732719898224,
      0.11587969213724136
    ],
    [
      0.3045467734336853,
      0.10527251660823822,
      0.5901803970336914
    ],
    [
      0.04250898212194443,
      0.7247487902641296,
      0.2327420860528946
    ],
    [
      0.3924299478530884,
      0.49296391010284424,
      0.11460615694522858
    ],
    [
      0.4624045789241791,
      0.3404117524623871,
      0.1971832513809204
    ],
    [
      0.15723632276058197,
      0.396869033575058,
      0.4458942711353302
    ],
    [
      0.138205885887146,
      0.7636061310768127,
      0.09818846732378006
    ],
    [
      0.12929581105709076,
      0.7761465907096863,
      0.09455887973308563
    ],
    [
      0.21089041233062744,
      0.6225202083587646,
      0.16658972203731537
    ],
    [
      0.628104567527771,
      0.16347521543502808,
      0.20841994881629944
    ],
    [
      0.7434042692184448,
      0.18633686006069183,
      0.07025910913944244
    ],
    [
      0.3206482231616974,
      0.6011124849319458,
      0.0782383382320404
    ],
    [
      0.2134796679019928,
      0.22512474656105042,
      0.5613953471183777
    ],
    [
      0.12460427731275558,
      0.3935379683971405,
      0.48185861110687256
    ]
  ],