{
  "N": 112800,
  "usage": [
    0.3555302917957306,
    0.41592130064964294,
    0.22854843735694885
  ],
  "entropy_mean": 0.6526166200637817,
  "entropy_std": 0.25614649057388306,
  "top1_share": [
    0.3563563823699951,
    0.45828014612197876,
    0.18536347150802612
  ],
  "P_expert_given_class": [
    [
      0.6024681329727173,
      0.3586978018283844,
      0.038833942264318466
    ],
    [
      0.008609699085354805,
      0.025490665808320045,
      0.9659000635147095
    ],
    [
      0.1887272596359253,
      0.5749192833900452,
      0.23635342717170715
    ],
    [
      0.044657859951257706,
      0.6967269778251648,
      0.2586153745651245
    ],
    [
      0.5438501834869385,
      0.23683303594589233,
      0.21931612491607666
    ],
    [
      0.032945163547992706,
      0.7327525615692139,
      0.23430223762989044
    ],
    [
      0.536827802658081,
      0.3423701822757721,
      0.12080167233943939
    ],
    [
      0.1935332715511322,
      0.6060106754302979,
      0.2004556953907013
    ],
    [
      0.24511218070983887,
      0.7029991149902344,
      0.051889192312955856
    ],
    [
      0.3169686198234558,
      0.5929000377655029,
      0.09013128280639648
    ],
    [
      0.428292840719223,
      0.537858784198761,
      0.03384891524910927
    ],
    [
      0.32656538486480713,
      0.6580760478973389,
      0.015358389355242252
    ],
    [
      0.20804525911808014,
      0.5584982633590698,
      0.233456090092659
    ],
    [
      0.6953102350234985,
      0.22824496030807495,
      0.07644520699977875
    ],
    [
      0.06596571207046509,
      0.8522598147392273,
      0.08177386969327927
    ],
    [
      0.1272522509098053,
      0.8036152124404907,
      0.06913380324840546
    ],
    [
      0.2523447275161743,
      0.7248778343200684,
      0.02277756854891777
    ],
    [
      0.8001657128334045,
      0.13097906112670898,
      0.06885522603988647
    ],
    [
      0.011729965917766094,
      0.12423553317785263,
      0.8640347123146057
    ],
    [
      0.04985424876213074,
      0.48972341418266296,
      0.46042129397392273
    ],
    [
      0.7568172812461853,
      0.16008363664150238,
      0.08309918642044067
    ],
    [
      0.06780249625444412,
      0.047110892832279205,
      0.8850864768028259
    ],
    [
      0.8185095191001892,
      0.1100461557507515,
      0.0714443176984787
    ],
    [
      0.7909663915634155,
      0.07390625774860382,
      0.13512814044952393
    ],
    [
      0.497611403465271,
      0.42131829261779785,
      0.08107000589370728
    ],
    [
      0.44184932112693787,
      0.5327625274658203,
      0.025388693436980247
    ],
    [
      0.7848536968231201,
      0.19943730533123016,
      0.01570894569158554
    ],
    [
      0.42025747895240784,
      0.5645750164985657,
      0.015166684985160828
    ],
    [
      0.0177854485809803,
      0.6380534172058105,
      0.34416043758392334
    ],
    [
      0.043416962027549744,
      0.781365692615509,
      0.17521731555461884
    ],
    [
      0.6330044269561768,
      0.07113390415906906,
      0.2958616316318512
    ],
    [
      0.39579346776008606,
      0.032137300819158554,
      0.5720687508583069
    ],
    [
      0.7959303259849548,
      0.03390566632151604,
      0.1701640635728836
    ],
    [
      0.6778274774551392,
      0.20243941247463226,
      0.11973357945680618
    ],
    [
      0.2917437255382538,
      0.1044609546661377,
      0.6037959456443787
    ],
    [
      0.04419882595539093,
      0.7335293292999268,
      0.22227109968662262
    ],
    [
      0.39771121740341187,
      0.48487329483032227,
      0.11741556972265244
    ],
    [
      0.4554772973060608,
      0.3305657207965851,
      0.21395744383335114
    ],
    [
      0.16970333456993103,
      0.3790143132209778,
      0.4512840211391449
    ],
    [
      0.14450277388095856,
      0.7634403705596924,
      0.09205668419599533
    ],
    [
      0.13207383453845978,
      0.7819153666496277,
      0.08601019531488419
    ],
    [
      0.2218496948480606,
      0.610906720161438,
      0.1672431081533432
    ],
    [
      0.6132142543792725,
      0.15934951603412628,
      0.2274360954761505
    ],
    [
      0.7423738837242126,
      0.1779714971780777,
      0.07965466380119324
    ],
    [
      0.33653363585472107,
      0.587252676486969,
      0.0762128159403801
    ],
    [
      0.21424952149391174,
      0.20674459636211395,
      0.5790055990219116
    ],
    [
      0.12463891506195068,
      0.38192880153656006,
      0.4934323728084564
    ]
  ],