{
  "N": 112800,
  "usage": [
    0.3478805124759674,
    0.4532093107700348,
    0.19891013205051422
  ],
  "entropy_mean": 0.6588897705078125,
  "entropy_std": 0.24082647264003754,
  "top1_share": [
    0.34554964303970337,
    0.5076152682304382,
    0.1468351036310196
  ],
  "P_expert_given_class": [
    [
      0.5793124437332153,
      0.39052897691726685,
      0.030157767236232758
    ],
    [
      0.01231427676975727,
      0.039865344762802124,
      0.9478207230567932
    ],
    [
      0.1787017583847046,
      0.6287069916725159,
      0.19259107112884521
    ],
    [
      0.036733344197273254,
      0.7634427547454834,
      0.19982433319091797
    ],
    [
      0.5430552363395691,
      0.26674187183380127,
      0.1902027279138565
    ],
    [
      0.03212236985564232,
      0.780318558216095,
      0.18755841255187988
    ],
    [
      0.47955378890037537,
      0.4245942533016205,
      0.09585187584161758
    ],
    [
      0.21501950919628143,
      0.6466753482818604,
      0.13830500841140747
    ],
    [
      0.2130436897277832,
      0.7320672273635864,
      0.05488932877779007
    ],
    [
      0.2688661515712738,
      0.6539382338523865,
      0.07719521969556808
    ],
    [
      0.4266038239002228,
      0.5434202551841736,
      0.029975976794958115
    ],
    [
      0.3382255434989929,
      0.6426994800567627,
      0.019075907766819
    ],
    [
      0.19168706238269806,
      0.6588358283042908,
      0.14947809278964996
    ],
    [
      0.663368284702301,
      0.2767495810985565,
      0.05988173931837082
    ],
    [
      0.07278961688280106,
      0.8335958123207092,
      0.09361442178487778
    ],
    [
      0.1336335390806198,
      0.7818042635917664,
      0.08456192910671234
    ],
    [
      0.2220352441072464,
      0.7549679279327393,
      0.022997017949819565
    ],
    [
      0.7452681064605713,
      0.1994660496711731,
      0.055265914648771286
    ],
    [
      0.01620357856154442,
      0.14423981308937073,
      0.8395567536354065
    ],
    [
      0.05797861889004707,
      0.5234065055847168,
      0.41861459612846375
    ],
    [
      0.7356224656105042,
      0.19494186341762543,
      0.06943543255329132
    ],
    [
      0.08423063904047012,
      0.07447056472301483,
      0.8412990570068359
    ],
    [
      0.8309349417686462,
      0.12895989418029785,
      0.04010452702641487
    ],
    [
      0.798255443572998,
      0.08458169549703598,
      0.11716259270906448
    ],
    [
      0.4854423999786377,
      0.4582187533378601,
      0.056339506059885025
    ],
    [
      0.5037469863891602,
      0.46910375356674194,
      0.027149686589837074
    ],
    [
      0.7297642230987549,
      0.2472274750471115,
      0.023009397089481354
    ],
    [
      0.42845419049263,
      0.5506450533866882,
      0.020900871604681015
    ],
    [
      0.01942071132361889,
      0.7024109363555908,
      0.2781681716442108
    ],
    [
      0.06325012445449829,
      0.8280723690986633,
      0.10867766290903091
    ],
    [
      0.6334192156791687,
      0.10826980322599411,
      0.2583102285861969
    ],
    [
      0.4552237391471863,
      0.03927301615476608,
      0.5055032968521118
    ],
    [
      0.7867431640625,
      0.03418860211968422,
      0.17906878888607025
    ],
    [
      0.6231446266174316,
      0.25777173042297363,
      0.11908318847417831
    ],
    [
      0.3444906175136566,
      0.11992982029914856,
      0.5355803966522217
    ],
    [
      0.04825519770383835,
      0.7743403911590576,
      0.17740459740161896
    ],
    [
      0.3514261543750763,
      0.5520139336585999,
      0.09655989706516266
    ],
    [
      0.35724174976348877,
      0.4832277297973633,
      0.15953046083450317
    ],
    [
      0.14676760137081146,
      0.47381189465522766,
      0.37942028045654297
    ],
    [
      0.13497480750083923,
      0.7607258558273315,
      0.10429858416318893
    ],
    [
      0.1274869292974472,
      0.7731965780258179,
      0.09931693226099014
    ],
    [
      0.20255199074745178,
      0.6543576121330261,
      0.14309079945087433
    ],
    [
      0.6396044492721558,
      0.22455988824367523,
      0.13583630323410034
    ],
    [
      0.7494415044784546,
      0.19762356579303741,
      0.052934110164642334
    ],
    [
      0.28681930899620056,
      0.639980137348175,
      0.07320096343755722
    ],
    [
      0.23827113211154938,
      0.2983478307723999,
      0.4633813500404358
    ],
    [
      0.11888397485017776,
      0.4845256507396698,
      0.396590918302536
    ]
  ],