{
  "N": 112800,
  "usage": [
    0.33816489577293396,
    0.4883907437324524,
    0.17344431579113007
  ],
  "entropy_mean": 0.6628789901733398,
  "entropy_std": 0.22930142283439636,
  "top1_share": [
    0.339601069688797,
    0.5458953976631165,
    0.11450354754924774
  ],
  "P_expert_given_class": [
    [
      0.5843761563301086,
      0.38741666078567505,
      0.028207171708345413
    ],
    [
      0.01632598787546158,
      0.05696538835763931,
      0.9267077445983887
    ],
    [
      0.156306654214859,
      0.6677098870277405,
      0.17598366737365723
    ],
    [
      0.03828587755560875,
      0.7589992880821228,
      0.202713742852211
    ],
    [
      0.5293809771537781,
      0.30771714448928833,
      0.16290168464183807
    ],
    [
      0.04167206585407257,
      0.8325804471969604,
      0.12574803829193115
    ],
    [
      0.436154842376709,
      0.4841834604740143,
      0.07966122031211853
    ],
    [
      0.2074785679578781,
      0.6806800365447998,
      0.1118413507938385
    ],
    [
      0.23188327252864838,
      0.7171961665153503,
      0.0509192980825901
    ],
    [
      0.27109450101852417,
      0.6730762720108032,
      0.05582897365093231
    ],
    [
      0.41293492913246155,
      0.5626925826072693,
      0.02437303215265274
    ],
    [
      0.34673312306404114,
      0.6306115388870239,
      0.022654574364423752
    ],
    [
      0.1989353597164154,
      0.6871519088745117,
      0.113913394510746
    ],
    [
      0.6189764738082886,
      0.3341647982597351,
      0.04685870558023453
    ],
    [
      0.07181888818740845,
      0.8564431667327881,
      0.07173805683851242
    ],
    [
      0.15177832543849945,
      0.7826278805732727,
      0.06559330970048904
    ],
    [
      0.20261938869953156,
      0.7737864851951599,
      0.023593811318278313
    ],
    [
      0.6956057548522949,
      0.25468936562538147,
      0.04970464110374451
    ],
    [
      0.020385921001434326,
      0.15743112564086914,
      0.8221825957298279
    ],
    [
      0.07479730248451233,
      0.5499223470687866,
      0.3752802908420563
    ],
    [
      0.6776413917541504,
      0.25957414507865906,
      0.06278513371944427
    ],
    [
      0.09746427834033966,
      0.11721281707286835,
      0.785321831703186
    ],
    [
      0.7820107936859131,
      0.19016680121421814,
      0.027823496609926224
    ],
    [
      0.7883596420288086,
      0.1224619522690773,
      0.08917800337076187
    ],
    [
      0.5039096474647522,
      0.4486314356327057,
      0.04745902493596077
    ],
    [
      0.5049239993095398,
      0.47475871443748474,
      0.020316552370786667
    ],
    [
      0.6558855175971985,
      0.3179705739021301,
      0.026143940165638924
    ],
    [
      0.4201837182044983,
      0.5577476620674133,
      0.022069217637181282
    ],
    [
      0.030229778960347176,
      0.7571301460266113,
      0.21264100074768066
    ],
    [
      0.0601307675242424,
      0.8875876069068909,
      0.05228159949183464
    ],
    [
      0.6486771106719971,
      0.1427280753850937,
      0.20859448611736298
    ],
    [
      0.528003990650177,
      0.04701869934797287,
      0.4249774217605591
    ],
    [
      0.762803316116333,
      0.05190366134047508,
      0.18529406189918518
    ],
    [
      0.5773150324821472,
      0.32658326625823975,
      0.09610220789909363
    ],
    [
      0.3778017461299896,
      0.15074318647384644,
      0.4714551866054535
    ],
    [
      0.037989672273397446,
      0.7863314747810364,
      0.17567887902259827
    ],
    [
      0.3202711343765259,
      0.591294527053833,
      0.08843390643596649
    ],
    [
      0.2914578914642334,
      0.5663816332817078,
      0.14216093719005585
    ],
    [
      0.147232323884964,
      0.5708346962928772,
      0.28193309903144836
    ],
    [
      0.1179366186261177,
      0.7785670757293701,
      0.10349628329277039
    ],
    [
      0.14013685286045074,
      0.7824707627296448,
      0.07739166915416718
    ],
    [
      0.20268699526786804,
      0.6795716285705566,
      0.11774113029241562
    ],
    [
      0.5868633985519409,
      0.29539763927459717,
      0.11773882806301117
    ],
    [
      0.7018625140190125,
      0.2558269500732422,
      0.042310502380132675
    ],
    [
      0.2683454751968384,
      0.6635164022445679,
      0.06813839823007584
    ],
    [
      0.24400678277015686,
      0.36961424350738525,
      0.38637933135032654
    ],
    [
      0.11207564175128937,
      0.606293261051178,
      0.2816314697265625
    ]
  ],