{
  "N": 112800,
  "usage": [
    0.2172616422176361,
    0.6813498139381409,
    0.1013886034488678
  ],
  "entropy_mean": 0.5337907075881958,
  "entropy_std": 0.2835255265235901,
  "top1_share": [
    0.1101684421300888,
    0.8067464828491211,
    0.08308510482311249
  ],
  "P_expert_given_class": [
    [
      0.38190898299217224,
      0.5942518711090088,
      0.02383962646126747
    ],
    [
      0.044793833047151566,
      0.1438395082950592,
      0.8113667964935303
    ],
    [
      0.12285293638706207,
      0.838115930557251,
      0.039030808955430984
    ],
    [
      0.07021290808916092,
      0.8534433841705322,
      0.07634381949901581
    ],
    [
      0.3580993115901947,
      0.5690063238143921,
      0.07289491593837738
    ],
    [
      0.09126703441143036,
      0.8769852519035339,
      0.0317477248609066
    ],
    [
      0.20739245414733887,
      0.739920973777771,
      0.052686065435409546
    ],
    [
      0.07351676374673843,
      0.8229223489761353,
      0.10356054455041885
    ],
    [
      0.12527452409267426,
      0.846759021282196,
      0.027966760098934174
    ],
    [
      0.17522448301315308,
      0.7665852904319763,
      0.058189794421195984
    ],
    [
      0.2579196095466614,
      0.7119579315185547,
      0.030121222138404846
    ],
    [
      0.21507278084754944,
      0.7673019766807556,
      0.01762530766427517
    ],
    [
      0.15306271612644196,
      0.8132628202438354,
      0.033673837780952454
    ],
    [
      0.4053429663181305,
      0.5696276426315308,
      0.025029288604855537
    ],
    [
      0.10608293861150742,
      0.8759228587150574,
      0.01799534261226654
    ],
    [
      0.15913552045822144,
      0.7902079224586487,
      0.05065637454390526
    ],
    [
      0.12422022223472595,
      0.8480541706085205,
      0.027725988999009132
    ],
    [
      0.40469425916671753,
      0.566766083240509,
      0.028538992628455162
    ],
    [
      0.05521223694086075,
      0.255325049161911,
      0.6894623041152954
    ],
    [
      0.09158534556627274,
      0.5694006681442261,
      0.33901360630989075
    ],
    [
      0.2339393049478531,
      0.7406485676765442,
      0.025412291288375854
    ],
    [
      0.10011788457632065,
      0.2698225677013397,
      0.6300589442253113
    ],
    [
      0.4200386703014374,
      0.5511313080787659,
      0.02882935293018818
    ],
    [
      0.4887906014919281,
      0.4603598117828369,
      0.050849687308073044
    ],
    [
      0.35073214769363403,
      0.6283915042877197,
      0.020875554531812668
    ],
    [
      0.2804547846317291,
      0.685969889163971,
      0.03357504680752754
    ],
    [
      0.2606104910373688,
      0.7054805755615234,
      0.03390928730368614
    ],
    [
      0.15266560018062592,
      0.8299781680107117,
      0.01735674776136875
    ],
    [
      0.07814089953899384,
      0.8922838568687439,
      0.029575906693935394
    ],
    [
      0.06163883954286575,
      0.8862363696098328,
      0.052124813199043274
    ],
    [
      0.4319762587547302,
      0.4444960951805115,
      0.12352845817804337
    ],
    [
      0.5440418124198914,
      0.3113901913166046,
      0.14456799626350403
    ],
    [
      0.5364068150520325,
      0.34018561244010925,
      0.12340734153985977
    ],
    [
      0.1269565224647522,
      0.835419774055481,
      0.037623848766088486
    ],
    [
      0.3022332191467285,
      0.47308599948883057,
      0.22468045353889465
    ],
    [
      0.09674975275993347,
      0.8754042387008667,
      0.02784617431461811
    ],
    [
      0.16172057390213013,
      0.8085913062095642,
      0.029687203466892242
    ],
    [
      0.24446728825569153,
      0.7109336256980896,
      0.04459906741976738
    ],
    [
      0.10925377905368805,
      0.7455921173095703,
      0.14515471458435059
    ],
    [
      0.10358880460262299,
      0.8795562982559204,
      0.01685488037765026
    ],
    [
      0.16354435682296753,
      0.7884675860404968,
      0.047988034784793854
    ],
    [
      0.1637348234653473,
      0.7798852324485779,
      0.05638076737523079
    ],
    [
      0.3514139950275421,
      0.6006604433059692,
      0.04792523384094238
    ],
    [
      0.3351072072982788,
      0.6376224160194397,
      0.027270488440990448
    ],
    [
      0.16957096755504608,
      0.7783648371696472,
      0.05206385627388954
    ],
    [
      0.17633280158042908,
      0.7741491198539734,
      0.0495188944041729
    ],
    [
      0.14419524371623993,
      0.7696751952171326,
      0.08612983673810959
    ]
  ],