{
  "N": 112800,
  "usage": [
    0.35394471883773804,
    0.41410312056541443,
    0.23195217549800873
  ],
  "entropy_mean": 0.6556670665740967,
  "entropy_std": 0.25148940086364746,
  "top1_share": [
    0.35664892196655273,
    0.45916667580604553,
    0.18418440222740173
  ],
  "P_expert_given_class": [
    [
      0.5928522944450378,
      0.37007349729537964,
      0.037073951214551926
    ],
    [
      0.006246206816285849,
      0.02858404442667961,
      0.9651690721511841
    ],
    [
      0.17281770706176758,
      0.5811660885810852,
      0.24601680040359497
    ],
    [
      0.042303819209337234,
      0.6872369647026062,
      0.2704586684703827
    ],
    [
      0.5666149854660034,
      0.21515314280986786,
      0.21823173761367798
    ],
    [
      0.031607307493686676,
      0.7410643100738525,
      0.22732843458652496
    ],
    [
      0.527695894241333,
      0.33753272891044617,
      0.1347714066505432
    ],
    [
      0.19813896715641022,
      0.5814127922058105,
      0.22044861316680908
    ],
    [
      0.24920354783535004,
      0.7024509906768799,
      0.04834461957216263
    ],
    [
      0.3293091356754303,
      0.5841988921165466,
      0.08649064600467682
    ],
    [
      0.436983197927475,
      0.5243469476699829,
      0.03867022320628166
    ],
    [
      0.3277566134929657,
      0.656234622001648,
      0.016009431332349777
    ],
    [
      0.1888745129108429,
      0.594257652759552,
      0.21686795353889465
    ],
    [
      0.6917304992675781,
      0.23775413632392883,
      0.0705159455537796
    ],
    [
      0.05801360309123993,
      0.8625175952911377,
      0.07946853339672089
    ],
    [
      0.12550701200962067,
      0.7949865460395813,
      0.07950589805841446
    ],
    [
      0.24547696113586426,
      0.7265567183494568,
      0.027966449037194252
    ],
    [
      0.8192043304443359,
      0.11917413026094437,
      0.061622586101293564
    ],
    [
      0.010097799822688103,
      0.12696747481822968,
      0.8629353046417236
    ],
    [
      0.04976998269557953,
      0.4745346009731293,
      0.4756962060928345
    ],
    [
      0.752596378326416,
      0.16401800513267517,
      0.0833854153752327
    ],
    [
      0.05893439054489136,
      0.04730019345879555,
      0.8937674760818481
    ],
    [
      0.815351128578186,
      0.1144232451915741,
      0.07022494822740555
    ],
    [
      0.790070652961731,
      0.06996884942054749,
      0.13996033370494843
    ],
    [
      0.4954674243927002,
      0.42546024918556213,
      0.07907228916883469
    ],
    [
      0.45257624983787537,
      0.5219123363494873,
      0.02551189810037613
    ],
    [
      0.7606774568557739,
      0.22298912703990936,
      0.01633404567837715
    ],
    [
      0.40992259979248047,
      0.5739297270774841,
      0.01614813320338726
    ],
    [
      0.01663396693766117,
      0.6637724041938782,
      0.3195938467979431
    ],
    [
      0.049822498112916946,
      0.7270011305809021,
      0.22317631542682648
    ],
    [
      0.6388435959815979,
      0.06553888320922852,
      0.2956183850765228
    ],
    [
      0.37869614362716675,
      0.029509862884879112,
      0.5917946100234985
    ],
    [
      0.7916581034660339,
      0.03275732323527336,
      0.17558492720127106
    ],
    [
      0.6961797475814819,
      0.19516901671886444,
      0.10865144431591034
    ],
    [
      0.28913867473602295,
      0.10234193503856659,
      0.6085199117660522
    ],
    [
      0.0384378544986248,
      0.7289906144142151,
      0.23257118463516235
    ],
    [
      0.4014141261577606,
      0.4765303432941437,
      0.12205556035041809
    ],
    [
      0.45571577548980713,
      0.3176334500312805,
      0.22665131092071533
    ],
    [
      0.16080327332019806,
      0.38079166412353516,
      0.45840513706207275
    ],
    [
      0.1439822018146515,
      0.7606838941574097,
      0.09533341974020004
    ],
    [
      0.13157740235328674,
      0.7673622369766235,
      0.10106071829795837
    ],
    [
      0.22450138628482819,
      0.610300600528717,
      0.16519777476787567
    ],
    [
      0.6010955572128296,
      0.15240249037742615,
      0.24650231003761292
    ],
    [
      0.7385178208351135,
      0.18550781905651093,
      0.0759751945734024
    ],
    [
      0.3469764292240143,
      0.5809674263000488,
      0.07205531001091003
    ],
    [
      0.21193617582321167,
      0.22438962757587433,
      0.5636747479438782
    ],
    [
      0.11367526650428772,
      0.3749876916408539,
      0.511337399482727
    ]
  ],