{
  "N": 112800,
  "usage": [
    0.35634639859199524,
    0.42610570788383484,
    0.21754789352416992
  ],
  "entropy_mean": 0.6645443439483643,
  "entropy_std": 0.24396589398384094,
  "top1_share": [
    0.3545833230018616,
    0.4754698574542999,
    0.1699468046426773
  ],
  "P_expert_given_class": [
    [
      0.582716703414917,
      0.3852471709251404,
      0.03203563392162323
    ],
    [
      0.0105173010379076,
      0.03151281177997589,
      0.9579699635505676
    ],
    [
      0.18249593675136566,
      0.5919986963272095,
      0.22550547122955322
    ],
    [
      0.04169045016169548,
      0.7342100739479065,
      0.2241002917289734
    ],
    [
      0.562822699546814,
      0.2402469962835312,
      0.19693022966384888
    ],
    [
      0.03546765446662903,
      0.7384600043296814,
      0.22607187926769257
    ],
    [
      0.5215950012207031,
      0.36723992228507996,
      0.11116527765989304
    ],
    [
      0.23715205490589142,
      0.5865405201911926,
      0.1763072907924652
    ],
    [
      0.24452227354049683,
      0.7009176015853882,
      0.0545596182346344
    ],
    [
      0.3030431270599365,
      0.6138395071029663,
      0.08311760425567627
    ],
    [
      0.43420669436454773,
      0.5348343849182129,
      0.0309588722884655
    ],
    [
      0.3307150900363922,
      0.6539598107337952,
      0.015324738807976246
    ],
    [
      0.19159278273582458,
      0.6109676957130432,
      0.19743894040584564
    ],
    [
      0.6946633458137512,
      0.2397983819246292,
      0.0655389130115509
    ],
    [
      0.06316594034433365,
      0.8369531035423279,
      0.09988080710172653
    ],
    [
      0.1311154067516327,
      0.7917502522468567,
      0.07713332772254944
    ],
    [
      0.26075753569602966,
      0.7150693535804749,
      0.024172816425561905
    ],
    [
      0.7862197756767273,
      0.15707412362098694,
      0.0567055270075798
    ],
    [
      0.01459683757275343,
      0.13216032087802887,
      0.8532431125640869
    ],
    [
      0.06128200516104698,
      0.48433324694633484,
      0.4543845057487488
    ],
    [
      0.7485588788986206,
      0.17936138808727264,
      0.0720798522233963
    ],
    [
      0.06605067104101181,
      0.05570586025714874,
      0.8782423138618469
    ],
    [
      0.8243733048439026,
      0.12309146672487259,
      0.05253417789936066
    ],
    [
      0.7909838557243347,
      0.07648869603872299,
      0.132527694106102
    ],
    [
      0.4806855320930481,
      0.45183297991752625,
      0.06748092919588089
    ],
    [
      0.4732670485973358,
      0.5005149841308594,
      0.02621833048760891
    ],
    [
      0.7721295952796936,
      0.2074357271194458,
      0.020434534177184105
    ],
    [
      0.41875022649765015,
      0.5650489330291748,
      0.016201267018914223
    ],
    [
      0.019066816195845604,
      0.6581366658210754,
      0.3227960765361786
    ],
    [
      0.06642328947782516,
      0.7377598285675049,
      0.19581648707389832
    ],
    [
      0.6382209658622742,
      0.08124076575040817,
      0.2805384695529938
    ],
    [
      0.4208419919013977,
      0.0379338376224041,
      0.5412245392799377
    ],
    [
      0.8049470782279968,
      0.03226747363805771,
      0.16278542578220367
    ],
    [
      0.6814271211624146,
      0.20814085006713867,
      0.11043260246515274
    ],
    [
      0.3335161507129669,
      0.11362959444522858,
      0.5528538823127747
    ],
    [
      0.04771136865019798,
      0.7310396432876587,
      0.22124789655208588
    ],
    [
      0.3871343433856964,
      0.5073729753494263,
      0.10549307614564896
    ],
    [
      0.422219455242157,
      0.3871017396450043,
      0.19067896902561188
    ],
    [
      0.15037913620471954,
      0.4058074355125427,
      0.4438135325908661
    ],
    [
      0.12446891516447067,
      0.7737526893615723,
      0.10177893936634064
    ],
    [
      0.13478712737560272,
      0.7710174322128296,
      0.09419481456279755
    ],
    [
      0.21322393417358398,
      0.6320968866348267,
      0.15467925369739532
    ],
    [
      0.612093448638916,
      0.17830418050289154,
      0.20960281789302826
    ],
    [
      0.7445688247680664,
      0.18675273656845093,
      0.06867779046297073
    ],
    [
      0.3259534537792206,
      0.6001375317573547,
      0.07390905171632767
    ],
    [
      0.22320406138896942,
      0.24675537645816803,
      0.5300405025482178
    ],
    [
      0.13295695185661316,
      0.4311210513114929,
      0.4359225034713745
    ]
  ],