{
  "N": 112800,
  "usage": [
    0.3466297388076782,
    0.4651835262775421,
    0.1881866604089737
  ],
  "entropy_mean": 0.6628703474998474,
  "entropy_std": 0.23274534940719604,
  "top1_share": [
    0.3470478653907776,
    0.5246808528900146,
    0.12827128171920776
  ],
  "P_expert_given_class": [
    [
      0.5877946019172668,
      0.38252654671669006,
      0.029678933322429657
    ],
    [
      0.0132163530215621,
      0.04285610839724541,
      0.9439266920089722
    ],
    [
      0.16060209274291992,
      0.6482164263725281,
      0.1911807656288147
    ],
    [
      0.03689556196331978,
      0.7631011605262756,
      0.20000356435775757
    ],
    [
      0.5312601923942566,
      0.28471705317497253,
      0.18402224779129028
    ],
    [
      0.039434731006622314,
      0.798728346824646,
      0.16183750331401825
    ],
    [
      0.4734852612018585,
      0.44190144538879395,
      0.08461365103721619
    ],
    [
      0.2192572057247162,
      0.6472041010856628,
      0.1335383653640747
    ],
    [
      0.22707173228263855,
      0.723948061466217,
      0.048979539424180984
    ],
    [
      0.26274675130844116,
      0.6739735007286072,
      0.06327974051237106
    ],
    [
      0.41795989871025085,
      0.5557908415794373,
      0.0262491125613451
    ],
    [
      0.3524918258190155,
      0.629296064376831,
      0.018211932852864265
    ],
    [
      0.20799285173416138,
      0.6593705415725708,
      0.1326363980770111
    ],
    [
      0.6417704820632935,
      0.3038305342197418,
      0.05439897999167442
    ],
    [
      0.07532413303852081,
      0.837485134601593,
      0.08719154447317123
    ],
    [
      0.14286357164382935,
      0.7843062877655029,
      0.0728292167186737
    ],
    [
      0.22225883603096008,
      0.7568061351776123,
      0.020934375002980232
    ],
    [
      0.7159563302993774,
      0.23140548169612885,
      0.052637796849012375
    ],
    [
      0.016835585236549377,
      0.1462315171957016,
      0.8369343876838684
    ],
    [
      0.06908588856458664,
      0.5269590020179749,
      0.40395423769950867
    ],
    [
      0.7138792872428894,
      0.22130632400512695,
      0.06481372565031052
    ],
    [
      0.0890350192785263,
      0.08742430061101913,
      0.823540985584259
    ],
    [
      0.8075428009033203,
      0.16061384975910187,
      0.0318429209291935
    ],
    [
      0.802942156791687,
      0.09626145660877228,
      0.10079710930585861
    ],
    [
      0.499472975730896,
      0.44912201166152954,
      0.05140480771660805
    ],
    [
      0.4965524673461914,
      0.4810940623283386,
      0.02235325612127781
    ],
    [
      0.7008180022239685,
      0.27543774247169495,
      0.023744098842144012
    ],
    [
      0.4272249937057495,
      0.5515448451042175,
      0.021229971200227737
    ],
    [
      0.024940019473433495,
      0.7151590585708618,
      0.25990110635757446
    ],
    [
      0.07820222526788712,
      0.8242703080177307,
      0.09752754122018814
    ],
    [
      0.6468209624290466,
      0.11320699006319046,
      0.2399713397026062
    ],
    [
      0.5148763656616211,
      0.035572875291109085,
      0.4495500326156616
    ],
    [
      0.7769273519515991,
      0.0387641042470932,
      0.18430843949317932
    ],
    [
      0.6060855984687805,
      0.2816483676433563,
      0.11226584017276764
    ],
    [
      0.3726659417152405,
      0.12649530172348022,
      0.5008388161659241
    ],
    [
      0.04179548844695091,
      0.7673166990280151,
      0.1908879280090332
    ],
    [
      0.33468058705329895,
      0.569870114326477,
      0.09544936567544937
    ],
    [
      0.3324342966079712,
      0.522788405418396,
      0.1447761207818985
    ],
    [
      0.1421036720275879,
      0.5129271149635315,
      0.34496939182281494
    ],
    [
      0.13504022359848022,
      0.7573843598365784,
      0.10757604241371155
    ],
    [
      0.13463188707828522,
      0.7800028920173645,
      0.08536571264266968
    ],
    [
      0.20168177783489227,
      0.6701280474662781,
      0.12819012999534607
    ],
    [
      0.6162763237953186,
      0.2563726305961609,
      0.1273508220911026
    ],
    [
      0.7273054718971252,
      0.22666344046592712,
      0.04603053256869316
    ],
    [
      0.27629324793815613,
      0.6542299389839172,
      0.06947696954011917
    ],
    [
      0.2570383548736572,
      0.32591626048088074,
      0.41704535484313965
    ],
    [
      0.12002525478601456,
      0.5234494209289551,
      0.3565255105495453
    ]
  ],