{
  "N": 112800,
  "usage": [
    0.3530188798904419,
    0.4424150288105011,
    0.20456604659557343
  ],
  "entropy_mean": 0.6694604158401489,
  "entropy_std": 0.23547020554542542,
  "top1_share": [
    0.352961003780365,
    0.49501773715019226,
    0.15202127397060394
  ],
  "P_expert_given_class": [
    [
      0.5868774652481079,
      0.38082122802734375,
      0.032301392406225204
    ],
    [
      0.011787534691393375,
      0.0447588749229908,
      0.9434530735015869
    ],
    [
      0.17544394731521606,
      0.6225464940071106,
      0.20200857520103455
    ],
    [
      0.040727049112319946,
      0.7492271661758423,
      0.21004588901996613
    ],
    [
      0.5462918877601624,
      0.25648918747901917,
      0.19721853733062744
    ],
    [
      0.03755652531981468,
      0.7615031003952026,
      0.20093949139118195
    ],
    [
      0.5091314911842346,
      0.3920200765132904,
      0.09884899854660034
    ],
    [
      0.21632927656173706,
      0.616337776184082,
      0.16733305156230927
    ],
    [
      0.2290433943271637,
      0.7135312557220459,
      0.05742437392473221
    ],
    [
      0.2821319103240967,
      0.6405236124992371,
      0.07734502106904984
    ],
    [
      0.42250901460647583,
      0.5494602918624878,
      0.028030315414071083
    ],
    [
      0.34977293014526367,
      0.6337919235229492,
      0.016436029225587845
    ],
    [
      0.19895480573177338,
      0.6229385137557983,
      0.17810684442520142
    ],
    [
      0.665946900844574,
      0.26846790313720703,
      0.06558537483215332
    ],
    [
      0.07857892662286758,
      0.8255745768547058,
      0.0958472490310669
    ],
    [
      0.14178234338760376,
      0.7745203375816345,
      0.08369795978069305
    ],
    [
      0.23791056871414185,
      0.7388260960578918,
      0.023263368755578995
    ],
    [
      0.7446830868721008,
      0.1932029128074646,
      0.0621136799454689
    ],
    [
      0.016991404816508293,
      0.1482686549425125,
      0.834739625453949
    ],
    [
      0.05815570801496506,
      0.5164792537689209,
      0.42536404728889465
    ],
    [
      0.7329655289649963,
      0.19220873713493347,
      0.07482612878084183
    ],
    [
      0.08117835968732834,
      0.0738958865404129,
      0.8449257016181946
    ],
    [
      0.8197789192199707,
      0.13555040955543518,
      0.044671401381492615
    ],
    [
      0.8071485757827759,
      0.08045287430286407,
      0.11239857971668243
    ],
    [
      0.5016629099845886,
      0.4383578896522522,
      0.05997972562909126
    ],
    [
      0.5038890838623047,
      0.4714431166648865,
      0.02466709539294243
    ],
    [
      0.7329822182655334,
      0.24573755264282227,
      0.02127946726977825
    ],
    [
      0.42237788438796997,
      0.5592781901359558,
      0.018344828858971596
    ],
    [
      0.021419856697320938,
      0.6899724006652832,
      0.288607120513916
    ],
    [
      0.0690704733133316,
      0.7902949452400208,
      0.14063458144664764
    ],
    [
      0.6382821202278137,
      0.09479165822267532,
      0.26692622900009155
    ],
    [
      0.46795403957366943,
      0.03251884505152702,
      0.49952763319015503
    ],
    [
      0.802341878414154,
      0.03253792226314545,
      0.16511988639831543
    ],
    [
      0.6420496106147766,
      0.23468279838562012,
      0.12326810508966446
    ],
    [
      0.34267839789390564,
      0.11280610412359238,
      0.5445154309272766
    ],
    [
      0.047110624611377716,
      0.7607240080833435,
      0.19216519594192505
    ],
    [
      0.3640385568141937,
      0.534716010093689,
      0.10124512016773224
    ],
    [
      0.3740522265434265,
      0.4608260989189148,
      0.16512124240398407
    ],
    [
      0.15131227672100067,
      0.44411250948905945,
      0.4045754373073578
    ],
    [
      0.14798209071159363,
      0.7489780187606812,
      0.10304033011198044
    ],
    [
      0.13102813065052032,
      0.7703589200973511,
      0.09861243516206741
    ],
    [
      0.20793409645557404,
      0.6448719501495361,
      0.1471933126449585
    ],
    [
      0.622903048992157,
      0.21299056708812714,
      0.16410543024539948
    ],
    [
      0.7428659796714783,
      0.19744762778282166,
      0.059687379747629166
    ],
    [
      0.29681795835494995,
      0.6290495991706848,
      0.07413267344236374
    ],
    [
      0.24545542895793915,
      0.28602781891822815,
      0.46851664781570435
    ],
    [
      0.12400306761264801,
      0.46958333253860474,
      0.40641412138938904
    ]
  ],