{
  "N": 112800,
  "usage": [
    0.35140666365623474,
    0.4272916615009308,
    0.2213016301393509
  ],
  "entropy_mean": 0.6691982746124268,
  "entropy_std": 0.2445300817489624,
  "top1_share": [
    0.3522074520587921,
    0.4769769608974457,
    0.1708156019449234
  ],
  "P_expert_given_class": [
    [
      0.5903748869895935,
      0.37565097212791443,
      0.03397390618920326
    ],
    [
      0.008108794689178467,
      0.029042555019259453,
      0.962850034236908
    ],
    [
      0.18138273060321808,
      0.590178370475769,
      0.22843798995018005
    ],
    [
      0.04260541498661041,
      0.7241392135620117,
      0.23325563967227936
    ],
    [
      0.5509917140007019,
      0.23897778987884521,
      0.21003121137619019
    ],
    [
      0.03560877963900566,
      0.7355793118476868,
      0.22881154716014862
    ],
    [
      0.5105132460594177,
      0.38365888595581055,
      0.10582668334245682
    ],
    [
      0.21960949897766113,
      0.5881873965263367,
      0.19220329821109772
    ],
    [
      0.2448597401380539,
      0.6985231041908264,
      0.05661686509847641
    ],
    [
      0.29674792289733887,
      0.6077196598052979,
      0.09553203731775284
    ],
    [
      0.437257319688797,
      0.5283125042915344,
      0.03443072736263275
    ],
    [
      0.3312840163707733,
      0.6519310474395752,
      0.01678474061191082
    ],
    [
      0.18734562397003174,
      0.6065281629562378,
      0.206126868724823
    ],
    [
      0.6550767421722412,
      0.2678665220737457,
      0.0770563930273056
    ],
    [
      0.05728207156062126,
      0.8460307121276855,
      0.09668686985969543
    ],
    [
      0.13463693857192993,
      0.7854203581809998,
      0.07994282990694046
    ],
    [
      0.24942125380039215,
      0.7269103527069092,
      0.023668481037020683
    ],
    [
      0.7682897448539734,
      0.16698873043060303,
      0.06472151726484299
    ],
    [
      0.012936086393892765,
      0.13175715506076813,
      0.8553071022033691
    ],
    [
      0.05623190104961395,
      0.49075865745544434,
      0.4530099630355835
    ],
    [
      0.7377093434333801,
      0.18844175338745117,
      0.0738493949174881
    ],
    [
      0.06770741939544678,
      0.055071767419576645,
      0.8772205710411072
    ],
    [
      0.8126925826072693,
      0.1248854324221611,
      0.06242211535573006
    ],
    [
      0.7940798401832581,
      0.07410935312509537,
      0.13181167840957642
    ],
    [
      0.4907090663909912,
      0.43986403942108154,
      0.06942693144083023
    ],
    [
      0.4805116653442383,
      0.4887101352214813,
      0.030778026208281517
    ],
    [
      0.7677152752876282,
      0.21410199999809265,
      0.018182512372732162
    ],
    [
      0.4128727316856384,
      0.5689816474914551,
      0.018145252019166946
    ],
    [
      0.01951388455927372,
      0.6519229412078857,
      0.3285635709762573
    ],
    [
      0.06154709681868553,
      0.745829164981842,
      0.1926223337650299
    ],
    [
      0.6313204765319824,
      0.08588386327028275,
      0.28279542922973633
    ],
    [
      0.40982508659362793,
      0.03574353829026222,
      0.554431676864624
    ],
    [
      0.7982845902442932,
      0.03327502682805061,
      0.16844116151332855
    ],
    [
      0.6647961139678955,
      0.20918573439121246,
      0.1260177344083786
    ],
    [
      0.32152873277664185,
      0.10994981229305267,
      0.5685219168663025
    ],
    [
      0.04718582704663277,
      0.7312793135643005,
      0.22153426706790924
    ],
    [
      0.38013049960136414,
      0.5091288089752197,
      0.11074025183916092
    ],
    [
      0.3967662453651428,
      0.4203418493270874,
      0.18289251625537872
    ],
    [
      0.16542689502239227,
      0.3983651399612427,
      0.4362071752548218
    ],
    [
      0.1205245852470398,
      0.7800714373588562,
      0.09940438717603683
    ],
    [
      0.13051453232765198,
      0.7682714462280273,
      0.10121369361877441
    ],
    [
      0.21359883248806,
      0.6270027756690979,
      0.1593984067440033
    ],
    [
      0.61167973279953,
      0.1880955696105957,
      0.20022501051425934
    ],
    [
      0.7320947647094727,
      0.19247137010097504,
      0.07543341815471649
    ],
    [
      0.31784504652023315,
      0.6024864315986633,
      0.07966818660497665
    ],
    [
      0.23019157350063324,
      0.23429633677005768,
      0.5355119109153748
    ],
    [
      0.12878039479255676,
      0.4307750463485718,
      0.44044414162635803
    ]
  ],