{
  "N": 112800,
  "usage": [
    0.3196389377117157,
    0.5395135283470154,
    0.14084753394126892
  ],
  "entropy_mean": 0.6255922317504883,
  "entropy_std": 0.2309100329875946,
  "top1_share": [
    0.31789007782936096,
    0.5976507067680359,
    0.08445922285318375
  ],
  "P_expert_given_class": [
    [
      0.5682066082954407,
      0.4161093533039093,
      0.015683993697166443
    ],
    [
      0.01967606134712696,
      0.055210597813129425,
      0.9251132011413574
    ],
    [
      0.12347932159900665,
      0.7302756905555725,
      0.1462460458278656
    ],
    [
      0.0242010410875082,
      0.8115748167037964,
      0.164223775267601
    ],
    [
      0.507355272769928,
      0.37422966957092285,
      0.11841511726379395
    ],
    [
      0.03569361940026283,
      0.9028300046920776,
      0.061477258801460266
    ],
    [
      0.32342827320098877,
      0.5634435415267944,
      0.11312862485647202
    ],
    [
      0.13633151352405548,
      0.8088210821151733,
      0.054847437888383865
    ],
    [
      0.2009156197309494,
      0.7562277317047119,
      0.04285621643066406
    ],
    [
      0.24741877615451813,
      0.7114843130111694,
      0.04109736531972885
    ],
    [
      0.3892578184604645,
      0.5848414301872253,
      0.025900552049279213
    ],
    [
      0.3246668875217438,
      0.6578426361083984,
      0.017490994185209274
    ],
    [
      0.20444923639297485,
      0.7477429509162903,
      0.047807641327381134
    ],
    [
      0.5798994302749634,
      0.40069299936294556,
      0.019408514723181725
    ],
    [
      0.07429306954145432,
      0.884358823299408,
      0.041349075734615326
    ],
    [
      0.15915563702583313,
      0.7937806844711304,
      0.04706430435180664
    ],
    [
      0.1502971351146698,
      0.8256423473358154,
      0.024060022085905075
    ],
    [
      0.6574897170066833,
      0.30904945731163025,
      0.033460475504398346
    ],
    [
      0.023166494444012642,
      0.15984514355659485,
      0.8169882893562317
    ],
    [
      0.07023163139820099,
      0.5854519009590149,
      0.34431785345077515
    ],
    [
      0.6278597712516785,
      0.3244374394416809,
      0.04770295321941376
    ],
    [
      0.11773055791854858,
      0.13075841963291168,
      0.751510500907898
    ],
    [
      0.7297577857971191,
      0.2465810328722,
      0.023660002276301384
    ],
    [
      0.7643834948539734,
      0.15693356096744537,
      0.0786827951669693
    ],
    [
      0.4961690306663513,
      0.47993823885917664,
      0.02389201894402504
    ],
    [
      0.48310548067092896,
      0.5031064748764038,
      0.01378870289772749
    ],
    [
      0.5612738132476807,
      0.41117361187934875,
      0.027552662417292595
    ],
    [
      0.39243242144584656,
      0.5875388979911804,
      0.020028915256261826
    ],
    [
      0.026650836691260338,
      0.8720059394836426,
      0.10134196281433105
    ],
    [
      0.06761129200458527,
      0.9141139984130859,
      0.01827462576329708
    ],
    [
      0.6491631865501404,
      0.16868793964385986,
      0.1821485459804535
    ],
    [
      0.6251857876777649,
      0.06912515312433243,
      0.30568912625312805
    ],
    [
      0.7097877264022827,
      0.09075330942869186,
      0.1994582861661911
    ],
    [
      0.5021986365318298,
      0.4093114733695984,
      0.08848933130502701
    ],
    [
      0.4583250880241394,
      0.21502970159053802,
      0.32664456963539124
    ],
    [
      0.027810335159301758,
      0.8066666722297668,
      0.16552244126796722
    ],
    [
      0.29924649000167847,
      0.6366919279098511,
      0.06406117230653763
    ],
    [
      0.2502848207950592,
      0.6316291689872742,
      0.11808652430772781
    ],
    [
      0.13608577847480774,
      0.6641603708267212,
      0.19975395500659943
    ],
    [
      0.11269554495811462,
      0.8248792290687561,
      0.06242542341351509
    ],
    [
      0.13406921923160553,
      0.8077580332756042,
      0.05817286670207977
    ],
    [
      0.19017022848129272,
      0.7332217693328857,
      0.07660836726427078
    ],
    [
      0.5448926687240601,
      0.37284958362579346,
      0.08225826919078827
    ],
    [
      0.6537445783615112,
      0.31317979097366333,
      0.03307627514004707
    ],
    [
      0.23556694388389587,
      0.7077538967132568,
      0.05667844042181969
    ],
    [
      0.2871842682361603,
      0.4747981131076813,
      0.2380174696445465
    ],
    [
      0.12003020197153091,
      0.724597692489624,
      0.1553707718849182
    ]
  ],