{
  "N": 112800,
  "usage": [
    0.3313010334968567,
    0.518486738204956,
    0.15021218359470367
  ],
  "entropy_mean": 0.6378965377807617,
  "entropy_std": 0.2297646701335907,
  "top1_share": [
    0.32963651418685913,
    0.5779964327812195,
    0.092367023229599
  ],
  "P_expert_given_class": [
    [
      0.5875868201255798,
      0.392915815114975,
      0.019497163593769073
    ],
    [
      0.01719089411199093,
      0.05739815533161163,
      0.925411581993103
    ],
    [
      0.1289052516222,
      0.7110795378684998,
      0.1600147783756256
    ],
    [
      0.03320200368762016,
      0.7861025333404541,
      0.1806953251361847
    ],
    [
      0.5336880683898926,
      0.3424700200557709,
      0.12384048104286194
    ],
    [
      0.04382472485303879,
      0.8726195096969604,
      0.08355547487735748
    ],
    [
      0.36884182691574097,
      0.5214812159538269,
      0.10967575013637543
    ],
    [
      0.17226825654506683,
      0.7696341872215271,
      0.05809853971004486
    ],
    [
      0.22494883835315704,
      0.7312220931053162,
      0.043829601258039474
    ],
    [
      0.271625816822052,
      0.6887243390083313,
      0.03964962065219879
    ],
    [
      0.39535823464393616,
      0.5802098512649536,
      0.024432260543107986
    ],
    [
      0.34101417660713196,
      0.6389245390892029,
      0.0200611911714077
    ],
    [
      0.20127958059310913,
      0.7335459589958191,
      0.06517429649829865
    ],
    [
      0.5997974872589111,
      0.3744867742061615,
      0.02571611851453781
    ],
    [
      0.07316933572292328,
      0.880083441734314,
      0.04674720764160156
    ],
    [
      0.15752339363098145,
      0.7890830039978027,
      0.05339350551366806
    ],
    [
      0.17368769645690918,
      0.80454421043396,
      0.021767711266875267
    ],
    [
      0.6834576725959778,
      0.2815396785736084,
      0.03500321879982948
    ],
    [
      0.022381654009222984,
      0.16155922412872314,
      0.8160592913627625
    ],
    [
      0.0766882672905922,
      0.5773507356643677,
      0.3459613621234894
    ],
    [
      0.6429772973060608,
      0.30333855748176575,
      0.05368505418300629
    ],
    [
      0.10484719276428223,
      0.12975841760635376,
      0.7653950452804565
    ],
    [
      0.7680206894874573,
      0.21068315207958221,
      0.021295292302966118
    ],
    [
      0.7828033566474915,
      0.1371316760778427,
      0.08006489276885986
    ],
    [
      0.5110535621643066,
      0.4581241309642792,
      0.0308214258402586
    ],
    [
      0.4976482689380646,
      0.4885287582874298,
      0.013822530396282673
    ],
    [
      0.6084560751914978,
      0.36809778213500977,
      0.023445861414074898
    ],
    [
      0.39532530307769775,
      0.5842182636260986,
      0.020457148551940918
    ],
    [
      0.03247611224651337,
      0.8263388872146606,
      0.14118534326553345
    ],
    [
      0.06656485795974731,
      0.9093046188354492,
      0.024131638929247856
    ],
    [
      0.6607088446617126,
      0.1543218046426773,
      0.18496820330619812
    ],
    [
      0.6113078594207764,
      0.061028894037008286,
      0.3276631832122803
    ],
    [
      0.7356787919998169,
      0.06826633214950562,
      0.19605465233325958
    ],
    [
      0.5285979509353638,
      0.37956735491752625,
      0.0918356403708458
    ],
    [
      0.45091190934181213,
      0.18742099404335022,
      0.36166664958000183
    ],
    [
      0.028610970824956894,
      0.8056210279464722,
      0.16576798260211945
    ],
    [
      0.3040305972099304,
      0.6226773858070374,
      0.07329095900058746
    ],
    [
      0.25708839297294617,
      0.5943965315818787,
      0.14851437509059906
    ],
    [
      0.14197413623332977,
      0.6305698752403259,
      0.22745560109615326
    ],
    [
      0.11610380560159683,
      0.8059878349304199,
      0.07790731638669968
    ],
    [
      0.13533726334571838,
      0.8001297116279602,
      0.06453390419483185
    ],
    [
      0.20803411304950714,
      0.7045479416847229,
      0.087418332695961
    ],
    [
      0.5522098541259766,
      0.3484334349632263,
      0.09935655444860458
    ],
    [
      0.6812378764152527,
      0.28622153401374817,
      0.03254017233848572
    ],
    [
      0.25780758261680603,
      0.6848530769348145,
      0.05733967944979668
    ],
    [
      0.2752278745174408,
      0.44087347388267517,
      0.28389832377433777
    ],
    [
      0.10966657102108002,
      0.6834593415260315,
      0.20687370002269745
    ]
  ],