{
  "N": 112800,
  "usage": [
    0.26628080010414124,
    0.6209287047386169,
    0.1127905622124672
  ],
  "entropy_mean": 0.5503668189048767,
  "entropy_std": 0.2544517517089844,
  "top1_share": [
    0.22426418960094452,
    0.6961525082588196,
    0.07958333194255829
  ],
  "P_expert_given_class": [
    [
      0.46879205107688904,
      0.5205087065696716,
      0.010699423030018806
    ],
    [
      0.02896154671907425,
      0.06308746337890625,
      0.9079515337944031
    ],
    [
      0.11361321806907654,
      0.8210070133209229,
      0.06537952274084091
    ],
    [
      0.025538764894008636,
      0.8839966058731079,
      0.09046437591314316
    ],
    [
      0.4340422451496124,
      0.4683479964733124,
      0.09760940074920654
    ],
    [
      0.036304984241724014,
      0.9475414156913757,
      0.016154170036315918
    ],
    [
      0.25484174489974976,
      0.667548418045044,
      0.07760893553495407
    ],
    [
      0.07290630042552948,
      0.8819044232368469,
      0.045188214629888535
    ],
    [
      0.13768839836120605,
      0.8458257913589478,
      0.016484921798110008
    ],
    [
      0.1778545081615448,
      0.7830139398574829,
      0.03913109377026558
    ],
    [
      0.2797337472438812,
      0.6902574300765991,
      0.030009323731064796
    ],
    [
      0.22480590641498566,
      0.7666566967964172,
      0.008537323214113712
    ],
    [
      0.18874214589595795,
      0.7937346696853638,
      0.017522823065519333
    ],
    [
      0.502980649471283,
      0.4843078553676605,
      0.012710998766124249
    ],
    [
      0.07072902470827103,
      0.9132310152053833,
      0.016039270907640457
    ],
    [
      0.12645553052425385,
      0.8351871371269226,
      0.03835712745785713
    ],
    [
      0.11227935552597046,
      0.8707370758056641,
      0.016983211040496826
    ],
    [
      0.5173523426055908,
      0.45109665393829346,
      0.03155034780502319
    ],
    [
      0.03260334953665733,
      0.1725677102804184,
      0.7948290705680847
    ],
    [
      0.06152456998825073,
      0.5731844305992126,
      0.36529070138931274
    ],
    [
      0.4407718777656555,
      0.5347940921783447,
      0.024433135986328125
    ],
    [
      0.1390288919210434,
      0.14438922703266144,
      0.7165813446044922
    ],
    [
      0.6366186141967773,
      0.33355480432510376,
      0.029826082289218903
    ],
    [
      0.7171670794487,
      0.2090044915676117,
      0.07382825016975403
    ],
    [
      0.40489107370376587,
      0.5830407738685608,
      0.01206799317151308
    ],
    [
      0.3201417922973633,
      0.6653138995170593,
      0.014544925652444363
    ],
    [
      0.4092952609062195,
      0.5649888515472412,
      0.025716165080666542
    ],
    [
      0.23058955371379852,
      0.7589743137359619,
      0.0104367109015584
    ],
    [
      0.028667010366916656,
      0.9513975977897644,
      0.019934384152293205
    ],
    [
      0.03819245100021362,
      0.9491100907325745,
      0.012696799822151661
    ],
    [
      0.6195959448814392,
      0.22996078431606293,
      0.15044336020946503
    ],
    [
      0.6317600607872009,
      0.10633295029401779,
      0.26190733909606934
    ],
    [
      0.6772669553756714,
      0.12380549311637878,
      0.1989278346300125
    ],
    [
      0.3070722222328186,
      0.6438389420509338,
      0.04908907413482666
    ],
    [
      0.45872756838798523,
      0.29251620173454285,
      0.24875697493553162
    ],
    [
      0.0381552055478096,
      0.9094527363777161,
      0.052391618490219116
    ],
    [
      0.19807036221027374,
      0.7600379586219788,
      0.041891489177942276
    ],
    [
      0.24025726318359375,
      0.7118018269538879,
      0.04794071987271309
    ],
    [
      0.10934963077306747,
      0.7003324031829834,
      0.1903166025876999
    ],
    [
      0.09132563322782516,
      0.8902009129524231,
      0.018471872434020042
    ],
    [
      0.12553417682647705,
      0.8304201364517212,
      0.04404521360993385
    ],
    [
      0.1586804986000061,
      0.7913290858268738,
      0.049990322440862656
    ],
    [
      0.5007687211036682,
      0.4578845798969269,
      0.04134716838598251
    ],
    [
      0.5395386815071106,
      0.4339069128036499,
      0.02655387483537197
    ],
    [
      0.17932245135307312,
      0.7771145701408386,
      0.04356276988983154
    ],
    [
      0.28172925114631653,
      0.6219248175621033,
      0.09634578973054886
    ],
    [
      0.12492694705724716,
      0.7744652032852173,
      0.10060753673315048
    ]
  ],