{
  "N": 112800,
  "usage": [
    0.3533386290073395,
    0.4372100234031677,
    0.2094513475894928
  ],
  "entropy_mean": 0.6611409783363342,
  "entropy_std": 0.2406756728887558,
  "top1_share": [
    0.3488563895225525,
    0.488023042678833,
    0.1631205677986145
  ],
  "P_expert_given_class": [
    [
      0.5794427990913391,
      0.3862907290458679,
      0.03426646813750267
    ],
    [
      0.012361306697130203,
      0.03923281282186508,
      0.9484053254127502
    ],
    [
      0.18648914992809296,
      0.6019569039344788,
      0.21155428886413574
    ],
    [
      0.04688812792301178,
      0.7320787906646729,
      0.2210327386856079
    ],
    [
      0.5582260489463806,
      0.24399098753929138,
      0.19778332114219666
    ],
    [
      0.0368962287902832,
      0.7627029418945312,
      0.20040099322795868
    ],
    [
      0.49943989515304565,
      0.4007883369922638,
      0.09977159649133682
    ],
    [
      0.21127831935882568,
      0.6204721331596375,
      0.16824926435947418
    ],
    [
      0.2369554191827774,
      0.7106632590293884,
      0.052382152527570724
    ],
    [
      0.2940942645072937,
      0.6284551620483398,
      0.07745106518268585
    ],
    [
      0.43197041749954224,
      0.5401873588562012,
      0.027842378243803978
    ],
    [
      0.33634766936302185,
      0.6490784287452698,
      0.014574529603123665
    ],
    [
      0.18783368170261383,
      0.6342392563819885,
      0.17792798578739166
    ],
    [
      0.6791484951972961,
      0.24722819030284882,
      0.07362338900566101
    ],
    [
      0.0663428083062172,
      0.847576916217804,
      0.0860796570777893
    ],
    [
      0.132737934589386,
      0.7934138774871826,
      0.07384791970252991
    ],
    [
      0.24446578323841095,
      0.7335376143455505,
      0.021995626389980316
    ],
    [
      0.7751123905181885,
      0.16921323537826538,
      0.05567408353090286
    ],
    [
      0.01779892109334469,
      0.14311212301254272,
      0.8390890955924988
    ],
    [
      0.0585816465318203,
      0.5026972889900208,
      0.4387218654155731
    ],
    [
      0.7416244149208069,
      0.1873505562543869,
      0.0710258036851883
    ],
    [
      0.07393603771924973,
      0.06455923616886139,
      0.8615055084228516
    ],
    [
      0.8165372014045715,
      0.13084878027439117,
      0.05261387303471565
    ],
    [
      0.7995433807373047,
      0.07568222284317017,
      0.12477421015501022
    ],
    [
      0.4887751638889313,
      0.4436318576335907,
      0.06759224086999893
    ],
    [
      0.4732039272785187,
      0.5023065805435181,
      0.024489514529705048
    ],
    [
      0.752170741558075,
      0.228519469499588,
      0.01931028813123703
    ],
    [
      0.416389137506485,
      0.5670691132545471,
      0.01654147543013096
    ],
    [
      0.019376717507839203,
      0.6889547109603882,
      0.2916686534881592
    ],
    [
      0.060754694044589996,
      0.7905399799346924,
      0.14870552718639374
    ],
    [
      0.6382819414138794,
      0.08639384806156158,
      0.275324285030365
    ],
    [
      0.4329463839530945,
      0.035603150725364685,
      0.5314496755599976
    ],
    [
      0.7845906615257263,
      0.034091439098119736,
      0.1813182830810547
    ],
    [
      0.6686545014381409,
      0.213860884308815,
      0.11748398840427399
    ],
    [
      0.33663520216941833,
      0.11308979988098145,
      0.550274133682251
    ],
    [
      0.053294576704502106,
      0.7523197531700134,
      0.19438640773296356
    ],
    [
      0.3777101933956146,
      0.5184494256973267,
      0.10383983701467514
    ],
    [
      0.40680453181266785,
      0.43163031339645386,
      0.16156522929668427
    ],
    [
      0.15098419785499573,
      0.4207639992237091,
      0.42825138568878174
    ],
    [
      0.1302138715982437,
      0.775039553642273,
      0.09474611282348633
    ],
    [
      0.13057471811771393,
      0.7758385539054871,
      0.09358596801757812
    ],
    [
      0.21253086626529694,
      0.6339815855026245,
      0.15348827838897705
    ],
    [
      0.626507580280304,
      0.1902819573879242,
      0.18321052193641663
    ],
    [
      0.7407800555229187,
      0.19328662753105164,
      0.06593383848667145
    ],
    [
      0.3156942129135132,
      0.6132800579071045,
      0.07102546840906143
    ],
    [
      0.2324763536453247,
      0.25782594084739685,
      0.509698212146759
    ],
    [
      0.13351301848888397,
      0.4367574453353882,
      0.42973005771636963
    ]
  ],