{
  "N": 112800,
  "usage": [
    0.3532949686050415,
    0.437481164932251,
    0.20922385156154633
  ],
  "entropy_mean": 0.6670741438865662,
  "entropy_std": 0.23843525350093842,
  "top1_share": [
    0.3525797724723816,
    0.4886879324913025,
    0.15873226523399353
  ],
  "P_expert_given_class": [
    [
      0.5878520011901855,
      0.378942608833313,
      0.033205755054950714
    ],
    [
      0.01214455533772707,
      0.03802359104156494,
      0.9498312473297119
    ],
    [
      0.1830155849456787,
      0.605586588382721,
      0.2113981395959854
    ],
    [
      0.042286887764930725,
      0.7383916974067688,
      0.21932044625282288
    ],
    [
      0.5505375266075134,
      0.24103625118732452,
      0.20842686295509338
    ],
    [
      0.03277871012687683,
      0.7664446234703064,
      0.20077651739120483
    ],
    [
      0.5023208856582642,
      0.3985455334186554,
      0.09913342446088791
    ],
    [
      0.21983855962753296,
      0.6178562641143799,
      0.16230539977550507
    ],
    [
      0.22734753787517548,
      0.7192491888999939,
      0.05340246111154556
    ],
    [
      0.29035958647727966,
      0.633240818977356,
      0.07639967650175095
    ],
    [
      0.42525455355644226,
      0.5452104210853577,
      0.029534749686717987
    ],
    [
      0.34098556637763977,
      0.644200325012207,
      0.01481463573873043
    ],
    [
      0.20008035004138947,
      0.6169177293777466,
      0.18300242722034454
    ],
    [
      0.6769452095031738,
      0.2588249742984772,
      0.06422945111989975
    ],
    [
      0.06393829733133316,
      0.8470767736434937,
      0.08898445218801498
    ],
    [
      0.1308756172657013,
      0.791261613368988,
      0.07786326855421066
    ],
    [
      0.23873059451580048,
      0.7381964325904846,
      0.02307342179119587
    ],
    [
      0.7540361285209656,
      0.17847281694412231,
      0.06749080121517181
    ],
    [
      0.017817392945289612,
      0.14148369431495667,
      0.8406984210014343
    ],
    [
      0.05611452832818031,
      0.5022377967834473,
      0.4416474401950836
    ],
    [
      0.7354087233543396,
      0.19458003342151642,
      0.07001106441020966
    ],
    [
      0.07889949530363083,
      0.0692562386393547,
      0.8518457412719727
    ],
    [
      0.8180140852928162,
      0.13213509321212769,
      0.04985060542821884
    ],
    [
      0.8004535436630249,
      0.0759212076663971,
      0.12362557649612427
    ],
    [
      0.4979656934738159,
      0.43725061416625977,
      0.06478343158960342
    ],
    [
      0.47776922583580017,
      0.4986267685890198,
      0.02360338345170021
    ],
    [
      0.743639349937439,
      0.23673716187477112,
      0.01962360553443432
    ],
    [
      0.4289267957210541,
      0.5538308620452881,
      0.01724187284708023
    ],
    [
      0.01824643835425377,
      0.6876736283302307,
      0.2940806448459625
    ],
    [
      0.06939814984798431,
      0.7735573053359985,
      0.1570451557636261
    ],
    [
      0.6300983428955078,
      0.09081897884607315,
      0.27908194065093994
    ],
    [
      0.46178409457206726,
      0.03199223801493645,
      0.5062228441238403
    ],
    [
      0.7818855047225952,
      0.032987985759973526,
      0.1851261854171753
    ],
    [
      0.6534945964813232,
      0.2284950315952301,
      0.1180095300078392
    ],
    [
      0.3639557957649231,
      0.11120672523975372,
      0.5248369574546814
    ],
    [
      0.04785254970192909,
      0.7508844137191772,
      0.20126286149024963
    ],
    [
      0.37178775668144226,
      0.5224791765213013,
      0.10573288798332214
    ],
    [
      0.39518386125564575,
      0.4402163326740265,
      0.1645997017621994
    ],
    [
      0.14590565860271454,
      0.4194760322570801,
      0.43461838364601135
    ],
    [
      0.1487993448972702,
      0.7473849654197693,
      0.10381612181663513
    ],
    [
      0.1280941367149353,
      0.7797669172286987,
      0.09213922172784805
    ],
    [
      0.2116382122039795,
      0.6371362209320068,
      0.1512242704629898
    ],
    [
      0.6231783032417297,
      0.19582468271255493,
      0.1809970885515213
    ],
    [
      0.7410663366317749,
      0.18987610936164856,
      0.06905671954154968
    ],
    [
      0.308384507894516,
      0.6199439167976379,
      0.07167167961597443
    ],
    [
      0.2433830052614212,
      0.25363248586654663,
      0.5029842853546143
    ],
    [
      0.12638702988624573,
      0.44872310757637024,
      0.42488986253738403
    ]
  ],