{
  "N": 112800,
  "usage": [
    0.19762778282165527,
    0.5709167122840881,
    0.23145553469657898
  ],
  "entropy_mean": 0.5789682865142822,
  "entropy_std": 0.2898971736431122,
  "top1_share": [
    0.16393616795539856,
    0.633058488368988,
    0.20300531387329102
  ],
  "P_expert_given_class": [
    [
      0.031268615275621414,
      0.9322872161865234,
      0.03644467517733574
    ],
    [
      0.31971976161003113,
      0.07599544525146484,
      0.6042850017547607
    ],
    [
      0.018165355548262596,
      0.8588299751281738,
      0.12300466001033783
    ],
    [
      0.005107524339109659,
      0.9792153835296631,
      0.015677660703659058
    ],
    [
      0.2672613263130188,
      0.427995502948761,
      0.3047429919242859
    ],
    [
      0.02231634221971035,
      0.9634283185005188,
      0.014254909008741379
    ],
    [
      0.007987407967448235,
      0.6844890117645264,
      0.30752328038215637
    ],
    [
      0.6920357346534729,
      0.26908519864082336,
      0.038878653198480606
    ],
    [
      0.023728124797344208,
      0.888321042060852,
      0.08795011788606644
    ],
    [
      0.2717703878879547,
      0.7034827470779419,
      0.024747386574745178
    ],
    [
      0.3362575173377991,
      0.16523845493793488,
      0.4985041916370392
    ],
    [
      0.009091593325138092,
      0.8625381588935852,
      0.12837126851081848
    ],
    [
      0.06813791394233704,
      0.7377796173095703,
      0.19408288598060608
    ],
    [
      0.049997683614492416,
      0.8718960285186768,
      0.07810617238283157
    ],
    [
      0.029032329097390175,
      0.9101490378379822,
      0.06081889569759369
    ],
    [
      0.448203444480896,
      0.4908628463745117,
      0.060933806002140045
    ],
    [
      0.018911665305495262,
      0.8986802101135254,
      0.0824078917503357
    ],
    [
      0.15512055158615112,
      0.10599266737699509,
      0.7388870716094971
    ],
    [
      0.38060078024864197,
      0.17678473889827728,
      0.44261419773101807
    ],
    [
      0.021196115761995316,
      0.788459300994873,
      0.19034478068351746
    ],
    [
      0.13039980828762054,
      0.2640001177787781,
      0.6056004166603088
    ],
    [
      0.21434392035007477,
      0.12589716911315918,
      0.659758985042572
    ],
    [
      0.7702991962432861,
      0.07823803275823593,
      0.15146303176879883
    ],
    [
      0.1717677116394043,
      0.4506814479827881,
      0.3775510787963867
    ],
    [
      0.027838382869958878,
      0.9323773384094238,
      0.03978383541107178
    ],
    [
      0.5174440741539001,
      0.4317900538444519,
      0.05076587572693825
    ],
    [
      0.026940301060676575,
      0.8950524926185608,
      0.07800641655921936
    ],
    [
      0.09623311460018158,
      0.5216450691223145,
      0.38212159276008606
    ],
    [
      0.020636877045035362,
      0.9470402002334595,
      0.03232337161898613
    ],
    [
      0.8025186657905579,
      0.18104451894760132,
      0.01643677055835724
    ],
    [
      0.032483018934726715,
      0.6314086318016052,
      0.3361077308654785
    ],
    [
      0.1665600836277008,
      0.7169782519340515,
      0.11646196991205215
    ],
    [
      0.15205369889736176,
      0.7246582508087158,
      0.12328767031431198
    ],
    [
      0.10287508368492126,
      0.3995189964771271,
      0.49760594964027405
    ],
    [
      0.3020603060722351,
      0.5466117858886719,
      0.15132802724838257
    ],
    [
      0.012400518171489239,
      0.8119097352027893,
      0.17568954825401306
    ],
    [
      0.043606165796518326,
      0.7646304965019226,
      0.19176392257213593
    ],
    [
      0.007996808737516403,
      0.41765156388282776,
      0.5743516683578491
    ],
    [
      0.012379342690110207,
      0.5231210589408875,
      0.46449965238571167
    ],
    [
      0.018560295924544334,
      0.9355507493019104,
      0.045888323336839676
    ],
    [
      0.3637983500957489,
      0.5464493036270142,
      0.08975174278020859
    ],
    [
      0.08843035995960236,
      0.8610655665397644,
      0.05050478130578995
    ],
    [
      0.1630934625864029,
      0.049846552312374115,
      0.7870606184005737
    ],
    [
      0.7020096778869629,
      0.08608675748109818,
      0.21190311014652252
    ],
    [
      0.15086789429187775,
      0.7766322493553162,
      0.07249987125396729
    ],
    [
      0.7977594137191772,
      0.10873120278120041,
      0.09350966662168503
    ],
    [
      0.217238187789917,
      0.3129580318927765,
      0.4698036313056946
    ]
  ],