{
  "N": 112800,
  "usage": [
    0.1765727549791336,
    0.6092837452888489,
    0.21414346992969513
  ],
  "entropy_mean": 0.5779825448989868,
  "entropy_std": 0.2905054986476898,
  "top1_share": [
    0.14579787850379944,
    0.6700620651245117,
    0.18414007127285004
  ],
  "P_expert_given_class": [
    [
      0.04289007559418678,
      0.9269806742668152,
      0.03013034537434578
    ],
    [
      0.3033348023891449,
      0.10052008181810379,
      0.5961458683013916
    ],
    [
      0.02269800752401352,
      0.8962972164154053,
      0.08100513368844986
    ],
    [
      0.005069825332611799,
      0.9833309650421143,
      0.011599286459386349
    ],
    [
      0.19549007713794708,
      0.49085143208503723,
      0.31365829706192017
    ],
    [
      0.02084300108253956,
      0.9592551589012146,
      0.019901907071471214
    ],
    [
      0.006753697991371155,
      0.6856651306152344,
      0.3075809180736542
    ],
    [
      0.6248732209205627,
      0.3407668173313141,
      0.034360431134700775
    ],
    [
      0.022463493049144745,
      0.8989761471748352,
      0.07856062799692154
    ],
    [
      0.18045523762702942,
      0.7945474982261658,
      0.024997416883707047
    ],
    [
      0.3036567270755768,
      0.23696106672286987,
      0.45938241481781006
    ],
    [
      0.014827985316514969,
      0.8413630723953247,
      0.14380979537963867
    ],
    [
      0.05984445661306381,
      0.8181319236755371,
      0.12202303856611252
    ],
    [
      0.06146589294075966,
      0.8577908277511597,
      0.08074390888214111
    ],
    [
      0.02600310556590557,
      0.9207603931427002,
      0.053235799074172974
    ],
    [
      0.39711812138557434,
      0.5447930693626404,
      0.05808837711811066
    ],
    [
      0.01665422134101391,
      0.8979148268699646,
      0.08543083071708679
    ],
    [
      0.12531739473342896,
      0.1566423922777176,
      0.718040406703949
    ],
    [
      0.3648322522640228,
      0.20011159777641296,
      0.43505629897117615
    ],
    [
      0.022214118391275406,
      0.8209936022758484,
      0.15679246187210083
    ],
    [
      0.08824928849935532,
      0.3323829770088196,
      0.5793684124946594
    ],
    [
      0.19997091591358185,
      0.16103528439998627,
      0.6389936208724976
    ],
    [
      0.7451071739196777,
      0.11345291137695312,
      0.14144080877304077
    ],
    [
      0.14868691563606262,
      0.518795371055603,
      0.33251819014549255
    ],
    [
      0.04097840189933777,
      0.9223553538322449,
      0.036665212363004684
    ],
    [
      0.4522821605205536,
      0.4868305027484894,
      0.06088680773973465
    ],
    [
      0.03492322564125061,
      0.8951237797737122,
      0.06995223462581635
    ],
    [
      0.1279790997505188,
      0.5576329827308655,
      0.31438878178596497
    ],
    [
      0.014181073755025864,
      0.9535256028175354,
      0.032294660806655884
    ],
    [
      0.7182466387748718,
      0.26380622386932373,
      0.017947344109416008
    ],
    [
      0.027534078806638718,
      0.6980469822883606,
      0.27441880106925964
    ],
    [
      0.14795413613319397,
      0.7619561553001404,
      0.09008915722370148
    ],
    [
      0.11644771695137024,
      0.7717413902282715,
      0.11181063205003738
    ],
    [
      0.08625505119562149,
      0.3803108334541321,
      0.5334339737892151
    ],
    [
      0.24082206189632416,
      0.6246828436851501,
      0.13449513912200928
    ],
    [
      0.010147841647267342,
      0.8839979767799377,
      0.10585373640060425
    ],
    [
      0.04323289170861244,
      0.803928792476654,
      0.15283852815628052
    ],
    [
      0.007572809234261513,
      0.497700035572052,
      0.4947277903556824
    ],
    [
      0.011603914201259613,
      0.6125946044921875,
      0.375802218914032
    ],
    [
      0.021828491240739822,
      0.9382901787757874,
      0.03988177701830864
    ],
    [
      0.3132227659225464,
      0.6012158393859863,
      0.08556162565946579
    ],
    [
      0.06979892402887344,
      0.8827634453773499,
      0.04743802919983864
    ],
    [
      0.1254861205816269,
      0.10477323085069656,
      0.7697398662567139
    ],
    [
      0.665266752243042,
      0.1334308385848999,
      0.20130281150341034
    ],
    [
      0.11215580999851227,
      0.8182728290557861,
      0.06957089900970459
    ],
    [
      0.7249929904937744,
      0.18935690820217133,
      0.0856499895453453
    ],
    [
      0.18718788027763367,
      0.35568147897720337,
      0.45713070034980774
    ]
  ],