{
  "N": 112800,
  "usage": [
    0.17051726579666138,
    0.6228401064872742,
    0.20664258301258087
  ],
  "entropy_mean": 0.580971360206604,
  "entropy_std": 0.29610151052474976,
  "top1_share": [
    0.1434929072856903,
    0.6842907667160034,
    0.17221631109714508
  ],
  "P_expert_given_class": [
    [
      0.041021429002285004,
      0.9257932305335999,
      0.03318485990166664
    ],
    [
      0.30294331908226013,
      0.12585218250751495,
      0.5712049603462219
    ],
    [
      0.018921416252851486,
      0.9081652760505676,
      0.0729132741689682
    ],
    [
      0.004182050935924053,
      0.9856417775154114,
      0.010175756178796291
    ],
    [
      0.17574791610240936,
      0.5488813519477844,
      0.2753708064556122
    ],
    [
      0.021083813160657883,
      0.9546126127243042,
      0.024303937330842018
    ],
    [
      0.005308421794325113,
      0.7041885256767273,
      0.2905031442642212
    ],
    [
      0.5829080939292908,
      0.3810701370239258,
      0.03602190688252449
    ],
    [
      0.021220026537775993,
      0.9052245020866394,
      0.07355459779500961
    ],
    [
      0.15371830761432648,
      0.8194745779037476,
      0.026807505637407303
    ],
    [
      0.2833101153373718,
      0.2435871660709381,
      0.47310248017311096
    ],
    [
      0.014691836200654507,
      0.8427350521087646,
      0.14257286489009857
    ],
    [
      0.06321307271718979,
      0.8233543634414673,
      0.11343318969011307
    ],
    [
      0.05957546830177307,
      0.8530138731002808,
      0.08741012960672379
    ],
    [
      0.0294455848634243,
      0.913465142250061,
      0.05708974227309227
    ],
    [
      0.3979504704475403,
      0.5394428372383118,
      0.06260727345943451
    ],
    [
      0.013443010859191418,
      0.8934868574142456,
      0.09306861460208893
    ],
    [
      0.126609668135643,
      0.16938921809196472,
      0.7040018439292908
    ],
    [
      0.3590061366558075,
      0.22337745130062103,
      0.4176162779331207
    ],
    [
      0.023287015035748482,
      0.8324370384216309,
      0.1442764699459076
    ],
    [
      0.07874789834022522,
      0.35020047426223755,
      0.5710512399673462
    ],
    [
      0.20321150124073029,
      0.19181379675865173,
      0.6049743890762329
    ],
    [
      0.7123425006866455,
      0.13424699008464813,
      0.15341061353683472
    ],
    [
      0.1441202610731125,
      0.5355984568595886,
      0.320281445980072
    ],
    [
      0.040219735354185104,
      0.9199528098106384,
      0.039827700704336166
    ],
    [
      0.4584972560405731,
      0.47981709241867065,
      0.06168605759739876
    ],
    [
      0.02984256111085415,
      0.900261640548706,
      0.06989587098360062
    ],
    [
      0.1230914294719696,
      0.5755045413970947,
      0.3014046251773834
    ],
    [
      0.01169237494468689,
      0.9523036479949951,
      0.03600404039025307
    ],
    [
      0.6879761815071106,
      0.2948589324951172,
      0.017164917662739754
    ],
    [
      0.024067280814051628,
      0.7150182127952576,
      0.26091480255126953
    ],
    [
      0.15396283566951752,
      0.7358598113059998,
      0.11017782986164093
    ],
    [
      0.11453979462385178,
      0.7665812969207764,
      0.11887958645820618
    ],
    [
      0.0852430984377861,
      0.391763836145401,
      0.5229934453964233
    ],
    [
      0.23733974993228912,
      0.6407267451286316,
      0.12193343788385391
    ],
    [
      0.010431334376335144,
      0.9151831269264221,
      0.07438549399375916
    ],
    [
      0.04059464856982231,
      0.8182371854782104,
      0.14116793870925903
    ],
    [
      0.007227868307381868,
      0.5316634178161621,
      0.4611088037490845
    ],
    [
      0.00943069253116846,
      0.6747530102729797,
      0.3158162534236908
    ],
    [
      0.026380576193332672,
      0.933274507522583,
      0.040345199406147
    ],
    [
      0.3156870901584625,
      0.5944274663925171,
      0.08988610655069351
    ],
    [
      0.06072359159588814,
      0.8933336138725281,
      0.04594163969159126
    ],
    [
      0.11556839942932129,
      0.11984935402870178,
      0.7645818591117859
    ],
    [
      0.6463359594345093,
      0.1590031385421753,
      0.19466067850589752
    ],
    [
      0.09693753719329834,
      0.8362203240394592,
      0.06684190034866333
    ],
    [
      0.6910391449928284,
      0.22645723819732666,
      0.08250365406274796
    ],
    [
      0.19147281348705292,
      0.393385648727417,
      0.4151417911052704
    ]
  ],