{
  "N": 112800,
  "usage": [
    0.17974701523780823,
    0.6007059812545776,
    0.21954698860645294
  ],
  "entropy_mean": 0.5789907574653625,
  "entropy_std": 0.29276931285858154,
  "top1_share": [
    0.15111702680587769,
    0.6634663343429565,
    0.18541666865348816
  ],
  "P_expert_given_class": [
    [
      0.03083381988108158,
      0.9397649168968201,
      0.029401438310742378
    ],
    [
      0.29561910033226013,
      0.09656648337841034,
      0.6078141927719116
    ],
    [
      0.01694711484014988,
      0.8908332586288452,
      0.09221982955932617
    ],
    [
      0.00436142785474658,
      0.9821313619613647,
      0.013506455346941948
    ],
    [
      0.21918553113937378,
      0.4659651219844818,
      0.3148494064807892
    ],
    [
      0.021726494655013084,
      0.9577299952507019,
      0.020543206483125687
    ],
    [
      0.006562942638993263,
      0.694537341594696,
      0.2989010512828827
    ],
    [
      0.6406374573707581,
      0.31818607449531555,
      0.0411759652197361
    ],
    [
      0.0226625707000494,
      0.8982442021369934,
      0.07909352332353592
    ],
    [
      0.18815088272094727,
      0.78659987449646,
      0.02524930238723755
    ],
    [
      0.31501471996307373,
      0.1993025690317154,
      0.4856826663017273
    ],
    [
      0.010620256885886192,
      0.8401151299476624,
      0.14926519989967346
    ],
    [
      0.057272616773843765,
      0.7894349694252014,
      0.15329113602638245
    ],
    [
      0.05184987932443619,
      0.8655639886856079,
      0.08258536458015442
    ],
    [
      0.024258999153971672,
      0.9101195335388184,
      0.06562098115682602
    ],
    [
      0.40890437364578247,
      0.528768002986908,
      0.0623282864689827
    ],
    [
      0.015066951513290405,
      0.8929561376571655,
      0.09197726100683212
    ],
    [
      0.13542132079601288,
      0.13588754832744598,
      0.7286916971206665
    ],
    [
      0.36413121223449707,
      0.1926228106021881,
      0.4432455897331238
    ],
    [
      0.020951393991708755,
      0.8212029337882996,
      0.15784503519535065
    ],
    [
      0.10164345800876617,
      0.3290426731109619,
      0.5693137049674988
    ],
    [
      0.19799959659576416,
      0.15710453689098358,
      0.6448958516120911
    ],
    [
      0.7381532192230225,
      0.10083102434873581,
      0.16101548075675964
    ],
    [
      0.16426166892051697,
      0.48795124888420105,
      0.347787082195282
    ],
    [
      0.028786007314920425,
      0.9351633787155151,
      0.0360504612326622
    ],
    [
      0.4623940587043762,
      0.47114482522010803,
      0.06646006554365158
    ],
    [
      0.03150536119937897,
      0.8916189670562744,
      0.07687625288963318
    ],
    [
      0.10597296059131622,
      0.5537328124046326,
      0.34029433131217957
    ],
    [
      0.017131278291344643,
      0.9480023384094238,
      0.034865688532590866
    ],
    [
      0.7376344203948975,
      0.24349842965602875,
      0.018866535276174545
    ],
    [
      0.028927838429808617,
      0.6930864453315735,
      0.2779862582683563
    ],
    [
      0.14686819911003113,
      0.7583512663841248,
      0.09478137642145157
    ],
    [
      0.14861223101615906,
      0.7506056427955627,
      0.1007830798625946
    ],
    [
      0.11331157386302948,
      0.4032916724681854,
      0.483396977186203
    ],
    [
      0.2666146457195282,
      0.5961180925369263,
      0.13726696372032166
    ],
    [
      0.0075777568854391575,
      0.8604850172996521,
      0.13193820416927338
    ],
    [
      0.042204517871141434,
      0.7935575246810913,
      0.16423749923706055
    ],
    [
      0.007563809398561716,
      0.4938589334487915,
      0.49857768416404724
    ],
    [
      0.01257946714758873,
      0.6161556243896484,
      0.3712657690048218
    ],
    [
      0.018421519547700882,
      0.936963677406311,
      0.04461471736431122
    ],
    [
      0.3192612826824188,
      0.5944415330886841,
      0.08629727363586426
    ],
    [
      0.07088473439216614,
      0.8810794949531555,
      0.048034898936748505
    ],
    [
      0.127126544713974,
      0.0880860984325409,
      0.7847872972488403
    ],
    [
      0.662947416305542,
      0.11360348016023636,
      0.22344957292079926
    ],
    [
      0.11707820743322372,
      0.811218798160553,
      0.07170159369707108
    ],
    [
      0.740386962890625,
      0.15899990499019623,
      0.10061335563659668
    ],
    [
      0.18208172917366028,
      0.3586548864841461,
      0.45926326513290405
    ]
  ],