{
  "N": 112800,
  "usage": [
    0.18803155422210693,
    0.5889285802841187,
    0.223039910197258
  ],
  "entropy_mean": 0.5794263482093811,
  "entropy_std": 0.28632479906082153,
  "top1_share": [
    0.15947695076465607,
    0.6539893746376038,
    0.18653368949890137
  ],
  "P_expert_given_class": [
    [
      0.035410016775131226,
      0.9326072931289673,
      0.03198178485035896
    ],
    [
      0.2912498712539673,
      0.08959663659334183,
      0.6191525459289551
    ],
    [
      0.01820165291428566,
      0.8638456463813782,
      0.1179533526301384
    ],
    [
      0.005423773545771837,
      0.9773683547973633,
      0.017207488417625427
    ],
    [
      0.23201535642147064,
      0.45998528599739075,
      0.30799901485443115
    ],
    [
      0.021675914525985718,
      0.9616212844848633,
      0.01670299842953682
    ],
    [
      0.007585382554680109,
      0.6922506093978882,
      0.30016419291496277
    ],
    [
      0.6734345555305481,
      0.28776004910469055,
      0.038804877549409866
    ],
    [
      0.023613370954990387,
      0.8821567893028259,
      0.0942302867770195
    ],
    [
      0.2370685636997223,
      0.7401081323623657,
      0.022823018953204155
    ],
    [
      0.344755619764328,
      0.19154731929302216,
      0.46369704604148865
    ],
    [
      0.011170893907546997,
      0.8371489644050598,
      0.15167978405952454
    ],
    [
      0.06331285834312439,
      0.7861208915710449,
      0.15056613087654114
    ],
    [
      0.05172115936875343,
      0.8634098172187805,
      0.08486854285001755
    ],
    [
      0.02576124109327793,
      0.9163881540298462,
      0.0578514039516449
    ],
    [
      0.43588316440582275,
      0.5043933391571045,
      0.059723250567913055
    ],
    [
      0.017964312806725502,
      0.8971341848373413,
      0.08490269631147385
    ],
    [
      0.1499083787202835,
      0.12574057281017303,
      0.7243508696556091
    ],
    [
      0.37092649936676025,
      0.18931132555007935,
      0.4397623836994171
    ],
    [
      0.02176092192530632,
      0.8188275098800659,
      0.15941105782985687
    ],
    [
      0.11499861627817154,
      0.29619932174682617,
      0.5888032913208008
    ],
    [
      0.19392724335193634,
      0.14655788242816925,
      0.6595149636268616
    ],
    [
      0.7551796436309814,
      0.09184789657592773,
      0.15297268331050873
    ],
    [
      0.16461065411567688,
      0.4846348464488983,
      0.35075482726097107
    ],
    [
      0.03102961555123329,
      0.9297053813934326,
      0.0392661914229393
    ],
    [
      0.505835235118866,
      0.43221360445022583,
      0.061951473355293274
    ],
    [
      0.03188987448811531,
      0.8931037187576294,
      0.07500647008419037
    ],
    [
      0.09714401513338089,
      0.5507162809371948,
      0.3521396219730377
    ],
    [
      0.01742911897599697,
      0.9516883492469788,
      0.03088328428566456
    ],
    [
      0.7579988837242126,
      0.22288157045841217,
      0.019118964672088623
    ],
    [
      0.02912847511470318,
      0.6727617383003235,
      0.2981097102165222
    ],
    [
      0.14045089483261108,
      0.766508936882019,
      0.0930413082242012
    ],
    [
      0.1379975527524948,
      0.7546111345291138,
      0.10739102959632874
    ],
    [
      0.09357565641403198,
      0.42117640376091003,
      0.48524805903434753
    ],
    [
      0.273485392332077,
      0.5879420042037964,
      0.1385730803012848
    ],
    [
      0.008179000578820705,
      0.8202877640724182,
      0.17153233289718628
    ],
    [
      0.044893406331539154,
      0.7734704613685608,
      0.1816359907388687
    ],
    [
      0.00821418222039938,
      0.47380849719047546,
      0.5179769992828369
    ],
    [
      0.013139944523572922,
      0.5803346037864685,
      0.40652522444725037
    ],
    [
      0.019417081028223038,
      0.9340924024581909,
      0.04649140313267708
    ],
    [
      0.34605130553245544,
      0.5658217072486877,
      0.08812674134969711
    ],
    [
      0.08238115906715393,
      0.8697628974914551,
      0.04785556346178055
    ],
    [
      0.15213049948215485,
      0.0627312883734703,
      0.785137951374054
    ],
    [
      0.6896426677703857,
      0.1005280464887619,
      0.2098299264907837
    ],
    [
      0.1354762613773346,
      0.7932797074317932,
      0.07124422490596771
    ],
    [
      0.7637176513671875,
      0.14493367075920105,
      0.09134946018457413
    ],
    [
      0.1907164305448532,
      0.34072133898735046,
      0.4685617983341217
    ]
  ],