{
  "N": 112800,
  "usage": [
    0.1608642339706421,
    0.6354975700378418,
    0.20363816618919373
  ],
  "entropy_mean": 0.5850493311882019,
  "entropy_std": 0.2961561977863312,
  "top1_share": [
    0.13335992395877838,
    0.6928812265396118,
    0.173758864402771
  ],
  "P_expert_given_class": [
    [
      0.04211163893342018,
      0.9214692115783691,
      0.03641998767852783
    ],
    [
      0.27043041586875916,
      0.14278937876224518,
      0.5867804884910583
    ],
    [
      0.01884780079126358,
      0.9244387745857239,
      0.05671346187591553
    ],
    [
      0.0037203459069132805,
      0.9853371381759644,
      0.010941999033093452
    ],
    [
      0.13911280035972595,
      0.5924491882324219,
      0.26843783259391785
    ],
    [
      0.020862093195319176,
      0.9435856342315674,
      0.03555171191692352
    ],
    [
      0.00479102972894907,
      0.7292542457580566,
      0.26595592498779297
    ],
    [
      0.5318265557289124,
      0.43530309200286865,
      0.032869547605514526
    ],
    [
      0.02361278608441353,
      0.8980540037155151,
      0.07833245396614075
    ],
    [
      0.15125304460525513,
      0.8178238868713379,
      0.030923668295145035
    ],
    [
      0.29258835315704346,
      0.2622274160385132,
      0.44518423080444336
    ],
    [
      0.01830282248556614,
      0.841252863407135,
      0.14044471085071564
    ],
    [
      0.05970703810453415,
      0.8299891948699951,
      0.11030446738004684
    ],
    [
      0.05486774444580078,
      0.8701551556587219,
      0.07497679442167282
    ],
    [
      0.03192278370261192,
      0.8960694670677185,
      0.0720072016119957
    ],
    [
      0.39831212162971497,
      0.5325155854225159,
      0.06917184591293335
    ],
    [
      0.01574416644871235,
      0.8915991187095642,
      0.09265691041946411
    ],
    [
      0.13173577189445496,
      0.19395634531974792,
      0.674308717250824
    ],
    [
      0.3142317831516266,
      0.24300363659858704,
      0.442764014005661
    ],
    [
      0.02014455385506153,
      0.8500477075576782,
      0.12980768084526062
    ],
    [
      0.0753653347492218,
      0.3470459282398224,
      0.5775892734527588
    ],
    [
      0.18598444759845734,
      0.2091921716928482,
      0.6048237681388855
    ],
    [
      0.6697518229484558,
      0.16433697938919067,
      0.1659112125635147
    ],
    [
      0.14265187084674835,
      0.5419073700904846,
      0.31544047594070435
    ],
    [
      0.04175011068582535,
      0.9165093898773193,
      0.04173946753144264
    ],
    [
      0.45736053586006165,
      0.4815619885921478,
      0.06107735261321068
    ],
    [
      0.03572842851281166,
      0.8997820019721985,
      0.06448951363563538
    ],
    [
      0.12846413254737854,
      0.5747179985046387,
      0.29681700468063354
    ],
    [
      0.009348808787763119,
      0.9469323754310608,
      0.04371931403875351
    ],
    [
      0.6233604550361633,
      0.35898157954216003,
      0.017657240852713585
    ],
    [
      0.018162867054343224,
      0.7400408387184143,
      0.24179653823375702
    ],
    [
      0.14143124222755432,
      0.7466480731964111,
      0.11192107200622559
    ],
    [
      0.09294913709163666,
      0.7791147828102112,
      0.1279366910457611
    ],
    [
      0.07072895765304565,
      0.39397507905960083,
      0.5352964997291565
    ],
    [
      0.17787416279315948,
      0.7084119915962219,
      0.11371394991874695
    ],
    [
      0.010212418623268604,
      0.9272223114967346,
      0.06256543844938278
    ],
    [
      0.0436423234641552,
      0.8265292644500732,
      0.12982749938964844
    ],
    [
      0.006309994962066412,
      0.5466795563697815,
      0.44700953364372253
    ],
    [
      0.008392325602471828,
      0.7095394134521484,
      0.28206807374954224
    ],
    [
      0.022891974076628685,
      0.9343074560165405,
      0.0428006611764431
    ],
    [
      0.3207928538322449,
      0.5820803046226501,
      0.09712640196084976
    ],
    [
      0.06127278134226799,
      0.8898273706436157,
      0.04889906197786331
    ],
    [
      0.12036082148551941,
      0.14578408002853394,
      0.7338550686836243
    ],
    [
      0.6156916618347168,
      0.1929544061422348,
      0.19135375320911407
    ],
    [
      0.09699330478906631,
      0.8330758213996887,
      0.06993100792169571
    ],
    [
      0.6549177765846252,
      0.2560160756111145,
      0.08906608819961548
    ],
    [
      0.18410071730613708,
      0.41388919949531555,
      0.40201008319854736
    ]
  ],