{
  "N": 112800,
  "usage": [
    0.15497127175331116,
    0.6511659622192383,
    0.19386279582977295
  ],
  "entropy_mean": 0.5821862816810608,
  "entropy_std": 0.30021607875823975,
  "top1_share": [
    0.12206560373306274,
    0.7119592428207397,
    0.1659751832485199
  ],
  "P_expert_given_class": [
    [
      0.037123918533325195,
      0.9317194819450378,
      0.03115703910589218
    ],
    [
      0.28583061695098877,
      0.14778375625610352,
      0.5663853287696838
    ],
    [
      0.019186899065971375,
      0.9261749386787415,
      0.054638806730508804
    ],
    [
      0.004217899404466152,
      0.9843623638153076,
      0.011419878341257572
    ],
    [
      0.12161684781312943,
      0.6220533847808838,
      0.25633031129837036
    ],
    [
      0.020014995709061623,
      0.9432498216629028,
      0.036734119057655334
    ],
    [
      0.004720570519566536,
      0.7507710456848145,
      0.24450848996639252
    ],
    [
      0.47140321135520935,
      0.48908019065856934,
      0.03951607644557953
    ],
    [
      0.02851266786456108,
      0.8973420262336731,
      0.07414590567350388
    ],
    [
      0.14867807924747467,
      0.8192892670631409,
      0.03203292563557625
    ],
    [
      0.28959912061691284,
      0.2904618978500366,
      0.41993948817253113
    ],
    [
      0.020401785150170326,
      0.8501741290092468,
      0.12942378222942352
    ],
    [
      0.05039393529295921,
      0.8629029393196106,
      0.08670275658369064
    ],
    [
      0.04646879807114601,
      0.8754051923751831,
      0.07812651246786118
    ],
    [
      0.02880958840250969,
      0.8982957005500793,
      0.07289419323205948
    ],
    [
      0.3747771084308624,
      0.5543038845062256,
      0.0709189623594284
    ],
    [
      0.017565704882144928,
      0.8971264362335205,
      0.0853077843785286
    ],
    [
      0.134092316031456,
      0.21582964062690735,
      0.6500786542892456
    ],
    [
      0.32187578082084656,
      0.25241512060165405,
      0.4257092773914337
    ],
    [
      0.02185952477157116,
      0.8425540924072266,
      0.13558605313301086
    ],
    [
      0.07767292112112045,
      0.3689885437488556,
      0.5533382296562195
    ],
    [
      0.20023082196712494,
      0.21826782822608948,
      0.5815006494522095
    ],
    [
      0.6437745094299316,
      0.1905696541070938,
      0.16565528512001038
    ],
    [
      0.1462661176919937,
      0.5641028881072998,
      0.28963083028793335
    ],
    [
      0.03775259852409363,
      0.9257164597511292,
      0.03653024137020111
    ],
    [
      0.40984073281288147,
      0.5236100554466248,
      0.06654882431030273
    ],
    [
      0.03938669711351395,
      0.9056803584098816,
      0.05493270978331566
    ],
    [
      0.13322411477565765,
      0.5919337868690491,
      0.27484261989593506
    ],
    [
      0.00894211046397686,
      0.9476571679115295,
      0.043401192873716354
    ],
    [
      0.5701836943626404,
      0.40866366028785706,
      0.02115270122885704
    ],
    [
      0.015805281698703766,
      0.7738881707191467,
      0.21030662953853607
    ],
    [
      0.1365663856267929,
      0.7657763957977295,
      0.09765724837779999
    ],
    [
      0.0846494659781456,
      0.7952098846435547,
      0.12014038115739822
    ],
    [
      0.06586852669715881,
      0.40072691440582275,
      0.5334044694900513
    ],
    [
      0.16137194633483887,
      0.7307834625244141,
      0.10784570127725601
    ],
    [
      0.0088583305478096,
      0.9276101589202881,
      0.06353112310171127
    ],
    [
      0.0453597791492939,
      0.8357736468315125,
      0.11886677145957947
    ],
    [
      0.006690876558423042,
      0.5742161273956299,
      0.41909259557724
    ],
    [
      0.009042860940098763,
      0.743821382522583,
      0.24713623523712158
    ],
    [
      0.01963208243250847,
      0.9376131296157837,
      0.04275510832667351
    ],
    [
      0.30467912554740906,
      0.5974188446998596,
      0.09790217131376266
    ],
    [
      0.06443040072917938,
      0.8901739716529846,
      0.04539572447538376
    ],
    [
      0.13059581816196442,
      0.1655242145061493,
      0.7038801312446594
    ],
    [
      0.6096086502075195,
      0.22119320929050446,
      0.1691979169845581
    ],
    [
      0.09780047833919525,
      0.8363639712333679,
      0.06583475321531296
    ],
    [
      0.6328604817390442,
      0.2820151150226593,
      0.08512414991855621
    ],
    [
      0.17540434002876282,
      0.43020638823509216,
      0.39438924193382263
    ]
  ],