{
  "N": 112800,
  "usage": [
    0.17855167388916016,
    0.6044719815254211,
    0.2169763594865799
  ],
  "entropy_mean": 0.5816554427146912,
  "entropy_std": 0.28787556290626526,
  "top1_share": [
    0.1483776569366455,
    0.6678280234336853,
    0.1837943196296692
  ],
  "P_expert_given_class": [
    [
      0.0389196053147316,
      0.9293572902679443,
      0.03172332048416138
    ],
    [
      0.29325950145721436,
      0.10289090871810913,
      0.6038492918014526
    ],
    [
      0.02102413959801197,
      0.8836714625358582,
      0.095303975045681
    ],
    [
      0.005211131181567907,
      0.9808146953582764,
      0.013973452150821686
    ],
    [
      0.2073523998260498,
      0.4781951308250427,
      0.31445226073265076
    ],
    [
      0.023307396098971367,
      0.9575998783111572,
      0.019092964008450508
    ],
    [
      0.0062896376475691795,
      0.6965498924255371,
      0.29716068506240845
    ],
    [
      0.6305192708969116,
      0.33066707849502563,
      0.03881406784057617
    ],
    [
      0.02239939570426941,
      0.8942292332649231,
      0.08337201178073883
    ],
    [
      0.19423137605190277,
      0.780467689037323,
      0.02530069649219513
    ],
    [
      0.3197034001350403,
      0.22293896973133087,
      0.457357794046402
    ],
    [
      0.011789466254413128,
      0.8335059285163879,
      0.1547040343284607
    ],
    [
      0.05999056622385979,
      0.7890997529029846,
      0.1509099304676056
    ],
    [
      0.05713700130581856,
      0.8595589399337769,
      0.08330406993627548
    ],
    [
      0.022222846746444702,
      0.9224610328674316,
      0.055315569043159485
    ],
    [
      0.39679640531539917,
      0.548517644405365,
      0.054685644805431366
    ],
    [
      0.01607208326458931,
      0.8919404149055481,
      0.09198805689811707
    ],
    [
      0.13158057630062103,
      0.14542385935783386,
      0.722995936870575
    ],
    [
      0.3668307363986969,
      0.1989368498325348,
      0.4342324733734131
    ],
    [
      0.02048456110060215,
      0.8224115371704102,
      0.15710435807704926
    ],
    [
      0.0956970676779747,
      0.3251860439777374,
      0.5791162848472595
    ],
    [
      0.19354383647441864,
      0.1627875566482544,
      0.6436677575111389
    ],
    [
      0.749596118927002,
      0.10332123935222626,
      0.1470816433429718
    ],
    [
      0.15424901247024536,
      0.513576328754425,
      0.332174152135849
    ],
    [
      0.03749856352806091,
      0.9262364506721497,
      0.03626561537384987
    ],
    [
      0.44920089840888977,
      0.48896026611328125,
      0.06183850020170212
    ],
    [
      0.036991167813539505,
      0.8864547610282898,
      0.07655356079339981
    ],
    [
      0.11247935146093369,
      0.5571508407592773,
      0.33036965131759644
    ],
    [
      0.01866951771080494,
      0.9479054808616638,
      0.033424194902181625
    ],
    [
      0.7027925252914429,
      0.28034329414367676,
      0.016864772886037827
    ],
    [
      0.031379058957099915,
      0.6958252191543579,
      0.27279624342918396
    ],
    [
      0.14892123639583588,
      0.7584871649742126,
      0.09259107708930969
    ],
    [
      0.13902026414871216,
      0.7579087018966675,
      0.10307144373655319
    ],
    [
      0.10189816355705261,
      0.3924854099750519,
      0.5056167244911194
    ],
    [
      0.2625231444835663,
      0.6082373261451721,
      0.12923946976661682
    ],
    [
      0.008681013248860836,
      0.8568732738494873,
      0.1344464272260666
    ],
    [
      0.04820040613412857,
      0.787686288356781,
      0.16411234438419342
    ],
    [
      0.006850734353065491,
      0.49110448360443115,
      0.5020443797111511
    ],
    [
      0.011403841897845268,
      0.622896671295166,
      0.3656996488571167
    ],
    [
      0.020207419991493225,
      0.9362046122550964,
      0.043587494641542435
    ],
    [
      0.31348398327827454,
      0.6031705141067505,
      0.0833452120423317
    ],
    [
      0.07440344244241714,
      0.8770701885223389,
      0.04852583259344101
    ],
    [
      0.12454468011856079,
      0.09679439663887024,
      0.7786607146263123
    ],
    [
      0.6684756278991699,
      0.11837246268987656,
      0.21315118670463562
    ],
    [
      0.1188686266541481,
      0.8089670538902283,
      0.0721646398305893
    ],
    [
      0.7405886054039001,
      0.17435748875141144,
      0.08505327254533768
    ],
    [
      0.17663736641407013,
      0.36257636547088623,
      0.46078619360923767
    ]
  ],