{
  "N": 112800,
  "usage": [
    0.14548246562480927,
    0.6685459613800049,
    0.18597161769866943
  ],
  "entropy_mean": 0.5785369277000427,
  "entropy_std": 0.3079628646373749,
  "top1_share": [
    0.11060283333063126,
    0.7281205654144287,
    0.16127659380435944
  ],
  "P_expert_given_class": [
    [
      0.042463269084692,
      0.9272445440292358,
      0.030291138216853142
    ],
    [
      0.25956881046295166,
      0.17626498639583588,
      0.5641663074493408
    ],
    [
      0.018469544127583504,
      0.9339324831962585,
      0.04759763553738594
    ],
    [
      0.004325760994106531,
      0.9827438592910767,
      0.012930144555866718
    ],
    [
      0.09009754657745361,
      0.6511519551277161,
      0.25875067710876465
    ],
    [
      0.02173827961087227,
      0.9415338039398193,
      0.036727696657180786
    ],
    [
      0.005148761440068483,
      0.7843957543373108,
      0.21045541763305664
    ],
    [
      0.44595277309417725,
      0.5054319500923157,
      0.04861501231789589
    ],
    [
      0.03079051338136196,
      0.9039379954338074,
      0.06527158617973328
    ],
    [
      0.12328079342842102,
      0.8406768441200256,
      0.03604269400238991
    ],
    [
      0.27985721826553345,
      0.3265424966812134,
      0.39360108971595764
    ],
    [
      0.021130390465259552,
      0.8676053881645203,
      0.11126458644866943
    ],
    [
      0.06497925519943237,
      0.8650792241096497,
      0.06994134932756424
    ],
    [
      0.04488953948020935,
      0.8814598321914673,
      0.07365068048238754
    ],
    [
      0.031625304371118546,
      0.8952972292900085,
      0.07307793945074081
    ],
    [
      0.3653356730937958,
      0.554473340511322,
      0.08019056916236877
    ],
    [
      0.020625505596399307,
      0.9079194068908691,
      0.07145499438047409
    ],
    [
      0.11862214654684067,
      0.26964277029037476,
      0.6117354035377502
    ],
    [
      0.2921603322029114,
      0.2779064178466797,
      0.4299330711364746
    ],
    [
      0.021558411419391632,
      0.8545242547988892,
      0.12391721457242966
    ],
    [
      0.0797320231795311,
      0.3833211362361908,
      0.5369473695755005
    ],
    [
      0.18612536787986755,
      0.25545623898506165,
      0.558418869972229
    ],
    [
      0.6138389110565186,
      0.21745461225509644,
      0.16870664060115814
    ],
    [
      0.14839708805084229,
      0.5713430643081665,
      0.28025951981544495
    ],
    [
      0.046278487890958786,
      0.9182103276252747,
      0.035511456429958344
    ],
    [
      0.38451018929481506,
      0.5390543341636658,
      0.07643599063158035
    ],
    [
      0.03831534832715988,
      0.9187213182449341,
      0.04296448454260826
    ],
    [
      0.14122840762138367,
      0.608798086643219,
      0.24997423589229584
    ],
    [
      0.008780629374086857,
      0.9563397169113159,
      0.03488088399171829
    ],
    [
      0.5176800489425659,
      0.4597061276435852,
      0.022613700479269028
    ],
    [
      0.0151847954839468,
      0.782885730266571,
      0.20193064212799072
    ],
    [
      0.11491509526968002,
      0.785017192363739,
      0.10006735473871231
    ],
    [
      0.06247254088521004,
      0.8118537068367004,
      0.12567411363124847
    ],
    [
      0.06706404685974121,
      0.38766515254974365,
      0.5452702641487122
    ],
    [
      0.1222049742937088,
      0.7665815353393555,
      0.11121294647455215
    ],
    [
      0.009437104687094688,
      0.9366239309310913,
      0.05393967404961586
    ],
    [
      0.05019361898303032,
      0.8500894904136658,
      0.09971572458744049
    ],
    [
      0.006875291001051664,
      0.618160605430603,
      0.37496310472488403
    ],
    [
      0.008834184147417545,
      0.7817191481590271,
      0.20944635570049286
    ],
    [
      0.023765724152326584,
      0.9386767745018005,
      0.03755588456988335
    ],
    [
      0.2875671088695526,
      0.6065908670425415,
      0.10584302991628647
    ],
    [
      0.057475969195365906,
      0.8988649249076843,
      0.04365857318043709
    ],
    [
      0.12666888535022736,
      0.20199353992938995,
      0.6713377237319946
    ],
    [
      0.5791634917259216,
      0.252092182636261,
      0.16874369978904724
    ],
    [
      0.08596678823232651,
      0.8505110740661621,
      0.06352292001247406
    ],
    [
      0.6036845445632935,
      0.3075580894947052,
      0.08875679969787598
    ],
    [
      0.14869362115859985,
      0.46860718727111816,
      0.3826987147331238
    ]
  ],