{
  "N": 112800,
  "usage": [
    0.17376704514026642,
    0.6141367554664612,
    0.2120961993932724
  ],
  "entropy_mean": 0.5819937586784363,
  "entropy_std": 0.29187384247779846,
  "top1_share": [
    0.14619681239128113,
    0.6770921945571899,
    0.17671099305152893
  ],
  "P_expert_given_class": [
    [
      0.04064258560538292,
      0.9256378412246704,
      0.03372007608413696
    ],
    [
      0.3007916808128357,
      0.11827854067087173,
      0.5809287428855896
    ],
    [
      0.020486345514655113,
      0.9047273993492126,
      0.07478610426187515
    ],
    [
      0.00470768753439188,
      0.9839293360710144,
      0.011363907717168331
    ],
    [
      0.176747128367424,
      0.5239036679267883,
      0.2993495762348175
    ],
    [
      0.02153020352125168,
      0.9564263820648193,
      0.02204260043799877
    ],
    [
      0.006542562507092953,
      0.7036380767822266,
      0.2898193597793579
    ],
    [
      0.6001584529876709,
      0.36015039682388306,
      0.03969153016805649
    ],
    [
      0.022043287754058838,
      0.9031910300254822,
      0.07476580142974854
    ],
    [
      0.17219917476177216,
      0.8025445342063904,
      0.02525687776505947
    ],
    [
      0.29791244864463806,
      0.23348258435726166,
      0.46860411763191223
    ],
    [
      0.015453936532139778,
      0.8290857672691345,
      0.15546058118343353
    ],
    [
      0.06050980091094971,
      0.8172910809516907,
      0.12219925224781036
    ],
    [
      0.06138787418603897,
      0.8533338308334351,
      0.08527789264917374
    ],
    [
      0.029319988563656807,
      0.9153637886047363,
      0.05531644821166992
    ],
    [
      0.40623313188552856,
      0.5355461239814758,
      0.05822080746293068
    ],
    [
      0.015732521191239357,
      0.8927667140960693,
      0.09150142967700958
    ],
    [
      0.1271086484193802,
      0.15416322648525238,
      0.7187283039093018
    ],
    [
      0.3575848937034607,
      0.21856732666492462,
      0.42384740710258484
    ],
    [
      0.021347254514694214,
      0.8333103656768799,
      0.14534276723861694
    ],
    [
      0.0894651859998703,
      0.32876598834991455,
      0.5817682147026062
    ],
    [
      0.20069704949855804,
      0.18392007052898407,
      0.6153828501701355
    ],
    [
      0.7264145016670227,
      0.11758872866630554,
      0.15599721670150757
    ],
    [
      0.13901962339878082,
      0.5294998288154602,
      0.3314807116985321
    ],
    [
      0.038943417370319366,
      0.9216791987419128,
      0.039377521723508835
    ],
    [
      0.4639700949192047,
      0.46875065565109253,
      0.06727976351976395
    ],
    [
      0.034830451011657715,
      0.8952337503433228,
      0.06993536651134491
    ],
    [
      0.12792357802391052,
      0.5564713478088379,
      0.3156047761440277
    ],
    [
      0.013117015361785889,
      0.9561206102371216,
      0.0307621993124485
    ],
    [
      0.7020007967948914,
      0.27797847986221313,
      0.020020706579089165
    ],
    [
      0.025709543377161026,
      0.7083057165145874,
      0.2659853994846344
    ],
    [
      0.1523473560810089,
      0.7386471629142761,
      0.10900569707155228
    ],
    [
      0.11725260317325592,
      0.7679341435432434,
      0.11481304466724396
    ],
    [
      0.08222490549087524,
      0.38816171884536743,
      0.5296129584312439
    ],
    [
      0.22565750777721405,
      0.6419679522514343,
      0.13237453997135162
    ],
    [
      0.008999025449156761,
      0.887714147567749,
      0.10328678786754608
    ],
    [
      0.04280310869216919,
      0.806405246257782,
      0.1507924348115921
    ],
    [
      0.0077152433805167675,
      0.5210924744606018,
      0.47119197249412537
    ],
    [
      0.010503441095352173,
      0.651348352432251,
      0.3381480872631073
    ],
    [
      0.025553014129400253,
      0.9314062595367432,
      0.04303967207670212
    ],
    [
      0.3244589865207672,
      0.5906009674072266,
      0.08494014292955399
    ],
    [
      0.06764409691095352,
      0.8855636715888977,
      0.04679134488105774
    ],
    [
      0.12875473499298096,
      0.09752146899700165,
      0.7737245559692383
    ],
    [
      0.6528415679931641,
      0.14382314682006836,
      0.2033354640007019
    ],
    [
      0.10799062997102737,
      0.8240812420845032,
      0.06792834401130676
    ],
    [
      0.7089448571205139,
      0.20267878472805023,
      0.08837626129388809
    ],
    [
      0.18282903730869293,
      0.37583163380622864,
      0.4413394629955292
    ]
  ],