{
  "N": 112800,
  "usage": [
    0.10033649206161499,
    0.7879164814949036,
    0.11174699664115906
  ],
  "entropy_mean": 0.4242948591709137,
  "entropy_std": 0.35010382533073425,
  "top1_share": [
    0.04582446813583374,
    0.8514893651008606,
    0.10268616676330566
  ],
  "P_expert_given_class": [
    [
      0.029604168608784676,
      0.9577586054801941,
      0.012637749314308167
    ],
    [
      0.2588658332824707,
      0.25286129117012024,
      0.4882732629776001
    ],
    [
      0.015228201635181904,
      0.9780107736587524,
      0.006760764867067337
    ],
    [
      0.008782784454524517,
      0.9893624782562256,
      0.0018551822286099195
    ],
    [
      0.07393431663513184,
      0.7689582705497742,
      0.15710775554180145
    ],
    [
      0.01575354114174843,
      0.9763612747192383,
      0.007885182276368141
    ],
    [
      0.0018836574163287878,
      0.9160521626472473,
      0.0820661336183548
    ],
    [
      0.2767239511013031,
      0.6965073347091675,
      0.02676895074546337
    ],
    [
      0.02085724286735058,
      0.9665838479995728,
      0.012558278627693653
    ],
    [
      0.08801835030317307,
      0.9028475880622864,
      0.009133894927799702
    ],
    [
      0.2522457242012024,
      0.6356199979782104,
      0.11213478446006775
    ],
    [
      0.024163497611880302,
      0.9633603096008301,
      0.012477235868573189
    ],
    [
      0.022986307740211487,
      0.9605571627616882,
      0.01645621657371521
    ],
    [
      0.03636430948972702,
      0.9411227703094482,
      0.022512277588248253
    ],
    [
      0.010652679018676281,
      0.9813318848609924,
      0.008014696650207043
    ],
    [
      0.16150136291980743,
      0.8108116388320923,
      0.027687424793839455
    ],
    [
      0.009232789278030396,
      0.9771725535392761,
      0.013595541007816792
    ],
    [
      0.11079985648393631,
      0.5058947205543518,
      0.3833060562610626
    ],
    [
      0.24426309764385223,
      0.36384111642837524,
      0.3918958306312561
    ],
    [
      0.02021760866045952,
      0.9182186126708984,
      0.06156384199857712
    ],
    [
      0.03877532482147217,
      0.4552983045578003,
      0.5059261322021484
    ],
    [
      0.18553848564624786,
      0.4074901342391968,
      0.4069708585739136
    ],
    [
      0.45148736238479614,
      0.40899500250816345,
      0.1395174115896225
    ],
    [
      0.0676209032535553,
      0.7989293336868286,
      0.13345006108283997
    ],
    [
      0.038814183324575424,
      0.9478212594985962,
      0.013364486396312714
    ],
    [
      0.24870483577251434,
      0.7240768671035767,
      0.02721904031932354
    ],
    [
      0.025674814358353615,
      0.964648425579071,
      0.009677723050117493
    ],
    [
      0.12495323270559311,
      0.8118084073066711,
      0.06323818117380142
    ],
    [
      0.008769259788095951,
      0.9843177199363708,
      0.006911827716976404
    ],
    [
      0.22668640315532684,
      0.7556098103523254,
      0.01770290918648243
    ],
    [
      0.008513149805366993,
      0.9083290696144104,
      0.08315815031528473
    ],
    [
      0.02661188319325447,
      0.9037864208221436,
      0.06960158795118332
    ],
    [
      0.012033221311867237,
      0.9140328168869019,
      0.07393396645784378
    ],
    [
      0.06693017482757568,
      0.5650941133499146,
      0.36797529458999634
    ],
    [
      0.06041451916098595,
      0.864771842956543,
      0.07481396943330765
    ],
    [
      0.009271609596908092,
      0.9860430955886841,
      0.004685455933213234
    ],
    [
      0.03572109341621399,
      0.9455850124359131,
      0.018694661557674408
    ],
    [
      0.008038079366087914,
      0.7889587879180908,
      0.20300321280956268
    ],
    [
      0.012930316850543022,
      0.9188088774681091,
      0.06826021522283554
    ],
    [
      0.01676286570727825,
      0.977740466594696,
      0.005495492834597826
    ],
    [
      0.14100459218025208,
      0.8200058937072754,
      0.03898914158344269
    ],
    [
      0.04976842179894447,
      0.9391695261001587,
      0.01106093730777502
    ],
    [
      0.08280135691165924,
      0.34150415658950806,
      0.57569420337677
    ],
    [
      0.4747072458267212,
      0.3803737759590149,
      0.1449187844991684
    ],
    [
      0.06810310482978821,
      0.9154443144798279,
      0.016452111303806305
    ],
    [
      0.4175121486186981,
      0.49049368500709534,
      0.09199327975511551
    ],
    [
      0.12558594346046448,
      0.649705171585083,
      0.22470912337303162
    ]
  ],