{
  "N": 112800,
  "usage": [
    0.19556675851345062,
    0.5723724365234375,
    0.23206080496311188
  ],
  "entropy_mean": 0.5916605591773987,
  "entropy_std": 0.2847391664981842,
  "top1_share": [
    0.1608421951532364,
    0.6353279948234558,
    0.2038297802209854
  ],
  "P_expert_given_class": [
    [
      0.04209905490279198,
      0.9192684888839722,
      0.03863227367401123
    ],
    [
      0.31007492542266846,
      0.08594664931297302,
      0.6039782166481018
    ],
    [
      0.017522621899843216,
      0.8615478277206421,
      0.12092932313680649
    ],
    [
      0.004777380730956793,
      0.9769328832626343,
      0.018288595601916313
    ],
    [
      0.2521858811378479,
      0.4379587173461914,
      0.30985569953918457
    ],
    [
      0.02702918089926243,
      0.9568517804145813,
      0.01611887477338314
    ],
    [
      0.009138282388448715,
      0.6670798063278198,
      0.32378217577934265
    ],
    [
      0.6853296160697937,
      0.27968987822532654,
      0.03498031944036484
    ],
    [
      0.02256682701408863,
      0.8829718828201294,
      0.0944618433713913
    ],
    [
      0.2628048062324524,
      0.7075601816177368,
      0.029635023325681686
    ],
    [
      0.3275464177131653,
      0.17677675187587738,
      0.4956763684749603
    ],
    [
      0.010257655754685402,
      0.8468636274337769,
      0.14287824928760529
    ],
    [
      0.06817322969436646,
      0.7458453178405762,
      0.18598176538944244
    ],
    [
      0.06097642332315445,
      0.862797737121582,
      0.0762253925204277
    ],
    [
      0.026808707043528557,
      0.912307620048523,
      0.06088428571820259
    ],
    [
      0.43056777119636536,
      0.5125879645347595,
      0.05684461072087288
    ],
    [
      0.018984518945217133,
      0.8910700678825378,
      0.08994527906179428
    ],
    [
      0.16321365535259247,
      0.11019089818000793,
      0.7265954613685608
    ],
    [
      0.3773110508918762,
      0.19358684122562408,
      0.42910221219062805
    ],
    [
      0.023785889148712158,
      0.7948138117790222,
      0.18140186369419098
    ],
    [
      0.1292598396539688,
      0.26700693368911743,
      0.6037341356277466
    ],
    [
      0.2081846296787262,
      0.13687251508235931,
      0.6549420952796936
    ],
    [
      0.7438853979110718,
      0.0807136744260788,
      0.17540065944194794
    ],
    [
      0.18563474714756012,
      0.4438202977180481,
      0.3705446720123291
    ],
    [
      0.03638244792819023,
      0.9191120266914368,
      0.04450502246618271
    ],
    [
      0.5196999907493591,
      0.4240257143974304,
      0.0562744066119194
    ],
    [
      0.033886805176734924,
      0.8848413228988647,
      0.0812714546918869
    ],
    [
      0.09563159942626953,
      0.5165186524391174,
      0.387849360704422
    ],
    [
      0.02158382534980774,
      0.9456676244735718,
      0.03274867311120033
    ],
    [
      0.7937288880348206,
      0.19074124097824097,
      0.015529780648648739
    ],
    [
      0.03832042217254639,
      0.6412624716758728,
      0.320417195558548
    ],
    [
      0.18288372457027435,
      0.7138276100158691,
      0.10328856110572815
    ],
    [
      0.17062444984912872,
      0.7073892951011658,
      0.12198662757873535
    ],
    [
      0.10572623461484909,
      0.3994699716567993,
      0.4948044717311859
    ],
    [
      0.29834070801734924,
      0.5542018413543701,
      0.14745675027370453
    ],
    [
      0.008898959495127201,
      0.8169019222259521,
      0.17419832944869995
    ],
    [
      0.043260421603918076,
      0.7645754814147949,
      0.19216486811637878
    ],
    [
      0.008239350281655788,
      0.42048880457878113,
      0.5712720155715942
    ],
    [
      0.012784650549292564,
      0.5403026938438416,
      0.44691237807273865
    ],
    [
      0.019103650003671646,
      0.9276832938194275,
      0.05321275815367699
    ],
    [
      0.3482614755630493,
      0.5628587603569031,
      0.08888022601604462
    ],
    [
      0.08625349402427673,
      0.8577247262001038,
      0.05602161958813667
    ],
    [
      0.14854244887828827,
      0.05761782452464104,
      0.7938400506973267
    ],
    [
      0.6890589594841003,
      0.09560553729534149,
      0.21533577144145966
    ],
    [
      0.14571905136108398,
      0.7751445174217224,
      0.07913648337125778
    ],
    [
      0.7708003520965576,
      0.13163349032402039,
      0.09756626188755035
    ],
    [
      0.2057887613773346,
      0.30284589529037476,
      0.4913666248321533
    ]
  ],