{
  "N": 112800,
  "usage": [
    0.16619868576526642,
    0.6278932094573975,
    0.2059081494808197
  ],
  "entropy_mean": 0.5881085395812988,
  "entropy_std": 0.29080304503440857,
  "top1_share": [
    0.1364184468984604,
    0.6927216053009033,
    0.1708599328994751
  ],
  "P_expert_given_class": [
    [
      0.04251645877957344,
      0.9184986352920532,
      0.0389852412045002
    ],
    [
      0.29744207859039307,
      0.13855573534965515,
      0.5640026330947876
    ],
    [
      0.02084961347281933,
      0.913363516330719,
      0.06578759849071503
    ],
    [
      0.004797996487468481,
      0.9835370779037476,
      0.011665772646665573
    ],
    [
      0.16397084295749664,
      0.5539993047714233,
      0.28202977776527405
    ],
    [
      0.02205420285463333,
      0.9439197778701782,
      0.03402557224035263
    ],
    [
      0.0047890804708004,
      0.7135906219482422,
      0.28162020444869995
    ],
    [
      0.5613020658493042,
      0.3995596170425415,
      0.03913867846131325
    ],
    [
      0.02187436819076538,
      0.8988653421401978,
      0.07926055043935776
    ],
    [
      0.15705151855945587,
      0.815321147441864,
      0.027626806870102882
    ],
    [
      0.2955426275730133,
      0.24208122491836548,
      0.4623762369155884
    ],
    [
      0.016097433865070343,
      0.8404937982559204,
      0.14340898394584656
    ],
    [
      0.05611011013388634,
      0.8174168467521667,
      0.12647312879562378
    ],
    [
      0.05693347752094269,
      0.8592304587364197,
      0.08383601158857346
    ],
    [
      0.02389238402247429,
      0.910788893699646,
      0.06531796604394913
    ],
    [
      0.38427039980888367,
      0.5555142164230347,
      0.060214780271053314
    ],
    [
      0.01272471435368061,
      0.8880242109298706,
      0.09925144910812378
    ],
    [
      0.13006554543972015,
      0.1709849238395691,
      0.69894939661026
    ],
    [
      0.34226861596107483,
      0.23911523818969727,
      0.4186159372329712
    ],
    [
      0.024377476423978806,
      0.8337688446044922,
      0.1418532133102417
    ],
    [
      0.07029876857995987,
      0.36005261540412903,
      0.5696483254432678
    ],
    [
      0.20230866968631744,
      0.20059555768966675,
      0.5970960855484009
    ],
    [
      0.7096834182739258,
      0.14161786437034607,
      0.14869825541973114
    ],
    [
      0.14345256984233856,
      0.549145519733429,
      0.3074013888835907
    ],
    [
      0.04009713977575302,
      0.9151232838630676,
      0.04477987065911293
    ],
    [
      0.427852988243103,
      0.5067567229270935,
      0.06538916379213333
    ],
    [
      0.03443942219018936,
      0.8956124782562256,
      0.0699487179517746
    ],
    [
      0.11821606755256653,
      0.5881568789482117,
      0.29362669587135315
    ],
    [
      0.011744934134185314,
      0.9451575875282288,
      0.043096985667943954
    ],
    [
      0.6559277772903442,
      0.325124591588974,
      0.01894824393093586
    ],
    [
      0.02093319408595562,
      0.7196435332298279,
      0.2594238221645355
    ],
    [
      0.15558801591396332,
      0.7342295050621033,
      0.1101832315325737
    ],
    [
      0.10864295810461044,
      0.7720765471458435,
      0.11927973479032516
    ],
    [
      0.08640102297067642,
      0.3887041211128235,
      0.5248947143554688
    ],
    [
      0.21762721240520477,
      0.6604220271110535,
      0.12195006012916565
    ],
    [
      0.01093421783298254,
      0.9088805913925171,
      0.08018390089273453
    ],
    [
      0.04238496348261833,
      0.8214630484580994,
      0.1361527293920517
    ],
    [
      0.006427044048905373,
      0.5384431481361389,
      0.4551289975643158
    ],
    [
      0.009476810693740845,
      0.6872729063034058,
      0.30325111746788025
    ],
    [
      0.021134687587618828,
      0.9339798092842102,
      0.04488592967391014
    ],
    [
      0.3088853061199188,
      0.6069363951683044,
      0.0841783881187439
    ],
    [
      0.06251394003629684,
      0.8892555832862854,
      0.04822896048426628
    ],
    [
      0.11766745150089264,
      0.1291588842868805,
      0.7531732320785522
    ],
    [
      0.6323357820510864,
      0.18348759412765503,
      0.18417666852474213
    ],
    [
      0.09689450263977051,
      0.8351761698722839,
      0.06792981922626495
    ],
    [
      0.6654133200645447,
      0.24382725358009338,
      0.09075967222452164
    ],
    [
      0.19512397050857544,
      0.39404794573783875,
      0.4108283221721649
    ]
  ],