{
  "N": 112800,
  "usage": [
    0.12437459826469421,
    0.728923499584198,
    0.14670193195343018
  ],
  "entropy_mean": 0.5083293914794922,
  "entropy_std": 0.3382095396518707,
  "top1_share": [
    0.07275709509849548,
    0.7940070629119873,
    0.13323581218719482
  ],
  "P_expert_given_class": [
    [
      0.04130670055747032,
      0.9375136494636536,
      0.021180029958486557
    ],
    [
      0.22960489988327026,
      0.21041840314865112,
      0.5599758625030518
    ],
    [
      0.012044679373502731,
      0.969236433506012,
      0.0187180545181036
    ],
    [
      0.004766825120896101,
      0.9896705150604248,
      0.005563005339354277
    ],
    [
      0.06956810504198074,
      0.7305624485015869,
      0.19986911118030548
    ],
    [
      0.025320274755358696,
      0.9538999199867249,
      0.02078055404126644
    ],
    [
      0.0033673271536827087,
      0.8455214500427246,
      0.15111121535301208
    ],
    [
      0.3678416907787323,
      0.584549605846405,
      0.04760842025279999
    ],
    [
      0.029359381645917892,
      0.9381240010261536,
      0.03251718729734421
    ],
    [
      0.09896038472652435,
      0.8784947991371155,
      0.022544391453266144
    ],
    [
      0.28805258870124817,
      0.4777948558330536,
      0.2341533899307251
    ],
    [
      0.026368945837020874,
      0.929557204246521,
      0.044073909521102905
    ],
    [
      0.04941893741488457,
      0.922375500202179,
      0.028205448761582375
    ],
    [
      0.03950584679841995,
      0.9139830470085144,
      0.046510227024555206
    ],
    [
      0.023470068350434303,
      0.9512305855751038,
      0.025299644097685814
    ],
    [
      0.259598046541214,
      0.6860253810882568,
      0.054376907646656036
    ],
    [
      0.016237474977970123,
      0.9487195611000061,
      0.035042904317379
    ],
    [
      0.13165244460105896,
      0.3935880959033966,
      0.47475844621658325
    ],
    [
      0.23488818109035492,
      0.313632607460022,
      0.4514802098274231
    ],
    [
      0.019996874034404755,
      0.881767988204956,
      0.09823469817638397
    ],
    [
      0.07256072014570236,
      0.4227811098098755,
      0.5046575665473938
    ],
    [
      0.16979661583900452,
      0.32545098662376404,
      0.5047522783279419
    ],
    [
      0.562536358833313,
      0.3025517463684082,
      0.13491180539131165
    ],
    [
      0.12998391687870026,
      0.6762209534645081,
      0.193794846534729
    ],
    [
      0.045924846082925797,
      0.9312916994094849,
      0.022782837972044945
    ],
    [
      0.33349889516830444,
      0.6058664321899414,
      0.060635294765233994
    ],
    [
      0.03422841057181358,
      0.9450189471244812,
      0.0207525547593832
    ],
    [
      0.15220412611961365,
      0.7001575231552124,
      0.1476387232542038
    ],
    [
      0.009461231529712677,
      0.9769675731658936,
      0.013570664450526237
    ],
    [
      0.38044124841690063,
      0.5982626080513,
      0.021296219900250435
    ],
    [
      0.012248536571860313,
      0.8485530614852905,
      0.13919787108898163
    ],
    [
      0.05541510879993439,
      0.8550389409065247,
      0.08954587578773499
    ],
    [
      0.027111975476145744,
      0.8849201202392578,
      0.0879671648144722
    ],
    [
      0.08052676171064377,
      0.3941453993320465,
      0.5253273248672485
    ],
    [
      0.08088397979736328,
      0.8272703289985657,
      0.09184493869543076
    ],
    [
      0.00876027625054121,
      0.9764658808708191,
      0.014775414019823074
    ],
    [
      0.04318411648273468,
      0.9100589156150818,
      0.046757377684116364
    ],
    [
      0.007362973876297474,
      0.7058988809585571,
      0.2867377698421478
    ],
    [
      0.009986390359699726,
      0.869131863117218,
      0.12088169157505035
    ],
    [
      0.022185275331139565,
      0.9598748683929443,
      0.017938241362571716
    ],
    [
      0.19217942655086517,
      0.7371565103530884,
      0.07066358625888824
    ],
    [
      0.049606647342443466,
      0.9261730909347534,
      0.024221617728471756
    ],
    [
      0.11313246190547943,
      0.2776273488998413,
      0.6092405915260315
    ],
    [
      0.5448691248893738,
      0.3074801564216614,
      0.14765100181102753
    ],
    [
      0.07148149609565735,
      0.8920767307281494,
      0.03644189238548279
    ],
    [
      0.5354997515678406,
      0.37179800868034363,
      0.09270171821117401
    ],
    [
      0.12920619547367096,
      0.5744947791099548,
      0.29629942774772644
    ]
  ],