{
  "acc_soft": 0.8078723404255319,
  "acc_hard": 0.7278191489361702,
  "acc_oracle": 0.8838297872340426,
  "acc_random": 0.6818085106382978,
  "entropy_mean": 1.3792611720714163,
  "expert_usage_counts": [
    685,
    18075,
    32,
    8
  ],
  "purity_by_class": {
    "0": 0.0,
    "24": 0.0,
    "1": 1.0,
    "18": 1.0,
    "21": 0.995,
    "9": 0.0,
    "44": 0.0,
    "15": 0.0025,
    "40": 0.0025
  }
}