{
  "42": 0.8634042553191489,
  "43": 0.8601063829787234,
  "44": 0.8637765957446808
}