{
  "N": 112800,
  "usage": [
    0.3466022312641144,
    0.3408997058868408,
    0.3124980330467224
  ],
  "entropy_mean": 0.6760393977165222,
  "entropy_std": 0.24435955286026,
  "top1_share": [
    0.32435283064842224,
    0.3689804971218109,
    0.30666667222976685
  ],
  "P_expert_given_class": [
    [
      0.1771995574235916,
      0.6810882091522217,
      0.14171169698238373
    ],
    [
      0.10903134942054749,
      0.041207943111658096,
      0.8497600555419922
    ],
    [
      0.12410023808479309,
      0.7815617322921753,
      0.09433839470148087
    ],
    [
      0.19394193589687347,
      0.7750323414802551,
      0.031026426702737808
    ],
    [
      0.82494056224823,
      0.07019214332103729,
      0.10486757755279541
    ],
    [
      0.0999317616224289,
      0.8075292706489563,
      0.09253902733325958
    ],
    [
      0.06455348432064056,
      0.44909724593162537,
      0.4863491356372833
    ],
    [
      0.7938876748085022,
      0.11667022854089737,
      0.08944157510995865
    ],
    [
      0.30177995562553406,
      0.5677131414413452,
      0.13050638139247894
    ],
    [
      0.8487016558647156,
      0.12489759922027588,
      0.02640087530016899
    ],
    [
      0.8410956263542175,
      0.07157600671052933,
      0.08732946962118149
    ],
    [
      0.3435926139354706,
      0.532178521156311,
      0.12422908842563629
    ],
    [
      0.12359898537397385,
      0.5130660533905029,
      0.3633343577384949
    ],
    [
      0.17092205584049225,
      0.6579416394233704,
      0.1711365282535553
    ],
    [
      0.07052885740995407,
      0.24009646475315094,
      0.6893752813339233
    ],
    [
      0.4682994484901428,
      0.08996148407459259,
      0.44173958897590637
    ],
    [
      0.16651551425457,
      0.6539824604988098,
      0.17950235307216644
    ],
    [
      0.8776856660842896,
      0.029949020594358444,
      0.09236593544483185
    ],
    [
      0.12407121062278748,
      0.12262348085641861,
      0.7533056735992432
    ],
    [
      0.2085651159286499,
      0.5712881684303284,
      0.22014650702476501
    ],
    [
      0.16108979284763336,
      0.1281011998653412,
      0.7108086347579956
    ],
    [
      0.10720592737197876,
      0.15107877552509308,
      0.7417158484458923
    ],
    [
      0.5594056248664856,
      0.05858828127384186,
      0.3820057809352875
    ],
    [
      0.26576611399650574,
      0.21117538213729858,
      0.5230586528778076
    ],
    [
      0.16788822412490845,
      0.6983307600021362,
      0.13378095626831055
    ],
    [
      0.6686800718307495,
      0.09833572804927826,
      0.2329837828874588
    ],
    [
      0.23399612307548523,
      0.6548447012901306,
      0.11115925759077072
    ],
    [
      0.4273921847343445,
      0.2396411895751953,
      0.3329657316207886
    ],
    [
      0.07410891354084015,
      0.8666858673095703,
      0.05920526012778282
    ],
    [
      0.7650470733642578,
      0.12023957818746567,
      0.11471322178840637
    ],
    [
      0.1577615588903427,
      0.47699305415153503,
      0.3652454614639282
    ],
    [
      0.049765925854444504,
      0.07960491627454758,
      0.8706280589103699
    ],
    [
      0.19147463142871857,
      0.21512514352798462,
      0.5934005379676819
    ],
    [
      0.1548130363225937,
      0.28090956807136536,
      0.5642767548561096
    ],
    [
      0.3744557499885559,
      0.07121583819389343,
      0.5543283820152283
    ],
    [
      0.1582808792591095,
      0.7094027996063232,
      0.132316455245018
    ],
    [
      0.27840933203697205,
      0.6247513890266418,
      0.09683947265148163
    ],
    [
      0.11830879002809525,
      0.4724324643611908,
      0.4092584550380707
    ],
    [
      0.2328280359506607,
      0.6570466160774231,
      0.11012451350688934
    ],
    [
      0.23051491379737854,
      0.35372117161750793,
      0.4157645106315613
    ],
    [
      0.6162193417549133,
      0.09265832602977753,
      0.2911221385002136
    ],
    [
      0.5913289785385132,
      0.3486330807209015,
      0.06003812700510025
    ],
    [
      0.44990718364715576,
      0.07899489998817444,
      0.471097856760025
    ],
    [
      0.5851041674613953,
      0.061933524906635284,
      0.3529628813266754
    ],
    [
      0.7096097469329834,
      0.23424507677555084,
      0.056145451962947845
    ],
    [
      0.2865937352180481,
      0.04782484471797943,
      0.6655815243721008
    ],
    [
      0.7414090633392334,
      0.09211964160203934,
      0.16647082567214966
    ]
  ],