{
  "N": 112800,
  "usage": [
    0.3444027602672577,
    0.37928274273872375,
    0.27631446719169617
  ],
  "entropy_mean": 0.642566442489624,
  "entropy_std": 0.2507021427154541,
  "top1_share": [
    0.3296985924243927,
    0.43272164463996887,
    0.23757979273796082
  ],
  "P_expert_given_class": [
    [
      0.18318021297454834,
      0.7224174737930298,
      0.09440159797668457
    ],
    [
      0.05995684862136841,
      0.022025223821401596,
      0.9180182814598083
    ],
    [
      0.16177329421043396,
      0.8015182018280029,
      0.036708079278469086
    ],
    [
      0.08487905561923981,
      0.899852991104126,
      0.015267513692378998
    ],
    [
      0.7560557723045349,
      0.05369286984205246,
      0.19025085866451263
    ],
    [
      0.12829311192035675,
      0.7898651361465454,
      0.08184192329645157
    ],
    [
      0.037614647299051285,
      0.547794759273529,
      0.4145907461643219
    ],
    [
      0.7753686904907227,
      0.0717424675822258,
      0.152888223528862
    ],
    [
      0.20297221839427948,
      0.7088123559951782,
      0.08821523189544678
    ],
    [
      0.8955084085464478,
      0.07994763553142548,
      0.024543626233935356
    ],
    [
      0.8665903806686401,
      0.08433710783720016,
      0.04907251521945
    ],
    [
      0.16333626210689545,
      0.7995960116386414,
      0.03706810995936394
    ],
    [
      0.11194619536399841,
      0.570163905620575,
      0.31788989901542664
    ],
    [
      0.25543373823165894,
      0.6661413311958313,
      0.0784251019358635
    ],
    [
      0.06064259260892868,
      0.5681188702583313,
      0.37123870849609375
    ],
    [
      0.5579198598861694,
      0.1109727993607521,
      0.33110690116882324
    ],
    [
      0.10725613683462143,
      0.7444948554039001,
      0.14824865758419037
    ],
    [
      0.7946727275848389,
      0.03862040489912033,
      0.16670779883861542
    ],
    [
      0.054937027394771576,
      0.13889220356941223,
      0.8061712384223938
    ],
    [
      0.0901046171784401,
      0.6799156665802002,
      0.22997957468032837
    ],
    [
      0.2358105480670929,
      0.1796361356973648,
      0.5845534205436707
    ],
    [
      0.07034565508365631,
      0.12827469408512115,
      0.8013790845870972
    ],
    [
      0.8526899814605713,
      0.01848720945417881,
      0.12882322072982788
    ],
    [
      0.4774119555950165,
      0.2054564654827118,
      0.31713148951530457
    ],
    [
      0.17275956273078918,
      0.7171427011489868,
      0.11009810119867325
    ],
    [
      0.7501018643379211,
      0.10391447693109512,
      0.14598454535007477
    ],
    [
      0.27179276943206787,
      0.6894704103469849,
      0.03873598575592041
    ],
    [
      0.4980626404285431,
      0.35433101654052734,
      0.14760547876358032
    ],
    [
      0.12056874483823776,
      0.8312397003173828,
      0.048191145062446594
    ],
    [
      0.8120386004447937,
      0.05841437727212906,
      0.12954723834991455
    ],
    [
      0.15811094641685486,
      0.3592403531074524,
      0.48264917731285095
    ],
    [
      0.05198366194963455,
      0.10319095104932785,
      0.8448256850242615
    ],
    [
      0.3500998616218567,
      0.13661465048789978,
      0.513285756111145
    ],
    [
      0.09100732207298279,
      0.2489122748374939,
      0.6600802540779114
    ],
    [
      0.304356187582016,
      0.054775919765233994,
      0.6408677101135254
    ],
    [
      0.08060439676046371,
      0.8311973810195923,
      0.08819814771413803
    ],
    [
      0.2768653333187103,
      0.6296834945678711,
      0.09345187991857529
    ],
    [
      0.0660429447889328,
      0.6235990524291992,
      0.31035730242729187
    ],
    [
      0.08433645963668823,
      0.8074318766593933,
      0.10823164880275726
    ],
    [
      0.205075204372406,
      0.5071998238563538,
      0.2877245843410492
    ],
    [
      0.652550995349884,
      0.14237350225448608,
      0.20507515966892242
    ],
    [
      0.5529741644859314,
      0.4107799828052521,
      0.036245379596948624
    ],
    [
      0.44644907116889954,
      0.11495865881443024,
      0.43859195709228516
    ],
    [
      0.7248982787132263,
      0.046383086591959,
      0.22871945798397064
    ],
    [
      0.687324583530426,
      0.26642000675201416,
      0.04625554010272026
    ],
    [
      0.2857365012168884,
      0.03328423947095871,
      0.6809781789779663
    ],
    [
      0.5584888458251953,
      0.1249530166387558,
      0.3165570795536041
    ]
  ],