{
  "N": 112800,
  "usage": [
    0.3320944011211395,
    0.39357027411460876,
    0.2743352949619293
  ],
  "entropy_mean": 0.6663485765457153,
  "entropy_std": 0.24279986321926117,
  "top1_share": [
    0.32052305340766907,
    0.44270390272140503,
    0.2367730438709259
  ],
  "P_expert_given_class": [
    [
      0.1852331906557083,
      0.7162787318229675,
      0.09848898649215698
    ],
    [
      0.06146958842873573,
      0.036785271018743515,
      0.9017460942268372
    ],
    [
      0.14087674021720886,
      0.8212934732437134,
      0.03783051297068596
    ],
    [
      0.0703369751572609,
      0.9079989790916443,
      0.021662987768650055
    ],
    [
      0.7544203996658325,
      0.053733356297016144,
      0.19184625148773193
    ],
    [
      0.10576462745666504,
      0.815349280834198,
      0.07888524979352951
    ],
    [
      0.039032354950904846,
      0.5856925845146179,
      0.37527522444725037
    ],
    [
      0.7308173775672913,
      0.09991028159856796,
      0.16927286982536316
    ],
    [
      0.21955616772174835,
      0.6898697018623352,
      0.090574711561203
    ],
    [
      0.86920565366745,
      0.10100506991147995,
      0.029790014028549194
    ],
    [
      0.8541475534439087,
      0.09387148171663284,
      0.051981303840875626
    ],
    [
      0.16413883864879608,
      0.7915372848510742,
      0.04432378709316254
    ],
    [
      0.0961214229464531,
      0.556972086429596,
      0.34690678119659424
    ],
    [
      0.24135194718837738,
      0.6765763759613037,
      0.08207155019044876
    ],
    [
      0.06687858700752258,
      0.5656329989433289,
      0.36748817563056946
    ],
    [
      0.5125649571418762,
      0.12650319933891296,
      0.36093226075172424
    ],
    [
      0.10999150574207306,
      0.7474503517150879,
      0.14255835115909576
    ],
    [
      0.804294764995575,
      0.04188346490263939,
      0.15382185578346252
    ],
    [
      0.05897100269794464,
      0.15424194931983948,
      0.7867870926856995
    ],
    [
      0.07321932911872864,
      0.7184370756149292,
      0.20834238827228546
    ],
    [
      0.2215985655784607,
      0.18146681785583496,
      0.5969350934028625
    ],
    [
      0.06924045830965042,
      0.14470535516738892,
      0.7860540151596069
    ],
    [
      0.8225154876708984,
      0.029137974604964256,
      0.14834751188755035
    ],
    [
      0.4629310071468353,
      0.24717310070991516,
      0.28989648818969727
    ],
    [
      0.17551296949386597,
      0.7106330990791321,
      0.1138530746102333
    ],
    [
      0.7124759554862976,
      0.13762164115905762,
      0.14990241825580597
    ],
    [
      0.26267996430397034,
      0.6886376738548279,
      0.04868140444159508
    ],
    [
      0.462439626455307,
      0.3480747938156128,
      0.1894858479499817
    ],
    [
      0.09858247637748718,
      0.8409762978553772,
      0.06044137850403786
    ],
    [
      0.7676467299461365,
      0.0867648795247078,
      0.14558885991573334
    ],
    [
      0.15793576836585999,
      0.4016417860984802,
      0.4404226541519165
    ],
    [
      0.055173397064208984,
      0.13691243529319763,
      0.8079144358634949
    ],
    [
      0.3457445204257965,
      0.18155519664287567,
      0.47269994020462036
    ],
    [
      0.10830765962600708,
      0.298797070980072,
      0.5928953886032104
    ],
    [
      0.3002614974975586,
      0.06791103631258011,
      0.6318259239196777
    ],
    [
      0.06480734795331955,
      0.8475436568260193,
      0.08764895796775818
    ],
    [
      0.25223416090011597,
      0.6580884456634521,
      0.08967718482017517
    ],
    [
      0.06618627160787582,
      0.6578287482261658,
      0.27598515152931213
    ],
    [
      0.10514812171459198,
      0.8025254011154175,
      0.09232649207115173
    ],
    [
      0.18616431951522827,
      0.5107064843177795,
      0.30312877893447876
    ],
    [
      0.6091319918632507,
      0.159681499004364,
      0.23118619620800018
    ],
    [
      0.5431414246559143,
      0.4152173101902008,
      0.04164094477891922
    ],
    [
      0.42832037806510925,
      0.12576790153980255,
      0.44591206312179565
    ],
    [
      0.6752848029136658,
      0.07037092000246048,
      0.25434422492980957
    ],
    [
      0.6702621579170227,
      0.275764137506485,
      0.05397406965494156
    ],
    [
      0.2763817608356476,
      0.046702101826667786,
      0.6769165396690369
    ],
    [
      0.5499392151832581,
      0.12457139045000076,
      0.32548969984054565
    ]
  ],