{
  "N": 112800,
  "usage": [
    0.33684036135673523,
    0.3836422562599182,
    0.27951741218566895
  ],
  "entropy_mean": 0.6771048307418823,
  "entropy_std": 0.2370070368051529,
  "top1_share": [
    0.32433509826660156,
    0.4226241111755371,
    0.25304079055786133
  ],
  "P_expert_given_class": [
    [
      0.1475943624973297,
      0.7313203811645508,
      0.12108543515205383
    ],
    [
      0.09724505990743637,
      0.04756201431155205,
      0.8551933765411377
    ],
    [
      0.12173386663198471,
      0.8185510039329529,
      0.05971401184797287
    ],
    [
      0.13438059389591217,
      0.8364628553390503,
      0.029155327007174492
    ],
    [
      0.765896201133728,
      0.07186099886894226,
      0.16224223375320435
    ],
    [
      0.08527778834104538,
      0.858176589012146,
      0.05654542148113251
    ],
    [
      0.04548019915819168,
      0.539703905582428,
      0.41481584310531616
    ],
    [
      0.7765839099884033,
      0.12198500335216522,
      0.10143037885427475
    ],
    [
      0.2470339983701706,
      0.6392210125923157,
      0.11374487727880478
    ],
    [
      0.8279449939727783,
      0.13871292769908905,
      0.03334208205342293
    ],
    [
      0.8274561166763306,
      0.08942263573408127,
      0.08312088251113892
    ],
    [
      0.28940123319625854,
      0.6315146684646606,
      0.07908448576927185
    ],
    [
      0.0771464928984642,
      0.5705267786979675,
      0.35232672095298767
    ],
    [
      0.18164430558681488,
      0.7125362753868103,
      0.1058185026049614
    ],
    [
      0.05823556333780289,
      0.3952428698539734,
      0.5465217232704163
    ],
    [
      0.495567262172699,
      0.12054835259914398,
      0.38388440012931824
    ],
    [
      0.11967682838439941,
      0.7400785684585571,
      0.1402452141046524
    ],
    [
      0.8599960207939148,
      0.03530823066830635,
      0.10469548404216766
    ],
    [
      0.10464908182621002,
      0.14776131510734558,
      0.7475897669792175
    ],
    [
      0.15865826606750488,
      0.6498103141784668,
      0.19153109192848206
    ],
    [
      0.14328931272029877,
      0.17424894869327545,
      0.6824619770050049
    ],
    [
      0.0920296162366867,
      0.16180597245693207,
      0.7461639642715454
    ],
    [
      0.7068614959716797,
      0.059217605739831924,
      0.23392091691493988
    ],
    [
      0.375782310962677,
      0.2619827389717102,
      0.3622351288795471
    ],
    [
      0.14804743230342865,
      0.7285522818565369,
      0.12340095639228821
    ],
    [
      0.7302285432815552,
      0.08994007855653763,
      0.1798321157693863
    ],
    [
      0.22526288032531738,
      0.7012997269630432,
      0.07343710958957672
    ],
    [
      0.4522756040096283,
      0.2863598167896271,
      0.2613644003868103
    ],
    [
      0.06047510728240013,
      0.891391396522522,
      0.04813447594642639
    ],
    [
      0.7903319597244263,
      0.1139713004231453,
      0.09569675475358963
    ],
    [
      0.15296570956707,
      0.48830536007881165,
      0.3587288558483124
    ],
    [
      0.052191752940416336,
      0.10936211794614792,
      0.8384463787078857
    ],
    [
      0.32394203543663025,
      0.23027656972408295,
      0.44578200578689575
    ],
    [
      0.17558063566684723,
      0.3113778531551361,
      0.5130414962768555
    ],
    [
      0.33124932646751404,
      0.07028400897979736,
      0.5984668135643005
    ],
    [
      0.1185774877667427,
      0.799613893032074,
      0.08180811256170273
    ],
    [
      0.239345520734787,
      0.6783299446105957,
      0.08232470601797104
    ],
    [
      0.10627024620771408,
      0.6234267950057983,
      0.27030307054519653
    ],
    [
      0.16581834852695465,
      0.7277310490608215,
      0.10645105689764023
    ],
    [
      0.20266669988632202,
      0.41958093643188477,
      0.3777523934841156
    ],
    [
      0.5918963551521301,
      0.13361197710037231,
      0.2744919955730438
    ],
    [
      0.5295653343200684,
      0.4143814146518707,
      0.056053277105093
    ],
    [
      0.48301905393600464,
      0.13435055315494537,
      0.38263073563575745
    ],
    [
      0.62738436460495,
      0.07118809968233109,
      0.3014277517795563
    ],
    [
      0.6475281715393066,
      0.2874656021595001,
      0.06500597298145294
    ],
    [
      0.27936607599258423,
      0.05551832169294357,
      0.6651148796081543
    ],
    [
      0.6579431891441345,
      0.11130288243293762,
      0.23075330257415771
    ]
  ],