{
  "N": 112800,
  "usage": [
    0.3278437852859497,
    0.40519237518310547,
    0.2669638991355896
  ],
  "entropy_mean": 0.6646530628204346,
  "entropy_std": 0.24276989698410034,
  "top1_share": [
    0.3154698610305786,
    0.4565425515174866,
    0.22798758745193481
  ],
  "P_expert_given_class": [
    [
      0.1810569167137146,
      0.7195613384246826,
      0.099380724132061
    ],
    [
      0.07958970963954926,
      0.04722936451435089,
      0.8731810450553894
    ],
    [
      0.11666326224803925,
      0.846178412437439,
      0.03715868294239044
    ],
    [
      0.06810107082128525,
      0.9086406230926514,
      0.02325764112174511
    ],
    [
      0.7611051201820374,
      0.053451355546712875,
      0.185444176197052
    ],
    [
      0.10226139426231384,
      0.8329106569290161,
      0.0648273229598999
    ],
    [
      0.0390939898788929,
      0.5960943698883057,
      0.3648121654987335
    ],
    [
      0.7710616588592529,
      0.11600717902183533,
      0.11293186247348785
    ],
    [
      0.21443578600883484,
      0.6839761734008789,
      0.10158800333738327
    ],
    [
      0.8749353885650635,
      0.09537695348262787,
      0.029687166213989258
    ],
    [
      0.8500528931617737,
      0.09551944583654404,
      0.05442826449871063
    ],
    [
      0.1686973124742508,
      0.7813528776168823,
      0.04995023459196091
    ],
    [
      0.09579142183065414,
      0.5795870423316956,
      0.3246217966079712
    ],
    [
      0.2169613391160965,
      0.7106581330299377,
      0.07238027453422546
    ],
    [
      0.07039289176464081,
      0.5813090205192566,
      0.34829843044281006
    ],
    [
      0.506603479385376,
      0.13475675880908966,
      0.35863909125328064
    ],
    [
      0.1129530742764473,
      0.7529182434082031,
      0.13412818312644958
    ],
    [
      0.8154059052467346,
      0.044660281389951706,
      0.1399351954460144
    ],
    [
      0.07281409949064255,
      0.1617736965417862,
      0.7654126882553101
    ],
    [
      0.08470422774553299,
      0.7298980355262756,
      0.18539848923683167
    ],
    [
      0.19452255964279175,
      0.20701734721660614,
      0.5984606146812439
    ],
    [
      0.08117149025201797,
      0.16198530793190002,
      0.7568434476852417
    ],
    [
      0.7929746508598328,
      0.03728692978620529,
      0.1697380393743515
    ],
    [
      0.4273374378681183,
      0.2810398042201996,
      0.2916225492954254
    ],
    [
      0.164801687002182,
      0.7260282635688782,
      0.10916952788829803
    ],
    [
      0.6994305849075317,
      0.12198107689619064,
      0.17858780920505524
    ],
    [
      0.23794056475162506,
      0.7078834772109985,
      0.054175205528736115
    ],
    [
      0.4380006492137909,
      0.3477569818496704,
      0.21424247324466705
    ],
    [
      0.07944308966398239,
      0.8606180548667908,
      0.05993851274251938
    ],
    [
      0.7924473285675049,
      0.09801065176725388,
      0.10954198241233826
    ],
    [
      0.15753033757209778,
      0.442219078540802,
      0.40025144815444946
    ],
    [
      0.051603976637125015,
      0.14809268712997437,
      0.8003028631210327
    ],
    [
      0.34195101261138916,
      0.21088093519210815,
      0.447168231010437
    ],
    [
      0.12030268460512161,
      0.30096492171287537,
      0.5787335634231567
    ],
    [
      0.32140979170799255,
      0.07480218261480331,
      0.6037886738777161
    ],
    [
      0.05598537623882294,
      0.872330904006958,
      0.07168290764093399
    ],
    [
      0.22603373229503632,
      0.6840417385101318,
      0.08992418646812439
    ],
    [
      0.06582926213741302,
      0.6681684851646423,
      0.2660020589828491
    ],
    [
      0.10049695521593094,
      0.8083404302597046,
      0.09116256982088089
    ],
    [
      0.15679606795310974,
      0.5415852069854736,
      0.30161869525909424
    ],
    [
      0.5941979289054871,
      0.16918468475341797,
      0.236616849899292
    ],
    [
      0.5362181067466736,
      0.4203038811683655,
      0.0434773750603199
    ],
    [
      0.42205506563186646,
      0.13444137573242188,
      0.4435041844844818
    ],
    [
      0.6504150629043579,
      0.08692900091409683,
      0.26265594363212585
    ],
    [
      0.6650445461273193,
      0.2762751281261444,
      0.058680471032857895
    ],
    [
      0.2654634118080139,
      0.057239558547735214,
      0.677297055721283
    ],
    [
      0.5665751099586487,
      0.12676893174648285,
      0.30665650963783264
    ]
  ],