{
  "N": 112800,
  "usage": [
    0.3535773456096649,
    0.20747898519039154,
    0.43894368410110474
  ],
  "entropy_mean": 0.728421151638031,
  "entropy_std": 0.29325246810913086,
  "top1_share": [
    0.3353457450866699,
    0.15516844391822815,
    0.5094858407974243
  ],
  "P_expert_given_class": [
    [
      0.31333407759666443,
      0.3075309097766876,
      0.3791349530220032
    ],
    [
      0.10884087532758713,
      0.05165300518274307,
      0.8395062685012817
    ],
    [
      0.2877447307109833,
      0.4605101943016052,
      0.25174519419670105
    ],
    [
      0.39270058274269104,
      0.4745892286300659,
      0.13271041214466095
    ],
    [
      0.7257354259490967,
      0.09994444251060486,
      0.1743200570344925
    ],
    [
      0.2362513244152069,
      0.4667988121509552,
      0.2969496548175812
    ],
    [
      0.1598673164844513,
      0.2597455084323883,
      0.5803872346878052
    ],
    [
      0.6646764874458313,
      0.1219797283411026,
      0.21334443986415863
    ],
    [
      0.3278738260269165,
      0.28885531425476074,
      0.3832702040672302
    ],
    [
      0.7540005445480347,
      0.12898708879947662,
      0.11701249331235886
    ],
    [
      0.6507142186164856,
      0.10883671790361404,
      0.24044868350028992
    ],
    [
      0.39094847440719604,
      0.2979424297809601,
      0.3111092746257782
    ],
    [
      0.26832419633865356,
      0.24383418262004852,
      0.48784139752388
    ],
    [
      0.23770876228809357,
      0.297973096370697,
      0.46431782841682434
    ],
    [
      0.1387043595314026,
      0.15656450390815735,
      0.7047317028045654
    ],
    [
      0.37163999676704407,
      0.10296282172203064,
      0.5253974199295044
    ],
    [
      0.2950710952281952,
      0.3665773570537567,
      0.3383512496948242
    ],
    [
      0.7273670434951782,
      0.07308285683393478,
      0.19955085217952728
    ],
    [
      0.14544577896595,
      0.07897099107503891,
      0.775583028793335
    ],
    [
      0.3348998725414276,
      0.2643488645553589,
      0.4007514715194702
    ],
    [
      0.14992883801460266,
      0.10124275088310242,
      0.7488282322883606
    ],
    [
      0.12146051973104477,
      0.09831640124320984,
      0.7802220582962036
    ],
    [
      0.40952861309051514,
      0.10135267674922943,
      0.48911869525909424
    ],
    [
      0.20082123577594757,
      0.12966744601726532,
      0.6695101261138916
    ],
    [
      0.31127285957336426,
      0.3225228488445282,
      0.36620405316352844
    ],
    [
      0.4045606851577759,
      0.12792183458805084,
      0.46751755475997925
    ],
    [
      0.332436740398407,
      0.3430107533931732,
      0.32455211877822876
    ],
    [
      0.2644839882850647,
      0.17256926000118256,
      0.5629463195800781
    ],
    [
      0.23886442184448242,
      0.5543099641799927,
      0.20682621002197266
    ],
    [
      0.6475847363471985,
      0.12330421805381775,
      0.2291114330291748
    ],
    [
      0.19956739246845245,
      0.24039660394191742,
      0.5600363612174988
    ],
    [
      0.11148736625909805,
      0.07349304109811783,
      0.8150196075439453
    ],
    [
      0.1998361051082611,
      0.1542276293039322,
      0.6459367275238037
    ],
    [
      0.1901090443134308,
      0.13342827558517456,
      0.6764630079269409
    ],
    [
      0.43114522099494934,
      0.09124643355607986,
      0.4776078760623932
    ],
    [
      0.32693561911582947,
      0.4172338843345642,
      0.2558307349681854
    ],
    [
      0.3982265889644623,
      0.34800833463668823,
      0.25376421213150024
    ],
    [
      0.1261793076992035,
      0.2032519280910492,
      0.6705679893493652
    ],
    [
      0.45765557885169983,
      0.32173895835876465,
      0.22060562670230865
    ],
    [
      0.2848905622959137,
      0.24201102554798126,
      0.47309795022010803
    ],
    [
      0.4904631972312927,
      0.10224149376153946,
      0.4072956144809723
    ],
    [
      0.6090868711471558,
      0.2236717939376831,
      0.16724088788032532
    ],
    [
      0.180424302816391,
      0.0773199126124382,
      0.7422558069229126
    ],
    [
      0.3567073345184326,
      0.07382532209157944,
      0.5694675445556641
    ],
    [
      0.6763147115707397,
      0.1703050285577774,
      0.153380885720253
    ],
    [
      0.24924299120903015,
      0.06175392121076584,
      0.6890033483505249
    ],
    [
      0.7170703411102295,
      0.09145103394985199,
      0.19147764146327972
    ]
  ],