{
  "N": 112800,
  "usage": [
    0.32686683535575867,
    0.4043101966381073,
    0.26882293820381165
  ],
  "entropy_mean": 0.662764310836792,
  "entropy_std": 0.2404768019914627,
  "top1_share": [
    0.31839537620544434,
    0.4510992765426636,
    0.2305053174495697
  ],
  "P_expert_given_class": [
    [
      0.1822892725467682,
      0.7173142433166504,
      0.10039663314819336
    ],
    [
      0.07600945979356766,
      0.047857146710157394,
      0.8761336207389832
    ],
    [
      0.11652787774801254,
      0.8412113785743713,
      0.04226018115878105
    ],
    [
      0.06309372931718826,
      0.9073622822761536,
      0.029542643576860428
    ],
    [
      0.7684404253959656,
      0.05431011691689491,
      0.17724961042404175
    ],
    [
      0.09779252111911774,
      0.84120774269104,
      0.06100070849061012
    ],
    [
      0.03713196516036987,
      0.5860167145729065,
      0.37685152888298035
    ],
    [
      0.7474001049995422,
      0.12449771910905838,
      0.12810227274894714
    ],
    [
      0.20035047829151154,
      0.6964001059532166,
      0.10324947535991669
    ],
    [
      0.8678398728370667,
      0.09953273087739944,
      0.03262845054268837
    ],
    [
      0.8486409187316895,
      0.09774495661258698,
      0.05361422896385193
    ],
    [
      0.17622010409832,
      0.771530032157898,
      0.052249595522880554
    ],
    [
      0.08398828655481339,
      0.5701437592506409,
      0.3458678424358368
    ],
    [
      0.2025623321533203,
      0.7244795560836792,
      0.07295847684144974
    ],
    [
      0.06379051506519318,
      0.5564702749252319,
      0.3797394335269928
    ],
    [
      0.501850962638855,
      0.13442783057689667,
      0.36372077465057373
    ],
    [
      0.10616882145404816,
      0.7643953561782837,
      0.12943489849567413
    ],
    [
      0.8334608674049377,
      0.042302750051021576,
      0.12423655390739441
    ],
    [
      0.06882159411907196,
      0.16425129771232605,
      0.7669267058372498
    ],
    [
      0.08962539583444595,
      0.7229976654052734,
      0.18737652897834778
    ],
    [
      0.1925273835659027,
      0.1962130069732666,
      0.6112597584724426
    ],
    [
      0.07690192759037018,
      0.15744493901729584,
      0.7656528353691101
    ],
    [
      0.7895327210426331,
      0.04103564843535423,
      0.16943125426769257
    ],
    [
      0.4507032632827759,
      0.2739914655685425,
      0.2753051519393921
    ],
    [
      0.170131117105484,
      0.7167244553565979,
      0.11314327269792557
    ],
    [
      0.6981504559516907,
      0.11508583277463913,
      0.1867636740207672
    ],
    [
      0.22963880002498627,
      0.7150698304176331,
      0.05529148131608963
    ],
    [
      0.4360027611255646,
      0.3417992889881134,
      0.22219912707805634
    ],
    [
      0.07421357184648514,
      0.8626389503479004,
      0.06314728409051895
    ],
    [
      0.7906987071037292,
      0.1032746359705925,
      0.10602674633264542
    ],
    [
      0.16394354403018951,
      0.443952739238739,
      0.39210352301597595
    ],
    [
      0.053419556468725204,
      0.14453630149364471,
      0.8020440340042114
    ],
    [
      0.3649117648601532,
      0.20574438571929932,
      0.42934396862983704
    ],
    [
      0.10841930657625198,
      0.32517969608306885,
      0.5664012432098389
    ],
    [
      0.31256869435310364,
      0.07595121115446091,
      0.6114803552627563
    ],
    [
      0.05793394148349762,
      0.8685023784637451,
      0.0735633447766304
    ],
    [
      0.22623084485530853,
      0.6879743337631226,
      0.08579476177692413
    ],
    [
      0.06660496443510056,
      0.6662272214889526,
      0.2671669125556946
    ],
    [
      0.1013447493314743,
      0.8055778741836548,
      0.09307651966810226
    ],
    [
      0.14447882771492004,
      0.516714870929718,
      0.33880704641342163
    ],
    [
      0.5943209528923035,
      0.16693875193595886,
      0.2387414574623108
    ],
    [
      0.5264326333999634,
      0.4267216920852661,
      0.04684489592909813
    ],
    [
      0.4519418776035309,
      0.13011667132377625,
      0.4179413616657257
    ],
    [
      0.6459625363349915,
      0.09423703700304031,
      0.2598001956939697
    ],
    [
      0.663289487361908,
      0.27492645382881165,
      0.06178271770477295
    ],
    [
      0.2559225857257843,
      0.057267963886260986,
      0.6868097186088562
    ],
    [
      0.5845086574554443,
      0.12427380681037903,
      0.2912178933620453
    ]
  ],