{
  "N": 112800,
  "usage": [
    0.3352371156215668,
    0.3872462213039398,
    0.2775166630744934
  ],
  "entropy_mean": 0.6531620621681213,
  "entropy_std": 0.24809879064559937,
  "top1_share": [
    0.3239893615245819,
    0.43920212984085083,
    0.23680850863456726
  ],
  "P_expert_given_class": [
    [
      0.1628015637397766,
      0.7353742718696594,
      0.10182424634695053
    ],
    [
      0.052302245050668716,
      0.028021100908517838,
      0.9196758270263672
    ],
    [
      0.16258201003074646,
      0.7980643510818481,
      0.03935392200946808
    ],
    [
      0.077181875705719,
      0.9045155644416809,
      0.018302682787179947
    ],
    [
      0.7611185312271118,
      0.051449958235025406,
      0.18743138015270233
    ],
    [
      0.10633008182048798,
      0.8125016689300537,
      0.08116787672042847
    ],
    [
      0.035584304481744766,
      0.5747101902961731,
      0.3897044360637665
    ],
    [
      0.7303808927536011,
      0.09726967662572861,
      0.17234936356544495
    ],
    [
      0.22015967965126038,
      0.6976763010025024,
      0.08216437697410583
    ],
    [
      0.8821678757667542,
      0.09222231805324554,
      0.02561088278889656
    ],
    [
      0.8576703071594238,
      0.09216390550136566,
      0.050166044384241104
    ],
    [
      0.17587943375110626,
      0.7813467979431152,
      0.04277418553829193
    ],
    [
      0.09744527190923691,
      0.563774049282074,
      0.3387815058231354
    ],
    [
      0.2338460236787796,
      0.6782247424125671,
      0.08792892843484879
    ],
    [
      0.060255732387304306,
      0.5638949275016785,
      0.375849187374115
    ],
    [
      0.5258930921554565,
      0.11594488471746445,
      0.3581628203392029
    ],
    [
      0.10048257559537888,
      0.7529462575912476,
      0.1465708315372467
    ],
    [
      0.7967761158943176,
      0.03706400468945503,
      0.16615967452526093
    ],
    [
      0.04968494921922684,
      0.14757861196994781,
      0.8027359247207642
    ],
    [
      0.07925783097743988,
      0.7055957913398743,
      0.21514637768268585
    ],
    [
      0.247466579079628,
      0.17240175604820251,
      0.5801317095756531
    ],
    [
      0.06505665928125381,
      0.1387374997138977,
      0.7962057590484619
    ],
    [
      0.8415822386741638,
      0.024611441418528557,
      0.1338064968585968
    ],
    [
      0.46443912386894226,
      0.22745345532894135,
      0.3081072270870209
    ],
    [
      0.1546766757965088,
      0.7310656905174255,
      0.11425745487213135
    ],
    [
      0.7234649658203125,
      0.12708257138729095,
      0.14945310354232788
    ],
    [
      0.27603164315223694,
      0.6791325807571411,
      0.044835906475782394
    ],
    [
      0.48548486828804016,
      0.33933332562446594,
      0.17518143355846405
    ],
    [
      0.09700894355773926,
      0.8517557978630066,
      0.051234759390354156
    ],
    [
      0.7763010263442993,
      0.07900652289390564,
      0.14469251036643982
    ],
    [
      0.15405865013599396,
      0.389359712600708,
      0.45658183097839355
    ],
    [
      0.051602959632873535,
      0.11689277738332748,
      0.8315041661262512
    ],
    [
      0.3479776382446289,
      0.16016869246959686,
      0.4918534457683563
    ],
    [
      0.11362777650356293,
      0.26905202865600586,
      0.6173210144042969
    ],
    [
      0.29266270995140076,
      0.060804158449172974,
      0.6465328931808472
    ],
    [
      0.0704834833741188,
      0.8369811177253723,
      0.09253603965044022
    ],
    [
      0.26388949155807495,
      0.6447569131851196,
      0.09135320782661438
    ],
    [
      0.06228460371494293,
      0.63927161693573,
      0.2984435558319092
    ],
    [
      0.0949874296784401,
      0.8056528568267822,
      0.09935987740755081
    ],
    [
      0.19449827075004578,
      0.5107893347740173,
      0.2947123050689697
    ],
    [
      0.6313246488571167,
      0.1478566825389862,
      0.2208191454410553
    ],
    [
      0.5564082264900208,
      0.40625035762786865,
      0.03734160587191582
    ],
    [
      0.4348580539226532,
      0.11963876336812973,
      0.44550278782844543
    ],
    [
      0.6975265145301819,
      0.05892466381192207,
      0.24354855716228485
    ],
    [
      0.6826017498970032,
      0.269984632730484,
      0.04741368442773819
    ],
    [
      0.2706352770328522,
      0.04137611761689186,
      0.6879892349243164
    ],
    [
      0.5374071002006531,
      0.12189005315303802,
      0.3407028317451477
    ]
  ],