{
  "N": 112800,
  "usage": [
    0.3374657928943634,
    0.3857071101665497,
    0.2768271863460541
  ],
  "entropy_mean": 0.6540500521659851,
  "entropy_std": 0.24834813177585602,
  "top1_share": [
    0.32218971848487854,
    0.43640071153640747,
    0.241409569978714
  ],
  "P_expert_given_class": [
    [
      0.1834724396467209,
      0.7192165851593018,
      0.09731122851371765
    ],
    [
      0.05849389359354973,
      0.027018941938877106,
      0.9144868850708008
    ],
    [
      0.1587422490119934,
      0.8016255497932434,
      0.03963174298405647
    ],
    [
      0.07726478576660156,
      0.9054105877876282,
      0.01732521690428257
    ],
    [
      0.7516469955444336,
      0.05265156179666519,
      0.1957017183303833
    ],
    [
      0.12376035004854202,
      0.8005123734474182,
      0.07572706043720245
    ],
    [
      0.03823424503207207,
      0.5525913238525391,
      0.40917453169822693
    ],
    [
      0.7666336297988892,
      0.0883881226181984,
      0.14497748017311096
    ],
    [
      0.21668647229671478,
      0.6981559991836548,
      0.08515734225511551
    ],
    [
      0.8862158060073853,
      0.08701100945472717,
      0.026772962883114815
    ],
    [
      0.8571828007698059,
      0.09093459695577621,
      0.05188239365816116
    ],
    [
      0.17467716336250305,
      0.7844300866127014,
      0.04089249670505524
    ],
    [
      0.10844133049249649,
      0.5574278235435486,
      0.33413124084472656
    ],
    [
      0.2453770637512207,
      0.6688595414161682,
      0.08576315641403198
    ],
    [
      0.05511461943387985,
      0.5716716051101685,
      0.37321239709854126
    ],
    [
      0.5258161425590515,
      0.11818861961364746,
      0.3559945821762085
    ],
    [
      0.10739269107580185,
      0.7426584959030151,
      0.14994852244853973
    ],
    [
      0.7911264300346375,
      0.039525698870420456,
      0.16934798657894135
    ],
    [
      0.052897509187459946,
      0.148206427693367,
      0.7988966107368469
    ],
    [
      0.08719082176685333,
      0.6941271424293518,
      0.21868233382701874
    ],
    [
      0.23723910748958588,
      0.1780131310224533,
      0.5847473740577698
    ],
    [
      0.06878221780061722,
      0.131313756108284,
      0.7999035716056824
    ],
    [
      0.8383798003196716,
      0.02470432221889496,
      0.13691575825214386
    ],
    [
      0.4518968164920807,
      0.2322145402431488,
      0.315888911485672
    ],
    [
      0.17382779717445374,
      0.71435546875,
      0.11181586235761642
    ],
    [
      0.721635103225708,
      0.13098087906837463,
      0.14738483726978302
    ],
    [
      0.28589773178100586,
      0.6714779734611511,
      0.04262465611100197
    ],
    [
      0.48723191022872925,
      0.3521377146244049,
      0.16062985360622406
    ],
    [
      0.11278625577688217,
      0.8375390768051147,
      0.04967481270432472
    ],
    [
      0.8051482439041138,
      0.07245828211307526,
      0.12239354103803635
    ],
    [
      0.15520194172859192,
      0.38459286093711853,
      0.4602053761482239
    ],
    [
      0.05088759958744049,
      0.11484412103891373,
      0.8342676162719727
    ],
    [
      0.33766674995422363,
      0.1604376882314682,
      0.5018954277038574
    ],
    [
      0.1054372563958168,
      0.2819930911064148,
      0.6125698685646057
    ],
    [
      0.2941891849040985,
      0.06058444455265999,
      0.6452273726463318
    ],
    [
      0.07332438975572586,
      0.834987461566925,
      0.09168900549411774
    ],
    [
      0.26111558079719543,
      0.6482902765274048,
      0.09059442579746246
    ],
    [
      0.06884964555501938,
      0.6291530132293701,
      0.30199819803237915
    ],
    [
      0.09005097299814224,
      0.8034345507621765,
      0.10651522129774094
    ],
    [
      0.1834258884191513,
      0.5277860760688782,
      0.28878849744796753
    ],
    [
      0.629528820514679,
      0.15495094656944275,
      0.21551887691020966
    ],
    [
      0.5513725876808167,
      0.4115082919597626,
      0.037119392305612564
    ],
    [
      0.4216878414154053,
      0.12382431328296661,
      0.4544874131679535
    ],
    [
      0.6953843235969543,
      0.057620733976364136,
      0.24699437618255615
    ],
    [
      0.6789746880531311,
      0.2729596197605133,
      0.04806683212518692
    ],
    [
      0.271268367767334,
      0.038445670157670975,
      0.6902849674224854
    ],
    [
      0.5433319211006165,
      0.12901271879673004,
      0.3276568651199341
    ]
  ],