{
  "N": 112800,
  "usage": [
    0.3290383219718933,
    0.40985605120658875,
    0.26110562682151794
  ],
  "entropy_mean": 0.6682326793670654,
  "entropy_std": 0.23863884806632996,
  "top1_share": [
    0.31868794560432434,
    0.4571276605129242,
    0.22418439388275146
  ],
  "P_expert_given_class": [
    [
      0.17550504207611084,
      0.728731632232666,
      0.09576253592967987
    ],
    [
      0.08477815240621567,
      0.06093983352184296,
      0.8542816042900085
    ],
    [
      0.11536621302366257,
      0.8457964658737183,
      0.03883761540055275
    ],
    [
      0.06545829772949219,
      0.9072589874267578,
      0.02728310599923134
    ],
    [
      0.7635821104049683,
      0.058069076389074326,
      0.17834874987602234
    ],
    [
      0.10973088443279266,
      0.8367369174957275,
      0.053530801087617874
    ],
    [
      0.03912398964166641,
      0.582298994064331,
      0.3785773813724518
    ],
    [
      0.7468695640563965,
      0.14400774240493774,
      0.10912331938743591
    ],
    [
      0.20799945294857025,
      0.6948177218437195,
      0.09718306362628937
    ],
    [
      0.8623130321502686,
      0.10666303336620331,
      0.03102419525384903
    ],
    [
      0.8443557024002075,
      0.10223520547151566,
      0.05340918153524399
    ],
    [
      0.1908973753452301,
      0.7611137628555298,
      0.04798808693885803
    ],
    [
      0.08394991606473923,
      0.5906410217285156,
      0.32540902495384216
    ],
    [
      0.20347802340984344,
      0.7299009561538696,
      0.06662076711654663
    ],
    [
      0.07862537354230881,
      0.5486156940460205,
      0.3727589547634125
    ],
    [
      0.513746440410614,
      0.13868935406208038,
      0.34756410121917725
    ],
    [
      0.11437775939702988,
      0.7617625594139099,
      0.12385911494493484
    ],
    [
      0.8418537974357605,
      0.042938482016325,
      0.11520727723836899
    ],
    [
      0.07735927402973175,
      0.17643588781356812,
      0.746204674243927
    ],
    [
      0.09820906817913055,
      0.7264164090156555,
      0.17537471652030945
    ],
    [
      0.18137812614440918,
      0.20069587230682373,
      0.6179260015487671
    ],
    [
      0.08348479866981506,
      0.17104509472846985,
      0.7454692125320435
    ],
    [
      0.7764637470245361,
      0.04489332064986229,
      0.178643137216568
    ],
    [
      0.4381141662597656,
      0.2856238782405853,
      0.2762623727321625
    ],
    [
      0.169261634349823,
      0.7252674698829651,
      0.10547139495611191
    ],
    [
      0.6942369341850281,
      0.12555226683616638,
      0.18021082878112793
    ],
    [
      0.23699210584163666,
      0.7078749537467957,
      0.05513263866305351
    ],
    [
      0.4315011203289032,
      0.36290621757507324,
      0.20559261739253998
    ],
    [
      0.07815325260162354,
      0.8634849190711975,
      0.058361466974020004
    ],
    [
      0.7893674373626709,
      0.11235122382640839,
      0.09828143566846848
    ],
    [
      0.16962838172912598,
      0.4589727818965912,
      0.371399462223053
    ],
    [
      0.05139885097742081,
      0.1544487625360489,
      0.7941509485244751
    ],
    [
      0.35097959637641907,
      0.2214530110359192,
      0.4275674521923065
    ],
    [
      0.11379744112491608,
      0.3360452353954315,
      0.5501576066017151
    ],
    [
      0.31790369749069214,
      0.07316140085458755,
      0.6089349985122681
    ],
    [
      0.06830385327339172,
      0.867644727230072,
      0.06405045092105865
    ],
    [
      0.2288067638874054,
      0.6927115321159363,
      0.07848122715950012
    ],
    [
      0.07371464371681213,
      0.6733046174049377,
      0.2529808580875397
    ],
    [
      0.09860098361968994,
      0.8080192804336548,
      0.0933796763420105
    ],
    [
      0.15347658097743988,
      0.5309046506881714,
      0.3156190514564514
    ],
    [
      0.6049138307571411,
      0.1664166897535324,
      0.22866925597190857
    ],
    [
      0.5292398929595947,
      0.42494747042655945,
      0.04581211879849434
    ],
    [
      0.45975738763809204,
      0.13569046556949615,
      0.40455251932144165
    ],
    [
      0.6373799443244934,
      0.09775181859731674,
      0.2648681402206421
    ],
    [
      0.6545959711074829,
      0.28602415323257446,
      0.05938035249710083
    ],
    [
      0.2552109360694885,
      0.0657569020986557,
      0.6790319085121155
    ],
    [
      0.6005601286888123,
      0.12621255218982697,
      0.2732282876968384
    ]
  ],