{
  "N": 112800,
  "usage": [
    0.3245869278907776,
    0.40779969096183777,
    0.26761335134506226
  ],
  "entropy_mean": 0.6746785044670105,
  "entropy_std": 0.2302796095609665,
  "top1_share": [
    0.32183510065078735,
    0.45203015208244324,
    0.2261347472667694
  ],
  "P_expert_given_class": [
    [
      0.14280755817890167,
      0.7546669840812683,
      0.10252554714679718
    ],
    [
      0.09263003617525101,
      0.06477298587560654,
      0.8425970077514648
    ],
    [
      0.12633447349071503,
      0.8273162245750427,
      0.04634901136159897
    ],
    [
      0.08092693239450455,
      0.8906858563423157,
      0.028386501595377922
    ],
    [
      0.7345728278160095,
      0.06360523402690887,
      0.2018217295408249
    ],
    [
      0.08895682543516159,
      0.8545793890953064,
      0.0564633309841156
    ],
    [
      0.03256683796644211,
      0.5690398812294006,
      0.3983933627605438
    ],
    [
      0.7443022131919861,
      0.1560720056295395,
      0.09962544590234756
    ],
    [
      0.22187693417072296,
      0.6750960350036621,
      0.10302682220935822
    ],
    [
      0.8389230966567993,
      0.11743099242448807,
      0.04364601895213127
    ],
    [
      0.8244951963424683,
      0.10991082340478897,
      0.06559444218873978
    ],
    [
      0.21354588866233826,
      0.727595329284668,
      0.05885796993970871
    ],
    [
      0.0647817850112915,
      0.608198881149292,
      0.3270183205604553
    ],
    [
      0.1966482400894165,
      0.7321033477783203,
      0.07124775648117065
    ],
    [
      0.06342356652021408,
      0.5471907258033752,
      0.38938620686531067
    ],
    [
      0.5110555291175842,
      0.13785254955291748,
      0.3510914444923401
    ],
    [
      0.10090422630310059,
      0.7644627094268799,
      0.13463318347930908
    ],
    [
      0.8277620077133179,
      0.04378015175461769,
      0.1284576952457428
    ],
    [
      0.08898293226957321,
      0.17712250351905823,
      0.7338955402374268
    ],
    [
      0.11584758758544922,
      0.7179297208786011,
      0.1662234365940094
    ],
    [
      0.1521177589893341,
      0.18260179460048676,
      0.665280282497406
    ],
    [
      0.08695424348115921,
      0.17283743619918823,
      0.7402088046073914
    ],
    [
      0.7270848155021667,
      0.05878597870469093,
      0.21412897109985352
    ],
    [
      0.4370754361152649,
      0.2882336974143982,
      0.2746914327144623
    ],
    [
      0.14294680953025818,
      0.7462400794029236,
      0.11081325262784958
    ],
    [
      0.7013763785362244,
      0.1140890121459961,
      0.18453478813171387
    ],
    [
      0.24930913746356964,
      0.6902956366539001,
      0.06039532274007797
    ],
    [
      0.4467858374118805,
      0.3375993072986603,
      0.2156156450510025
    ],
    [
      0.06081094592809677,
      0.880745530128479,
      0.058443088084459305
    ],
    [
      0.785664439201355,
      0.12819047272205353,
      0.08614516258239746
    ],
    [
      0.15540935099124908,
      0.48305490612983704,
      0.3615361452102661
    ],
    [
      0.045688800513744354,
      0.1413082331418991,
      0.8130037188529968
    ],
    [
      0.36009860038757324,
      0.23178745806217194,
      0.4081133008003235
    ],
    [
      0.12176498770713806,
      0.303748220205307,
      0.574486494064331
    ],
    [
      0.29770660400390625,
      0.07552728056907654,
      0.6267665028572083
    ],
    [
      0.09048581123352051,
      0.8460074663162231,
      0.06350624561309814
    ],
    [
      0.2271444946527481,
      0.6927793622016907,
      0.08007748425006866
    ],
    [
      0.07647507637739182,
      0.6735883355140686,
      0.24993695318698883
    ],
    [
      0.1063983291387558,
      0.7903926372528076,
      0.10320872068405151
    ],
    [
      0.1655738800764084,
      0.5046401619911194,
      0.329786092042923
    ],
    [
      0.6021533608436584,
      0.15771596133708954,
      0.24013115465641022
    ],
    [
      0.524743378162384,
      0.4182419776916504,
      0.05701487138867378
    ],
    [
      0.44702091813087463,
      0.14804083108901978,
      0.40493831038475037
    ],
    [
      0.6095104813575745,
      0.09500378370285034,
      0.29548513889312744
    ],
    [
      0.6459773182868958,
      0.28147420287132263,
      0.0725482925772667
    ],
    [
      0.25947967171669006,
      0.06240048632025719,
      0.6781193017959595
    ],
    [
      0.6184843182563782,
      0.1218407079577446,
      0.2596741318702698
    ]
  ],