{
  "N": 112800,
  "usage": [
    0.34425637125968933,
    0.3772306442260742,
    0.27851298451423645
  ],
  "entropy_mean": 0.6394003033638,
  "entropy_std": 0.2546452581882477,
  "top1_share": [
    0.32841312885284424,
    0.4268794357776642,
    0.24470745027065277
  ],
  "P_expert_given_class": [
    [
      0.17923131585121155,
      0.7258272767066956,
      0.09494120627641678
    ],
    [
      0.04720887541770935,
      0.02343907207250595,
      0.929351270198822
    ],
    [
      0.17523878812789917,
      0.7868216037750244,
      0.037939269095659256
    ],
    [
      0.09753789007663727,
      0.887908935546875,
      0.01455356553196907
    ],
    [
      0.7438344359397888,
      0.05706861615180969,
      0.19909818470478058
    ],
    [
      0.12993663549423218,
      0.789135754108429,
      0.08092739433050156
    ],
    [
      0.039660677313804626,
      0.5311253070831299,
      0.429214209318161
    ],
    [
      0.7919569611549377,
      0.07431796938180923,
      0.1337248682975769
    ],
    [
      0.21146313846111298,
      0.7002285122871399,
      0.08830861002206802
    ],
    [
      0.8948894143104553,
      0.08166072517633438,
      0.023450009524822235
    ],
    [
      0.8692589402198792,
      0.08415601402521133,
      0.0465848334133625
    ],
    [
      0.16701790690422058,
      0.7984315156936646,
      0.03455008193850517
    ],
    [
      0.11446139961481094,
      0.5610619187355042,
      0.3244774341583252
    ],
    [
      0.2548259496688843,
      0.6711115837097168,
      0.07406317442655563
    ],
    [
      0.062304094433784485,
      0.5574374198913574,
      0.38025933504104614
    ],
    [
      0.5727453827857971,
      0.10658959299325943,
      0.32066506147384644
    ],
    [
      0.10376939177513123,
      0.7460573315620422,
      0.15017366409301758
    ],
    [
      0.7964643836021423,
      0.037995804101228714,
      0.16553954780101776
    ],
    [
      0.04568752273917198,
      0.14366880059242249,
      0.8106439113616943
    ],
    [
      0.08950085192918777,
      0.6708763837814331,
      0.23962204158306122
    ],
    [
      0.22994522750377655,
      0.1656750738620758,
      0.6043802499771118
    ],
    [
      0.06085497513413429,
      0.12773273885250092,
      0.8114122748374939
    ],
    [
      0.8609270453453064,
      0.020992068573832512,
      0.11808040738105774
    ],
    [
      0.4754936695098877,
      0.20981302857398987,
      0.31469327211380005
    ],
    [
      0.1660030484199524,
      0.7212603688240051,
      0.11273616552352905
    ],
    [
      0.7408571243286133,
      0.11900562047958374,
      0.1401379257440567
    ],
    [
      0.2761697769165039,
      0.6877710223197937,
      0.036058459430933
    ],
    [
      0.496221661567688,
      0.3556548058986664,
      0.14812394976615906
    ],
    [
      0.11713142693042755,
      0.8361628651618958,
      0.04670579731464386
    ],
    [
      0.8144791722297668,
      0.06423791497945786,
      0.12128318846225739
    ],
    [
      0.1531403660774231,
      0.3504524528980255,
      0.4964069724082947
    ],
    [
      0.04194098711013794,
      0.09789074212312698,
      0.8601671457290649
    ],
    [
      0.3365297317504883,
      0.13559363782405853,
      0.5278766751289368
    ],
    [
      0.0864347591996193,
      0.23820966482162476,
      0.6753553748130798
    ],
    [
      0.28301236033439636,
      0.05832673981785774,
      0.6586613059043884
    ],
    [
      0.09255532175302505,
      0.8203134536743164,
      0.08713100105524063
    ],
    [
      0.27182650566101074,
      0.6369033455848694,
      0.09126915782690048
    ],
    [
      0.07447510957717896,
      0.6093556880950928,
      0.3161693811416626
    ],
    [
      0.09299243986606598,
      0.795440137386322,
      0.11156753450632095
    ],
    [
      0.20387853682041168,
      0.5013536810874939,
      0.29476794600486755
    ],
    [
      0.6625491380691528,
      0.13647305965423584,
      0.20097754895687103
    ],
    [
      0.5521977543830872,
      0.4130287766456604,
      0.03477286547422409
    ],
    [
      0.43924304842948914,
      0.11273904144763947,
      0.4480176866054535
    ],
    [
      0.7317529320716858,
      0.05128387734293938,
      0.21696335077285767
    ],
    [
      0.6886565089225769,
      0.2678508460521698,
      0.04349297285079956
    ],
    [
      0.29489171504974365,
      0.035471778362989426,
      0.6696366667747498
    ],
    [
      0.5488958954811096,
      0.12592895328998566,
      0.32517537474632263
    ]
  ],