{
  "N": 112800,
  "usage": [
    0.32882949709892273,
    0.4062096178531647,
    0.2649608254432678
  ],
  "entropy_mean": 0.6747577786445618,
  "entropy_std": 0.23313501477241516,
  "top1_share": [
    0.3199734091758728,
    0.45118793845176697,
    0.22883865237236023
  ],
  "P_expert_given_class": [
    [
      0.16357876360416412,
      0.7313371896743774,
      0.10508386045694351
    ],
    [
      0.09276358783245087,
      0.06387125700712204,
      0.8433653712272644
    ],
    [
      0.12001674622297287,
      0.8365896344184875,
      0.04339351877570152
    ],
    [
      0.07549700886011124,
      0.899230420589447,
      0.025272293016314507
    ],
    [
      0.7600451707839966,
      0.05804453045129776,
      0.1819109469652176
    ],
    [
      0.1032930538058281,
      0.8434443473815918,
      0.05326317995786667
    ],
    [
      0.03939956799149513,
      0.5619181990623474,
      0.39868202805519104
    ],
    [
      0.7443885207176208,
      0.15713649988174438,
      0.09847410023212433
    ],
    [
      0.2201068103313446,
      0.6804111003875732,
      0.0994812473654747
    ],
    [
      0.8542985916137695,
      0.1110183447599411,
      0.0346820242702961
    ],
    [
      0.8329834938049316,
      0.1063709482550621,
      0.060645509511232376
    ],
    [
      0.20202727615833282,
      0.7473602890968323,
      0.05061260610818863
    ],
    [
      0.07489906996488571,
      0.5921963453292847,
      0.332904577255249
    ],
    [
      0.2008432298898697,
      0.7279906868934631,
      0.07116584479808807
    ],
    [
      0.07430963218212128,
      0.5465136766433716,
      0.379177063703537
    ],
    [
      0.5066651701927185,
      0.14091895520687103,
      0.3524152934551239
    ],
    [
      0.10934440791606903,
      0.7592657208442688,
      0.1313907951116562
    ],
    [
      0.8346841335296631,
      0.043747976422309875,
      0.12156733125448227
    ],
    [
      0.08400166034698486,
      0.17586809396743774,
      0.7401291728019714
    ],
    [
      0.1102459579706192,
      0.717491865158081,
      0.1722620576620102
    ],
    [
      0.16842129826545715,
      0.17923277616500854,
      0.6523457169532776
    ],
    [
      0.08870571106672287,
      0.16978853940963745,
      0.7415055632591248
    ],
    [
      0.7551150321960449,
      0.05101791024208069,
      0.1938665807247162
    ],
    [
      0.4334498643875122,
      0.28458914160728455,
      0.2819611728191376
    ],
    [
      0.16101974248886108,
      0.7254424095153809,
      0.11353748291730881
    ],
    [
      0.6940260529518127,
      0.12386159598827362,
      0.1821126788854599
    ],
    [
      0.2422908991575241,
      0.6992626786231995,
      0.05844617262482643
    ],
    [
      0.44499653577804565,
      0.34930455684661865,
      0.2056995928287506
    ],
    [
      0.07504920661449432,
      0.8657678961753845,
      0.05918315425515175
    ],
    [
      0.7837770581245422,
      0.12607398629188538,
      0.09014913439750671
    ],
    [
      0.16368873417377472,
      0.4594688415527344,
      0.376842737197876
    ],
    [
      0.04899720847606659,
      0.15176598727703094,
      0.7992376089096069
    ],
    [
      0.34443771839141846,
      0.21928754448890686,
      0.4362751245498657
    ],
    [
      0.11611628532409668,
      0.3056636154651642,
      0.5782196521759033
    ],
    [
      0.3156173825263977,
      0.07276621460914612,
      0.6116161346435547
    ],
    [
      0.0811038389801979,
      0.8556545972824097,
      0.06324111670255661
    ],
    [
      0.2294647991657257,
      0.6913108825683594,
      0.07922433316707611
    ],
    [
      0.08259870857000351,
      0.6647436022758484,
      0.2526583671569824
    ],
    [
      0.11012617498636246,
      0.7916586399078369,
      0.09821513295173645
    ],
    [
      0.1693638414144516,
      0.5196319222450256,
      0.3110044300556183
    ],
    [
      0.5948290228843689,
      0.16773748397827148,
      0.2374328374862671
    ],
    [
      0.5332867503166199,
      0.41654208302497864,
      0.0501713864505291
    ],
    [
      0.45234543085098267,
      0.13675247132778168,
      0.4109012484550476
    ],
    [
      0.6251194477081299,
      0.09616762399673462,
      0.2787136435508728
    ],
    [
      0.6575929522514343,
      0.27797946333885193,
      0.0644281804561615
    ],
    [
      0.2633674144744873,
      0.06476222723722458,
      0.6718712449073792
    ],
    [
      0.6166874766349792,
      0.1248917281627655,
      0.2584211230278015
    ]
  ],