{
  "N": 112800,
  "usage": [
    0.335471510887146,
    0.3865380883216858,
    0.2779903709888458
  ],
  "entropy_mean": 0.6614266633987427,
  "entropy_std": 0.24783413112163544,
  "top1_share": [
    0.3226684331893921,
    0.43699467182159424,
    0.24033688008785248
  ],
  "P_expert_given_class": [
    [
      0.18269866704940796,
      0.7167571783065796,
      0.10054469853639603
    ],
    [
      0.05311703681945801,
      0.03396162390708923,
      0.9129208326339722
    ],
    [
      0.1501772105693817,
      0.8119363188743591,
      0.037885937839746475
    ],
    [
      0.06686395406723022,
      0.9113343358039856,
      0.021801941096782684
    ],
    [
      0.7529282569885254,
      0.05145604535937309,
      0.19561509788036346
    ],
    [
      0.10413342714309692,
      0.804487943649292,
      0.09137944877147675
    ],
    [
      0.04227980598807335,
      0.5684860944747925,
      0.38923388719558716
    ],
    [
      0.7481825947761536,
      0.08726594597101212,
      0.16455194354057312
    ],
    [
      0.21422040462493896,
      0.6932730078697205,
      0.09250686317682266
    ],
    [
      0.8761371970176697,
      0.09658020734786987,
      0.027282318100333214
    ],
    [
      0.8675014972686768,
      0.0832015722990036,
      0.04929664731025696
    ],
    [
      0.1745874285697937,
      0.7825964093208313,
      0.04281621798872948
    ],
    [
      0.10174678266048431,
      0.559313178062439,
      0.3389397859573364
    ],
    [
      0.25016868114471436,
      0.6623438000679016,
      0.08748812973499298
    ],
    [
      0.06847639381885529,
      0.5494394898414612,
      0.3820834457874298
    ],
    [
      0.5273266434669495,
      0.1179167777299881,
      0.3547561466693878
    ],
    [
      0.11663568764925003,
      0.7324528098106384,
      0.1509116291999817
    ],
    [
      0.8059552907943726,
      0.03661680221557617,
      0.1574278473854065
    ],
    [
      0.05041689798235893,
      0.15567544102668762,
      0.7939079999923706
    ],
    [
      0.07502854615449905,
      0.7059251666069031,
      0.21904627978801727
    ],
    [
      0.24916397035121918,
      0.17160777747631073,
      0.5792276263237
    ],
    [
      0.06353194266557693,
      0.13823357224464417,
      0.7982346415519714
    ],
    [
      0.8273698687553406,
      0.025597069412469864,
      0.14703315496444702
    ],
    [
      0.4583717882633209,
      0.233011856675148,
      0.30861586332321167
    ],
    [
      0.17131535708904266,
      0.7150523066520691,
      0.11363178491592407
    ],
    [
      0.7340222001075745,
      0.11951296776533127,
      0.14646458625793457
    ],
    [
      0.2768930494785309,
      0.6715089678764343,
      0.05159767344594002
    ],
    [
      0.48173099756240845,
      0.3324059844017029,
      0.18586313724517822
    ],
    [
      0.09348802268505096,
      0.840216338634491,
      0.06629585474729538
    ],
    [
      0.766327440738678,
      0.08626000583171844,
      0.14741189777851105
    ],
    [
      0.15324684977531433,
      0.39229708909988403,
      0.4544554054737091
    ],
    [
      0.052359115332365036,
      0.13494497537612915,
      0.8126956820487976
    ],
    [
      0.35195186734199524,
      0.1635257601737976,
      0.48452168703079224
    ],
    [
      0.11108437925577164,
      0.2875954806804657,
      0.6013204455375671
    ],
    [
      0.2946518361568451,
      0.06327835470438004,
      0.6420696377754211
    ],
    [
      0.06298346072435379,
      0.8505728840827942,
      0.08644327521324158
    ],
    [
      0.2606683671474457,
      0.6452951431274414,
      0.09403679519891739
    ],
    [
      0.06747337430715561,
      0.6425807476043701,
      0.28994688391685486
    ],
    [
      0.0969671681523323,
      0.7963119149208069,
      0.10672040283679962
    ],
    [
      0.1822824627161026,
      0.5134098529815674,
      0.30430659651756287
    ],
    [
      0.6271721124649048,
      0.15002983808517456,
      0.22279779613018036
    ],
    [
      0.5513982176780701,
      0.407533198595047,
      0.041068464517593384
    ],
    [
      0.4298613965511322,
      0.12010106444358826,
      0.45003753900527954
    ],
    [
      0.6891753673553467,
      0.0643978863954544,
      0.24642695486545563
    ],
    [
      0.6780962944030762,
      0.2710808217525482,
      0.050824154168367386
    ],
    [
      0.2687855362892151,
      0.044669702649116516,
      0.6865440011024475
    ],
    [
      0.5382046699523926,
      0.12523788213729858,
      0.33655667304992676
    ]
  ],