{
  "N": 112800,
  "usage": [
    0.34127071499824524,
    0.3807894289493561,
    0.2779398262500763
  ],
  "entropy_mean": 0.6499527096748352,
  "entropy_std": 0.24982738494873047,
  "top1_share": [
    0.327003538608551,
    0.43164005875587463,
    0.24135638773441315
  ],
  "P_expert_given_class": [
    [
      0.180353581905365,
      0.726317822933197,
      0.09332918375730515
    ],
    [
      0.051804445683956146,
      0.027173252776265144,
      0.9210215210914612
    ],
    [
      0.17657352983951569,
      0.7899084091186523,
      0.033518437296152115
    ],
    [
      0.09505203366279602,
      0.8893962502479553,
      0.015550341457128525
    ],
    [
      0.7505443096160889,
      0.05102741718292236,
      0.19842810928821564
    ],
    [
      0.12118129432201385,
      0.7945346832275391,
      0.08428466320037842
    ],
    [
      0.040223024785518646,
      0.5493385791778564,
      0.41043853759765625
    ],
    [
      0.7551806569099426,
      0.0889001116156578,
      0.15591950714588165
    ],
    [
      0.22198404371738434,
      0.6904522180557251,
      0.0875643864274025
    ],
    [
      0.8907843232154846,
      0.08237499743700027,
      0.026839055120944977
    ],
    [
      0.8629317283630371,
      0.0859961211681366,
      0.051072072237730026
    ],
    [
      0.17651093006134033,
      0.7860169410705566,
      0.03747205436229706
    ],
    [
      0.11518602818250656,
      0.5568646192550659,
      0.32794904708862305
    ],
    [
      0.24788017570972443,
      0.6752888560295105,
      0.07683157920837402
    ],
    [
      0.059409718960523605,
      0.5463806390762329,
      0.39421066641807556
    ],
    [
      0.5364902019500732,
      0.10743390768766403,
      0.3560766875743866
    ],
    [
      0.1097240298986435,
      0.7450717687606812,
      0.1452033668756485
    ],
    [
      0.7958923578262329,
      0.037223394960165024,
      0.16688431799411774
    ],
    [
      0.04903869703412056,
      0.1482304334640503,
      0.8027313351631165
    ],
    [
      0.08018910139799118,
      0.6897295117378235,
      0.23008160293102264
    ],
    [
      0.2438591718673706,
      0.15687058866024017,
      0.5992711782455444
    ],
    [
      0.06369143724441528,
      0.13113442063331604,
      0.8051753044128418
    ],
    [
      0.8458287715911865,
      0.02427046373486519,
      0.1299009770154953
    ],
    [
      0.46367207169532776,
      0.225097194314003,
      0.31123051047325134
    ],
    [
      0.17352919280529022,
      0.7190673351287842,
      0.1074032336473465
    ],
    [
      0.7369204163551331,
      0.1233881264925003,
      0.1396913379430771
    ],
    [
      0.2768074572086334,
      0.6854457855224609,
      0.037747468799352646
    ],
    [
      0.4913640320301056,
      0.3487105965614319,
      0.15992480516433716
    ],
    [
      0.12131769955158234,
      0.827972412109375,
      0.05070963874459267
    ],
    [
      0.7783287167549133,
      0.07347645610570908,
      0.1481941044330597
    ],
    [
      0.15876904129981995,
      0.37415868043899536,
      0.4670717418193817
    ],
    [
      0.050293758511543274,
      0.11547572165727615,
      0.8342311382293701
    ],
    [
      0.35394176840782166,
      0.15101975202560425,
      0.49503788352012634
    ],
    [
      0.08939588814973831,
      0.2639201879501343,
      0.6466836333274841
    ],
    [
      0.28437286615371704,
      0.0588497556746006,
      0.6567779779434204
    ],
    [
      0.08472572267055511,
      0.8303605914115906,
      0.08491327613592148
    ],
    [
      0.2740902602672577,
      0.6369398236274719,
      0.08897042274475098
    ],
    [
      0.07060039788484573,
      0.6253947019577026,
      0.30400407314300537
    ],
    [
      0.08911039680242538,
      0.8108344674110413,
      0.10005508363246918
    ],
    [
      0.21343030035495758,
      0.5024893879890442,
      0.2840801775455475
    ],
    [
      0.6429375410079956,
      0.1369113177061081,
      0.22015151381492615
    ],
    [
      0.5512382984161377,
      0.41121774911880493,
      0.03754309192299843
    ],
    [
      0.43757951259613037,
      0.11139746010303497,
      0.4510221481323242
    ],
    [
      0.7185048460960388,
      0.05578634887933731,
      0.2257094532251358
    ],
    [
      0.6837283372879028,
      0.2677118480205536,
      0.04855877533555031
    ],
    [
      0.2863291800022125,
      0.03955406695604324,
      0.674116849899292
    ],
    [
      0.5384206175804138,
      0.121986985206604,
      0.33959171175956726
    ]
  ],