{
  "N": 112800,
  "usage": [
    0.331833153963089,
    0.3980390727519989,
    0.2701277732849121
  ],
  "entropy_mean": 0.6603713035583496,
  "entropy_std": 0.24336405098438263,
  "top1_share": [
    0.3186613619327545,
    0.45011523365974426,
    0.23122340440750122
  ],
  "P_expert_given_class": [
    [
      0.18194159865379333,
      0.7180405259132385,
      0.10001800209283829
    ],
    [
      0.0753864049911499,
      0.04148362949490547,
      0.8831300735473633
    ],
    [
      0.1278713345527649,
      0.83633953332901,
      0.03578986972570419
    ],
    [
      0.06946084648370743,
      0.9065850973129272,
      0.023954056203365326
    ],
    [
      0.7554013729095459,
      0.051165588200092316,
      0.19343316555023193
    ],
    [
      0.11272986233234406,
      0.8200164437294006,
      0.06725308299064636
    ],
    [
      0.03970161825418472,
      0.5887154936790466,
      0.3715823292732239
    ],
    [
      0.770205557346344,
      0.09436903148889542,
      0.13542518019676208
    ],
    [
      0.21372830867767334,
      0.6900342106819153,
      0.09623928368091583
    ],
    [
      0.8779256343841553,
      0.0948110893368721,
      0.027263447642326355
    ],
    [
      0.8588184714317322,
      0.08845927566289902,
      0.05272192507982254
    ],
    [
      0.17752721905708313,
      0.7749982476234436,
      0.04747467115521431
    ],
    [
      0.09060445427894592,
      0.5814410448074341,
      0.327955037355423
    ],
    [
      0.2223241925239563,
      0.698030412197113,
      0.07964618504047394
    ],
    [
      0.06570397317409515,
      0.5704919099807739,
      0.36380428075790405
    ],
    [
      0.5192422866821289,
      0.12562140822410583,
      0.35513678193092346
    ],
    [
      0.11339063197374344,
      0.7521254420280457,
      0.1344849020242691
    ],
    [
      0.8127696514129639,
      0.04228615388274193,
      0.1449447125196457
    ],
    [
      0.06863859295845032,
      0.1600799262523651,
      0.7712821960449219
    ],
    [
      0.07746422290802002,
      0.7257662415504456,
      0.19676949083805084
    ],
    [
      0.2153182029724121,
      0.19431942701339722,
      0.5903623700141907
    ],
    [
      0.08137570321559906,
      0.1521277129650116,
      0.7664962410926819
    ],
    [
      0.7987885475158691,
      0.031532637774944305,
      0.16967865824699402
    ],
    [
      0.44908711314201355,
      0.2551446557044983,
      0.2957681715488434
    ],
    [
      0.16430748999118805,
      0.7255807518959045,
      0.11011169105768204
    ],
    [
      0.7049733996391296,
      0.12527082860469818,
      0.16975653171539307
    ],
    [
      0.2441795915365219,
      0.7061832547187805,
      0.049637652933597565
    ],
    [
      0.452169805765152,
      0.34523525834083557,
      0.20259490609169006
    ],
    [
      0.09327877312898636,
      0.8468185663223267,
      0.05990266054868698
    ],
    [
      0.7939542531967163,
      0.08841019123792648,
      0.11763592809438705
    ],
    [
      0.16387182474136353,
      0.41926947236061096,
      0.41685906052589417
    ],
    [
      0.05619720369577408,
      0.13686496019363403,
      0.8069372177124023
    ],
    [
      0.3494529128074646,
      0.19622042775154114,
      0.4543270766735077
    ],
    [
      0.1249714270234108,
      0.30044496059417725,
      0.5745831727981567
    ],
    [
      0.3122194707393646,
      0.06323354691267014,
      0.6245472431182861
    ],
    [
      0.057018596678972244,
      0.8603569269180298,
      0.0826241597533226
    ],
    [
      0.23586125671863556,
      0.6799970269203186,
      0.08414224535226822
    ],
    [
      0.07045883685350418,
      0.6467331051826477,
      0.28280770778656006
    ],
    [
      0.098399318754673,
      0.811457097530365,
      0.09014324843883514
    ],
    [
      0.15264201164245605,
      0.5414142608642578,
      0.30594348907470703
    ],
    [
      0.6132726073265076,
      0.1605110764503479,
      0.22621622681617737
    ],
    [
      0.5424811840057373,
      0.41755741834640503,
      0.039961669594049454
    ],
    [
      0.4313972592353821,
      0.11626996099948883,
      0.4523327648639679
    ],
    [
      0.6588278412818909,
      0.06843748688697815,
      0.27273499965667725
    ],
    [
      0.6679514050483704,
      0.27733007073402405,
      0.05471856892108917
    ],
    [
      0.27321696281433105,
      0.04875355213880539,
      0.6780296564102173
    ],
    [
      0.5596516728401184,
      0.13150271773338318,
      0.3088456690311432
    ]
  ],