{
  "N": 112800,
  "usage": [
    0.32508763670921326,
    0.4065503180027008,
    0.26836204528808594
  ],
  "entropy_mean": 0.6765002608299255,
  "entropy_std": 0.23292666673660278,
  "top1_share": [
    0.3151950240135193,
    0.45196807384490967,
    0.23283687233924866
  ],
  "P_expert_given_class": [
    [
      0.1422078162431717,
      0.7471606731414795,
      0.11063186824321747
    ],
    [
      0.09636157751083374,
      0.061956655234098434,
      0.8416824340820312
    ],
    [
      0.12441856414079666,
      0.8305648565292358,
      0.04501586779952049
    ],
    [
      0.10072880238294601,
      0.8746700882911682,
      0.02460060827434063
    ],
    [
      0.7383143901824951,
      0.06770943850278854,
      0.19397585093975067
    ],
    [
      0.08266134560108185,
      0.8667374849319458,
      0.05060131847858429
    ],
    [
      0.03632892295718193,
      0.5613057613372803,
      0.4023652672767639
    ],
    [
      0.7464542388916016,
      0.15839529037475586,
      0.09514949470758438
    ],
    [
      0.2301504760980606,
      0.6730679273605347,
      0.09678278863430023
    ],
    [
      0.8204437494277954,
      0.1420692354440689,
      0.037486232817173004
    ],
    [
      0.8230533003807068,
      0.1037801206111908,
      0.07316625863313675
    ],
    [
      0.24351619184017181,
      0.6951811909675598,
      0.06130312755703926
    ],
    [
      0.06646888703107834,
      0.6022944450378418,
      0.331236869096756
    ],
    [
      0.19896408915519714,
      0.7244254946708679,
      0.07661028206348419
    ],
    [
      0.056657835841178894,
      0.5170596241950989,
      0.42628273367881775
    ],
    [
      0.4892043173313141,
      0.13760824501514435,
      0.3731873631477356
    ],
    [
      0.09972642362117767,
      0.7645858526229858,
      0.1356867253780365
    ],
    [
      0.8377503752708435,
      0.04093903303146362,
      0.12130969017744064
    ],
    [
      0.09607145190238953,
      0.1705767959356308,
      0.7333511114120483
    ],
    [
      0.1345900148153305,
      0.6981251239776611,
      0.1672852337360382
    ],
    [
      0.14048948884010315,
      0.18848328292369843,
      0.6710269451141357
    ],
    [
      0.08901449292898178,
      0.17678023874759674,
      0.7342061996459961
    ],
    [
      0.7090951800346375,
      0.05891179293394089,
      0.23199258744716644
    ],
    [
      0.3962956964969635,
      0.29526379704475403,
      0.308440238237381
    ],
    [
      0.14642766118049622,
      0.7351956367492676,
      0.11837678402662277
    ],
    [
      0.7178623676300049,
      0.10421860218048096,
      0.17791855335235596
    ],
    [
      0.23441804945468903,
      0.7061898112297058,
      0.05939198285341263
    ],
    [
      0.4390135705471039,
      0.33298784494400024,
      0.22799859941005707
    ],
    [
      0.05574328079819679,
      0.8958938717842102,
      0.048363544046878815
    ],
    [
      0.777492105960846,
      0.1353483647108078,
      0.08715952187776566
    ],
    [
      0.14534662663936615,
      0.5012286305427551,
      0.3534248471260071
    ],
    [
      0.048623718321323395,
      0.13487491011619568,
      0.8165009021759033
    ],
    [
      0.35154473781585693,
      0.23973971605300903,
      0.40871575474739075
    ],
    [
      0.15805500745773315,
      0.30404311418533325,
      0.5379019379615784
    ],
    [
      0.3152635991573334,
      0.07611308246850967,
      0.608623206615448
    ],
    [
      0.1058778166770935,
      0.8340680599212646,
      0.06005368009209633
    ],
    [
      0.22783465683460236,
      0.6929941773414612,
      0.07917150110006332
    ],
    [
      0.08740386366844177,
      0.6698939204216003,
      0.24270223081111908
    ],
    [
      0.12073566764593124,
      0.7773405313491821,
      0.10192397236824036
    ],
    [
      0.17600017786026,
      0.48896265029907227,
      0.33503660559654236
    ],
    [
      0.578048050403595,
      0.15684127807617188,
      0.26510974764823914
    ],
    [
      0.5114017724990845,
      0.43452274799346924,
      0.05407629534602165
    ],
    [
      0.45235687494277954,
      0.15741488337516785,
      0.3902280032634735
    ],
    [
      0.6062480211257935,
      0.0880141630768776,
      0.3057384192943573
    ],
    [
      0.6346304416656494,
      0.2993946671485901,
      0.06597530096769333
    ],
    [
      0.26256006956100464,
      0.06310368329286575,
      0.6743356585502625
    ],
    [
      0.6272596120834351,
      0.12182825803756714,
      0.2509121596813202
    ]
  ],