{
  "N": 112800,
  "usage": [
    0.3349338173866272,
    0.3933621346950531,
    0.2717040479183197
  ],
  "entropy_mean": 0.6639907360076904,
  "entropy_std": 0.24466058611869812,
  "top1_share": [
    0.3228102922439575,
    0.44395390152931213,
    0.23323582112789154
  ],
  "P_expert_given_class": [
    [
      0.1912577748298645,
      0.7072775959968567,
      0.10146420449018478
    ],
    [
      0.0654388815164566,
      0.041700270026922226,
      0.8928609490394592
    ],
    [
      0.13490158319473267,
      0.8255175352096558,
      0.03958122432231903
    ],
    [
      0.06506690382957458,
      0.9100456833839417,
      0.02488766424357891
    ],
    [
      0.7658568620681763,
      0.050790827721357346,
      0.18335281312465668
    ],
    [
      0.10663524270057678,
      0.8158247470855713,
      0.07754040509462357
    ],
    [
      0.0411623939871788,
      0.5846787691116333,
      0.37415799498558044
    ],
    [
      0.747489869594574,
      0.10719712823629379,
      0.1453128606081009
    ],
    [
      0.21662600338459015,
      0.6875061392784119,
      0.0958675667643547
    ],
    [
      0.8687685132026672,
      0.10260716080665588,
      0.028623707592487335
    ],
    [
      0.8585295677185059,
      0.0892648994922638,
      0.05220625922083855
    ],
    [
      0.17872653901576996,
      0.7720988988876343,
      0.04917409271001816
    ],
    [
      0.0952422171831131,
      0.568778395652771,
      0.33597972989082336
    ],
    [
      0.22622251510620117,
      0.6901010870933533,
      0.08367568999528885
    ],
    [
      0.06854228675365448,
      0.5594517588615417,
      0.37200531363487244
    ],
    [
      0.5245237350463867,
      0.12754756212234497,
      0.347928911447525
    ],
    [
      0.12057867646217346,
      0.7323405742645264,
      0.14708152413368225
    ],
    [
      0.8113829493522644,
      0.04194419085979462,
      0.14667260646820068
    ],
    [
      0.06016171723604202,
      0.16290459036827087,
      0.7769335508346558
    ],
    [
      0.07511824369430542,
      0.7137913107872009,
      0.21109090745449066
    ],
    [
      0.21894612908363342,
      0.1987558752298355,
      0.5822982788085938
    ],
    [
      0.07307657599449158,
      0.15385305881500244,
      0.7730703949928284
    ],
    [
      0.8139488697052002,
      0.029315844178199768,
      0.15673555433750153
    ],
    [
      0.4564109742641449,
      0.24304203689098358,
      0.3005475401878357
    ],
    [
      0.17654865980148315,
      0.7084366679191589,
      0.11501486599445343
    ],
    [
      0.7156932950019836,
      0.13155388832092285,
      0.15275345742702484
    ],
    [
      0.26132598519325256,
      0.6876323223114014,
      0.051041167229413986
    ],
    [
      0.47782576084136963,
      0.3293229639530182,
      0.19285090267658234
    ],
    [
      0.09200761467218399,
      0.8430617451667786,
      0.06493076682090759
    ],
    [
      0.8011975884437561,
      0.08186563849449158,
      0.11693727225065231
    ],
    [
      0.16212046146392822,
      0.41367822885513306,
      0.4242008328437805
    ],
    [
      0.053363971412181854,
      0.12722522020339966,
      0.8194103240966797
    ],
    [
      0.35187384486198425,
      0.1855408251285553,
      0.46258530020713806
    ],
    [
      0.12088214606046677,
      0.2989545464515686,
      0.5801640748977661
    ],
    [
      0.3146403133869171,
      0.06438729166984558,
      0.6209728717803955
    ],
    [
      0.056174349039793015,
      0.8586385250091553,
      0.0851869285106659
    ],
    [
      0.2484108954668045,
      0.6624736785888672,
      0.08911477774381638
    ],
    [
      0.06843823939561844,
      0.6424461007118225,
      0.28911495208740234
    ],
    [
      0.10723453760147095,
      0.7965753674507141,
      0.09619076550006866
    ],
    [
      0.17818453907966614,
      0.5185474753379822,
      0.30326807498931885
    ],
    [
      0.6167490482330322,
      0.15987440943717957,
      0.22337613999843597
    ],
    [
      0.5413016080856323,
      0.41779419779777527,
      0.04090403392910957
    ],
    [
      0.4284895360469818,
      0.1212376281619072,
      0.4502732455730438
    ],
    [
      0.6689439415931702,
      0.06892414391040802,
      0.26213228702545166
    ],
    [
      0.6675718426704407,
      0.27890926599502563,
      0.05351927503943443
    ],
    [
      0.27817702293395996,
      0.047493573278188705,
      0.6743292808532715
    ],
    [
      0.570121705532074,
      0.1271100640296936,
      0.3027685582637787
    ]
  ],