{
  "hard_ratio": 0.1,
  "hard": {
    "acc_soft": 0.0,
    "acc_hard": 0.06489361822605133,
    "acc_oracle": 0.07819148898124695,
    "acc_random": 0.13617020845413208,
    "p_mean": [
      0.26901161670684814,
      0.22305947542190552,
      0.23141540586948395,
      0.2765134871006012
    ],
    "gate_entropy_mean": 1.380849838256836
  },
  "easy": {
    "acc_soft": 1.0,
    "acc_hard": 0.9968085289001465,
    "acc_oracle": 1.0,
    "acc_random": 0.9957447052001953,
    "p_mean": [
      0.2697429060935974,
      0.22943241894245148,
      0.228901207447052,
      0.2719234824180603
    ],
    "gate_entropy_mean": 1.3816665410995483
  },
  "corr": {
    "pearson(entropy_p, CE)": -0.027310965343106137,
    "pearson(max_p, CE)": 0.0012485464344734571
  }
}