{
  "N": 112800,
  "usage": [
    0.3808201849460602,
    0.3552844524383545,
    0.2638953626155853
  ],
  "entropy_mean": 0.6406200528144836,
  "entropy_std": 0.24370262026786804,
  "top1_share": [
    0.3657624125480652,
    0.3486170172691345,
    0.2856205701828003
  ],
  "P_expert_given_class": [
    [
      0.1876167505979538,
      0.7457587122917175,
      0.06662490218877792
    ],
    [
      0.04333234578371048,
      0.08735893666744232,
      0.8693090677261353
    ],
    [
      0.6966636180877686,
      0.28866276144981384,
      0.014673016965389252
    ],
    [
      0.899534285068512,
      0.09496672451496124,
      0.005498990882188082
    ],
    [
      0.3374421298503876,
      0.07167588919401169,
      0.5908825397491455
    ],
    [
      0.8475977182388306,
      0.1371261179447174,
      0.015276358462870121
    ],
    [
      0.4074954688549042,
      0.21290579438209534,
      0.379598468542099
    ],
    [
      0.21814021468162537,
      0.6114537119865417,
      0.1704060584306717
    ],
    [
      0.8582324385643005,
      0.11717338860034943,
      0.02459428273141384
    ],
    [
      0.8375073671340942,
      0.11968328058719635,
      0.042809680104255676
    ],
    [
      0.6442186832427979,
      0.25624093413352966,
      0.09953997284173965
    ],
    [
      0.8025407791137695,
      0.1676115095615387,
      0.029848342761397362
    ],
    [
      0.09401694685220718,
      0.774635910987854,
      0.13134647905826569
    ],
    [
      0.31642091274261475,
      0.5832061767578125,
      0.10037267953157425
    ],
    [
      0.217630535364151,
      0.7690410017967224,
      0.013328644447028637
    ],
    [
      0.3603064715862274,
      0.6189632415771484,
      0.020730601623654366
    ],
    [
      0.6923940777778625,
      0.2503354549407959,
      0.05727057904005051
    ],
    [
      0.10285913944244385,
      0.13836032152175903,
      0.7587804198265076
    ],
    [
      0.0633399486541748,
      0.20672479271888733,
      0.7299352288246155
    ],
    [
      0.4185650944709778,
      0.4719265103340149,
      0.10950775444507599
    ],
    [
      0.2136450707912445,
      0.2477424144744873,
      0.538612961769104
    ],
    [
      0.08740146458148956,
      0.22572967410087585,
      0.6868693232536316
    ],
    [
      0.0889892727136612,
      0.5994423031806946,
      0.3115684390068054
    ],
    [
      0.12626442313194275,
      0.42676207423210144,
      0.44697305560112
    ],
    [
      0.17843475937843323,
      0.7596255540847778,
      0.06193983182311058
    ],
    [
      0.2656194567680359,
      0.700623095035553,
      0.03375764191150665
    ],
    [
      0.7677149176597595,
      0.17846691608428955,
      0.05381852388381958
    ],
    [
      0.46041810512542725,
      0.5072221755981445,
      0.032359469681978226
    ],
    [
      0.8089993000030518,
      0.15919925272464752,
      0.03180219605565071
    ],
    [
      0.07445159554481506,
      0.8866503834724426,
      0.0388970673084259
    ],
    [
      0.12790827453136444,
      0.18066900968551636,
      0.6914227604866028
    ],
    [
      0.01871088705956936,
      0.1308346688747406,
      0.8504539728164673
    ],
    [
      0.10278470069169998,
      0.06481315940618515,
      0.8324026465415955
    ],
    [
      0.34925273060798645,
      0.2571183741092682,
      0.39362913370132446
    ],
    [
      0.1799619197845459,
      0.23248009383678436,
      0.5875583291053772
    ],
    [
      0.2840392589569092,
      0.7055328488349915,
      0.010428281500935555
    ],
    [
      0.6011316180229187,
      0.32252782583236694,
      0.07634144276380539
    ],
    [
      0.3824363350868225,
      0.1380835920572281,
      0.47947996854782104
    ],
    [
      0.7897153496742249,
      0.16841202974319458,
      0.04187338054180145
    ],
    [
      0.19616633653640747,
      0.7857210636138916,
      0.018111729994416237
    ],
    [
      0.4843693673610687,
      0.4903557300567627,
      0.02527541108429432
    ],
    [
      0.8595821261405945,
      0.10856826603412628,
      0.03184950351715088
    ],
    [
      0.2362367957830429,
      0.05939597263932228,
      0.7043672800064087
    ],
    [
      0.06057140231132507,
      0.4034261703491211,
      0.5360017418861389
    ],
    [
      0.845366895198822,
      0.11102761328220367,
      0.04360557720065117
    ],
    [
      0.024352826178073883,
      0.4803352355957031,
      0.4953116774559021
    ],
    [
      0.23817187547683716,
      0.6437908411026001,
      0.1180374026298523
    ]
  ],