{
  "N": 112800,
  "usage": [
    0.3884134590625763,
    0.354402631521225,
    0.25718387961387634
  ],
  "entropy_mean": 0.6347882747650146,
  "entropy_std": 0.24371345341205597,
  "top1_share": [
    0.37695035338401794,
    0.35039007663726807,
    0.272659569978714
  ],
  "P_expert_given_class": [
    [
      0.17993323504924774,
      0.7587845325469971,
      0.06128273159265518
    ],
    [
      0.04548133164644241,
      0.07876050472259521,
      0.8757597804069519
    ],
    [
      0.7037347555160522,
      0.28162944316864014,
      0.014636829495429993
    ],
    [
      0.9035857319831848,
      0.09177353233098984,
      0.004641217179596424
    ],
    [
      0.3680955469608307,
      0.07323046773672104,
      0.5586740374565125
    ],
    [
      0.862166166305542,
      0.12584060430526733,
      0.011993887834250927
    ],
    [
      0.45970866084098816,
      0.2222529798746109,
      0.31803813576698303
    ],
    [
      0.228048175573349,
      0.6247797608375549,
      0.14717213809490204
    ],
    [
      0.8594232201576233,
      0.11740339547395706,
      0.023173978552222252
    ],
    [
      0.8501705527305603,
      0.10608246177434921,
      0.043746959418058395
    ],
    [
      0.6381489634513855,
      0.2630247473716736,
      0.0988258644938469
    ],
    [
      0.8172863125801086,
      0.15284448862075806,
      0.029868490993976593
    ],
    [
      0.0730535089969635,
      0.8197421431541443,
      0.10720431059598923
    ],
    [
      0.3205338716506958,
      0.5886426568031311,
      0.09082452952861786
    ],
    [
      0.23499628901481628,
      0.7517815828323364,
      0.013221538625657558
    ],
    [
      0.3605433702468872,
      0.6186445355415344,
      0.020811578258872032
    ],
    [
      0.7208154201507568,
      0.2379961460828781,
      0.04118802025914192
    ],
    [
      0.10931757837533951,
      0.13549599051475525,
      0.7551868557929993
    ],
    [
      0.06919302046298981,
      0.18957345187664032,
      0.7412326335906982
    ],
    [
      0.43626078963279724,
      0.4295017123222351,
      0.13423773646354675
    ],
    [
      0.2068498134613037,
      0.2583170235157013,
      0.5348334312438965
    ],
    [
      0.07818920910358429,
      0.21438130736351013,
      0.7074289321899414
    ],
    [
      0.08511132746934891,
      0.642489492893219,
      0.2723986506462097
    ],
    [
      0.13546700775623322,
      0.44569259881973267,
      0.4188407063484192
    ],
    [
      0.17274817824363708,
      0.7681342959403992,
      0.059117794036865234
    ],
    [
      0.26257163286209106,
      0.6980891227722168,
      0.03933941200375557
    ],
    [
      0.7681822180747986,
      0.18600346148014069,
      0.04581364989280701
    ],
    [
      0.4553210437297821,
      0.5049546360969543,
      0.03972284495830536
    ],
    [
      0.8641318678855896,
      0.11750566959381104,
      0.01836274564266205
    ],
    [
      0.08544082939624786,
      0.874628484249115,
      0.039931073784828186
    ],
    [
      0.13396182656288147,
      0.18583741784095764,
      0.6802009344100952
    ],
    [
      0.020571857690811157,
      0.13133937120437622,
      0.8480883240699768
    ],
    [
      0.11676297336816788,
      0.077374666929245,
      0.805862545967102
    ],
    [
      0.32685527205467224,
      0.2518017590045929,
      0.42134276032447815
    ],
    [
      0.19128604233264923,
      0.20972782373428345,
      0.5989872813224792
    ],
    [
      0.32995927333831787,
      0.6576890349388123,
      0.012351114302873611
    ],
    [
      0.5993505716323853,
      0.3385378122329712,
      0.06211153045296669
    ],
    [
      0.43225714564323425,
      0.11673833429813385,
      0.45100417733192444
    ],
    [
      0.7634216547012329,
      0.18152599036693573,
      0.05505184084177017
    ],
    [
      0.18086864054203033,
      0.8036609888076782,
      0.015470216982066631
    ],
    [
      0.4886666238307953,
      0.4857479929924011,
      0.025585124269127846
    ],
    [
      0.8623073101043701,
      0.10707917809486389,
      0.030612369999289513
    ],
    [
      0.25170469284057617,
      0.06415253132581711,
      0.6841417551040649
    ],
    [
      0.060951050370931625,
      0.431338906288147,
      0.5077104568481445
    ],
    [
      0.8465082049369812,
      0.110409215092659,
      0.043081894516944885
    ],
    [
      0.022890860214829445,
      0.5183038115501404,
      0.4588050842285156
    ],
    [
      0.27259528636932373,
      0.6076781749725342,
      0.11972605437040329
    ]
  ],