{
  "N": 112800,
  "usage": [
    0.31338900327682495,
    0.4479406774044037,
    0.23867027461528778
  ],
  "entropy_mean": 0.6361877918243408,
  "entropy_std": 0.24136191606521606,
  "top1_share": [
    0.3181914985179901,
    0.4205319285392761,
    0.26127660274505615
  ],
  "P_expert_given_class": [
    [
      0.14901742339134216,
      0.8100684881210327,
      0.04091423377394676
    ],
    [
      0.025876091793179512,
      0.08701322972774506,
      0.8871111869812012
    ],
    [
      0.5932447910308838,
      0.3953472375869751,
      0.011408720165491104
    ],
    [
      0.795823335647583,
      0.20170067250728607,
      0.0024766921997070312
    ],
    [
      0.2538747787475586,
      0.2276134043931961,
      0.5185118317604065
    ],
    [
      0.6747277975082397,
      0.31205737590789795,
      0.013215839862823486
    ],
    [
      0.4162473976612091,
      0.3181898295879364,
      0.265562504529953
    ],
    [
      0.1939503401517868,
      0.7885705232620239,
      0.017478322610259056
    ],
    [
      0.7152672410011292,
      0.2548188269138336,
      0.02991449274122715
    ],
    [
      0.7170723676681519,
      0.26136788725852966,
      0.0215603057295084
    ],
    [
      0.4882350564002991,
      0.42992207407951355,
      0.08184286206960678
    ],
    [
      0.6755591034889221,
      0.30725592374801636,
      0.017184944823384285
    ],
    [
      0.03221855312585831,
      0.939730703830719,
      0.028050661087036133
    ],
    [
      0.33929312229156494,
      0.631757378578186,
      0.028949342668056488
    ],
    [
      0.1443355530500412,
      0.8441244959831238,
      0.011539789848029613
    ],
    [
      0.2632443606853485,
      0.7174625396728516,
      0.019292719662189484
    ],
    [
      0.6121734380722046,
      0.3532509505748749,
      0.034574542194604874
    ],
    [
      0.09094712883234024,
      0.28614988923072815,
      0.6229037642478943
    ],
    [
      0.05902627483010292,
      0.17324002087116241,
      0.7677339911460876
    ],
    [
      0.34022581577301025,
      0.45539501309394836,
      0.2043791562318802
    ],
    [
      0.1209271252155304,
      0.25095704197883606,
      0.6281161904335022
    ],
    [
      0.04957089573144913,
      0.2427292913198471,
      0.7077000141143799
    ],
    [
      0.0681537464261055,
      0.7417604923248291,
      0.19008560478687286
    ],
    [
      0.08149203658103943,
      0.42535215616226196,
      0.4931557774543762
    ],
    [
      0.14310197532176971,
      0.8199067115783691,
      0.03699149936437607
    ],
    [
      0.23900820314884186,
      0.736626148223877,
      0.024365857243537903
    ],
    [
      0.6138078570365906,
      0.3516407310962677,
      0.034551817923784256
    ],
    [
      0.39798977971076965,
      0.5427049994468689,
      0.059304554015398026
    ],
    [
      0.7666919827461243,
      0.21879984438419342,
      0.0145077183842659
    ],
    [
      0.07742210477590561,
      0.9115604758262634,
      0.01101779192686081
    ],
    [
      0.07661444693803787,
      0.25195959210395813,
      0.671425461769104
    ],
    [
      0.019700469449162483,
      0.1379222571849823,
      0.8423779010772705
    ],
    [
      0.09955652803182602,
      0.15711289644241333,
      0.7433304786682129
    ],
    [
      0.2181544005870819,
      0.19542670249938965,
      0.5864186882972717
    ],
    [
      0.14519396424293518,
      0.19111861288547516,
      0.663687527179718
    ],
    [
      0.26419907808303833,
      0.7293938994407654,
      0.006407053209841251
    ],
    [
      0.4819069504737854,
      0.47075697779655457,
      0.04733516648411751
    ],
    [
      0.425369530916214,
      0.2657492756843567,
      0.30888181924819946
    ],
    [
      0.5573152899742126,
      0.30022281408309937,
      0.142461895942688
    ],
    [
      0.11738283932209015,
      0.8735975027084351,
      0.009018887765705585
    ],
    [
      0.3461892306804657,
      0.6277543902397156,
      0.02605709806084633
    ],
    [
      0.7266722321510315,
      0.2502540349960327,
      0.02307283505797386
    ],
    [
      0.14737237989902496,
      0.15230761468410492,
      0.7003196477890015
    ],
    [
      0.05452039837837219,
      0.717751145362854,
      0.22772864997386932
    ],
    [
      0.6927255988121033,
      0.2748304605484009,
      0.03244369104504585
    ],
    [
      0.030592435970902443,
      0.7620162963867188,
      0.20739129185676575
    ],
    [
      0.18729408085346222,
      0.6579615473747253,
      0.15474462509155273
    ]
  ],