{
  "N": 112800,
  "usage": [
    0.395381897687912,
    0.35366958379745483,
    0.25094860792160034
  ],
  "entropy_mean": 0.6236320734024048,
  "entropy_std": 0.24426090717315674,
  "top1_share": [
    0.38520389795303345,
    0.3464982211589813,
    0.26829788088798523
  ],
  "P_expert_given_class": [
    [
      0.1950012743473053,
      0.7539324164390564,
      0.051065873354673386
    ],
    [
      0.05277017503976822,
      0.07961583137512207,
      0.8676149249076843
    ],
    [
      0.6920393109321594,
      0.29609325528144836,
      0.011867331340909004
    ],
    [
      0.917824923992157,
      0.07893703877925873,
      0.0032393436413258314
    ],
    [
      0.4241458773612976,
      0.08274371176958084,
      0.4931105077266693
    ],
    [
      0.8796666264533997,
      0.110391765832901,
      0.00994254183024168
    ],
    [
      0.5070264339447021,
      0.19057321548461914,
      0.302400141954422
    ],
    [
      0.23233172297477722,
      0.6802956461906433,
      0.08737294375896454
    ],
    [
      0.8635095953941345,
      0.11790056526660919,
      0.018590249121189117
    ],
    [
      0.8474106788635254,
      0.12428803741931915,
      0.028300942853093147
    ],
    [
      0.6283988356590271,
      0.2835886478424072,
      0.08801267296075821
    ],
    [
      0.8196725249290466,
      0.1545805037021637,
      0.025746965780854225
    ],
    [
      0.07035187631845474,
      0.851959764957428,
      0.07768896967172623
    ],
    [
      0.32912585139274597,
      0.5936017632484436,
      0.0772726982831955
    ],
    [
      0.2293177992105484,
      0.754462480545044,
      0.016220277175307274
    ],
    [
      0.35189110040664673,
      0.624175488948822,
      0.023932553827762604
    ],
    [
      0.7429744601249695,
      0.21971964836120605,
      0.037306178361177444
    ],
    [
      0.127167746424675,
      0.13265347480773926,
      0.7401788234710693
    ],
    [
      0.07475674152374268,
      0.18227334320545197,
      0.7429697513580322
    ],
    [
      0.44672277569770813,
      0.38800573348999023,
      0.16527174413204193
    ],
    [
      0.18495292961597443,
      0.23320522904396057,
      0.5818413496017456
    ],
    [
      0.08077800273895264,
      0.21425685286521912,
      0.7049643993377686
    ],
    [
      0.08423523604869843,
      0.651156485080719,
      0.26460886001586914
    ],
    [
      0.13121408224105835,
      0.4381465017795563,
      0.4306385815143585
    ],
    [
      0.1879090964794159,
      0.7627304196357727,
      0.049360569566488266
    ],
    [
      0.2760797441005707,
      0.6918149590492249,
      0.032105326652526855
    ],
    [
      0.7660108804702759,
      0.19558754563331604,
      0.03840174898505211
    ],
    [
      0.4632749855518341,
      0.4979829490184784,
      0.03874245658516884
    ],
    [
      0.8930723071098328,
      0.0939212515950203,
      0.013008002191781998
    ],
    [
      0.08046603202819824,
      0.8893576860427856,
      0.030175520107150078
    ],
    [
      0.13709406554698944,
      0.1873185783624649,
      0.6755877137184143
    ],
    [
      0.024756254628300667,
      0.10680916160345078,
      0.8684340119361877
    ],
    [
      0.12410581111907959,
      0.0837247297167778,
      0.7921696305274963
    ],
    [
      0.34384292364120483,
      0.21260501444339752,
      0.4435519278049469
    ],
    [
      0.2161346971988678,
      0.1907721757888794,
      0.5930934548377991
    ],
    [
      0.3200434744358063,
      0.6706892848014832,
      0.009267829358577728
    ],
    [
      0.6037651896476746,
      0.34725746512413025,
      0.04897693172097206
    ],
    [
      0.4722696840763092,
      0.11234509944915771,
      0.41538557410240173
    ],
    [
      0.7621281147003174,
      0.17553015053272247,
      0.06234137341380119
    ],
    [
      0.1748378425836563,
      0.8121260404586792,
      0.01303646806627512
    ],
    [
      0.4691609740257263,
      0.5024486780166626,
      0.02839061990380287
    ],
    [
      0.8604524731636047,
      0.11639761924743652,
      0.023149985820055008
    ],
    [
      0.26708629727363586,
      0.05981004610657692,
      0.6731034517288208
    ],
    [
      0.06309078633785248,
      0.4351426661014557,
      0.5017662048339844
    ],
    [
      0.8424216508865356,
      0.12613257765769958,
      0.031446490436792374
    ],
    [
      0.025339148938655853,
      0.53261798620224,
      0.4420429468154907
    ],
    [
      0.29632365703582764,
      0.5827915072441101,
      0.12088446319103241
    ]
  ],