{
  "N": 112800,
  "usage": [
    0.3890596628189087,
    0.3607540428638458,
    0.2501862645149231
  ],
  "entropy_mean": 0.6168925166130066,
  "entropy_std": 0.24439500272274017,
  "top1_share": [
    0.38085994124412537,
    0.34960994124412537,
    0.26953014731407166
  ],
  "P_expert_given_class": [
    [
      0.18508802354335785,
      0.7658506035804749,
      0.04906115308403969
    ],
    [
      0.05122099816799164,
      0.08838789910078049,
      0.8603916168212891
    ],
    [
      0.6904013156890869,
      0.2989862859249115,
      0.01061264704912901
    ],
    [
      0.9106550812721252,
      0.08683382719755173,
      0.002511619823053479
    ],
    [
      0.402363121509552,
      0.09138374030590057,
      0.5062529444694519
    ],
    [
      0.8752036690711975,
      0.11574680358171463,
      0.00904932338744402
    ],
    [
      0.5124159455299377,
      0.20043684542179108,
      0.28714674711227417
    ],
    [
      0.21365474164485931,
      0.7258579730987549,
      0.060487065464258194
    ],
    [
      0.8596380352973938,
      0.12188821285963058,
      0.01847352646291256
    ],
    [
      0.8281947374343872,
      0.14092770218849182,
      0.03087664023041725
    ],
    [
      0.6104246973991394,
      0.30558475852012634,
      0.0839894637465477
    ],
    [
      0.8166051506996155,
      0.15935227274894714,
      0.024042459204792976
    ],
    [
      0.06066955626010895,
      0.8772633671760559,
      0.06206759065389633
    ],
    [
      0.32728520035743713,
      0.600860059261322,
      0.07185515761375427
    ],
    [
      0.21643520891666412,
      0.7701327800750732,
      0.013431738130748272
    ],
    [
      0.35026031732559204,
      0.6255626678466797,
      0.024177439510822296
    ],
    [
      0.747815728187561,
      0.21758699417114258,
      0.03459809347987175
    ],
    [
      0.12713837623596191,
      0.1396484076976776,
      0.7332143187522888
    ],
    [
      0.07441490143537521,
      0.18862693011760712,
      0.7369582056999207
    ],
    [
      0.45478999614715576,
      0.37853965163230896,
      0.1666703224182129
    ],
    [
      0.1739921271800995,
      0.2203894853591919,
      0.6056185960769653
    ],
    [
      0.0784042477607727,
      0.22075510025024414,
      0.7008400559425354
    ],
    [
      0.08918696641921997,
      0.663555920124054,
      0.2472568303346634
    ],
    [
      0.12438551336526871,
      0.44436997175216675,
      0.4312435984611511
    ],
    [
      0.18268044292926788,
      0.7723729610443115,
      0.04494677111506462
    ],
    [
      0.2774371802806854,
      0.6935065984725952,
      0.029055893421173096
    ],
    [
      0.7606005072593689,
      0.2060122787952423,
      0.03338806331157684
    ],
    [
      0.43090373277664185,
      0.5304358601570129,
      0.038659822195768356
    ],
    [
      0.8913357257843018,
      0.09633363038301468,
      0.0123295858502388
    ],
    [
      0.07679948210716248,
      0.8970165252685547,
      0.026183152571320534
    ],
    [
      0.13439764082431793,
      0.17841394245624542,
      0.6871878504753113
    ],
    [
      0.024545874446630478,
      0.0884806215763092,
      0.886972963809967
    ],
    [
      0.1160229966044426,
      0.08309483528137207,
      0.8008815050125122
    ],
    [
      0.3253324031829834,
      0.20401157438755035,
      0.4706568419933319
    ],
    [
      0.20352837443351746,
      0.1742924302816391,
      0.6221798062324524
    ],
    [
      0.3184719681739807,
      0.6732292771339417,
      0.008299003355205059
    ],
    [
      0.5944117903709412,
      0.35802727937698364,
      0.047561950981616974
    ],
    [
      0.47912970185279846,
      0.11487758904695511,
      0.4059922993183136
    ],
    [
      0.757077157497406,
      0.1736326813697815,
      0.06929066777229309
    ],
    [
      0.1534978449344635,
      0.8364155292510986,
      0.010085019282996655
    ],
    [
      0.4679107069969177,
      0.5026720762252808,
      0.029417041689157486
    ],
    [
      0.8471111059188843,
      0.13007046282291412,
      0.0228183101862669
    ],
    [
      0.24787244200706482,
      0.07167862355709076,
      0.6804487705230713
    ],
    [
      0.06317629665136337,
      0.4634949862957001,
      0.47332945466041565
    ],
    [
      0.8265756368637085,
      0.14158470928668976,
      0.031839679926633835
    ],
    [
      0.025265732780098915,
      0.5388786792755127,
      0.435855507850647
    ],
    [
      0.30107834935188293,
      0.5783731937408447,
      0.12054814398288727
    ]
  ],