{
  "N": 112800,
  "usage": [
    0.2529469132423401,
    0.5204045176506042,
    0.22664856910705566
  ],
  "entropy_mean": 0.6336343288421631,
  "entropy_std": 0.25389349460601807,
  "top1_share": [
    0.219131201505661,
    0.5329875946044922,
    0.2478812038898468
  ],
  "P_expert_given_class": [
    [
      0.11173059046268463,
      0.8545618653297424,
      0.03370840102434158
    ],
    [
      0.019726313650608063,
      0.10214800387620926,
      0.8781265020370483
    ],
    [
      0.4942775368690491,
      0.4906540811061859,
      0.015068459324538708
    ],
    [
      0.6612957119941711,
      0.3328508138656616,
      0.005854398012161255
    ],
    [
      0.1877860426902771,
      0.31928136944770813,
      0.49293243885040283
    ],
    [
      0.49732375144958496,
      0.4891974925994873,
      0.013478395529091358
    ],
    [
      0.32978516817092896,
      0.44072505831718445,
      0.22949013113975525
    ],
    [
      0.19001202285289764,
      0.7891007661819458,
      0.020886613056063652
    ],
    [
      0.6404539942741394,
      0.334926962852478,
      0.024618610739707947
    ],
    [
      0.5965143442153931,
      0.3832128345966339,
      0.020272953435778618
    ],
    [
      0.40443333983421326,
      0.4919355809688568,
      0.10363095253705978
    ],
    [
      0.5318964123725891,
      0.453584223985672,
      0.014520001597702503
    ],
    [
      0.028934799134731293,
      0.9543871283531189,
      0.016677867621183395
    ],
    [
      0.26770898699760437,
      0.7085434198379517,
      0.023746376857161522
    ],
    [
      0.10278920829296112,
      0.8894163966178894,
      0.007795262150466442
    ],
    [
      0.19269020855426788,
      0.7904734015464783,
      0.01683598756790161
    ],
    [
      0.45395568013191223,
      0.5145022869110107,
      0.03154191002249718
    ],
    [
      0.09199263900518417,
      0.3274904489517212,
      0.5805175304412842
    ],
    [
      0.04531513899564743,
      0.20076817274093628,
      0.7539175748825073
    ],
    [
      0.24033068120479584,
      0.5283015966415405,
      0.2313680499792099
    ],
    [
      0.10982522368431091,
      0.311033695936203,
      0.5791402459144592
    ],
    [
      0.03863237053155899,
      0.2747955918312073,
      0.6865724921226501
    ],
    [
      0.07549382746219635,
      0.7394794225692749,
      0.1850266456604004
    ],
    [
      0.08283544331789017,
      0.4172793924808502,
      0.49988505244255066
    ],
    [
      0.10459566116333008,
      0.8643784523010254,
      0.031026124954223633
    ],
    [
      0.2044001966714859,
      0.7755749821662903,
      0.02002493292093277
    ],
    [
      0.5000990629196167,
      0.4651657044887543,
      0.03473542630672455
    ],
    [
      0.3576526343822479,
      0.5912399888038635,
      0.05110778287053108
    ],
    [
      0.624369204044342,
      0.35950201749801636,
      0.016128171235322952
    ],
    [
      0.06035993620753288,
      0.9300268292427063,
      0.009614274837076664
    ],
    [
      0.07695300132036209,
      0.306822806596756,
      0.6162241101264954
    ],
    [
      0.022196773439645767,
      0.1656622737646103,
      0.8121412992477417
    ],
    [
      0.09792935103178024,
      0.19387847185134888,
      0.7081918120384216
    ],
    [
      0.158818781375885,
      0.24984650313854218,
      0.5913344025611877
    ],
    [
      0.10225343704223633,
      0.28529536724090576,
      0.6124508380889893
    ],
    [
      0.20846232771873474,
      0.7836925983428955,
      0.007845147512853146
    ],
    [
      0.3991584777832031,
      0.5502862334251404,
      0.050555143505334854
    ],
    [
      0.30957725644111633,
      0.44664275646209717,
      0.2437799572944641
    ],
    [
      0.403085857629776,
      0.43762996792793274,
      0.1592845469713211
    ],
    [
      0.12769778072834015,
      0.8646181225776672,
      0.007683383766561747
    ],
    [
      0.25561219453811646,
      0.7207887172698975,
      0.023599011823534966
    ],
    [
      0.6018294095993042,
      0.37422046065330505,
      0.023949379101395607
    ],
    [
      0.11542268097400665,
      0.20370469987392426,
      0.6808719635009766
    ],
    [
      0.050507113337516785,
      0.7645216584205627,
      0.18497096002101898
    ],
    [
      0.5783495306968689,
      0.38963523507118225,
      0.03201529011130333
    ],
    [
      0.024631869047880173,
      0.8416251540184021,
      0.13374273478984833
    ],
    [
      0.10880392789840698,
      0.755602240562439,
      0.13559450209140778
    ]
  ],