{
  "N": 112800,
  "usage": [
    0.09856482595205307,
    0.6001013517379761,
    0.30133384466171265
  ],
  "entropy_mean": 0.5630894899368286,
  "entropy_std": 0.24283064901828766,
  "top1_share": [
    0.06398049741983414,
    0.6911436319351196,
    0.24487589299678802
  ],
  "P_expert_given_class": [
    [
      0.007269364316016436,
      0.8777448534965515,
      0.11498643457889557
    ],
    [
      0.7876312732696533,
      0.10433745384216309,
      0.10803179442882538
    ],
    [
      0.06759253889322281,
      0.8960676193237305,
      0.036340225487947464
    ],
    [
      0.048844415694475174,
      0.9264954924583435,
      0.024660451337695122
    ],
    [
      0.015872495248913765,
      0.5582953095436096,
      0.4258311092853546
    ],
    [
      0.1298062801361084,
      0.5886361002922058,
      0.28155753016471863
    ],
    [
      0.14833368360996246,
      0.70335453748703,
      0.14831215143203735
    ],
    [
      0.11156253516674042,
      0.6076613664627075,
      0.28077536821365356
    ],
    [
      0.05977163836359978,
      0.8528009653091431,
      0.08742795139551163
    ],
    [
      0.02943359687924385,
      0.8573710322380066,
      0.11319511383771896
    ],
    [
      0.031336475163698196,
      0.3707553446292877,
      0.5979074835777283
    ],
    [
      0.022157305851578712,
      0.7481813430786133,
      0.22965992987155914
    ],
    [
      0.13082566857337952,
      0.8162530660629272,
      0.052921224385499954
    ],
    [
      0.01476221065968275,
      0.7269675135612488,
      0.2582704722881317
    ],
    [
      0.028877025470137596,
      0.9162514209747314,
      0.05487114563584328
    ],
    [
      0.11601032316684723,
      0.6523796916007996,
      0.23160962760448456
    ],
    [
      0.028820455074310303,
      0.8097102642059326,
      0.1614684760570526
    ],
    [
      0.01182660460472107,
      0.14817196130752563,
      0.8400006294250488
    ],
    [
      0.6989150643348694,
      0.20178917050361633,
      0.09929538518190384
    ],
    [
      0.18155759572982788,
      0.696128785610199,
      0.12231328338384628
    ],
    [
      0.011323690414428711,
      0.20003733038902283,
      0.7886397242546082
    ],
    [
      0.6721565127372742,
      0.20992669463157654,
      0.11791715025901794
    ],
    [
      0.0025128403212875128,
      0.06538322567939758,
      0.9321032762527466
    ],
    [
      0.016880055889487267,
      0.3634819984436035,
      0.6196379661560059
    ],
    [
      0.008967233821749687,
      0.8628333806991577,
      0.12819965183734894
    ],
    [
      0.05175860971212387,
      0.6290304064750671,
      0.31921103596687317
    ],
    [
      0.0029658772982656956,
      0.887437105178833,
      0.10959639400243759
    ],
    [
      0.01987309381365776,
      0.6485446691513062,
      0.33158260583877563
    ],
    [
      0.13591033220291138,
      0.8018180131912231,
      0.0622713528573513
    ],
    [
      0.03792666271328926,
      0.5356316566467285,
      0.4264412224292755
    ],
    [
      0.026638103649020195,
      0.7437417507171631,
      0.22961944341659546
    ],
    [
      0.10123571753501892,
      0.6868995428085327,
      0.2118643820285797
    ],
    [
      0.0026586323510855436,
      0.43708232045173645,
      0.5602595210075378
    ],
    [
      0.010419235564768314,
      0.2600264251232147,
      0.7295543551445007
    ],
    [
      0.028589626774191856,
      0.5836354494094849,
      0.3877744674682617
    ],
    [
      0.03830403462052345,
      0.9132552146911621,
      0.04844111576676369
    ],
    [
      0.010201431810855865,
      0.8612558245658875,
      0.12854242324829102
    ],
    [
      0.17252790927886963,
      0.4460963308811188,
      0.38137587904930115
    ],
    [
      0.061861634254455566,
      0.7843515276908875,
      0.15378586947917938
    ],
    [
      0.02509394846856594,
      0.9375060796737671,
      0.03739871829748154
    ],
    [
      0.13487574458122253,
      0.6436102986335754,
      0.22151468694210052
    ],
    [
      0.03777012974023819,
      0.8797879219055176,
      0.0824420377612114
    ],
    [
      0.12233107537031174,
      0.11568337678909302,
      0.7619850635528564
    ],
    [
      0.014182724989950657,
      0.09884072095155716,
      0.8869774341583252
    ],
    [
      0.050780925899744034,
      0.8521910905838013,
      0.09702818840742111
    ],
    [
      0.11038947105407715,
      0.2525138854980469,
      0.6370962262153625
    ],
    [
      0.053205180913209915,
      0.4448011815547943,
      0.5019941329956055
    ]
  ],