{
  "N": 112800,
  "usage": [
    0.1186937466263771,
    0.5714759826660156,
    0.3098303973674774
  ],
  "entropy_mean": 0.5784227252006531,
  "entropy_std": 0.24854563176631927,
  "top1_share": [
    0.07110815495252609,
    0.65925532579422,
    0.26963651180267334
  ],
  "P_expert_given_class": [
    [
      0.008662417531013489,
      0.8686317205429077,
      0.12270504236221313
    ],
    [
      0.8525463342666626,
      0.06147673353552818,
      0.08597774803638458
    ],
    [
      0.0866425409913063,
      0.8711802363395691,
      0.042178019881248474
    ],
    [
      0.0795668363571167,
      0.8937082886695862,
      0.02672426775097847
    ],
    [
      0.023544946685433388,
      0.5386159420013428,
      0.43783921003341675
    ],
    [
      0.19056373834609985,
      0.5238866806030273,
      0.28554999828338623
    ],
    [
      0.16173721849918365,
      0.6976392865180969,
      0.14062349498271942
    ],
    [
      0.14325252175331116,
      0.524127185344696,
      0.33262020349502563
    ],
    [
      0.09820202738046646,
      0.8216970562934875,
      0.08010008186101913
    ],
    [
      0.054149702191352844,
      0.8530300259590149,
      0.0928189754486084
    ],
    [
      0.028254838660359383,
      0.31288236379623413,
      0.6588620543479919
    ],
    [
      0.027260595932602882,
      0.7423779368400574,
      0.2303614765405655
    ],
    [
      0.1750989705324173,
      0.7647455334663391,
      0.060155488550662994
    ],
    [
      0.02056807093322277,
      0.7428761124610901,
      0.23655535280704498
    ],
    [
      0.03477732837200165,
      0.9055556058883667,
      0.05966716632246971
    ],
    [
      0.14350640773773193,
      0.6571916937828064,
      0.1993018090724945
    ],
    [
      0.05171789601445198,
      0.8133590817451477,
      0.13492268323898315
    ],
    [
      0.014487090520560741,
      0.1322581171989441,
      0.8532538414001465
    ],
    [
      0.7485561966896057,
      0.16326667368412018,
      0.08817702531814575
    ],
    [
      0.2362067848443985,
      0.6396191120147705,
      0.12417424470186234
    ],
    [
      0.013840608298778534,
      0.16436748206615448,
      0.8217911124229431
    ],
    [
      0.7474126219749451,
      0.15445411205291748,
      0.0981336385011673
    ],
    [
      0.0021667012479156256,
      0.05305519327521324,
      0.9447781443595886
    ],
    [
      0.023389268666505814,
      0.37988564372062683,
      0.5967262983322144
    ],
    [
      0.011098746210336685,
      0.8365093469619751,
      0.15239150822162628
    ],
    [
      0.08209741860628128,
      0.6187911033630371,
      0.29911184310913086
    ],
    [
      0.003928069490939379,
      0.8896855711936951,
      0.10638609528541565
    ],
    [
      0.02622065506875515,
      0.5794627070426941,
      0.3943171799182892
    ],
    [
      0.1944907307624817,
      0.7562504410743713,
      0.04925995692610741
    ],
    [
      0.060707543045282364,
      0.5041807293891907,
      0.4351117014884949
    ],
    [
      0.02757706679403782,
      0.6931778192520142,
      0.27924561500549316
    ],
    [
      0.08972731232643127,
      0.652529776096344,
      0.257743239402771
    ],
    [
      0.00336735718883574,
      0.3958774507045746,
      0.6007546782493591
    ],
    [
      0.014822348020970821,
      0.23186816275119781,
      0.7533101439476013
    ],
    [
      0.03913584351539612,
      0.4875416159629822,
      0.4733220934867859
    ],
    [
      0.04980966076254845,
      0.8786724805831909,
      0.07151786237955093
    ],
    [
      0.012337004765868187,
      0.8554169535636902,
      0.13224591314792633
    ],
    [
      0.20997779071331024,
      0.39834725856781006,
      0.39167454838752747
    ],
    [
      0.1103101447224617,
      0.7603601813316345,
      0.1293293535709381
    ],
    [
      0.03748698905110359,
      0.9104834794998169,
      0.05203092098236084
    ],
    [
      0.1682506650686264,
      0.6378207206726074,
      0.193928062915802
    ],
    [
      0.05842912197113037,
      0.870012640953064,
      0.07155773043632507
    ],
    [
      0.11759144812822342,
      0.10249023884534836,
      0.7799184918403625
    ],
    [
      0.009471826255321503,
      0.07645449787378311,
      0.9140754342079163
    ],
    [
      0.07550022006034851,
      0.8437893390655518,
      0.08070925623178482
    ],
    [
      0.14237312972545624,
      0.1887502670288086,
      0.6688761711120605
    ],
    [
      0.06778505444526672,
      0.41100284457206726,
      0.5212115049362183
    ]
  ],