{
  "N": 112800,
  "usage": [
    0.1489221155643463,
    0.5145682096481323,
    0.336509644985199
  ],
  "entropy_mean": 0.5825242400169373,
  "entropy_std": 0.27625471353530884,
  "top1_share": [
    0.08943262696266174,
    0.5843085050582886,
    0.3262588679790497
  ],
  "P_expert_given_class": [
    [
      0.012722279876470566,
      0.8542638421058655,
      0.13301332294940948
    ],
    [
      0.9144341945648193,
      0.026973260566592216,
      0.05859367549419403
    ],
    [
      0.11482789367437363,
      0.8436211943626404,
      0.04155149310827255
    ],
    [
      0.12607792019844055,
      0.8380473852157593,
      0.03587507829070091
    ],
    [
      0.05976426601409912,
      0.45671331882476807,
      0.48352259397506714
    ],
    [
      0.2738516628742218,
      0.39818620681762695,
      0.32796257734298706
    ],
    [
      0.1606895476579666,
      0.6664300560951233,
      0.17288021743297577
    ],
    [
      0.18761536478996277,
      0.37128758430480957,
      0.44109681248664856
    ],
    [
      0.16725043952465057,
      0.7315405607223511,
      0.10120879858732224
    ],
    [
      0.08537185937166214,
      0.8006616830825806,
      0.11396657675504684
    ],
    [
      0.03374660760164261,
      0.2013554871082306,
      0.7648985385894775
    ],
    [
      0.023483244702219963,
      0.7255791425704956,
      0.25093740224838257
    ],
    [
      0.24626266956329346,
      0.6749061346054077,
      0.07883047312498093
    ],
    [
      0.025805221870541573,
      0.7499693036079407,
      0.22422552108764648
    ],
    [
      0.042113907635211945,
      0.9004663228988647,
      0.05741913616657257
    ],
    [
      0.18924015760421753,
      0.637943685054779,
      0.17281633615493774
    ],
    [
      0.054751429706811905,
      0.8034783601760864,
      0.14176928997039795
    ],
    [
      0.011505257338285446,
      0.06688299775123596,
      0.9216121435165405
    ],
    [
      0.8123146295547485,
      0.13299043476581573,
      0.054695047438144684
    ],
    [
      0.31401145458221436,
      0.5763375163078308,
      0.10965054482221603
    ],
    [
      0.01633482798933983,
      0.09139791131019592,
      0.8922659158706665
    ],
    [
      0.8330610394477844,
      0.09248597919940948,
      0.07445213198661804
    ],
    [
      0.001480613136664033,
      0.026613378897309303,
      0.9719058275222778
    ],
    [
      0.027237897738814354,
      0.3086353540420532,
      0.6641271710395813
    ],
    [
      0.01676197722554207,
      0.8182963132858276,
      0.1649419069290161
    ],
    [
      0.12532839179039001,
      0.5664830207824707,
      0.3081892132759094
    ],
    [
      0.005198622588068247,
      0.8996480107307434,
      0.0951533243060112
    ],
    [
      0.03378022089600563,
      0.5159906148910522,
      0.4502291977405548
    ],
    [
      0.27350735664367676,
      0.6825927495956421,
      0.043900586664676666
    ],
    [
      0.05458740144968033,
      0.46997129917144775,
      0.4754413962364197
    ],
    [
      0.04993974044919014,
      0.5448054075241089,
      0.40525463223457336
    ],
    [
      0.12501217424869537,
      0.531148374080658,
      0.3438394367694855
    ],
    [
      0.004568987060338259,
      0.2717563807964325,
      0.7236749529838562
    ],
    [
      0.02471623569726944,
      0.17736609280109406,
      0.7979184985160828
    ],
    [
      0.06733140349388123,
      0.36915645003318787,
      0.5635116696357727
    ],
    [
      0.04083331301808357,
      0.8890999555587769,
      0.070066899061203
    ],
    [
      0.01395108737051487,
      0.8390831351280212,
      0.14696557819843292
    ],
    [
      0.24070978164672852,
      0.27747204899787903,
      0.48181799054145813
    ],
    [
      0.21071316301822662,
      0.674971342086792,
      0.11431553959846497
    ],
    [
      0.02525457553565502,
      0.9323458671569824,
      0.04239916428923607
    ],
    [
      0.22310315072536469,
      0.600118100643158,
      0.17677950859069824
    ],
    [
      0.08335084468126297,
      0.8346856236457825,
      0.08196400105953217
    ],
    [
      0.16276314854621887,
      0.057603996247053146,
      0.7796332240104675
    ],
    [
      0.013347841799259186,
      0.04841001331806183,
      0.9382419586181641
    ],
    [
      0.11066988855600357,
      0.7877406477928162,
      0.10158806294202805
    ],
    [
      0.2788570523262024,
      0.11454358696937561,
      0.6065994501113892
    ],
    [
      0.08109834045171738,
      0.30464887619018555,
      0.614253044128418
    ]
  ],