{
  "N": 112800,
  "usage": [
    0.1359216421842575,
    0.5383580923080444,
    0.32572028040885925
  ],
  "entropy_mean": 0.5799115896224976,
  "entropy_std": 0.26673731207847595,
  "top1_share": [
    0.08037234097719193,
    0.611914873123169,
    0.30771276354789734
  ],
  "P_expert_given_class": [
    [
      0.01277172937989235,
      0.8561853170394897,
      0.13104304671287537
    ],
    [
      0.8984546661376953,
      0.03781986981630325,
      0.06372541934251785
    ],
    [
      0.10595811158418655,
      0.8516635298728943,
      0.042378075420856476
    ],
    [
      0.1086680069565773,
      0.8561601042747498,
      0.03517228737473488
    ],
    [
      0.03152773529291153,
      0.4713297486305237,
      0.4971424341201782
    ],
    [
      0.254925936460495,
      0.44118908047676086,
      0.30388516187667847
    ],
    [
      0.14997832477092743,
      0.6881377100944519,
      0.16188442707061768
    ],
    [
      0.17327658832073212,
      0.46281886100769043,
      0.363904744386673
    ],
    [
      0.12861484289169312,
      0.7806057929992676,
      0.09077879041433334
    ],
    [
      0.07291193306446075,
      0.8285040855407715,
      0.09858348220586777
    ],
    [
      0.036320120096206665,
      0.23511622846126556,
      0.7285640835762024
    ],
    [
      0.02493162266910076,
      0.7274606227874756,
      0.24760793149471283
    ],
    [
      0.2140318602323532,
      0.7160782217979431,
      0.06989073753356934
    ],
    [
      0.02973669022321701,
      0.7438927292823792,
      0.2263704389333725
    ],
    [
      0.034911077469587326,
      0.9082542657852173,
      0.05683436244726181
    ],
    [
      0.16235880553722382,
      0.6598533987998962,
      0.17778682708740234
    ],
    [
      0.05356672778725624,
      0.8126195669174194,
      0.13381391763687134
    ],
    [
      0.009968412108719349,
      0.08205755054950714,
      0.9079742431640625
    ],
    [
      0.7906544208526611,
      0.14533807337284088,
      0.06400856375694275
    ],
    [
      0.26268279552459717,
      0.6196131706237793,
      0.11770380288362503
    ],
    [
      0.016289332881569862,
      0.1187739148736,
      0.8649369478225708
    ],
    [
      0.8014732599258423,
      0.12103408575057983,
      0.07749277353286743
    ],
    [
      0.002272567944601178,
      0.034467920660972595,
      0.9632596969604492
    ],
    [
      0.03296133130788803,
      0.3307488262653351,
      0.6362892389297485
    ],
    [
      0.015327624045312405,
      0.8198719620704651,
      0.1648007333278656
    ],
    [
      0.11628629267215729,
      0.5888091325759888,
      0.2949036955833435
    ],
    [
      0.005123683717101812,
      0.9034075140953064,
      0.09146874397993088
    ],
    [
      0.037157829850912094,
      0.5326410531997681,
      0.4302010238170624
    ],
    [
      0.23389028012752533,
      0.7180820107460022,
      0.04802722483873367
    ],
    [
      0.05429454892873764,
      0.5194600820541382,
      0.42624545097351074
    ],
    [
      0.038805995136499405,
      0.5916767120361328,
      0.3695167601108551
    ],
    [
      0.09858956187963486,
      0.5836895704269409,
      0.31772056221961975
    ],
    [
      0.0049681090749800205,
      0.31643787026405334,
      0.6785940527915955
    ],
    [
      0.02074652910232544,
      0.1995122879743576,
      0.7797420024871826
    ],
    [
      0.04170235991477966,
      0.4108675718307495,
      0.5474305748939514
    ],
    [
      0.045378245413303375,
      0.8740792870521545,
      0.08054135739803314
    ],
    [
      0.013501165434718132,
      0.8418882489204407,
      0.14461062848567963
    ],
    [
      0.22598899900913239,
      0.32180464267730713,
      0.4522068202495575
    ],
    [
      0.17246226966381073,
      0.7048085331916809,
      0.12272940576076508
    ],
    [
      0.02521422877907753,
      0.9254971146583557,
      0.04928910359740257
    ],
    [
      0.18970192968845367,
      0.6340941786766052,
      0.17620332539081573
    ],
    [
      0.07163502275943756,
      0.8506408333778381,
      0.07772475481033325
    ],
    [
      0.14925405383110046,
      0.0676746591925621,
      0.7830701470375061
    ],
    [
      0.013284469023346901,
      0.057236138731241226,
      0.9294794797897339
    ],
    [
      0.08989270031452179,
      0.8181720972061157,
      0.09193595498800278
    ],
    [
      0.24746567010879517,
      0.14777840673923492,
      0.6047562956809998
    ],
    [
      0.06840048730373383,
      0.3449767231941223,
      0.5866230130195618
    ]
  ],