{
  "N": 112800,
  "usage": [
    0.13870765268802643,
    0.5294947028160095,
    0.33179762959480286
  ],
  "entropy_mean": 0.5794366598129272,
  "entropy_std": 0.2708829939365387,
  "top1_share": [
    0.08290780335664749,
    0.6002127528190613,
    0.31687942147254944
  ],
  "P_expert_given_class": [
    [
      0.014363236725330353,
      0.8530740141868591,
      0.13256146013736725
    ],
    [
      0.9014365673065186,
      0.037967875599861145,
      0.06059469282627106
    ],
    [
      0.10700040310621262,
      0.8512576222419739,
      0.04174138233065605
    ],
    [
      0.10235424339771271,
      0.8588047027587891,
      0.03884099796414375
    ],
    [
      0.039018187671899796,
      0.4785102903842926,
      0.48247233033180237
    ],
    [
      0.2727292776107788,
      0.41197070479393005,
      0.3152996301651001
    ],
    [
      0.143341064453125,
      0.6940935850143433,
      0.16256441175937653
    ],
    [
      0.16198819875717163,
      0.4365406334400177,
      0.40147098898887634
    ],
    [
      0.14553984999656677,
      0.7584298849105835,
      0.0960308238863945
    ],
    [
      0.07301630079746246,
      0.8234605193138123,
      0.10352273285388947
    ],
    [
      0.03102896735072136,
      0.22071485221385956,
      0.7482554316520691
    ],
    [
      0.02059813216328621,
      0.7168720960617065,
      0.26252907514572144
    ],
    [
      0.23098398745059967,
      0.707156777381897,
      0.06186029314994812
    ],
    [
      0.03015727736055851,
      0.7441057562828064,
      0.2257363349199295
    ],
    [
      0.0386626198887825,
      0.9071236252784729,
      0.05421336367726326
    ],
    [
      0.18215467035770416,
      0.6423099637031555,
      0.17553597688674927
    ],
    [
      0.050384096801280975,
      0.8230061531066895,
      0.12660950422286987
    ],
    [
      0.00821029581129551,
      0.07854762673377991,
      0.9132421016693115
    ],
    [
      0.7903242707252502,
      0.14703337848186493,
      0.06264150142669678
    ],
    [
      0.270779550075531,
      0.6113898754119873,
      0.11783159524202347
    ],
    [
      0.014902356080710888,
      0.11678087711334229,
      0.8683176636695862
    ],
    [
      0.8161488771438599,
      0.11343035101890564,
      0.07041967660188675
    ],
    [
      0.0012761398684233427,
      0.027035783976316452,
      0.9716873168945312
    ],
    [
      0.028188521042466164,
      0.31469887495040894,
      0.6571125984191895
    ],
    [
      0.01811235584318638,
      0.8183333873748779,
      0.16355420649051666
    ],
    [
      0.12435344606637955,
      0.551038920879364,
      0.32460689544677734
    ],
    [
      0.00562872551381588,
      0.902208149433136,
      0.09216292202472687
    ],
    [
      0.03568083047866821,
      0.5222183465957642,
      0.4421004354953766
    ],
    [
      0.25101783871650696,
      0.7012006044387817,
      0.047781456261873245
    ],
    [
      0.055627357214689255,
      0.4667012393474579,
      0.47767114639282227
    ],
    [
      0.04767805337905884,
      0.5833272337913513,
      0.36899450421333313
    ],
    [
      0.11592542380094528,
      0.546445369720459,
      0.33762869238853455
    ],
    [
      0.0048150490038096905,
      0.3054910898208618,
      0.6896936297416687
    ],
    [
      0.019692689180374146,
      0.18342608213424683,
      0.7968807220458984
    ],
    [
      0.04807230457663536,
      0.39100247621536255,
      0.560925304889679
    ],
    [
      0.04169781506061554,
      0.8817899823188782,
      0.07651173323392868
    ],
    [
      0.01418914832174778,
      0.8492443561553955,
      0.13656626641750336
    ],
    [
      0.20086492598056793,
      0.31862589716911316,
      0.4805089235305786
    ],
    [
      0.18257088959217072,
      0.695863664150238,
      0.12156528234481812
    ],
    [
      0.028949839994311333,
      0.9251307249069214,
      0.04592128098011017
    ],
    [
      0.21340347826480865,
      0.6108266711235046,
      0.17576929926872253
    ],
    [
      0.07865414023399353,
      0.8442317843437195,
      0.07711389660835266
    ],
    [
      0.1297488957643509,
      0.06869678199291229,
      0.8015549182891846
    ],
    [
      0.010949797928333282,
      0.052401963621377945,
      0.9366480708122253
    ],
    [
      0.09828322380781174,
      0.8101704120635986,
      0.09154567122459412
    ],
    [
      0.25039419531822205,
      0.14792798459529877,
      0.6016785502433777
    ],
    [
      0.06835915893316269,
      0.33562928438186646,
      0.5960116386413574
    ]
  ],