{
  "N": 112800,
  "usage": [
    0.13306662440299988,
    0.5426037311553955,
    0.3243296444416046
  ],
  "entropy_mean": 0.5807213187217712,
  "entropy_std": 0.26048609614372253,
  "top1_share": [
    0.07744681090116501,
    0.6193882822990417,
    0.30316489934921265
  ],
  "P_expert_given_class": [
    [
      0.009708021767437458,
      0.8587528467178345,
      0.13153915107250214
    ],
    [
      0.8908141851425171,
      0.04297202453017235,
      0.06621448695659637
    ],
    [
      0.11446047574281693,
      0.8468520045280457,
      0.038687098771333694
    ],
    [
      0.1064976379275322,
      0.8626402020454407,
      0.030861880630254745
    ],
    [
      0.027616510167717934,
      0.49386078119277954,
      0.47852376103401184
    ],
    [
      0.23724743723869324,
      0.4605589807033539,
      0.302193820476532
    ],
    [
      0.1516200304031372,
      0.682162344455719,
      0.16621725261211395
    ],
    [
      0.16936376690864563,
      0.47209736704826355,
      0.35853856801986694
    ],
    [
      0.11784108728170395,
      0.788161039352417,
      0.0939967930316925
    ],
    [
      0.06687863171100616,
      0.8406984210014343,
      0.09242315590381622
    ],
    [
      0.035190150141716,
      0.2556917071342468,
      0.7091178297996521
    ],
    [
      0.022222591564059258,
      0.7238249778747559,
      0.2539524435997009
    ],
    [
      0.21990196406841278,
      0.7154364585876465,
      0.06466226279735565
    ],
    [
      0.02341838926076889,
      0.7523555159568787,
      0.22422564029693604
    ],
    [
      0.042548567056655884,
      0.8959811329841614,
      0.06146939471364021
    ],
    [
      0.1708439439535141,
      0.6562525033950806,
      0.17290319502353668
    ],
    [
      0.0508037805557251,
      0.8113864660263062,
      0.13781017065048218
    ],
    [
      0.010518348775804043,
      0.09780526161193848,
      0.8916754126548767
    ],
    [
      0.7882874011993408,
      0.14743965864181519,
      0.064273402094841
    ],
    [
      0.26323187351226807,
      0.6219574809074402,
      0.11480966210365295
    ],
    [
      0.014355281367897987,
      0.12211677432060242,
      0.8635272979736328
    ],
    [
      0.7916414141654968,
      0.12736348807811737,
      0.0809946283698082
    ],
    [
      0.0019607022404670715,
      0.033855751156806946,
      0.9641843438148499
    ],
    [
      0.028035735711455345,
      0.3464653193950653,
      0.6254994869232178
    ],
    [
      0.013525376096367836,
      0.8278368711471558,
      0.15863825380802155
    ],
    [
      0.10792812705039978,
      0.5734977126121521,
      0.3185743987560272
    ],
    [
      0.0036835772916674614,
      0.8955202102661133,
      0.10079675912857056
    ],
    [
      0.03209802135825157,
      0.5436242818832397,
      0.42427781224250793
    ],
    [
      0.23026107251644135,
      0.723204493522644,
      0.04653419181704521
    ],
    [
      0.06306369602680206,
      0.4981077015399933,
      0.4388279616832733
    ],
    [
      0.04022027552127838,
      0.6063442230224609,
      0.3534356355667114
    ],
    [
      0.10796152800321579,
      0.578976571559906,
      0.3130621910095215
    ],
    [
      0.004375247284770012,
      0.3250606656074524,
      0.670563280582428
    ],
    [
      0.015574733726680279,
      0.20676149427890778,
      0.7776636481285095
    ],
    [
      0.042244795709848404,
      0.40923869609832764,
      0.5485168695449829
    ],
    [
      0.048344261944293976,
      0.8803554177284241,
      0.07130114734172821
    ],
    [
      0.014545942656695843,
      0.8444772362709045,
      0.14097687602043152
    ],
    [
      0.2242298126220703,
      0.30568304657936096,
      0.47008681297302246
    ],
    [
      0.15933430194854736,
      0.7237724661827087,
      0.1168927401304245
    ],
    [
      0.031019071117043495,
      0.9132595062255859,
      0.05572151765227318
    ],
    [
      0.19499889016151428,
      0.6302339434623718,
      0.17476755380630493
    ],
    [
      0.0668945163488388,
      0.8593603372573853,
      0.07374600321054459
    ],
    [
      0.13958144187927246,
      0.07317245751619339,
      0.7872463464736938
    ],
    [
      0.010790472850203514,
      0.06538067758083344,
      0.9238284230232239
    ],
    [
      0.0839177593588829,
      0.8283809423446655,
      0.08770035207271576
    ],
    [
      0.2011597752571106,
      0.1590358465909958,
      0.639803946018219
    ],
    [
      0.06337172538042068,
      0.3744020462036133,
      0.5622259378433228
    ]
  ],