{
  "N": 112800,
  "usage": [
    0.09078247100114822,
    0.6103220582008362,
    0.2988955080509186
  ],
  "entropy_mean": 0.5636486411094666,
  "entropy_std": 0.2377374768257141,
  "top1_share": [
    0.06145390123128891,
    0.7034131288528442,
    0.23513297736644745
  ],
  "P_expert_given_class": [
    [
      0.010074520483613014,
      0.8694157004356384,
      0.12050937861204147
    ],
    [
      0.7544557452201843,
      0.12000352144241333,
      0.12553997337818146
    ],
    [
      0.05228346586227417,
      0.9083961248397827,
      0.039321575313806534
    ],
    [
      0.037350352853536606,
      0.9330028295516968,
      0.029645945876836777
    ],
    [
      0.01627001166343689,
      0.5829622149467468,
      0.40076887607574463
    ],
    [
      0.1147565171122551,
      0.6083629727363586,
      0.2768808901309967
    ],
    [
      0.14219611883163452,
      0.7059505581855774,
      0.15185390412807465
    ],
    [
      0.08963780850172043,
      0.6437267065048218,
      0.26663532853126526
    ],
    [
      0.052397221326828,
      0.8532835841178894,
      0.09431922435760498
    ],
    [
      0.027892647311091423,
      0.8552142381668091,
      0.11689335852861404
    ],
    [
      0.032880544662475586,
      0.39269378781318665,
      0.5744267106056213
    ],
    [
      0.02229429967701435,
      0.7499427795410156,
      0.22776250541210175
    ],
    [
      0.12189753353595734,
      0.8234215378761292,
      0.054680753499269485
    ],
    [
      0.015604696236550808,
      0.7177994847297668,
      0.26659560203552246
    ],
    [
      0.032596100121736526,
      0.9145295023918152,
      0.052874285727739334
    ],
    [
      0.10157396644353867,
      0.6660600900650024,
      0.23236556351184845
    ],
    [
      0.033162254840135574,
      0.8165125250816345,
      0.15032511949539185
    ],
    [
      0.010390305891633034,
      0.1560213416814804,
      0.8335883617401123
    ],
    [
      0.6707841753959656,
      0.213166743516922,
      0.11604908108711243
    ],
    [
      0.1654006987810135,
      0.6988674402236938,
      0.13573242723941803
    ],
    [
      0.010999424383044243,
      0.21668586134910583,
      0.7723138332366943
    ],
    [
      0.6341668367385864,
      0.23005788028240204,
      0.13577592372894287
    ],
    [
      0.00233669625595212,
      0.07455538958311081,
      0.9231076240539551
    ],
    [
      0.012483418919146061,
      0.3697845935821533,
      0.6177324652671814
    ],
    [
      0.013937948271632195,
      0.8553682565689087,
      0.1306929737329483
    ],
    [
      0.042094577103853226,
      0.6576651334762573,
      0.3002411127090454
    ],
    [
      0.003302726661786437,
      0.8907018303871155,
      0.10599543154239655
    ],
    [
      0.016478439792990685,
      0.6769331097602844,
      0.30658936500549316
    ],
    [
      0.12203042209148407,
      0.8060613870620728,
      0.07190810889005661
    ],
    [
      0.030403127893805504,
      0.5326365232467651,
      0.4369605481624603
    ],
    [
      0.028124017640948296,
      0.7511997222900391,
      0.22067534923553467
    ],
    [
      0.08681850880384445,
      0.6971530914306641,
      0.21602767705917358
    ],
    [
      0.002571271965280175,
      0.4522584080696106,
      0.5451699495315552
    ],
    [
      0.00789538025856018,
      0.2756643295288086,
      0.7164404988288879
    ],
    [
      0.02574736997485161,
      0.6154831051826477,
      0.35876980423927307
    ],
    [
      0.029206378385424614,
      0.9288564920425415,
      0.041936054825782776
    ],
    [
      0.010164647363126278,
      0.8628819584846497,
      0.12695394456386566
    ],
    [
      0.14750121533870697,
      0.47248363494873047,
      0.3800148665904999
    ],
    [
      0.0490042082965374,
      0.7861340045928955,
      0.16486157476902008
    ],
    [
      0.022140003740787506,
      0.9399006366729736,
      0.03795793280005455
    ],
    [
      0.11760571599006653,
      0.6644718050956726,
      0.21792268753051758
    ],
    [
      0.03402416408061981,
      0.8805278539657593,
      0.08544693142175674
    ],
    [
      0.11127052456140518,
      0.13132688403129578,
      0.7574027180671692
    ],
    [
      0.01679321564733982,
      0.1101764664053917,
      0.8730286955833435
    ],
    [
      0.044542621821165085,
      0.8534398674964905,
      0.10201858729124069
    ],
    [
      0.09376538544893265,
      0.2557227909564972,
      0.6505116820335388
    ],
    [
      0.04746894910931587,
      0.46766912937164307,
      0.48486241698265076
    ]
  ],