{
  "N": 112800,
  "usage": [
    0.06089285388588905,
    0.6663197875022888,
    0.27278733253479004
  ],
  "entropy_mean": 0.5139827728271484,
  "entropy_std": 0.2377658486366272,
  "top1_share": [
    0.05655141919851303,
    0.740026593208313,
    0.20342198014259338
  ],
  "P_expert_given_class": [
    [
      0.0090620843693614,
      0.8997238278388977,
      0.09121433645486832
    ],
    [
      0.642024040222168,
      0.16301041841506958,
      0.1949654370546341
    ],
    [
      0.011355341412127018,
      0.9461744427680969,
      0.0424693264067173
    ],
    [
      0.009037979878485203,
      0.9590189456939697,
      0.031942375004291534
    ],
    [
      0.017219452187418938,
      0.602566123008728,
      0.3802150785923004
    ],
    [
      0.05258611589670181,
      0.7113655209541321,
      0.23604822158813477
    ],
    [
      0.0820372924208641,
      0.7698066830635071,
      0.14815615117549896
    ],
    [
      0.05074041336774826,
      0.7291818261146545,
      0.22007766366004944
    ],
    [
      0.013679612427949905,
      0.9053220748901367,
      0.08099815994501114
    ],
    [
      0.011747101321816444,
      0.8894814252853394,
      0.09877097606658936
    ],
    [
      0.01882692240178585,
      0.5052533745765686,
      0.475920170545578
    ],
    [
      0.007038395386189222,
      0.8206929564476013,
      0.17226813733577728
    ],
    [
      0.07448560744524002,
      0.8695294260978699,
      0.05598505586385727
    ],
    [
      0.010245461948215961,
      0.7840036153793335,
      0.20575085282325745
    ],
    [
      0.01341019943356514,
      0.9400991797447205,
      0.046490397304296494
    ],
    [
      0.04526559263467789,
      0.7425816059112549,
      0.21215292811393738
    ],
    [
      0.023049242794513702,
      0.8577918410301208,
      0.11915875971317291
    ],
    [
      0.0083707170560956,
      0.20663681626319885,
      0.7849922180175781
    ],
    [
      0.5902761220932007,
      0.2561943829059601,
      0.15352998673915863
    ],
    [
      0.1058255285024643,
      0.7746344208717346,
      0.11954066902399063
    ],
    [
      0.006036987993866205,
      0.2796579599380493,
      0.7143040895462036
    ],
    [
      0.5147188305854797,
      0.28986480832099915,
      0.19541558623313904
    ],
    [
      0.0024647917598485947,
      0.14790944755077362,
      0.8496255278587341
    ],
    [
      0.006075042299926281,
      0.44016164541244507,
      0.5537631511688232
    ],
    [
      0.01397993415594101,
      0.8932472467422485,
      0.09277261793613434
    ],
    [
      0.014289475977420807,
      0.7299883365631104,
      0.255721777677536
    ],
    [
      0.0020724718924611807,
      0.9111260175704956,
      0.08680081367492676
    ],
    [
      0.005554677452892065,
      0.7505741715431213,
      0.24387118220329285
    ],
    [
      0.04479760676622391,
      0.8736362457275391,
      0.08156602084636688
    ],
    [
      0.014621253125369549,
      0.6025672554969788,
      0.38281139731407166
    ],
    [
      0.02141761966049671,
      0.7984423637390137,
      0.1801394820213318
    ],
    [
      0.06354913115501404,
      0.7620315551757812,
      0.17441977560520172
    ],
    [
      0.0016593735199421644,
      0.5402265787124634,
      0.4581146240234375
    ],
    [
      0.0042368522845208645,
      0.32450079917907715,
      0.6712630987167358
    ],
    [
      0.024187689647078514,
      0.7017298936843872,
      0.27408239245414734
    ],
    [
      0.007716123480349779,
      0.9553598165512085,
      0.036923397332429886
    ],
    [
      0.006920832209289074,
      0.874264121055603,
      0.11881542205810547
    ],
    [
      0.054458700120449066,
      0.5682950615882874,
      0.3772457540035248
    ],
    [
      0.018118806183338165,
      0.8018592596054077,
      0.18002252280712128
    ],
    [
      0.00679468410089612,
      0.9594165086746216,
      0.033788952976465225
    ],
    [
      0.050976820290088654,
      0.7489257454872131,
      0.20009708404541016
    ],
    [
      0.015547189861536026,
      0.9060084223747253,
      0.0784451887011528
    ],
    [
      0.04451769217848778,
      0.18277215957641602,
      0.7727102637290955
    ],
    [
      0.018908899277448654,
      0.2026597410440445,
      0.7784318327903748
    ],
    [
      0.019833669066429138,
      0.8862947821617126,
      0.09387174993753433
    ],
    [
      0.04278656467795372,
      0.352070152759552,
      0.6051436066627502
    ],
    [
      0.0394393652677536,
      0.5003698468208313,
      0.46019068360328674
    ]
  ],