{
  "N": 112800,
  "usage": [
    0.12862254679203033,
    0.5503014326095581,
    0.3210759460926056
  ],
  "entropy_mean": 0.5775384306907654,
  "entropy_std": 0.25844207406044006,
  "top1_share": [
    0.07450354844331741,
    0.6317464709281921,
    0.29374998807907104
  ],
  "P_expert_given_class": [
    [
      0.00983334332704544,
      0.8655348420143127,
      0.12463165074586868
    ],
    [
      0.8846554756164551,
      0.03894597664475441,
      0.07639896869659424
    ],
    [
      0.10181708633899689,
      0.8598572015762329,
      0.03832520917057991
    ],
    [
      0.09386738389730453,
      0.8761657476425171,
      0.02996622398495674
    ],
    [
      0.026382729411125183,
      0.5130304098129272,
      0.46058598160743713
    ],
    [
      0.21731607615947723,
      0.4909299314022064,
      0.2917540371417999
    ],
    [
      0.14420029520988464,
      0.7012340426445007,
      0.15456515550613403
    ],
    [
      0.15665513277053833,
      0.47438445687294006,
      0.36896049976348877
    ],
    [
      0.1076383963227272,
      0.7974280714988708,
      0.09493321180343628
    ],
    [
      0.07188741862773895,
      0.8287719488143921,
      0.0993419736623764
    ],
    [
      0.03643476590514183,
      0.27154871821403503,
      0.6920155882835388
    ],
    [
      0.022664520889520645,
      0.727302074432373,
      0.25003281235694885
    ],
    [
      0.20716632902622223,
      0.7307203412055969,
      0.06211286038160324
    ],
    [
      0.025130853056907654,
      0.7512905597686768,
      0.22357800602912903
    ],
    [
      0.03718794882297516,
      0.9044011235237122,
      0.05841131880879402
    ],
    [
      0.15781649947166443,
      0.6612421274185181,
      0.18094037473201752
    ],
    [
      0.04850909113883972,
      0.8128610849380493,
      0.13862943649291992
    ],
    [
      0.011799301020801067,
      0.10125726461410522,
      0.8869435787200928
    ],
    [
      0.7800381183624268,
      0.14342103898525238,
      0.07654142379760742
    ],
    [
      0.25785329937934875,
      0.624036431312561,
      0.11811033636331558
    ],
    [
      0.014974250458180904,
      0.12644220888614655,
      0.8585838079452515
    ],
    [
      0.7817538976669312,
      0.1293359100818634,
      0.08890970051288605
    ],
    [
      0.0031432921532541513,
      0.04024175927042961,
      0.956614077091217
    ],
    [
      0.030520575121045113,
      0.35305681824684143,
      0.6164231896400452
    ],
    [
      0.013335337862372398,
      0.837158203125,
      0.14950653910636902
    ],
    [
      0.1089068129658699,
      0.5880037546157837,
      0.3030896782875061
    ],
    [
      0.0036538250278681517,
      0.8923722505569458,
      0.10397431999444962
    ],
    [
      0.03566703945398331,
      0.5570442080497742,
      0.40728887915611267
    ],
    [
      0.20859020948410034,
      0.7442566156387329,
      0.04715365171432495
    ],
    [
      0.05674521625041962,
      0.48026174306869507,
      0.4629931151866913
    ],
    [
      0.0381154865026474,
      0.6373419761657715,
      0.32454168796539307
    ],
    [
      0.12083303928375244,
      0.5922397971153259,
      0.2869267463684082
    ],
    [
      0.004609955940395594,
      0.3536667823791504,
      0.641723096370697
    ],
    [
      0.015668006613850594,
      0.20244774222373962,
      0.781884491443634
    ],
    [
      0.044153694063425064,
      0.4375998377799988,
      0.5182474851608276
    ],
    [
      0.04648570343852043,
      0.8786028027534485,
      0.07491051405668259
    ],
    [
      0.014112242497503757,
      0.8533815741539001,
      0.1325063556432724
    ],
    [
      0.19979286193847656,
      0.34694239497184753,
      0.45326587557792664
    ],
    [
      0.13214296102523804,
      0.7422494888305664,
      0.12560805678367615
    ],
    [
      0.03402014449238777,
      0.9142873287200928,
      0.05169195309281349
    ],
    [
      0.17812363803386688,
      0.6453198194503784,
      0.1765562891960144
    ],
    [
      0.06718804687261581,
      0.8579716086387634,
      0.07484067976474762
    ],
    [
      0.1405562460422516,
      0.07511687278747559,
      0.78432697057724
    ],
    [
      0.012690496630966663,
      0.06226160749793053,
      0.9250490069389343
    ],
    [
      0.0868062898516655,
      0.8256867527961731,
      0.08750659972429276
    ],
    [
      0.1917537897825241,
      0.14838847517967224,
      0.659858226776123
    ],
    [
      0.06206352263689041,
      0.36812451481819153,
      0.5698111653327942
    ]
  ],