{
  "N": 112800,
  "usage": [
    0.1133517250418663,
    0.5785709619522095,
    0.30807727575302124
  ],
  "entropy_mean": 0.5786809325218201,
  "entropy_std": 0.24519021809101105,
  "top1_share": [
    0.06912233680486679,
    0.6700000166893005,
    0.26087766885757446
  ],
  "P_expert_given_class": [
    [
      0.008268400095403194,
      0.8686136603355408,
      0.12311787903308868
    ],
    [
      0.8329725861549377,
      0.0682927668094635,
      0.09873569011688232
    ],
    [
      0.08915625512599945,
      0.8700538873672485,
      0.040789783000946045
    ],
    [
      0.07082638889551163,
      0.9017047882080078,
      0.02746921218931675
    ],
    [
      0.022418005391955376,
      0.5352392792701721,
      0.44234299659729004
    ],
    [
      0.16947072744369507,
      0.539510190486908,
      0.29101988673210144
    ],
    [
      0.16597068309783936,
      0.690839409828186,
      0.14319108426570892
    ],
    [
      0.13271108269691467,
      0.5467092394828796,
      0.32057932019233704
    ],
    [
      0.0865730568766594,
      0.8281948566436768,
      0.08523206412792206
    ],
    [
      0.059995319694280624,
      0.8369627594947815,
      0.10304184257984161
    ],
    [
      0.03303954005241394,
      0.3387680947780609,
      0.6281925439834595
    ],
    [
      0.02751517854630947,
      0.7560417056083679,
      0.2164432555437088
    ],
    [
      0.1563885658979416,
      0.7812938094139099,
      0.062317028641700745
    ],
    [
      0.016935601830482483,
      0.7481755614280701,
      0.2348886877298355
    ],
    [
      0.03290480747818947,
      0.9114145636558533,
      0.05568018555641174
    ],
    [
      0.13080808520317078,
      0.6507633924484253,
      0.21842938661575317
    ],
    [
      0.046950601041316986,
      0.8104908466339111,
      0.14255793392658234
    ],
    [
      0.012831294909119606,
      0.13307233154773712,
      0.8540961742401123
    ],
    [
      0.7321972846984863,
      0.16844792664051056,
      0.09935541450977325
    ],
    [
      0.21400749683380127,
      0.66085284948349,
      0.12514019012451172
    ],
    [
      0.013582156039774418,
      0.16952362656593323,
      0.8168936371803284
    ],
    [
      0.7217609882354736,
      0.16724784672260284,
      0.11099133640527725
    ],
    [
      0.0024378146044909954,
      0.05764266476035118,
      0.9399185180664062
    ],
    [
      0.022027773782610893,
      0.3770047724246979,
      0.6009672284126282
    ],
    [
      0.011081991717219353,
      0.8425814509391785,
      0.1463361233472824
    ],
    [
      0.06848321855068207,
      0.6433433890342712,
      0.28817370533943176
    ],
    [
      0.004089181311428547,
      0.8902557492256165,
      0.10565578192472458
    ],
    [
      0.023321837186813354,
      0.6161485910415649,
      0.36052998900413513
    ],
    [
      0.1760639250278473,
      0.7641152739524841,
      0.059821147471666336
    ],
    [
      0.05298006162047386,
      0.5324802994728088,
      0.4145394265651703
    ],
    [
      0.029643617570400238,
      0.6940048933029175,
      0.2763521671295166
    ],
    [
      0.09324802458286285,
      0.6477118134498596,
      0.2590411901473999
    ],
    [
      0.003762247273698449,
      0.40551257133483887,
      0.5907251834869385
    ],
    [
      0.01564936339855194,
      0.2336285412311554,
      0.7507219314575195
    ],
    [
      0.03735508769750595,
      0.4991394579410553,
      0.463505357503891
    ],
    [
      0.050176315009593964,
      0.8933984637260437,
      0.056425537914037704
    ],
    [
      0.013195754960179329,
      0.8597403168678284,
      0.1270643174648285
    ],
    [
      0.19833897054195404,
      0.41433951258659363,
      0.38732075691223145
    ],
    [
      0.09988760948181152,
      0.7634296417236328,
      0.13668258488178253
    ],
    [
      0.0310934167355299,
      0.9199361205101013,
      0.04897042736411095
    ],
    [
      0.15077154338359833,
      0.6380748152732849,
      0.21115373075008392
    ],
    [
      0.059107616543769836,
      0.864108145236969,
      0.07678406685590744
    ],
    [
      0.13011345267295837,
      0.10236045718193054,
      0.7675272226333618
    ],
    [
      0.010585256852209568,
      0.08260547369718552,
      0.9068087935447693
    ],
    [
      0.0737767219543457,
      0.8373857736587524,
      0.08883846551179886
    ],
    [
      0.1356537938117981,
      0.20890863239765167,
      0.6554381251335144
    ],
    [
      0.057404402643442154,
      0.422769695520401,
      0.5198262929916382
    ]
  ],