{
  "N": 112800,
  "usage": [
    0.14212968945503235,
    0.5249483585357666,
    0.33292195200920105
  ],
  "entropy_mean": 0.5850392580032349,
  "entropy_std": 0.27055788040161133,
  "top1_share": [
    0.0855851098895073,
    0.5933599472045898,
    0.32105496525764465
  ],
  "P_expert_given_class": [
    [
      0.011448039673268795,
      0.8577393889427185,
      0.13081279397010803
    ],
    [
      0.9009239673614502,
      0.033008575439453125,
      0.06606809049844742
    ],
    [
      0.1154806911945343,
      0.8486053943634033,
      0.03591438755393028
    ],
    [
      0.11129749566316605,
      0.8506397008895874,
      0.03806231915950775
    ],
    [
      0.04025785252451897,
      0.46201905608177185,
      0.4977229833602905
    ],
    [
      0.2623838186264038,
      0.40811777114868164,
      0.32949820160865784
    ],
    [
      0.15225209295749664,
      0.6690502762794495,
      0.17869766056537628
    ],
    [
      0.1736792027950287,
      0.40398845076560974,
      0.4223330020904541
    ],
    [
      0.1538921296596527,
      0.7515255808830261,
      0.09458162635564804
    ],
    [
      0.08631210774183273,
      0.8046111464500427,
      0.10907652229070663
    ],
    [
      0.029027925804257393,
      0.2226169854402542,
      0.7483554482460022
    ],
    [
      0.02393413335084915,
      0.7260507941246033,
      0.25001466274261475
    ],
    [
      0.25549668073654175,
      0.6705268621444702,
      0.07397717237472534
    ],
    [
      0.029106050729751587,
      0.7514077425003052,
      0.2194867730140686
    ],
    [
      0.0355338416993618,
      0.8998740911483765,
      0.06459226459264755
    ],
    [
      0.17340902984142303,
      0.6416444778442383,
      0.18494629859924316
    ],
    [
      0.052417218685150146,
      0.8115467429161072,
      0.1360352784395218
    ],
    [
      0.008742397651076317,
      0.0849829837679863,
      0.9062754511833191
    ],
    [
      0.7979021072387695,
      0.1378549039363861,
      0.06424276530742645
    ],
    [
      0.2854629158973694,
      0.5957006812095642,
      0.11883607506752014
    ],
    [
      0.01692812703549862,
      0.11094562709331512,
      0.8721255660057068
    ],
    [
      0.819679319858551,
      0.10405854880809784,
      0.07626228034496307
    ],
    [
      0.001164544839411974,
      0.031194744631648064,
      0.967641294002533
    ],
    [
      0.02874469757080078,
      0.32660406827926636,
      0.6446524858474731
    ],
    [
      0.015092665329575539,
      0.8261998295783997,
      0.15870819985866547
    ],
    [
      0.1246347650885582,
      0.553758978843689,
      0.3216065764427185
    ],
    [
      0.005376263987272978,
      0.9016779661178589,
      0.09294528514146805
    ],
    [
      0.04034256190061569,
      0.527922511100769,
      0.43173477053642273
    ],
    [
      0.24149379134178162,
      0.7091262936592102,
      0.049380168318748474
    ],
    [
      0.053001999855041504,
      0.45402196049690247,
      0.4929760694503784
    ],
    [
      0.043086614459753036,
      0.5713335275650024,
      0.3855794668197632
    ],
    [
      0.11350705474615097,
      0.540160596370697,
      0.34633296728134155
    ],
    [
      0.004922270309180021,
      0.3127157688140869,
      0.6823620200157166
    ],
    [
      0.02405272237956524,
      0.18424026668071747,
      0.7917065024375916
    ],
    [
      0.05849180743098259,
      0.3882846236228943,
      0.5532238483428955
    ],
    [
      0.04101083427667618,
      0.8864061236381531,
      0.0725838765501976
    ],
    [
      0.016218505799770355,
      0.842464029788971,
      0.1413174271583557
    ],
    [
      0.22637543082237244,
      0.3073698580265045,
      0.4662547707557678
    ],
    [
      0.1857423335313797,
      0.7010655999183655,
      0.11319196969270706
    ],
    [
      0.03038623556494713,
      0.9230977296829224,
      0.046515800058841705
    ],
    [
      0.20619262754917145,
      0.6178339123725891,
      0.1759731024503708
    ],
    [
      0.08078953623771667,
      0.8387466669082642,
      0.08046451956033707
    ],
    [
      0.15108147263526917,
      0.06525194644927979,
      0.7836663126945496
    ],
    [
      0.01099576335400343,
      0.0523681603372097,
      0.9366358518600464
    ],
    [
      0.1056990697979927,
      0.7951194643974304,
      0.09918107837438583
    ],
    [
      0.26983538269996643,
      0.135898157954216,
      0.594266951084137
    ],
    [
      0.06629010289907455,
      0.3331946134567261,
      0.6005151271820068
    ]
  ],