{
  "N": 112800,
  "usage": [
    0.14237341284751892,
    0.5211175680160522,
    0.33650901913642883
  ],
  "entropy_mean": 0.5818135738372803,
  "entropy_std": 0.2722824215888977,
  "top1_share": [
    0.0854964554309845,
    0.5925620794296265,
    0.3219414949417114
  ],
  "P_expert_given_class": [
    [
      0.013061401434242725,
      0.8553034663200378,
      0.13163518905639648
    ],
    [
      0.9039974212646484,
      0.03408472239971161,
      0.06191807612776756
    ],
    [
      0.11169320344924927,
      0.8400089740753174,
      0.04829665645956993
    ],
    [
      0.11851464956998825,
      0.8387314081192017,
      0.04275430738925934
    ],
    [
      0.03868821635842323,
      0.4756722152233124,
      0.4856395423412323
    ],
    [
      0.26272591948509216,
      0.4082433581352234,
      0.3290310204029083
    ],
    [
      0.14350424706935883,
      0.6814712285995483,
      0.17502404749393463
    ],
    [
      0.18572767078876495,
      0.36876505613327026,
      0.4455074965953827
    ],
    [
      0.16757461428642273,
      0.737899899482727,
      0.09452516585588455
    ],
    [
      0.08370492607355118,
      0.822758674621582,
      0.09353742748498917
    ],
    [
      0.030361369252204895,
      0.2053319364786148,
      0.7643063068389893
    ],
    [
      0.027378378435969353,
      0.7253100275993347,
      0.2473130226135254
    ],
    [
      0.2431754320859909,
      0.6825854182243347,
      0.0742390975356102
    ],
    [
      0.03322507068514824,
      0.7310419678688049,
      0.23573341965675354
    ],
    [
      0.0375501774251461,
      0.9011362791061401,
      0.061313748359680176
    ],
    [
      0.16662973165512085,
      0.6658164858818054,
      0.16755342483520508
    ],
    [
      0.04968022555112839,
      0.8233619928359985,
      0.1269564926624298
    ],
    [
      0.008532741107046604,
      0.07528817653656006,
      0.9161791801452637
    ],
    [
      0.7962459921836853,
      0.1398884356021881,
      0.06386573612689972
    ],
    [
      0.29592642188072205,
      0.5921244025230408,
      0.11194980889558792
    ],
    [
      0.015477893874049187,
      0.09569290280342102,
      0.8888290524482727
    ],
    [
      0.8169397711753845,
      0.10757435113191605,
      0.07548543065786362
    ],
    [
      0.001129515585489571,
      0.029700707644224167,
      0.9691711664199829
    ],
    [
      0.03064854070544243,
      0.32033950090408325,
      0.6490108966827393
    ],
    [
      0.016859615221619606,
      0.8205898404121399,
      0.16255049407482147
    ],
    [
      0.12432534247636795,
      0.5542868971824646,
      0.32138749957084656
    ],
    [
      0.006422528997063637,
      0.8981703519821167,
      0.09540722519159317
    ],
    [
      0.03767508640885353,
      0.5109858512878418,
      0.4513396620750427
    ],
    [
      0.25271350145339966,
      0.6991647481918335,
      0.048121750354766846
    ],
    [
      0.05055985599756241,
      0.4812321960926056,
      0.46820759773254395
    ],
    [
      0.04541606083512306,
      0.5483507513999939,
      0.4062325954437256
    ],
    [
      0.12052417546510696,
      0.5295689105987549,
      0.3499070107936859
    ],
    [
      0.004517265595495701,
      0.28097525238990784,
      0.7145072221755981
    ],
    [
      0.02380751073360443,
      0.16289593279361725,
      0.813296377658844
    ],
    [
      0.05759888514876366,
      0.3822067379951477,
      0.5601944327354431
    ],
    [
      0.043936923146247864,
      0.862257182598114,
      0.09380532801151276
    ],
    [
      0.01447445247322321,
      0.8440681099891663,
      0.14145711064338684
    ],
    [
      0.21628808975219727,
      0.3086852431297302,
      0.4750271737575531
    ],
    [
      0.1942460983991623,
      0.6854007244110107,
      0.12035377323627472
    ],
    [
      0.029861867427825928,
      0.9185338616371155,
      0.05160382017493248
    ],
    [
      0.1979767382144928,
      0.633063554763794,
      0.16896072030067444
    ],
    [
      0.0832398384809494,
      0.8438453674316406,
      0.07291620969772339
    ],
    [
      0.14700564742088318,
      0.06258198618888855,
      0.7904114723205566
    ],
    [
      0.011160637252032757,
      0.04853628948330879,
      0.9403029084205627
    ],
    [
      0.11022445559501648,
      0.7997723817825317,
      0.0900033488869667
    ],
    [
      0.2618911862373352,
      0.13345403969287872,
      0.6046550273895264
    ],
    [
      0.05873143672943115,
      0.32577067613601685,
      0.6154981255531311
    ]
  ],