{
  "N": 112800,
  "usage": [
    0.12264111638069153,
    0.5667449235916138,
    0.3106139898300171
  ],
  "entropy_mean": 0.5790579915046692,
  "entropy_std": 0.25335419178009033,
  "top1_share": [
    0.07146276533603668,
    0.6510106325149536,
    0.2775265872478485
  ],
  "P_expert_given_class": [
    [
      0.007639540825039148,
      0.8752396702766418,
      0.11711973696947098
    ],
    [
      0.863312304019928,
      0.05641918256878853,
      0.08026833087205887
    ],
    [
      0.09812179207801819,
      0.8587343096733093,
      0.043143998831510544
    ],
    [
      0.08566763997077942,
      0.8848025798797607,
      0.029530195519328117
    ],
    [
      0.026386404410004616,
      0.5266364812850952,
      0.44697678089141846
    ],
    [
      0.21043609082698822,
      0.4853544235229492,
      0.3042098581790924
    ],
    [
      0.13360105454921722,
      0.7192478179931641,
      0.14715199172496796
    ],
    [
      0.1526256948709488,
      0.5243571996688843,
      0.32301849126815796
    ],
    [
      0.09159354865550995,
      0.8204171061515808,
      0.087988942861557
    ],
    [
      0.06208553910255432,
      0.8437765836715698,
      0.09413809329271317
    ],
    [
      0.02898213639855385,
      0.30194416642189026,
      0.6690734624862671
    ],
    [
      0.021750804036855698,
      0.7419618964195251,
      0.23628662526607513
    ],
    [
      0.19231899082660675,
      0.750805675983429,
      0.056875310838222504
    ],
    [
      0.022154202684760094,
      0.7622174620628357,
      0.21562838554382324
    ],
    [
      0.03735184669494629,
      0.8996774554252625,
      0.06297072768211365
    ],
    [
      0.15014617145061493,
      0.6620321869850159,
      0.18782120943069458
    ],
    [
      0.04648784175515175,
      0.8252159357070923,
      0.12829558551311493
    ],
    [
      0.014453007839620113,
      0.11514456570148468,
      0.8704032301902771
    ],
    [
      0.7585577368736267,
      0.15970848500728607,
      0.08173446357250214
    ],
    [
      0.23350898921489716,
      0.6499042510986328,
      0.11658632010221481
    ],
    [
      0.014577031135559082,
      0.1579686850309372,
      0.8274535536766052
    ],
    [
      0.7583096027374268,
      0.15064150094985962,
      0.09104900062084198
    ],
    [
      0.002386974636465311,
      0.048632267862558365,
      0.9489790797233582
    ],
    [
      0.025893770158290863,
      0.3660220205783844,
      0.6080852150917053
    ],
    [
      0.010692613199353218,
      0.8444461822509766,
      0.14486154913902283
    ],
    [
      0.09776880592107773,
      0.6113879680633545,
      0.2908426523208618
    ],
    [
      0.0036439469549804926,
      0.8958423733711243,
      0.10051392763853073
    ],
    [
      0.030037740245461464,
      0.5803384184837341,
      0.38962382078170776
    ],
    [
      0.2166336625814438,
      0.734127402305603,
      0.049239229410886765
    ],
    [
      0.05958398059010506,
      0.5300562381744385,
      0.4103599190711975
    ],
    [
      0.028594665229320526,
      0.6668518781661987,
      0.3045535981655121
    ],
    [
      0.11203985661268234,
      0.6103295683860779,
      0.27763140201568604
    ],
    [
      0.003854802343994379,
      0.38587939739227295,
      0.6102660894393921
    ],
    [
      0.01762048900127411,
      0.22632649540901184,
      0.7560527324676514
    ],
    [
      0.04521038010716438,
      0.45972681045532227,
      0.49506357312202454
    ],
    [
      0.051220640540122986,
      0.8723795413970947,
      0.07639993727207184
    ],
    [
      0.01160107646137476,
      0.8623126149177551,
      0.12608550488948822
    ],
    [
      0.19656679034233093,
      0.3910098671913147,
      0.41242316365242004
    ],
    [
      0.10884802788496017,
      0.764912486076355,
      0.12623955309391022
    ],
    [
      0.04195558279752731,
      0.9069844484329224,
      0.05105915665626526
    ],
    [
      0.17428258061408997,
      0.6402015686035156,
      0.18551558256149292
    ],
    [
      0.060915373265743256,
      0.8677168488502502,
      0.07136894017457962
    ],
    [
      0.11841457337141037,
      0.08636064827442169,
      0.7952250838279724
    ],
    [
      0.01302069891244173,
      0.07734939455986023,
      0.9096304178237915
    ],
    [
      0.07792972028255463,
      0.8381937742233276,
      0.08387714624404907
    ],
    [
      0.17679180204868317,
      0.20473159849643707,
      0.6184764504432678
    ],
    [
      0.06855645775794983,
      0.3926853835582733,
      0.5387580394744873
    ]
  ],