{
  "N": 112800,
  "usage": [
    0.07230256497859955,
    0.8660857677459717,
    0.06161161884665489
  ],
  "entropy_mean": 0.2628669738769531,
  "entropy_std": 0.2848823368549347,
  "top1_share": [
    0.0639716312289238,
    0.9163032174110413,
    0.019725177437067032
  ],
  "P_expert_given_class": [
    [
      0.006753713358193636,
      0.9907443523406982,
      0.002501331502571702
    ],
    [
      0.6728963255882263,
      0.11992580443620682,
      0.20717841386795044
    ],
    [
      0.011619169265031815,
      0.9504619240760803,
      0.037918366491794586
    ],
    [
      0.001199490623548627,
      0.9733456373214722,
      0.025454344227910042
    ],
    [
      0.0021002977155148983,
      0.954647421836853,
      0.04325367137789726
    ],
    [
      0.08068516105413437,
      0.8925792574882507,
      0.026734689250588417
    ],
    [
      0.050431158393621445,
      0.9278059005737305,
      0.021763095632195473
    ],
    [
      0.010197611525654793,
      0.9048958420753479,
      0.08490597456693649
    ],
    [
      0.003954052459448576,
      0.9876000881195068,
      0.00844641961157322
    ],
    [
      0.0025200985837727785,
      0.927930474281311,
      0.06955008208751678
    ],
    [
      0.015137404203414917,
      0.8746625781059265,
      0.11019996553659439
    ],
    [
      0.0029297792352735996,
      0.9893197417259216,
      0.00774994445964694
    ],
    [
      0.19492369890213013,
      0.7934789657592773,
      0.011597703211009502
    ],
    [
      0.009298138320446014,
      0.9827311038970947,
      0.007971173152327538
    ],
    [
      0.039027292281389236,
      0.9453107714653015,
      0.015661736950278282
    ],
    [
      0.02939629554748535,
      0.7949284911155701,
      0.17567534744739532
    ],
    [
      0.01396505068987608,
      0.9728453755378723,
      0.01318947970867157
    ],
    [
      0.004205184988677502,
      0.9851383566856384,
      0.010656371712684631
    ],
    [
      0.625063955783844,
      0.22359652817249298,
      0.15133894979953766
    ],
    [
      0.04874267801642418,
      0.792104184627533,
      0.1591539978981018
    ],
    [
      0.040781766176223755,
      0.9322740435600281,
      0.026942765340209007
    ],
    [
      0.6113864779472351,
      0.19898037612438202,
      0.18963298201560974
    ],
    [
      0.0060790060088038445,
      0.9844403862953186,
      0.009482190944254398
    ],
    [
      0.01255426462739706,
      0.9848374724388123,
      0.002609055256471038
    ],
    [
      0.013157746754586697,
      0.9834131598472595,
      0.0034292603377252817
    ],
    [
      0.010754506103694439,
      0.9672963619232178,
      0.021949492394924164
    ],
    [
      0.0009898528223857284,
      0.9957395195960999,
      0.003272097557783127
    ],
    [
      0.0048442198894917965,
      0.9870549440383911,
      0.008102018386125565
    ],
    [
      0.13862794637680054,
      0.842609703540802,
      0.0187628585845232
    ],
    [
      0.014038169756531715,
      0.9138124585151672,
      0.07214925438165665
    ],
    [
      0.00862519908696413,
      0.9866726398468018,
      0.004702821373939514
    ],
    [
      0.01976645179092884,
      0.9753478169441223,
      0.004886843729764223
    ],
    [
      0.0017271683318540454,
      0.9971264600753784,
      0.0011510930489748716
    ],
    [
      0.013563624583184719,
      0.929796040058136,
      0.05664009600877762
    ],
    [
      0.011277491226792336,
      0.9507482051849365,
      0.037975214421749115
    ],
    [
      0.0048720878548920155,
      0.9538822174072266,
      0.04124648869037628
    ],
    [
      0.011544322595000267,
      0.974777340888977,
      0.013677945360541344
    ],
    [
      0.06295671314001083,
      0.8739528656005859,
      0.06309043616056442
    ],
    [
      0.010093185119330883,
      0.9580562114715576,
      0.03184973821043968
    ],
    [
      0.012813522480428219,
      0.9826045632362366,
      0.004581970162689686
    ],
    [
      0.023954419419169426,
      0.7126423716545105,
      0.26340359449386597
    ],
    [
      0.005622542463243008,
      0.950924813747406,
      0.04345209151506424
    ],
    [
      0.16605716943740845,
      0.5959545373916626,
      0.23798756301403046
    ],
    [
      0.056912172585725784,
      0.916491687297821,
      0.02659676782786846
    ],
    [
      0.005689099431037903,
      0.936220109462738,
      0.05809039995074272
    ],
    [
      0.2735147178173065,
      0.7006363272666931,
      0.025848468765616417
    ],
    [
      0.030969930812716484,
      0.5356987118721008,
      0.43333131074905396
    ]
  ],