{
  "N": 112800,
  "usage": [
    0.11998729407787323,
    0.7603923082351685,
    0.1196204423904419
  ],
  "entropy_mean": 0.43443140387535095,
  "entropy_std": 0.28702014684677124,
  "top1_share": [
    0.09287234395742416,
    0.850434422492981,
    0.05669326335191727
  ],
  "P_expert_given_class": [
    [
      0.032439712435007095,
      0.9610890746116638,
      0.006471418309956789
    ],
    [
      0.7862852215766907,
      0.06162609905004501,
      0.15208950638771057
    ],
    [
      0.04884796589612961,
      0.815041184425354,
      0.13611073791980743
    ],
    [
      0.006825714837759733,
      0.8909415602684021,
      0.10223276913166046
    ],
    [
      0.0036535493563860655,
      0.7853560447692871,
      0.21099047362804413
    ],
    [
      0.2902822494506836,
      0.6485370397567749,
      0.06118021532893181
    ],
    [
      0.13480304181575775,
      0.8139687776565552,
      0.051228202879428864
    ],
    [
      0.042212821543216705,
      0.7459810972213745,
      0.21180614829063416
    ],
    [
      0.015901220962405205,
      0.9621042013168335,
      0.021994659677147865
    ],
    [
      0.0035190170165151358,
      0.8143115639686584,
      0.1821698397397995
    ],
    [
      0.00813337042927742,
      0.7045447826385498,
      0.2873225510120392
    ],
    [
      0.008146610110998154,
      0.9733278155326843,
      0.018525278195738792
    ],
    [
      0.3606385886669159,
      0.6219689249992371,
      0.01739281788468361
    ],
    [
      0.02826397307217121,
      0.9445979595184326,
      0.02713811956346035
    ],
    [
      0.04466046392917633,
      0.9139971137046814,
      0.04134264588356018
    ],
    [
      0.049738332629203796,
      0.609598696231842,
      0.3406630754470825
    ],
    [
      0.037808194756507874,
      0.9007161259651184,
      0.0614752434194088
    ],
    [
      0.003433837089687586,
      0.9673609137535095,
      0.029206685721874237
    ],
    [
      0.7271881103515625,
      0.15652777254581451,
      0.11628469824790955
    ],
    [
      0.0875905454158783,
      0.7041876912117004,
      0.20822221040725708
    ],
    [
      0.09496250003576279,
      0.8357732892036438,
      0.06926368176937103
    ],
    [
      0.7170429229736328,
      0.12980522215366364,
      0.1531514674425125
    ],
    [
      0.012876932509243488,
      0.9345335960388184,
      0.05258922651410103
    ],
    [
      0.037592899054288864,
      0.9515272974967957,
      0.010879329405725002
    ],
    [
      0.0454920195043087,
      0.9460595846176147,
      0.008447179570794106
    ],
    [
      0.037522368133068085,
      0.8894384503364563,
      0.07303891330957413
    ],
    [
      0.0035912564489990473,
      0.9787992238998413,
      0.01760810613632202
    ],
    [
      0.019035229459404945,
      0.9423949122428894,
      0.03856973350048065
    ],
    [
      0.3244645893573761,
      0.6391891837120056,
      0.036345019936561584
    ],
    [
      0.03338518366217613,
      0.8359535932540894,
      0.13066141307353973
    ],
    [
      0.02514965459704399,
      0.9613872170448303,
      0.013463090173900127
    ],
    [
      0.09790332615375519,
      0.8801711201667786,
      0.021924855187535286
    ],
    [
      0.005404203198850155,
      0.9899189472198486,
      0.004677302204072475
    ],
    [
      0.05211959406733513,
      0.6766999959945679,
      0.27118048071861267
    ],
    [
      0.0420205220580101,
      0.7898002862930298,
      0.16817866265773773
    ],
    [
      0.02348126284778118,
      0.7787352204322815,
      0.1977834701538086
    ],
    [
      0.03206963092088699,
      0.9286497235298157,
      0.03928009793162346
    ],
    [
      0.19335415959358215,
      0.706400990486145,
      0.1002449244260788
    ],
    [
      0.01757763884961605,
      0.8850080370903015,
      0.0974138006567955
    ],
    [
      0.028161700814962387,
      0.9391000270843506,
      0.03273717686533928
    ],
    [
      0.031974274665117264,
      0.47569310665130615,
      0.49233341217041016
    ],
    [
      0.01026329305022955,
      0.8781719207763672,
      0.11156513541936874
    ],
    [
      0.25042611360549927,
      0.42029979825019836,
      0.3292742371559143
    ],
    [
      0.1685674488544464,
      0.7266547083854675,
      0.1047779843211174
    ],
    [
      0.007758364547044039,
      0.8711885809898376,
      0.12105303257703781
    ],
    [
      0.5792720317840576,
      0.379900187253952,
      0.040826547890901566
    ],
    [
      0.027561435475945473,
      0.3713935613632202,
      0.6010445952415466
    ]
  ],