{
  "N": 112800,
  "usage": [
    0.09593566507101059,
    0.8102736473083496,
    0.09379067271947861
  ],
  "entropy_mean": 0.3705044388771057,
  "entropy_std": 0.28408539295196533,
  "top1_share": [
    0.07392730563879013,
    0.8920124173164368,
    0.0340602844953537
  ],
  "P_expert_given_class": [
    [
      0.014725152403116226,
      0.9804942011833191,
      0.00478061567991972
    ],
    [
      0.7445102334022522,
      0.08950235694646835,
      0.16598621010780334
    ],
    [
      0.030506182461977005,
      0.8656114935874939,
      0.1038820892572403
    ],
    [
      0.0028517774771898985,
      0.9049527049064636,
      0.09219484776258469
    ],
    [
      0.0030286619439721107,
      0.879930853843689,
      0.11703946441411972
    ],
    [
      0.1697695553302765,
      0.7797617316246033,
      0.05046854168176651
    ],
    [
      0.09640520811080933,
      0.863982617855072,
      0.0396130308508873
    ],
    [
      0.022218070924282074,
      0.8179425001144409,
      0.15983861684799194
    ],
    [
      0.011454205960035324,
      0.9713470339775085,
      0.017199084162712097
    ],
    [
      0.0031231404282152653,
      0.8819206953048706,
      0.11495618522167206
    ],
    [
      0.009989604353904724,
      0.7754127979278564,
      0.21459704637527466
    ],
    [
      0.008088110946118832,
      0.9717260003089905,
      0.020186908543109894
    ],
    [
      0.27952975034713745,
      0.705421507358551,
      0.015049518086016178
    ],
    [
      0.01928156614303589,
      0.9618818163871765,
      0.018835444003343582
    ],
    [
      0.04683229327201843,
      0.9253384470939636,
      0.027829835191369057
    ],
    [
      0.037640221416950226,
      0.7101598381996155,
      0.2521997392177582
    ],
    [
      0.024476518854498863,
      0.933782160282135,
      0.04174245148897171
    ],
    [
      0.003562817582860589,
      0.9713224172592163,
      0.025112979114055634
    ],
    [
      0.6806326508522034,
      0.18853548169136047,
      0.13083228468894958
    ],
    [
      0.06808754056692123,
      0.7364574670791626,
      0.19545544683933258
    ],
    [
      0.07640180736780167,
      0.872977614402771,
      0.050620462745428085
    ],
    [
      0.6729918122291565,
      0.15964831411838531,
      0.16735969483852386
    ],
    [
      0.010678857564926147,
      0.9555466771125793,
      0.033775653690099716
    ],
    [
      0.01952415704727173,
      0.9723902344703674,
      0.008085472509264946
    ],
    [
      0.02570423297584057,
      0.9665703177452087,
      0.0077242162078619
    ],
    [
      0.022352436557412148,
      0.9299308061599731,
      0.04771662876009941
    ],
    [
      0.002105546183884144,
      0.9883190989494324,
      0.00957532785832882
    ],
    [
      0.01495361328125,
      0.9610607624053955,
      0.02398545667529106
    ],
    [
      0.22377067804336548,
      0.7492275834083557,
      0.02700241468846798
    ],
    [
      0.024411318823695183,
      0.8745351433753967,
      0.10105402767658234
    ],
    [
      0.012168847024440765,
      0.978545606136322,
      0.00928544718772173
    ],
    [
      0.04359095171093941,
      0.9438308477401733,
      0.012579664587974548
    ],
    [
      0.002808869117870927,
      0.993090808391571,
      0.004101594444364309
    ],
    [
      0.03773939609527588,
      0.7926722764968872,
      0.1695886105298996
    ],
    [
      0.02895803190767765,
      0.873608410358429,
      0.09743360430002213
    ],
    [
      0.012200580909848213,
      0.8527851104736328,
      0.13501492142677307
    ],
    [
      0.019843917340040207,
      0.9433874487876892,
      0.036768414080142975
    ],
    [
      0.13037200272083282,
      0.7788108587265015,
      0.09081751108169556
    ],
    [
      0.016259923577308655,
      0.9127033352851868,
      0.0710364282131195
    ],
    [
      0.02417193353176117,
      0.9576542377471924,
      0.01817462220788002
    ],
    [
      0.0261952243745327,
      0.6015133857727051,
      0.3722918629646301
    ],
    [
      0.007418251130729914,
      0.9174391627311707,
      0.07514305412769318
    ],
    [
      0.21107663214206696,
      0.46798157691955566,
      0.32094183564186096
    ],
    [
      0.09879375249147415,
      0.8268846869468689,
      0.07432106137275696
    ],
    [
      0.007510748691856861,
      0.8969424366950989,
      0.09554798901081085
    ],
    [
      0.43284857273101807,
      0.531221866607666,
      0.035929519683122635
    ],
    [
      0.027409939095377922,
      0.4681045413017273,
      0.5044854879379272
    ]
  ],