{
  "N": 112800,
  "usage": [
    0.14184577763080597,
    0.719507098197937,
    0.1386471539735794
  ],
  "entropy_mean": 0.4847801923751831,
  "entropy_std": 0.28143659234046936,
  "top1_share": [
    0.10872340202331543,
    0.8216755390167236,
    0.06960106641054153
  ],
  "P_expert_given_class": [
    [
      0.0728980004787445,
      0.9196221828460693,
      0.007479365449398756
    ],
    [
      0.8208983540534973,
      0.041304074227809906,
      0.13779903948307037
    ],
    [
      0.07522863149642944,
      0.7668339610099792,
      0.1579378843307495
    ],
    [
      0.008358300663530827,
      0.8361160159111023,
      0.15552566945552826
    ],
    [
      0.004787985701113939,
      0.7322340607643127,
      0.26297709345817566
    ],
    [
      0.358630895614624,
      0.5619950294494629,
      0.07937449216842651
    ],
    [
      0.18207839131355286,
      0.7561812400817871,
      0.06173994019627571
    ],
    [
      0.06454920768737793,
      0.6754024028778076,
      0.2600487172603607
    ],
    [
      0.020635003224015236,
      0.9524416327476501,
      0.02692319266498089
    ],
    [
      0.004424583166837692,
      0.7258079051971436,
      0.2697676420211792
    ],
    [
      0.01266374159604311,
      0.6215794682502747,
      0.36575600504875183
    ],
    [
      0.009671401232481003,
      0.9699374437332153,
      0.020390968769788742
    ],
    [
      0.43127238750457764,
      0.5519647002220154,
      0.01676260307431221
    ],
    [
      0.048774898052215576,
      0.9202141165733337,
      0.03101060912013054
    ],
    [
      0.05202851444482803,
      0.8966686725616455,
      0.05130257457494736
    ],
    [
      0.06395697593688965,
      0.5514346957206726,
      0.3846076726913452
    ],
    [
      0.05556725338101387,
      0.8522433638572693,
      0.09219015389680862
    ],
    [
      0.005386727396398783,
      0.9594117403030396,
      0.035201918333768845
    ],
    [
      0.7542986869812012,
      0.13579028844833374,
      0.10991129279136658
    ],
    [
      0.10141652822494507,
      0.6841035485267639,
      0.21447992324829102
    ],
    [
      0.09909679740667343,
      0.8260971307754517,
      0.07480554282665253
    ],
    [
      0.7629756927490234,
      0.09624873846769333,
      0.1407756209373474
    ],
    [
      0.01800987310707569,
      0.9332606196403503,
      0.04873046278953552
    ],
    [
      0.06454765051603317,
      0.9251248240470886,
      0.010328028351068497
    ],
    [
      0.09738592058420181,
      0.894290566444397,
      0.008324652910232544
    ],
    [
      0.058024272322654724,
      0.8535458445549011,
      0.08843056857585907
    ],
    [
      0.005193433724343777,
      0.9689945578575134,
      0.02581193298101425
    ],
    [
      0.020311469212174416,
      0.9356647729873657,
      0.04402383416891098
    ],
    [
      0.4183661937713623,
      0.5315802097320557,
      0.050053585320711136
    ],
    [
      0.05229701101779938,
      0.7998291254043579,
      0.14787377417087555
    ],
    [
      0.05028245598077774,
      0.9358875751495361,
      0.013829458504915237
    ],
    [
      0.1295267939567566,
      0.8427490592002869,
      0.02772524580359459
    ],
    [
      0.011279362253844738,
      0.9835581183433533,
      0.005162875633686781
    ],
    [
      0.06554397940635681,
      0.6425570845603943,
      0.2918991446495056
    ],
    [
      0.05726507678627968,
      0.7554144263267517,
      0.1873207539319992
    ],
    [
      0.042792849242687225,
      0.7226420044898987,
      0.23456497490406036
    ],
    [
      0.05832881107926369,
      0.9054490923881531,
      0.0362217091023922
    ],
    [
      0.23606915771961212,
      0.6603399515151978,
      0.10359105467796326
    ],
    [
      0.020845411345362663,
      0.8504165410995483,
      0.1287374496459961
    ],
    [
      0.03568261116743088,
      0.9190307855606079,
      0.04528675600886345
    ],
    [
      0.04264810308814049,
      0.4023287296295166,
      0.5550234913825989
    ],
    [
      0.01393862720578909,
      0.8314641118049622,
      0.15459761023521423
    ],
    [
      0.2895814776420593,
      0.3513173460960388,
      0.3591010570526123
    ],
    [
      0.20554256439208984,
      0.6540870070457458,
      0.1403704583644867
    ],
    [
      0.009605198167264462,
      0.8260177373886108,
      0.1643766611814499
    ],
    [
      0.6220858693122864,
      0.33510899543762207,
      0.042805131524801254
    ],
    [
      0.03199920430779457,
      0.32254353165626526,
      0.6454576849937439
    ]
  ],