{
  "N": 112800,
  "usage": [
    0.10864509642124176,
    0.7861202955245972,
    0.10523465275764465
  ],
  "entropy_mean": 0.3999022841453552,
  "entropy_std": 0.2839963138103485,
  "top1_share": [
    0.08140070736408234,
    0.8727393746376038,
    0.0458599291741848
  ],
  "P_expert_given_class": [
    [
      0.022023435682058334,
      0.9722604155540466,
      0.005714946426451206
    ],
    [
      0.78775954246521,
      0.06280066072940826,
      0.14943967759609222
    ],
    [
      0.0394875667989254,
      0.8475062847137451,
      0.11300677061080933
    ],
    [
      0.003542003920301795,
      0.9102038741111755,
      0.08625450730323792
    ],
    [
      0.004366682842373848,
      0.8483343720436096,
      0.14729876816272736
    ],
    [
      0.23486529290676117,
      0.7144029140472412,
      0.05073223263025284
    ],
    [
      0.12267501652240753,
      0.83268141746521,
      0.044643715023994446
    ],
    [
      0.029446417465806007,
      0.7827014923095703,
      0.18785151839256287
    ],
    [
      0.010931015945971012,
      0.9696028828620911,
      0.019465571269392967
    ],
    [
      0.0033103337045758963,
      0.8508312702178955,
      0.14585863053798676
    ],
    [
      0.011641498655080795,
      0.7473104596138,
      0.24104823172092438
    ],
    [
      0.007241976913064718,
      0.9727606177330017,
      0.019996928051114082
    ],
    [
      0.3178359270095825,
      0.6678385734558105,
      0.014325105585157871
    ],
    [
      0.023274339735507965,
      0.9533212184906006,
      0.023404007777571678
    ],
    [
      0.04419884830713272,
      0.9269499778747559,
      0.02885056473314762
    ],
    [
      0.04408276081085205,
      0.6564428806304932,
      0.29947519302368164
    ],
    [
      0.02827380783855915,
      0.9213809370994568,
      0.050344329327344894
    ],
    [
      0.004798139911144972,
      0.9695077538490295,
      0.025694169104099274
    ],
    [
      0.7175884246826172,
      0.16109946370124817,
      0.12131322175264359
    ],
    [
      0.07366850227117538,
      0.7335587739944458,
      0.19277222454547882
    ],
    [
      0.08633504062891006,
      0.8542640209197998,
      0.05940151959657669
    ],
    [
      0.7073872089385986,
      0.13595835864543915,
      0.15665459632873535
    ],
    [
      0.013646620325744152,
      0.9401181936264038,
      0.046235714107751846
    ],
    [
      0.03258812427520752,
      0.9577198028564453,
      0.009692244231700897
    ],
    [
      0.03583749011158943,
      0.9558390378952026,
      0.00832297746092081
    ],
    [
      0.02743595838546753,
      0.9091724753379822,
      0.0633920282125473
    ],
    [
      0.002794653410091996,
      0.9860085248947144,
      0.01119766104966402
    ],
    [
      0.017767246812582016,
      0.9516307711601257,
      0.03060317039489746
    ],
    [
      0.27160340547561646,
      0.6994250416755676,
      0.028970947489142418
    ],
    [
      0.02668732963502407,
      0.8596572875976562,
      0.11365503817796707
    ],
    [
      0.022730227559804916,
      0.965710461139679,
      0.011559908278286457
    ],
    [
      0.07392683625221252,
      0.9116309881210327,
      0.014442715793848038
    ],
    [
      0.004084005951881409,
      0.9918561577796936,
      0.004059236031025648
    ],
    [
      0.04202284291386604,
      0.7425151467323303,
      0.21546104550361633
    ],
    [
      0.03827790915966034,
      0.8486616611480713,
      0.11305956542491913
    ],
    [
      0.01543122436851263,
      0.8123010993003845,
      0.17226803302764893
    ],
    [
      0.02970260940492153,
      0.9325188994407654,
      0.037777919322252274
    ],
    [
      0.16790203750133514,
      0.734137773513794,
      0.09795963764190674
    ],
    [
      0.017017731443047523,
      0.9002465605735779,
      0.08273623883724213
    ],
    [
      0.024574415758252144,
      0.9525851607322693,
      0.02284025028347969
    ],
    [
      0.030188551172614098,
      0.5275551080703735,
      0.4422564208507538
    ],
    [
      0.008945249952375889,
      0.8990548849105835,
      0.09199950844049454
    ],
    [
      0.22840316593647003,
      0.44754818081855774,
      0.32404956221580505
    ],
    [
      0.12613320350646973,
      0.7604536414146423,
      0.11341308802366257
    ],
    [
      0.007166499271988869,
      0.8833707571029663,
      0.10946235805749893
    ],
    [
      0.49004679918289185,
      0.4730696976184845,
      0.036884088069200516
    ],
    [
      0.026673398911952972,
      0.41314342617988586,
      0.5601835250854492
    ]
  ],