{
  "N": 112800,
  "usage": [
    0.14512187242507935,
    0.713435709476471,
    0.14144237339496613
  ],
  "entropy_mean": 0.4909392297267914,
  "entropy_std": 0.28411194682121277,
  "top1_share": [
    0.10898049920797348,
    0.8188652396202087,
    0.07215425372123718
  ],
  "P_expert_given_class": [
    [
      0.07639972120523453,
      0.9166544675827026,
      0.0069457897916436195
    ],
    [
      0.8267500996589661,
      0.0439644381403923,
      0.1292867213487625
    ],
    [
      0.07883496582508087,
      0.7547901272773743,
      0.16637521982192993
    ],
    [
      0.008215753361582756,
      0.8260424733161926,
      0.16574151813983917
    ],
    [
      0.005439717788249254,
      0.7451069355010986,
      0.2494538128376007
    ],
    [
      0.3492327630519867,
      0.5735889077186584,
      0.07717776298522949
    ],
    [
      0.19629092514514923,
      0.738642156124115,
      0.06506741791963577
    ],
    [
      0.06291113793849945,
      0.6747726202011108,
      0.2623163163661957
    ],
    [
      0.019337043166160583,
      0.9510478973388672,
      0.029615145176649094
    ],
    [
      0.00459673535078764,
      0.7148422002792358,
      0.2805621922016144
    ],
    [
      0.01297783013433218,
      0.6053266525268555,
      0.3816964328289032
    ],
    [
      0.010659635998308659,
      0.9666959643363953,
      0.022643905133008957
    ],
    [
      0.436748206615448,
      0.5417794585227966,
      0.021472517400979996
    ],
    [
      0.053954608738422394,
      0.9142659306526184,
      0.03177906200289726
    ],
    [
      0.05343463271856308,
      0.8907464742660522,
      0.05581825226545334
    ],
    [
      0.06037914752960205,
      0.5375587344169617,
      0.40206149220466614
    ],
    [
      0.06399446725845337,
      0.8275604844093323,
      0.10844504088163376
    ],
    [
      0.005154597107321024,
      0.9630098342895508,
      0.031834907829761505
    ],
    [
      0.7561643719673157,
      0.13637614250183105,
      0.10745978355407715
    ],
    [
      0.10475902259349823,
      0.6749367713928223,
      0.22030489146709442
    ],
    [
      0.12493950128555298,
      0.7978222370147705,
      0.07723814249038696
    ],
    [
      0.7776445746421814,
      0.09209761768579483,
      0.1302575320005417
    ],
    [
      0.02007153630256653,
      0.9259470701217651,
      0.05398104339838028
    ],
    [
      0.06958919763565063,
      0.9192946553230286,
      0.011116019450128078
    ],
    [
      0.09923374652862549,
      0.8929041624069214,
      0.007862621918320656
    ],
    [
      0.059245530515909195,
      0.8516726493835449,
      0.08908117562532425
    ],
    [
      0.006399476435035467,
      0.9688877463340759,
      0.024712486192584038
    ],
    [
      0.02406158111989498,
      0.9286679029464722,
      0.04727034643292427
    ],
    [
      0.4075831472873688,
      0.5400242209434509,
      0.052392296493053436
    ],
    [
      0.048073604702949524,
      0.8032300472259521,
      0.14869698882102966
    ],
    [
      0.05222734436392784,
      0.9334070682525635,
      0.01436549797654152
    ],
    [
      0.13728083670139313,
      0.8370018601417542,
      0.025717971846461296
    ],
    [
      0.012753956951200962,
      0.982584536075592,
      0.00466143898665905
    ],
    [
      0.08346065878868103,
      0.6298395395278931,
      0.28669968247413635
    ],
    [
      0.06679868698120117,
      0.7634218335151672,
      0.1697789430618286
    ],
    [
      0.04787929356098175,
      0.7130157351493835,
      0.2391042560338974
    ],
    [
      0.0595591738820076,
      0.9030961990356445,
      0.03734390437602997
    ],
    [
      0.2506217062473297,
      0.6490824818611145,
      0.10029534995555878
    ],
    [
      0.020045362412929535,
      0.8417771458625793,
      0.13817748427391052
    ],
    [
      0.03539116308093071,
      0.923311173915863,
      0.04129725322127342
    ],
    [
      0.040052250027656555,
      0.37878191471099854,
      0.5811658501625061
    ],
    [
      0.013106185011565685,
      0.8235307931900024,
      0.16336289048194885
    ],
    [
      0.29162123799324036,
      0.34354135394096375,
      0.36483728885650635
    ],
    [
      0.20846864581108093,
      0.632959246635437,
      0.1585720330476761
    ],
    [
      0.009468728676438332,
      0.8184239864349365,
      0.17210736870765686
    ],
    [
      0.6364976763725281,
      0.31824052333831787,
      0.045262258499860764
    ],
    [
      0.032420918345451355,
      0.32120567560195923,
      0.6463735699653625
    ]
  ],