{
  "N": 112800,
  "usage": [
    0.1500735729932785,
    0.6975342035293579,
    0.15239225327968597
  ],
  "entropy_mean": 0.5063011646270752,
  "entropy_std": 0.29044678807258606,
  "top1_share": [
    0.11681737750768661,
    0.8019503355026245,
    0.08123227208852768
  ],
  "P_expert_given_class": [
    [
      0.08433600515127182,
      0.9084559082984924,
      0.007209085393697023
    ],
    [
      0.7905305624008179,
      0.04447697103023529,
      0.16499210894107819
    ],
    [
      0.0922611877322197,
      0.7323850393295288,
      0.17535340785980225
    ],
    [
      0.009828486479818821,
      0.8123496770858765,
      0.17782174050807953
    ],
    [
      0.0058141835033893585,
      0.7071433663368225,
      0.28704288601875305
    ],
    [
      0.37501806020736694,
      0.5453805327415466,
      0.07960204035043716
    ],
    [
      0.21846133470535278,
      0.7154611945152283,
      0.06607694923877716
    ],
    [
      0.0616668201982975,
      0.6379840970039368,
      0.3003496825695038
    ],
    [
      0.018183019012212753,
      0.955653965473175,
      0.026162799447774887
    ],
    [
      0.004347524605691433,
      0.6551600098609924,
      0.34049198031425476
    ],
    [
      0.01171073317527771,
      0.5873191952705383,
      0.40096983313560486
    ],
    [
      0.00984414853155613,
      0.9697965383529663,
      0.020359674468636513
    ],
    [
      0.4624245762825012,
      0.5139474272727966,
      0.023627210408449173
    ],
    [
      0.06423651427030563,
      0.8996366262435913,
      0.03612665459513664
    ],
    [
      0.046211645007133484,
      0.896701455116272,
      0.057086873799562454
    ],
    [
      0.05534536391496658,
      0.5424458384513855,
      0.40220823884010315
    ],
    [
      0.057142745703458786,
      0.8310216069221497,
      0.11183559149503708
    ],
    [
      0.004751534666866064,
      0.9497141242027283,
      0.045533254742622375
    ],
    [
      0.7384811043739319,
      0.14013414084911346,
      0.12138533592224121
    ],
    [
      0.12540923058986664,
      0.6707327961921692,
      0.20385780930519104
    ],
    [
      0.13330738246440887,
      0.7756955027580261,
      0.09099780768156052
    ],
    [
      0.7502179741859436,
      0.08852588385343552,
      0.16125725209712982
    ],
    [
      0.01813497580587864,
      0.9254769682884216,
      0.05638856813311577
    ],
    [
      0.07180192321538925,
      0.9158554077148438,
      0.012344172224402428
    ],
    [
      0.11263932287693024,
      0.8791266083717346,
      0.008233383297920227
    ],
    [
      0.05156979709863663,
      0.8506655097007751,
      0.09776434302330017
    ],
    [
      0.005676449742168188,
      0.9702680706977844,
      0.024056268855929375
    ],
    [
      0.024576595053076744,
      0.9221411347389221,
      0.053281594067811966
    ],
    [
      0.43835699558258057,
      0.5051167011260986,
      0.05652731657028198
    ],
    [
      0.042251233011484146,
      0.8070312738418579,
      0.1507168859243393
    ],
    [
      0.050191882997751236,
      0.9391544461250305,
      0.010655037127435207
    ],
    [
      0.17814593017101288,
      0.7936794757843018,
      0.028175337240099907
    ],
    [
      0.014120494946837425,
      0.9815769195556641,
      0.004301263019442558
    ],
    [
      0.1132715716958046,
      0.5845293402671814,
      0.30220022797584534
    ],
    [
      0.08209706097841263,
      0.697291910648346,
      0.22061039507389069
    ],
    [
      0.053816840052604675,
      0.6772056818008423,
      0.26897773146629333
    ],
    [
      0.06446141004562378,
      0.897719144821167,
      0.037818923592567444
    ],
    [
      0.277767151594162,
      0.6128684878349304,
      0.10936544090509415
    ],
    [
      0.022451594471931458,
      0.8495919704437256,
      0.12795673310756683
    ],
    [
      0.030205992981791496,
      0.9166072607040405,
      0.05318662151694298
    ],
    [
      0.03699468821287155,
      0.3841713070869446,
      0.5788334608078003
    ],
    [
      0.012792876921594143,
      0.8048785924911499,
      0.18232914805412292
    ],
    [
      0.2960774898529053,
      0.31847459077835083,
      0.3854472041130066
    ],
    [
      0.211457297205925,
      0.6157845854759216,
      0.17275910079479218
    ],
    [
      0.00852904375642538,
      0.7914424538612366,
      0.20002853870391846
    ],
    [
      0.6888527274131775,
      0.26418811082839966,
      0.0469588041305542
    ],
    [
      0.027688411995768547,
      0.2991417944431305,
      0.6731687784194946
    ]
  ],