{
  "N": 112800,
  "usage": [
    0.08186044543981552,
    0.845178484916687,
    0.07296101748943329
  ],
  "entropy_mean": 0.30634453892707825,
  "entropy_std": 0.28753578662872314,
  "top1_share": [
    0.06837765872478485,
    0.9079964756965637,
    0.02362588606774807
  ],
  "P_expert_given_class": [
    [
      0.009939249604940414,
      0.9867667555809021,
      0.003293177578598261
    ],
    [
      0.6909970641136169,
      0.10842741280794144,
      0.20057637989521027
    ],
    [
      0.017544729635119438,
      0.9206432104110718,
      0.06181267276406288
    ],
    [
      0.0020487187430262566,
      0.9525494575500488,
      0.045402493327856064
    ],
    [
      0.002102902391925454,
      0.936223566532135,
      0.061673857271671295
    ],
    [
      0.11873083561658859,
      0.8413400053977966,
      0.039928968995809555
    ],
    [
      0.06567052006721497,
      0.9060961008071899,
      0.028233569115400314
    ],
    [
      0.013306750915944576,
      0.8789684772491455,
      0.10772393643856049
    ],
    [
      0.00674120569601655,
      0.9811031222343445,
      0.01215584296733141
    ],
    [
      0.002492752857506275,
      0.919735312461853,
      0.0777723491191864
    ],
    [
      0.013454691506922245,
      0.8390175104141235,
      0.14752712845802307
    ],
    [
      0.0062954905442893505,
      0.9789877533912659,
      0.014717526733875275
    ],
    [
      0.2268204689025879,
      0.7618881464004517,
      0.011290313675999641
    ],
    [
      0.013805537484586239,
      0.9736384153366089,
      0.012555526569485664
    ],
    [
      0.04445404186844826,
      0.9325233697891235,
      0.023023206740617752
    ],
    [
      0.031332649290561676,
      0.7585304379463196,
      0.2101375013589859
    ],
    [
      0.01931413635611534,
      0.9603923559188843,
      0.020292816683650017
    ],
    [
      0.003173207165673375,
      0.9816176295280457,
      0.015208331868052483
    ],
    [
      0.6440794467926025,
      0.20829316973686218,
      0.14762690663337708
    ],
    [
      0.05622733384370804,
      0.7749637365341187,
      0.16880804300308228
    ],
    [
      0.06194935366511345,
      0.8974193334579468,
      0.040631067007780075
    ],
    [
      0.6351603269577026,
      0.18003053963184357,
      0.1848098188638687
    ],
    [
      0.00898347795009613,
      0.973714292049408,
      0.01730259880423546
    ],
    [
      0.013083173893392086,
      0.9827303886413574,
      0.004187832120805979
    ],
    [
      0.018739448860287666,
      0.975982666015625,
      0.005277514923363924
    ],
    [
      0.014551482163369656,
      0.9530087113380432,
      0.03243934363126755
    ],
    [
      0.0015805704751983285,
      0.9934385418891907,
      0.004980867728590965
    ],
    [
      0.009261810220777988,
      0.9759261012077332,
      0.014812863431870937
    ],
    [
      0.17502349615097046,
      0.8004922270774841,
      0.024483392015099525
    ],
    [
      0.017195923253893852,
      0.9094544649124146,
      0.07334937900304794
    ],
    [
      0.006850637495517731,
      0.988520622253418,
      0.004629171919077635
    ],
    [
      0.02573888562619686,
      0.9678271412849426,
      0.00643450953066349
    ],
    [
      0.0017898124642670155,
      0.9963856935501099,
      0.0018296297639608383
    ],
    [
      0.024825332686305046,
      0.8764573931694031,
      0.09871619194746017
    ],
    [
      0.01750326156616211,
      0.9284520745277405,
      0.05404499173164368
    ],
    [
      0.007368834689259529,
      0.926191508769989,
      0.0664391741156578
    ],
    [
      0.017429303377866745,
      0.9580138325691223,
      0.024556783959269524
    ],
    [
      0.08950790017843246,
      0.8328531980514526,
      0.07763929665088654
    ],
    [
      0.012037699110805988,
      0.9457948803901672,
      0.04216741397976875
    ],
    [
      0.0189385823905468,
      0.9723624587059021,
      0.008698806166648865
    ],
    [
      0.02308439090847969,
      0.6621893644332886,
      0.314726322889328
    ],
    [
      0.006487235426902771,
      0.9416706562042236,
      0.051842305809259415
    ],
    [
      0.18690817058086395,
      0.5468891263008118,
      0.26620298624038696
    ],
    [
      0.07828468829393387,
      0.8808072805404663,
      0.04090747982263565
    ],
    [
      0.006635814905166626,
      0.9254030585289001,
      0.06796026974916458
    ],
    [
      0.35168951749801636,
      0.620981752872467,
      0.02732841484248638
    ],
    [
      0.028301171958446503,
      0.508689820766449,
      0.46300947666168213
    ]
  ],