{
  "N": 112800,
  "usage": [
    0.11375589668750763,
    0.7731519937515259,
    0.1130920872092247
  ],
  "entropy_mean": 0.4221501350402832,
  "entropy_std": 0.2886171042919159,
  "top1_share": [
    0.08704787492752075,
    0.8619503378868103,
    0.05100177228450775
  ],
  "P_expert_given_class": [
    [
      0.027170509099960327,
      0.9667981863021851,
      0.006031777709722519
    ],
    [
      0.7757726907730103,
      0.06828713417053223,
      0.15594066679477692
    ],
    [
      0.046818312257528305,
      0.821618914604187,
      0.13156260550022125
    ],
    [
      0.003917713649570942,
      0.9009948968887329,
      0.09508753567934036
    ],
    [
      0.0045095146633684635,
      0.8156209588050842,
      0.1798701137304306
    ],
    [
      0.2599570155143738,
      0.6846237778663635,
      0.055419452488422394
    ],
    [
      0.13174620270729065,
      0.8177114725112915,
      0.05054221302270889
    ],
    [
      0.037797246128320694,
      0.7521751523017883,
      0.21002738177776337
    ],
    [
      0.012213840149343014,
      0.9678136110305786,
      0.019972803071141243
    ],
    [
      0.0035162921994924545,
      0.83795166015625,
      0.15853214263916016
    ],
    [
      0.010556460358202457,
      0.7217228412628174,
      0.2677200734615326
    ],
    [
      0.007087492849677801,
      0.9741880297660828,
      0.01872522197663784
    ],
    [
      0.3477316200733185,
      0.6355984210968018,
      0.01667056977748871
    ],
    [
      0.024054042994976044,
      0.9498096704483032,
      0.026136374101042747
    ],
    [
      0.04666520655155182,
      0.917725145816803,
      0.035609934478998184
    ],
    [
      0.05103892832994461,
      0.6315159201622009,
      0.3174442946910858
    ],
    [
      0.03364259749650955,
      0.9119199514389038,
      0.054437629878520966
    ],
    [
      0.004400760401040316,
      0.9692665338516235,
      0.026332994922995567
    ],
    [
      0.7081055045127869,
      0.16701416671276093,
      0.12487933039665222
    ],
    [
      0.07670997828245163,
      0.7245072722434998,
      0.19878210127353668
    ],
    [
      0.08809595555067062,
      0.8467969298362732,
      0.06510737538337708
    ],
    [
      0.7014837861061096,
      0.13783550262451172,
      0.16068057715892792
    ],
    [
      0.011937261559069157,
      0.9424792528152466,
      0.045582737773656845
    ],
    [
      0.0307412501424551,
      0.9582725763320923,
      0.010985247790813446
    ],
    [
      0.04024139419198036,
      0.9512465596199036,
      0.008513164706528187
    ],
    [
      0.03814270719885826,
      0.8871002197265625,
      0.0747562050819397
    ],
    [
      0.0034254388883709908,
      0.9834839105606079,
      0.01309047918766737
    ],
    [
      0.018470190465450287,
      0.9461468458175659,
      0.03538348898291588
    ],
    [
      0.3034415543079376,
      0.6646034717559814,
      0.03195446357131004
    ],
    [
      0.03281665965914726,
      0.8348450064659119,
      0.13233691453933716
    ],
    [
      0.021660657599568367,
      0.9647331833839417,
      0.01360656600445509
    ],
    [
      0.08477150648832321,
      0.8942020535469055,
      0.02102624997496605
    ],
    [
      0.003962822258472443,
      0.9918117523193359,
      0.004225614480674267
    ],
    [
      0.05095050856471062,
      0.7166303396224976,
      0.2324196696281433
    ],
    [
      0.03899168223142624,
      0.8236783742904663,
      0.13732904195785522
    ],
    [
      0.0185683686286211,
      0.7876967191696167,
      0.19373436272144318
    ],
    [
      0.03249690681695938,
      0.9292399883270264,
      0.03826354444026947
    ],
    [
      0.18143677711486816,
      0.7216507196426392,
      0.0969131663441658
    ],
    [
      0.018019184470176697,
      0.8926243185997009,
      0.08935583382844925
    ],
    [
      0.02812562696635723,
      0.9429956078529358,
      0.028879696503281593
    ],
    [
      0.034918565303087234,
      0.5012332201004028,
      0.46384745836257935
    ],
    [
      0.009704655967652798,
      0.8907216191291809,
      0.09957332164049149
    ],
    [
      0.2415095567703247,
      0.43161436915397644,
      0.3268759548664093
    ],
    [
      0.13191108405590057,
      0.7597529888153076,
      0.10833483189344406
    ],
    [
      0.008057532832026482,
      0.8770347833633423,
      0.11490776389837265
    ],
    [
      0.5294027924537659,
      0.4304323196411133,
      0.04016386717557907
    ],
    [
      0.0298293586820364,
      0.39241743087768555,
      0.5777537226676941
    ]
  ],