{
  "N": 112800,
  "usage": [
    0.04067227989435196,
    0.9230460524559021,
    0.036281757056713104
  ],
  "entropy_mean": 0.13937583565711975,
  "entropy_std": 0.33060118556022644,
  "top1_share": [
    0.029999999329447746,
    0.9481205940246582,
    0.02187943272292614
  ],
  "P_expert_given_class": [
    [
      0.014331765472888947,
      0.9743605256080627,
      0.011309875175356865
    ],
    [
      0.3790134787559509,
      0.30472052097320557,
      0.31626608967781067
    ],
    [
      0.016178078949451447,
      0.9710708856582642,
      0.012753507122397423
    ],
    [
      0.01899338886141777,
      0.9651885032653809,
      0.01581967994570732
    ],
    [
      0.029953164979815483,
      0.9273842573165894,
      0.042661529034376144
    ],
    [
      0.01746850460767746,
      0.9687796235084534,
      0.013753985986113548
    ],
    [
      0.019137969240546227,
      0.9635608196258545,
      0.017303913831710815
    ],
    [
      0.023329617455601692,
      0.9581608176231384,
      0.01851135492324829
    ],
    [
      0.018239861354231834,
      0.9661681056022644,
      0.01559352595359087
    ],
    [
      0.018088215962052345,
      0.9659959673881531,
      0.015919053927063942
    ],
    [
      0.019400646910071373,
      0.9628875851631165,
      0.017714468762278557
    ],
    [
      0.018017517402768135,
      0.966586709022522,
      0.015397117473185062
    ],
    [
      0.0162243340164423,
      0.9708569049835205,
      0.012920686975121498
    ],
    [
      0.016228584572672844,
      0.9704967141151428,
      0.013279126957058907
    ],
    [
      0.017424844205379486,
      0.9700692892074585,
      0.01250810269266367
    ],
    [
      0.021517571061849594,
      0.95779949426651,
      0.02068535052239895
    ],
    [
      0.015779348090291023,
      0.9716500043869019,
      0.012573043815791607
    ],
    [
      0.022713439539074898,
      0.9516962766647339,
      0.0255908090621233
    ],
    [
      0.3390926718711853,
      0.3997897505760193,
      0.261117160320282
    ],
    [
      0.03749643266201019,
      0.929168164730072,
      0.0333380289375782
    ],
    [
      0.0177274439483881,
      0.965815007686615,
      0.016460489481687546
    ],
    [
      0.27986761927604675,
      0.48502516746520996,
      0.23510727286338806
    ],
    [
      0.017519371584057808,
      0.9670858979225159,
      0.015398063696920872
    ],
    [
      0.019226856529712677,
      0.9612782001495361,
      0.019497662782669067
    ],
    [
      0.015745583921670914,
      0.9719091057777405,
      0.01234863605350256
    ],
    [
      0.02079843170940876,
      0.9612861275672913,
      0.017919765785336494
    ],
    [
      0.016374588012695312,
      0.9702147245407104,
      0.013412808068096638
    ],
    [
      0.01787496730685234,
      0.9665414690971375,
      0.015585683286190033
    ],
    [
      0.016377415508031845,
      0.9710778594017029,
      0.012547202408313751
    ],
    [
      0.019931834191083908,
      0.9651052951812744,
      0.014966586604714394
    ],
    [
      0.018364276736974716,
      0.9641510844230652,
      0.017487434670329094
    ],
    [
      0.020803390070796013,
      0.9596410393714905,
      0.019556375220417976
    ],
    [
      0.019244937226176262,
      0.9619656205177307,
      0.018791090697050095
    ],
    [
      0.01829351857304573,
      0.9636656641960144,
      0.018044015392661095
    ],
    [
      0.04362690448760986,
      0.9107441306114197,
      0.04562930390238762
    ],
    [
      0.01705315336585045,
      0.9694965481758118,
      0.013453604653477669
    ],
    [
      0.016948550939559937,
      0.9688785672187805,
      0.014176310040056705
    ],
    [
      0.017774466425180435,
      0.965668261051178,
      0.016560476273298264
    ],
    [
      0.02112370729446411,
      0.9581539630889893,
      0.02072571963071823
    ],
    [
      0.018310492858290672,
      0.9675553441047668,
      0.014135993085801601
    ],
    [
      0.022215349599719048,
      0.9517928957939148,
      0.02599424682557583
    ],
    [
      0.021250959485769272,
      0.9603438377380371,
      0.01840890757739544
    ],
    [
      0.01859472319483757,
      0.9627999663352966,
      0.018609579652547836
    ],
    [
      0.019570298492908478,
      0.9661257863044739,
      0.01430515106767416
    ],
    [
      0.021567733958363533,
      0.9597044587135315,
      0.018730593845248222
    ],
    [
      0.032826852053403854,
      0.9465036988258362,
      0.020669393241405487
    ],
    [
      0.043949734419584274,
      0.8443494439125061,
      0.11170084774494171
    ]
  ],