{
  "N": 112800,
  "usage": [
    0.045922230929136276,
    0.92431640625,
    0.02976139448583126
  ],
  "entropy_mean": 0.1308198869228363,
  "entropy_std": 0.26373201608657837,
  "top1_share": [
    0.05205673724412918,
    0.9373138546943665,
    0.010629432275891304
  ],
  "P_expert_given_class": [
    [
      0.0031599346548318863,
      0.9967491626739502,
      9.439573477720842e-05
    ],
    [
      0.5439262390136719,
      0.18453048169612885,
      0.2715429365634918
    ],
    [
      0.004009801894426346,
      0.9936696290969849,
      0.002322376472875476
    ],
    [
      0.0009336993098258972,
      0.9969390630722046,
      0.0021306155249476433
    ],
    [
      0.0020016178023070097,
      0.9743931293487549,
      0.02360728569328785
    ],
    [
      0.027804585173726082,
      0.9699151515960693,
      0.0022788639180362225
    ],
    [
      0.01878487505018711,
      0.9789934158325195,
      0.002222978975623846
    ],
    [
      0.005392376333475113,
      0.9628868699073792,
      0.03172175958752632
    ],
    [
      0.0014989577466621995,
      0.9976537823677063,
      0.0008514742949046195
    ],
    [
      0.0012224438833072782,
      0.9891493916511536,
      0.009629171341657639
    ],
    [
      0.0026452967431396246,
      0.9921643137931824,
      0.005191350355744362
    ],
    [
      0.0005808745045214891,
      0.9992139935493469,
      0.0002118927804986015
    ],
    [
      0.09413096308708191,
      0.9047943949699402,
      0.001074714120477438
    ],
    [
      0.004063047003000975,
      0.9954729080200195,
      0.0004666245076805353
    ],
    [
      0.010982944630086422,
      0.9885843992233276,
      0.0004319632425904274
    ],
    [
      0.010069219395518303,
      0.9509004950523376,
      0.03903157636523247
    ],
    [
      0.0025552217848598957,
      0.9969289302825928,
      0.0005190251977182925
    ],
    [
      0.0013856401201337576,
      0.9958834052085876,
      0.002735020127147436
    ],
    [
      0.536849856376648,
      0.28645291924476624,
      0.1766970455646515
    ],
    [
      0.04651554673910141,
      0.8672863841056824,
      0.08619821816682816
    ],
    [
      0.0040411558002233505,
      0.9940469264984131,
      0.0019144731340929866
    ],
    [
      0.4799458682537079,
      0.30634453892707825,
      0.2137095332145691
    ],
    [
      0.0010401357430964708,
      0.9986550807952881,
      0.00030991178937256336
    ],
    [
      0.0015872352523729205,
      0.9982348680496216,
      0.0001825027575250715
    ],
    [
      0.01072577852755785,
      0.9890531301498413,
      0.00022178771905601025
    ],
    [
      0.003843309124931693,
      0.9934473633766174,
      0.002713707508519292
    ],
    [
      0.00015296954370569438,
      0.9996093511581421,
      0.00024148511874955148
    ],
    [
      0.00047844683285802603,
      0.9994024634361267,
      0.0001240561541635543
    ],
    [
      0.048259638249874115,
      0.9494238495826721,
      0.0023159165866672993
    ],
    [
      0.012454373762011528,
      0.9317157864570618,
      0.05583077296614647
    ],
    [
      0.0039651282131671906,
      0.9958118796348572,
      0.000225446026888676
    ],
    [
      0.010622013360261917,
      0.9876828789710999,
      0.0016962233930826187
    ],
    [
      0.0009690660517662764,
      0.9987558126449585,
      0.00027769789448939264
    ],
    [
      0.0022939203772693872,
      0.9943439960479736,
      0.0033648915123194456
    ],
    [
      0.007575926836580038,
      0.9738251566886902,
      0.018599916249513626
    ],
    [
      0.004144771955907345,
      0.9902008175849915,
      0.0056566838175058365
    ],
    [
      0.0034227832220494747,
      0.9960646629333496,
      0.0005170464282855392
    ],
    [
      0.011274055577814579,
      0.9837204217910767,
      0.005006446503102779
    ],
    [
      0.003672112710773945,
      0.9899929761886597,
      0.006335581187158823
    ],
    [
      0.005632713437080383,
      0.9940026998519897,
      0.0003689875593408942
    ],
    [
      0.009820187464356422,
      0.928556501865387,
      0.061622872948646545
    ],
    [
      0.004118942655622959,
      0.9883001446723938,
      0.0075817713513970375
    ],
    [
      0.01189715787768364,
      0.9782032370567322,
      0.009900943376123905
    ],
    [
      0.014457142911851406,
      0.9834262132644653,
      0.0021166186779737473
    ],
    [
      0.0036850133910775185,
      0.9864957928657532,
      0.009820512495934963
    ],
    [
      0.1488179713487625,
      0.8347842693328857,
      0.016397323459386826
    ],
    [
      0.03093375265598297,
      0.6562934517860413,
      0.3127724826335907
    ]
  ],
  "P_class_given_expert": [
    [
      0.0,
      0.34247276186943054,
      0.0003405994502827525,
      0.0,
      0.0,
      0.0,
      0.0015326975844800472,
      0.0003405994502827525,
      0.0003405994502827525,
      0.00017029972514137626,
      0.0,
      0.00017029972514137626,
      0.012261580675840378,
      0.00017029972514137626,
      0.0,
      0.0005108991754241288,
      0.0,
      0.0,
      0.32408037781715393,
      0.010217983275651932,
      0.0003405994502827525,
      0.27196866273880005,
      0.0,
      0.00017029972514137626,
      0.00017029972514137626,
      0.00017029972514137626,
      0.0,
      0.0,
      0.0010217983508482575,
      0.00017029972514137626,
      0.00017029972514137626,
      0.0,
      0.00017029972514137626,
      0.0,
      0.0005108991754241288,
      0.0,
      0.0,
      0.0010217983508482575,
      0.0003405994502827525,
      0.0,
      0.0,
      0.000681198900565505,
      0.000681198900565505,
      0.0005108991754241288,
      0.000681198900565505,
      0.0272479560226202,
      0.00136239780113101
    ],
    [
      0.022699542343616486,
      0.0007850258843973279,
      0.02267116867005825,
      0.022699542343616486,
      0.02269008569419384,
      0.022699542343616486,
      0.02261441946029663,
      0.02265225164592266,
      0.022680627182126045,
      0.02269008569419384,
      0.022699542343616486,
      0.02269008569419384,
      0.0220185574144125,
      0.02269008569419384,
      0.022699542343616486,
      0.022567128762602806,
      0.022699542343616486,
      0.02269008569419384,
      0.003631926840171218,
      0.021857768297195435,
      0.02267116867005825,
      0.004710155073553324,
      0.022699542343616486,
      0.02269008569419384,
      0.02269008569419384,
      0.022680627182126045,
      0.022699542343616486,
      0.022699542343616486,
      0.022642794996500015,
      0.022661710157990456,
      0.02269008569419384,
      0.022699542343616486,
      0.02269008569419384,
      0.022699542343616486,
      0.022623877972364426,
      0.022699542343616486,
      0.022699542343616486,
      0.022642794996500015,
      0.022680627182126045,
      0.022699542343616486,
      0.02244417369365692,
      0.022661710157990456,
      0.02263333648443222,
      0.02267116867005825,
      0.022661710157990456,
      0.021186240017414093,
      0.01894466020166874
    ],
    [
      0.0,
      0.255212664604187,
      0.0008340283529832959,
      0.0,
      0.0008340283529832959,
      0.0,
      0.0,
      0.0025020851753652096,
      0.0,
      0.0,
      0.0,
      0.0,
      0.0,
      0.0,
      0.0,
      0.00917431153357029,
      0.0,
      0.0008340283529832959,
      0.09424520283937454,
      0.024186821654438972,
      0.0008340283529832959,
      0.25437864661216736,
      0.0,
      0.0,
      0.0,
      0.0008340283529832959,
      0.0,
      0.0,
      0.0,
      0.0025020851753652096,
      0.0,
      0.0,
      0.0,
      0.0,
      0.004170141648501158,
      0.0,
      0.0,
      0.0,
      0.0,
      0.0,
      0.022518765181303024,
      0.0,
      0.0025020851753652096,
      0.0,
      0.0,
      0.0,
      0.3244370222091675
    ]
  ],
  "grad_router_mean": 0.12461720431963454,