{
  "N": 112800,
  "usage": [
    0.1368563026189804,
    0.7318582534790039,
    0.13128548860549927
  ],
  "entropy_mean": 0.4739331007003784,
  "entropy_std": 0.2819432020187378,
  "top1_share": [
    0.10328014194965363,
    0.8333953619003296,
    0.0633244663476944
  ],
  "P_expert_given_class": [
    [
      0.06032954528927803,
      0.932690441608429,
      0.006978987716138363
    ],
    [
      0.8055665493011475,
      0.04739699885249138,
      0.14703679084777832
    ],
    [
      0.06928310543298721,
      0.7762435674667358,
      0.15447361767292023
    ],
    [
      0.0070417230017483234,
      0.8453128337860107,
      0.14764522016048431
    ],
    [
      0.004784403834491968,
      0.7531250715255737,
      0.24209065735340118
    ],
    [
      0.3406570851802826,
      0.585394561290741,
      0.07394862920045853
    ],
    [
      0.1750977635383606,
      0.7730515599250793,
      0.051850903779268265
    ],
    [
      0.053127408027648926,
      0.6967145204544067,
      0.25015825033187866
    ],
    [
      0.02264806069433689,
      0.9520713090896606,
      0.02528103068470955
    ],
    [
      0.003977507818490267,
      0.7591412663459778,
      0.23688112199306488
    ],
    [
      0.0112904142588377,
      0.6498125195503235,
      0.33889761567115784
    ],
    [
      0.010340527631342411,
      0.9717715382575989,
      0.01788787916302681
    ],
    [
      0.4052533507347107,
      0.5802474617958069,
      0.014499363489449024
    ],
    [
      0.04805203899741173,
      0.9196287989616394,
      0.032318759709596634
    ],
    [
      0.05114111304283142,
      0.9022128582000732,
      0.04664727672934532
    ],
    [
      0.0569872222840786,
      0.5713404417037964,
      0.371672123670578
    ],
    [
      0.05253436043858528,
      0.8667182326316833,
      0.08074719458818436
    ],
    [
      0.006075119599699974,
      0.9523084759712219,
      0.04161744564771652
    ],
    [
      0.737373948097229,
      0.14562731981277466,
      0.11699921637773514
    ],
    [
      0.09095001965761185,
      0.6942787170410156,
      0.2147701531648636
    ],
    [
      0.10613837838172913,
      0.8273330330848694,
      0.06652846932411194
    ],
    [
      0.7442910075187683,
      0.10293377190828323,
      0.15277554094791412
    ],
    [
      0.01802445948123932,
      0.9319908618927002,
      0.049983683973550797
    ],
    [
      0.06443879753351212,
      0.9249505400657654,
      0.010609871707856655
    ],
    [
      0.07889881730079651,
      0.9131935834884644,
      0.007907606661319733
    ],
    [
      0.06165386363863945,
      0.8577044606208801,
      0.08064191043376923
    ],
    [
      0.005537614692002535,
      0.9727942943572998,
      0.021666692569851875
    ],
    [
      0.022460956126451492,
      0.9407419562339783,
      0.036796409636735916
    ],
    [
      0.3954070806503296,
      0.5569013953208923,
      0.04769107699394226
    ],
    [
      0.04044310376048088,
      0.8327412009239197,
      0.12681658565998077
    ],
    [
      0.040681142359972,
      0.9474783539772034,
      0.01183965615928173
    ],
    [
      0.1389792114496231,
      0.8349291086196899,
      0.02609194628894329
    ],
    [
      0.012599848210811615,
      0.9824119806289673,
      0.004988590255379677
    ],
    [
      0.08973930031061172,
      0.6455774903297424,
      0.2646830677986145
    ],
    [
      0.06813860684633255,
      0.7589969038963318,
      0.1728644073009491
    ],
    [
      0.036535222083330154,
      0.7406286597251892,
      0.2228356897830963
    ],
    [
      0.048425886780023575,
      0.9160098433494568,
      0.03556523844599724
    ],
    [
      0.2299603521823883,
      0.6759211421012878,
      0.09411820769309998
    ],
    [
      0.01720263436436653,
      0.8669365644454956,
      0.11586163938045502
    ],
    [
      0.039249487221241,
      0.9267576932907104,
      0.03399401158094406
    ],
    [
      0.03704416751861572,
      0.42080041766166687,
      0.542155385017395
    ],
    [
      0.012018440291285515,
      0.8416412472724915,
      0.14633901417255402
    ],
    [
      0.28551629185676575,
      0.3899138569831848,
      0.324569970369339
    ],
    [
      0.19254805147647858,
      0.6658532619476318,
      0.1415989249944687
    ],
    [
      0.008957936428487301,
      0.8375362157821655,
      0.1535060554742813
    ],
    [
      0.5966460108757019,
      0.3614230155944824,
      0.04193206503987312
    ],
    [
      0.02819935791194439,
      0.3481457829475403,
      0.6236554384231567
    ]
  ],