{
  "N": 112800,
  "usage": [
    0.12646526098251343,
    0.7512090802192688,
    0.12232562899589539
  ],
  "entropy_mean": 0.4437500238418579,
  "entropy_std": 0.2846651077270508,
  "top1_share": [
    0.09672871977090836,
    0.8465425372123718,
    0.056728724390268326
  ],
  "P_expert_given_class": [
    [
      0.0382692776620388,
      0.9549668431282043,
      0.0067637767642736435
    ],
    [
      0.8174795508384705,
      0.043858468532562256,
      0.1386617124080658
    ],
    [
      0.05497054383158684,
      0.8007211685180664,
      0.14430779218673706
    ],
    [
      0.0065391892567276955,
      0.8768070340156555,
      0.11665450036525726
    ],
    [
      0.0034769750200212,
      0.7658113837242126,
      0.23071171343326569
    ],
    [
      0.32037824392318726,
      0.616350531578064,
      0.06327099353075027
    ],
    [
      0.1489638388156891,
      0.8036106824874878,
      0.0474257729947567
    ],
    [
      0.04304354637861252,
      0.7199965119361877,
      0.23695902526378632
    ],
    [
      0.02075999043881893,
      0.9588948488235474,
      0.0203450545668602
    ],
    [
      0.0036774880718439817,
      0.8093356490135193,
      0.18698637187480927
    ],
    [
      0.008461701683700085,
      0.6846416592597961,
      0.30689722299575806
    ],
    [
      0.009144825860857964,
      0.974617600440979,
      0.01623723842203617
    ],
    [
      0.37263038754463196,
      0.6064174175262451,
      0.020952271297574043
    ],
    [
      0.026371560990810394,
      0.9495267868041992,
      0.024101467803120613
    ],
    [
      0.04782400280237198,
      0.9118868112564087,
      0.04029106721282005
    ],
    [
      0.05873950943350792,
      0.5942708253860474,
      0.34698981046676636
    ],
    [
      0.042797546833753586,
      0.8866330981254578,
      0.07056941092014313
    ],
    [
      0.0047071888111531734,
      0.9507952928543091,
      0.04449724033474922
    ],
    [
      0.7439018487930298,
      0.1448150873184204,
      0.11128389835357666
    ],
    [
      0.08951527625322342,
      0.7034655809402466,
      0.20701876282691956
    ],
    [
      0.09568960964679718,
      0.8345481157302856,
      0.06976160407066345
    ],
    [
      0.7493438124656677,
      0.10780634731054306,
      0.14285027980804443
    ],
    [
      0.012583760544657707,
      0.9339000582695007,
      0.05351639539003372
    ],
    [
      0.04986046999692917,
      0.9379551410675049,
      0.012184720486402512
    ],
    [
      0.05504458025097847,
      0.9366931915283203,
      0.008262993767857552
    ],
    [
      0.04774129018187523,
      0.8851403594017029,
      0.06711865961551666
    ],
    [
      0.0038750048261135817,
      0.9784777760505676,
      0.017647037282586098
    ],
    [
      0.02185451239347458,
      0.941620409488678,
      0.03652558848261833
    ],
    [
      0.35903090238571167,
      0.6018061637878418,
      0.039162956178188324
    ],
    [
      0.0435483455657959,
      0.824944794178009,
      0.13150650262832642
    ],
    [
      0.029275206848978996,
      0.9586213231086731,
      0.012104014866054058
    ],
    [
      0.10772524774074554,
      0.8712967038154602,
      0.020977875217795372
    ],
    [
      0.006587991025298834,
      0.9890945553779602,
      0.004316660575568676
    ],
    [
      0.059813130646944046,
      0.6687549948692322,
      0.271432489156723
    ],
    [
      0.04651947692036629,
      0.80143141746521,
      0.15204906463623047
    ],
    [
      0.025452589616179466,
      0.7533699870109558,
      0.22117701172828674
    ],
    [
      0.03627006337046623,
      0.9246439337730408,
      0.03908639773726463
    ],
    [
      0.19838014245033264,
      0.714031457901001,
      0.08758807927370071
    ],
    [
      0.017234543338418007,
      0.877275288105011,
      0.10549040138721466
    ],
    [
      0.0321737676858902,
      0.933827817440033,
      0.03399882838129997
    ],
    [
      0.03759013116359711,
      0.4598228335380554,
      0.5025864243507385
    ],
    [
      0.010871891863644123,
      0.8719921708106995,
      0.11713751405477524
    ],
    [
      0.24965260922908783,
      0.4280790090560913,
      0.3222687244415283
    ],
    [
      0.1540149450302124,
      0.7168229222297668,
      0.12916293740272522
    ],
    [
      0.008177632465958595,
      0.8655028343200684,
      0.12631961703300476
    ],
    [
      0.5958628058433533,
      0.36056122183799744,
      0.043576929718256
    ],
    [
      0.028042802587151527,
      0.3713870048522949,
      0.6005696654319763
    ]
  ],