{
  "N": 112800,
  "usage": [
    0.03767503798007965,
    0.9376089572906494,
    0.024716004729270935
  ],
  "entropy_mean": 0.10453789681196213,
  "entropy_std": 0.25373756885528564,
  "top1_share": [
    0.04746453836560249,
    0.9438741207122803,
    0.008661347441375256
  ],
  "P_expert_given_class": [
    [
      0.0026938156224787235,
      0.9972692728042603,
      4.096763223060407e-05
    ],
    [
      0.5045900344848633,
      0.20429939031600952,
      0.2911111116409302
    ],
    [
      0.002092250157147646,
      0.9969154596328735,
      0.000997076858766377
    ],
    [
      0.0004128440632484853,
      0.9990819096565247,
      0.0005095905507914722
    ],
    [
      0.002819611458107829,
      0.9705139398574829,
      0.02666701003909111
    ],
    [
      0.004626560024917126,
      0.9951130151748657,
      0.00026348611572757363
    ],
    [
      0.009336153976619244,
      0.9899284839630127,
      0.0007376584690064192
    ],
    [
      0.00498412037268281,
      0.9817119240760803,
      0.013304352760314941
    ],
    [
      0.000998226460069418,
      0.9987341165542603,
      0.0002717299503274262
    ],
    [
      0.0007914936286397278,
      0.9966705441474915,
      0.002540037501603365
    ],
    [
      0.0013863316271454096,
      0.9965659379959106,
      0.002049099188297987
    ],
    [
      0.0003495319397188723,
      0.9996175169944763,
      3.750098403543234e-05
    ],
    [
      0.03310300409793854,
      0.9666304588317871,
      0.0002666937652975321
    ],
    [
      0.0036051864735782146,
      0.9960629343986511,
      0.00033425912261009216
    ],
    [
      0.0021555579733103514,
      0.9978046417236328,
      4.29742613050621e-05
    ],
    [
      0.0065610771998763084,
      0.979799211025238,
      0.013640966266393661
    ],
    [
      0.0010222491109743714,
      0.9988859295845032,
      9.601793863112107e-05
    ],
    [
      0.0013224122812971473,
      0.9940179586410522,
      0.004661322571337223
    ],
    [
      0.49977171421051025,
      0.30773603916168213,
      0.1924927979707718
    ],
    [
      0.03676709160208702,
      0.9170909523963928,
      0.046143677085638046
    ],
    [
      0.002506786724552512,
      0.996096670627594,
      0.0014005845878273249
    ],
    [
      0.4007459282875061,
      0.37831205129623413,
      0.22094227373600006
    ],
    [
      0.0014522864948958158,
      0.99825519323349,
      0.00029648348572663963
    ],
    [
      0.0011256519937887788,
      0.9986181855201721,
      0.000259519147220999
    ],
    [
      0.007216305006295443,
      0.9926812648773193,
      0.00010299587302142754
    ],
    [
      0.003488115966320038,
      0.9948258399963379,
      0.0016886639641597867
    ],
    [
      0.0002166608173865825,
      0.9996013641357422,
      0.00018536952848080546
    ],
    [
      0.00027292416780255735,
      0.9996092915534973,
      0.00012344747665338218
    ],
    [
      0.009111645631492138,
      0.9904166460037231,
      0.0004745515761896968
    ],
    [
      0.01190647017210722,
      0.9655464887619019,
      0.02254636399447918
    ],
    [
      0.0033350700978189707,
      0.996182382106781,
      0.0004864446818828583
    ],
    [
      0.016137247905135155,
      0.9811123609542847,
      0.0027518386486917734
    ],
    [
      0.0006149212713353336,
      0.9990866184234619,
      0.00030034358496777713
    ],
    [
      0.0018501556478440762,
      0.996368408203125,
      0.0017848911229521036
    ],
    [
      0.01669268310070038,
      0.958595871925354,
      0.02471405267715454
    ],
    [
      0.0017156988615170121,
      0.9963747262954712,
      0.0019137724302709103
    ],
    [
      0.0009196724276989698,
      0.9988206028938293,
      0.00026335017173551023
    ],
    [
      0.005549116525799036,
      0.9929291605949402,
      0.0015243756351992488
    ],
    [
      0.0023642133455723524,
      0.9933189749717712,
      0.0043188356794416904
    ],
    [
      0.00280337524600327,
      0.9969210028648376,
      0.0002796048647724092
    ],
    [
      0.0068760402500629425,
      0.9680560231208801,
      0.025069568306207657
    ],
    [
      0.0028932972345501184,
      0.9947147369384766,
      0.002396133029833436
    ],
    [
      0.0027982317842543125,
      0.9939584136009216,
      0.003246731124818325
    ],
    [
      0.01178690604865551,
      0.9862189888954163,
      0.0019940061029046774
    ],
    [
      0.003666739445179701,
      0.9922502636909485,
      0.004085357300937176
    ],
    [
      0.10375840216875076,
      0.8856421113014221,
      0.01059937197715044
    ],
    [
      0.02953416109085083,
      0.7387714385986328,
      0.23169496655464172
    ]
  ],
  "P_class_given_expert": [
    [
      0.0,
      0.3612252473831177,
      0.0003735524951480329,
      0.0,
      0.0,
      0.0,
      0.0005603287136182189,
      0.0005603287136182189,
      0.00018677624757401645,
      0.0,
      0.0,
      0.0,
      0.0022413148544728756,
      0.0,
      0.0,
      0.0005603287136182189,
      0.0,
      0.0,
      0.3466567099094391,
      0.00971236452460289,
      0.0003735524951480329,
      0.25831153988838196,
      0.00018677624757401645,
      0.00018677624757401645,
      0.00018677624757401645,
      0.0003735524951480329,
      0.0,
      0.0,
      0.0003735524951480329,
      0.0,
      0.00018677624757401645,
      0.0005603287136182189,
      0.00018677624757401645,
      0.0,
      0.0005603287136182189,
      0.0,
      0.0,
      0.0005603287136182189,
      0.0003735524951480329,
      0.0,
      0.00018677624757401645,
      0.00018677624757401645,
      0.00018677624757401645,
      0.0005603287136182189,
      0.0011206574272364378,
      0.011953679844737053,
      0.0013074337039142847
    ],
    [
      0.022541772574186325,
      0.0011552658397704363,
      0.02252298779785633,
      0.022541772574186325,
      0.022541772574186325,
      0.022541772574186325,
      0.02251359634101391,
      0.022504203021526337,
      0.022532381117343903,
      0.022541772574186325,
      0.022532381117343903,
      0.022541772574186325,
      0.02242906391620636,
      0.022541772574186325,
      0.022541772574186325,
      0.02247602678835392,
      0.022541772574186325,
      0.022532381117343903,
      0.0040575191378593445,
      0.02188430353999138,
      0.02252298779785633,
      0.006518329493701458,
      0.022532381117343903,
      0.022532381117343903,
      0.022532381117343903,
      0.022504203021526337,
      0.022541772574186325,
      0.022541772574186325,
      0.02252298779785633,
      0.022532381117343903,
      0.022532381117343903,
      0.022504203021526337,
      0.022532381117343903,
      0.022541772574186325,
      0.02246663346886635,
      0.022541772574186325,
      0.022541772574186325,
      0.02251359634101391,
      0.02252298779785633,
      0.022541772574186325,
      0.022419670596718788,
      0.02252298779785633,
      0.022532381117343903,
      0.02251359634101391,
      0.022485418245196342,
      0.02194065786898136,
      0.021048380061984062
    ],
    [
      0.0,
      0.3510747253894806,
      0.0,
      0.0,
      0.0,
      0.0,
      0.0,
      0.0010235414374619722,
      0.0,
      0.0,
      0.0010235414374619722,
      0.0,
      0.0,
      0.0,
      0.0,
      0.004094165749847889,
      0.0,
      0.0010235414374619722,
      0.11463664472103119,
      0.018423745408654213,
      0.0,
      0.3306038975715637,
      0.0,
      0.0,
      0.0,
      0.0020470828749239445,
      0.0,
      0.0,
      0.0,
      0.0010235414374619722,
      0.0,
      0.0010235414374619722,
      0.0,
      0.0,
      0.005117707420140505,
      0.0,
      0.0,
      0.0,
      0.0,
      0.0,
      0.012282497249543667,
      0.0010235414374619722,
      0.0,
      0.0,
      0.0,
      0.0,
      0.15557830035686493
    ]
  ],
  "grad_router_mean": 0.11947269452144942,