{
  "N": 112800,
  "usage": [
    0.37086546421051025,
    0.2698410749435425,
    0.3592934012413025
  ],
  "entropy_mean": 0.7843884229660034,
  "entropy_std": 0.2122088521718979,
  "top1_share": [
    0.4021276533603668,
    0.24434396624565125,
    0.35352838039398193
  ],
  "P_expert_given_class": [
    [
      0.15969499945640564,
      0.20737190544605255,
      0.6329333782196045
    ],
    [
      0.16743971407413483,
      0.01788295991718769,
      0.814677357673645
    ],
    [
      0.5387768149375916,
      0.2459346204996109,
      0.2152879536151886
    ],
    [
      0.669387698173523,
      0.21320420503616333,
      0.11740751564502716
    ],
    [
      0.6517097353935242,
      0.14482463896274567,
      0.20346549153327942
    ],
    [
      0.2538880705833435,
      0.5709905624389648,
      0.17512169480323792
    ],
    [
      0.6003265976905823,
      0.27508336305618286,
      0.12458983063697815
    ],
    [
      0.4911517798900604,
      0.04991808533668518,
      0.45893046259880066
    ],
    [
      0.4882529079914093,
      0.4377683997154236,
      0.07397797703742981
    ],
    [
      0.6717543005943298,
      0.16568510234355927,
      0.16256149113178253
    ],
    [
      0.41254767775535583,
      0.3268856704235077,
      0.26056650280952454
    ],
    [
      0.4063597619533539,
      0.49183109402656555,
      0.10180893540382385
    ],
    [
      0.2017742097377777,
      0.4642529785633087,
      0.3339730501174927
    ],
    [
      0.2232694774866104,
      0.19035227596759796,
      0.5863772034645081
    ],
    [
      0.09904155880212784,
      0.8334977626800537,
      0.06746087968349457
    ],
    [
      0.3295791447162628,
      0.46637797355651855,
      0.2040431648492813
    ],
    [
      0.5055761933326721,
      0.37876227498054504,
      0.11566118896007538
    ],
    [
      0.6259711980819702,
      0.10025011003017426,
      0.27377888560295105
    ],
    [
      0.20306149125099182,
      0.05544513836503029,
      0.741493821144104
    ],
    [
      0.33578255772590637,
      0.15513215959072113,
      0.5090851187705994
    ],
    [
      0.26122987270355225,
      0.55486661195755,
      0.18390341103076935
    ],
    [
      0.25408899784088135,
      0.0702970027923584,
      0.6756135821342468
    ],
    [
      0.16919250786304474,
      0.10944037139415741,
      0.7213661670684814
    ],
    [
      0.16484567523002625,
      0.07907786965370178,
      0.7560769319534302
    ],
    [
      0.12985941767692566,
      0.2239730805158615,
      0.6461672782897949
    ],
    [
      0.41179782152175903,
      0.3403577208518982,
      0.24784469604492188
    ],
    [
      0.4012313783168793,
      0.3549521863460541,
      0.24381667375564575
    ],
    [
      0.19529710710048676,
      0.6694524884223938,
      0.13525040447711945
    ],
    [
      0.2731788456439972,
      0.5933066606521606,
      0.13351385295391083
    ],
    [
      0.2926555573940277,
      0.0582592710852623,
      0.649084746837616
    ],
    [
      0.2139352411031723,
      0.13676521182060242,
      0.6492993831634521
    ],
    [
      0.22807131707668304,
      0.03412102907896042,
      0.7378073334693909
    ],
    [
      0.19124667346477509,
      0.10292821377515793,
      0.70582515001297
    ],
    [
      0.36792290210723877,
      0.30407804250717163,
      0.3279989957809448
    ],
    [
      0.5623366832733154,
      0.05721946060657501,
      0.38044384121894836
    ],
    [
      0.38789379596710205,
      0.3516393005847931,
      0.26046717166900635
    ],
    [
      0.24469642341136932,
      0.39966920018196106,
      0.3556346595287323
    ],
    [
      0.6562670469284058,
      0.20368090271949768,
      0.14005161821842194
    ],
    [
      0.7225556373596191,
      0.1356554478406906,
      0.1417892575263977
    ],
    [
      0.12573955953121185,
      0.7601816654205322,
      0.1140790581703186
    ],
    [
      0.43502816557884216,
      0.39795467257499695,
      0.16701693832874298
    ],
    [
      0.5742692351341248,
      0.288641095161438,
      0.1370886266231537
    ],
    [
      0.5945677757263184,
      0.1406974345445633,
      0.2647339105606079
    ],
    [
      0.13758312165737152,
      0.03588609769940376,
      0.8265311121940613
    ],
    [
      0.5929480791091919,
      0.26519402861595154,
      0.14185795187950134
    ],
    [
      0.22646231949329376,
      0.06491058319807053,
      0.7086269855499268
    ],
    [
      0.5804271697998047,
      0.15787477791309357,
      0.26169800758361816
    ]
  ],