{
  "N": 112800,
  "usage": [
    0.40050676465034485,
    0.2953920364379883,
    0.3041011691093445
  ],
  "entropy_mean": 0.7388259768486023,
  "entropy_std": 0.18332023918628693,
  "top1_share": [
    0.4109840393066406,
    0.2768794298171997,
    0.31213653087615967
  ],
  "P_expert_given_class": [
    [
      0.08248646557331085,
      0.20520947873592377,
      0.712303876876831
    ],
    [
      0.49232301115989685,
      0.04898680001497269,
      0.45869114995002747
    ],
    [
      0.6743643283843994,
      0.20642715692520142,
      0.11920930445194244
    ],
    [
      0.7300400137901306,
      0.19498473405838013,
      0.07497473806142807
    ],
    [
      0.7376598715782166,
      0.16700777411460876,
      0.09533301740884781
    ],
    [
      0.18948958814144135,
      0.6444329023361206,
      0.16607661545276642
    ],
    [
      0.4633617103099823,
      0.42028164863586426,
      0.11635596305131912
    ],
    [
      0.4253004491329193,
      0.049874600023031235,
      0.5248255133628845
    ],
    [
      0.6236174702644348,
      0.30679506063461304,
      0.06958755850791931
    ],
    [
      0.679179847240448,
      0.2371135652065277,
      0.08370722085237503
    ],
    [
      0.40370720624923706,
      0.4890066981315613,
      0.10728630423545837
    ],
    [
      0.369159996509552,
      0.5535769462585449,
      0.07726312428712845
    ],
    [
      0.19897498190402985,
      0.4525686502456665,
      0.34845656156539917
    ],
    [
      0.151450976729393,
      0.20934246480464935,
      0.639205813407898
    ],
    [
      0.2009527087211609,
      0.7640906572341919,
      0.03495636209845543
    ],
    [
      0.41256341338157654,
      0.5125796794891357,
      0.07485660165548325
    ],
    [
      0.3134121894836426,
      0.6320027112960815,
      0.054584018886089325
    ],
    [
      0.7719981074333191,
      0.11511377990245819,
      0.11288803070783615
    ],
    [
      0.3799344003200531,
      0.10142996162176132,
      0.5186349749565125
    ],
    [
      0.2764023542404175,
      0.24616727232933044,
      0.47743043303489685
    ],
    [
      0.49259790778160095,
      0.38505491614341736,
      0.12234752625226974
    ],
    [
      0.4854336977005005,
      0.10417336225509644,
      0.4103924036026001
    ],
    [
      0.10848644375801086,
      0.07005427777767181,
      0.8214597105979919
    ],
    [
      0.13546709716320038,
      0.07593163847923279,
      0.7886020541191101
    ],
    [
      0.06373047083616257,
      0.2259085774421692,
      0.7103608846664429
    ],
    [
      0.28056395053863525,
      0.6032959818840027,
      0.11614052951335907
    ],
    [
      0.16486410796642303,
      0.6539941430091858,
      0.18114256858825684
    ],
    [
      0.22058774530887604,
      0.7211310863494873,
      0.05828195437788963
    ],
    [
      0.27017301321029663,
      0.5808613896369934,
      0.148965522646904
    ],
    [
      0.14874744415283203,
      0.14177395403385162,
      0.7094791531562805
    ],
    [
      0.2357780784368515,
      0.22740091383457184,
      0.536821722984314
    ],
    [
      0.2971320152282715,
      0.04968579113483429,
      0.653182327747345
    ],
    [
      0.11918298155069351,
      0.12278592586517334,
      0.7580299377441406
    ],
    [
      0.6431655883789062,
      0.12691707909107208,
      0.22991760075092316
    ],
    [
      0.6171225309371948,
      0.04369561746716499,
      0.3391822874546051
    ],
    [
      0.577111005783081,
      0.25141459703445435,
      0.1714748591184616
    ],
    [
      0.19586564600467682,
      0.570309579372406,
      0.23382481932640076
    ],
    [
      0.6437999606132507,
      0.15590904653072357,
      0.20029036700725555
    ],
    [
      0.7631437182426453,
      0.15068529546260834,
      0.08617091178894043
    ],
    [
      0.20072123408317566,
      0.7422228455543518,
      0.057056229561567307
    ],
    [
      0.5712080597877502,
      0.37458136677742004,
      0.054210782051086426
    ],
    [
      0.6135356426239014,
      0.2914912700653076,
      0.09497375786304474
    ],
    [
      0.6682404279708862,
      0.10568366199731827,
      0.22607529163360596
    ],
    [
      0.1407465785741806,
      0.04267238825559616,
      0.8165811896324158
    ],
    [
      0.6155141592025757,
      0.3004606068134308,
      0.08402516692876816
    ],
    [
      0.26033392548561096,
      0.08974824845790863,
      0.6499179601669312
    ],
    [
      0.7141863107681274,
      0.11859159916639328,
      0.16722196340560913
    ]
  ],