{
  "N": 112800,
  "usage": [
    0.4020388126373291,
    0.29733097553253174,
    0.30063024163246155
  ],
  "entropy_mean": 0.7425740957260132,
  "entropy_std": 0.18506845831871033,
  "top1_share": [
    0.4215957522392273,
    0.2789539098739624,
    0.2994503676891327
  ],
  "P_expert_given_class": [
    [
      0.09035789221525192,
      0.25257638096809387,
      0.6570659875869751
    ],
    [
      0.48604685068130493,
      0.0331825390458107,
      0.4807701110839844
    ],
    [
      0.654184877872467,
      0.22094810009002686,
      0.12486769258975983
    ],
    [
      0.7393249869346619,
      0.18101263046264648,
      0.0796620324254036
    ],
    [
      0.7417944669723511,
      0.1625790297985077,
      0.09562650322914124
    ],
    [
      0.22496014833450317,
      0.6376087069511414,
      0.13743118941783905
    ],
    [
      0.48657628893852234,
      0.41537201404571533,
      0.09805160760879517
    ],
    [
      0.5039189457893372,
      0.035329677164554596,
      0.4607512950897217
    ],
    [
      0.6265406608581543,
      0.30874574184417725,
      0.06471394747495651
    ],
    [
      0.7078891396522522,
      0.2211276739835739,
      0.07098250091075897
    ],
    [
      0.4083167612552643,
      0.4722359776496887,
      0.11944736540317535
    ],
    [
      0.40125772356987,
      0.5049424171447754,
      0.09379953145980835
    ],
    [
      0.18256114423274994,
      0.5449545383453369,
      0.27248406410217285
    ],
    [
      0.1483871191740036,
      0.22506839036941528,
      0.6265444159507751
    ],
    [
      0.15418609976768494,
      0.8066051006317139,
      0.03920865058898926
    ],
    [
      0.3947767913341522,
      0.513974130153656,
      0.09124927967786789
    ],
    [
      0.361619770526886,
      0.5785247087478638,
      0.05985549837350845
    ],
    [
      0.7307694554328918,
      0.11774789541959763,
      0.15148256719112396
    ],
    [
      0.39992478489875793,
      0.0902327373623848,
      0.5098423957824707
    ],
    [
      0.2896716296672821,
      0.24075014889240265,
      0.4695780575275421
    ],
    [
      0.41824090480804443,
      0.45931321382522583,
      0.12244506925344467
    ],
    [
      0.4793764352798462,
      0.09661724418401718,
      0.42400628328323364
    ],
    [
      0.119744211435318,
      0.07291505485773087,
      0.8073405027389526
    ],
    [
      0.12525814771652222,
      0.07652487605810165,
      0.7982167601585388
    ],
    [
      0.062411773949861526,
      0.26486942172050476,
      0.6727181673049927
    ],
    [
      0.31703755259513855,
      0.5356064438819885,
      0.14735597372055054
    ],
    [
      0.19921523332595825,
      0.5993112921714783,
      0.20147280395030975
    ],
    [
      0.21460320055484772,
      0.71831214427948,
      0.06708467751741409
    ],
    [
      0.2996998131275177,
      0.5852465033531189,
      0.11505423486232758
    ],
    [
      0.21072575449943542,
      0.09581790119409561,
      0.6934572458267212
    ],
    [
      0.21803711354732513,
      0.23531381785869598,
      0.5466490387916565
    ],
    [
      0.263321191072464,
      0.052202221006155014,
      0.6844764351844788
    ],
    [
      0.10493189841508865,
      0.12990446388721466,
      0.7651641368865967
    ],
    [
      0.6520142555236816,
      0.13928233087062836,
      0.20870333909988403
    ],
    [
      0.6322024464607239,
      0.04119115695357323,
      0.3266071081161499
    ],
    [
      0.5394073724746704,
      0.29462161660194397,
      0.16597111523151398
    ],
    [
      0.19147126376628876,
      0.53659987449646,
      0.2719288468360901
    ],
    [
      0.6088799834251404,
      0.21268421411514282,
      0.17843545973300934
    ],
    [
      0.7719452381134033,
      0.1426127552986145,
      0.0854417160153389
    ],
    [
      0.14829912781715393,
      0.7935054898262024,
      0.05819547176361084
    ],
    [
      0.5416838526725769,
      0.3863257169723511,
      0.07199051231145859
    ],
    [
      0.6319814920425415,
      0.28323060274124146,
      0.08478868752717972
    ],
    [
      0.641119658946991,
      0.12822484970092773,
      0.23065592348575592
    ],
    [
      0.15255670249462128,
      0.043686334043741226,
      0.803756833076477
    ],
    [
      0.6344853639602661,
      0.286950021982193,
      0.07856472581624985
    ],
    [
      0.2869674861431122,
      0.08872583508491516,
      0.624305784702301
    ],
    [
      0.6971425414085388,
      0.11144067347049713,
      0.19141674041748047
    ]
  ],