{
  "N": 112800,
  "usage": [
    0.28822749853134155,
    0.3303765058517456,
    0.38139596581459045
  ],
  "entropy_mean": 0.8565090298652649,
  "entropy_std": 0.22801576554775238,
  "top1_share": [
    0.22585105895996094,
    0.33688828349113464,
    0.43726062774658203
  ],
  "P_expert_given_class": [
    [
      0.18646998703479767,
      0.20916146039962769,
      0.604368269443512
    ],
    [
      0.15224981307983398,
      0.05915626510977745,
      0.7885934710502625
    ],
    [
      0.4026954174041748,
      0.3403162658214569,
      0.2569881081581116
    ],
    [
      0.35612329840660095,
      0.42682480812072754,
      0.21705131232738495
    ],
    [
      0.44126734137535095,
      0.29740387201309204,
      0.261328786611557
    ],
    [
      0.2311442345380783,
      0.5610434412956238,
      0.20781168341636658
    ],
    [
      0.4364162087440491,
      0.2952817678451538,
      0.2683015465736389
    ],
    [
      0.23938095569610596,
      0.11079590022563934,
      0.6498234272003174
    ],
    [
      0.2609809339046478,
      0.5473375916481018,
      0.19168134033679962
    ],
    [
      0.35720986127853394,
      0.3352360129356384,
      0.3075542449951172
    ],
    [
      0.25478073954582214,
      0.46870219707489014,
      0.2765170633792877
    ],
    [
      0.2469722181558609,
      0.5272054672241211,
      0.22582237422466278
    ],
    [
      0.24003680050373077,
      0.32557234168052673,
      0.43439093232154846
    ],
    [
      0.24302762746810913,
      0.219661146402359,
      0.5373103618621826
    ],
    [
      0.1760353147983551,
      0.6228073835372925,
      0.20115695893764496
    ],
    [
      0.2890309989452362,
      0.36610937118530273,
      0.3448595106601715
    ],
    [
      0.37090256810188293,
      0.3725578784942627,
      0.2565399408340454
    ],
    [
      0.4107704162597656,
      0.21856755018234253,
      0.3706619143486023
    ],
    [
      0.18096734583377838,
      0.08166474848985672,
      0.7373684644699097
    ],
    [
      0.34042930603027344,
      0.18765223026275635,
      0.4719184935092926
    ],
    [
      0.24772579967975616,
      0.5261459946632385,
      0.22612835466861725
    ],
    [
      0.2299424707889557,
      0.0996604710817337,
      0.6703975200653076
    ],
    [
      0.24249674379825592,
      0.4314418435096741,
      0.32606109976768494
    ],
    [
      0.26162829995155334,
      0.32290640473365784,
      0.415464848279953
    ],
    [
      0.181832954287529,
      0.2769264578819275,
      0.5412395596504211
    ],
    [
      0.2538498640060425,
      0.32985231280326843,
      0.41629746556282043
    ],
    [
      0.3299761116504669,
      0.3973360061645508,
      0.27268749475479126
    ],
    [
      0.18604803085327148,
      0.6130284667015076,
      0.2009231299161911
    ],
    [
      0.21922262012958527,
      0.6007391810417175,
      0.18003784120082855
    ],
    [
      0.2402740716934204,
      0.12225846946239471,
      0.6374675035476685
    ],
    [
      0.2748197913169861,
      0.16209714114665985,
      0.5630823969841003
    ],
    [
      0.265271931886673,
      0.11856202781200409,
      0.6161655783653259
    ],
    [
      0.3364044725894928,
      0.28494951128959656,
      0.37864571809768677
    ],
    [
      0.2952669858932495,
      0.4440968930721283,
      0.2606366276741028
    ],
    [
      0.38426473736763,
      0.1483296900987625,
      0.4674060046672821
    ],
    [
      0.31445568799972534,
      0.4012235403060913,
      0.2843208611011505
    ],
    [
      0.2569381594657898,
      0.4783909022808075,
      0.26467081904411316
    ],
    [
      0.43834808468818665,
      0.3094511032104492,
      0.2522006928920746
    ],
    [
      0.494332879781723,
      0.2565315365791321,
      0.2491355687379837
    ],
    [
      0.14736498892307281,
      0.6957215666770935,
      0.15691332519054413
    ],
    [
      0.35610315203666687,
      0.34463632106781006,
      0.29926010966300964
    ],
    [
      0.3265988528728485,
      0.4315524399280548,
      0.2418491095304489
    ],
    [
      0.3946553170681,
      0.256553590297699,
      0.34879186749458313
    ],
    [
      0.15101636946201324,
      0.15304182469844818,
      0.6959417462348938
    ],
    [
      0.33804434537887573,
      0.40145671367645264,
      0.26049932837486267
    ],
    [
      0.15812236070632935,
      0.11380447447299957,
      0.7280721068382263
    ],
    [
      0.40479424595832825,
      0.23394328355789185,
      0.36126261949539185
    ]
  ],