{
  "N": 112800,
  "usage": [
    0.40368714928627014,
    0.29472267627716064,
    0.3015902042388916
  ],
  "entropy_mean": 0.7431186437606812,
  "entropy_std": 0.18331852555274963,
  "top1_share": [
    0.41910460591316223,
    0.27539005875587463,
    0.30550530552864075
  ],
  "P_expert_given_class": [
    [
      0.08821320533752441,
      0.21495641767978668,
      0.6968304514884949
    ],
    [
      0.5069481730461121,
      0.042726919054985046,
      0.45032474398612976
    ],
    [
      0.6620709896087646,
      0.21817801892757416,
      0.11975061893463135
    ],
    [
      0.7291809320449829,
      0.20147942006587982,
      0.06934039294719696
    ],
    [
      0.7385647296905518,
      0.1683257669210434,
      0.09310971200466156
    ],
    [
      0.20686404407024384,
      0.6405959129333496,
      0.1525396853685379
    ],
    [
      0.4866429269313812,
      0.40100276470184326,
      0.11235404014587402
    ],
    [
      0.46404892206192017,
      0.04707931727170944,
      0.48887181282043457
    ],
    [
      0.6161333918571472,
      0.3179588317871094,
      0.0659078061580658
    ],
    [
      0.6861956715583801,
      0.23955225944519043,
      0.07425226271152496
    ],
    [
      0.40309280157089233,
      0.4844846725463867,
      0.11242157220840454
    ],
    [
      0.3802042603492737,
      0.540740966796875,
      0.07905504107475281
    ],
    [
      0.20376423001289368,
      0.4540852904319763,
      0.34215107560157776
    ],
    [
      0.14747199416160583,
      0.21828033030033112,
      0.6342483162879944
    ],
    [
      0.20851588249206543,
      0.755641520023346,
      0.0358424037694931
    ],
    [
      0.41202643513679504,
      0.512404203414917,
      0.0755695104598999
    ],
    [
      0.337253600358963,
      0.6076067686080933,
      0.05514051392674446
    ],
    [
      0.7591786980628967,
      0.11512555181980133,
      0.1256963014602661
    ],
    [
      0.4029832184314728,
      0.09507229179143906,
      0.5019445419311523
    ],
    [
      0.29124754667282104,
      0.25248220562934875,
      0.45627009868621826
    ],
    [
      0.4700288474559784,
      0.3939615786075592,
      0.13601019978523254
    ],
    [
      0.4935837388038635,
      0.10370639711618423,
      0.4027092158794403
    ],
    [
      0.11202571541070938,
      0.06449170410633087,
      0.8234818577766418
    ],
    [
      0.133746936917305,
      0.07154674828052521,
      0.7947070002555847
    ],
    [
      0.06552822142839432,
      0.23118583858013153,
      0.7032865881919861
    ],
    [
      0.28406786918640137,
      0.597067654132843,
      0.11886469274759293
    ],
    [
      0.17096072435379028,
      0.6402148604393005,
      0.18882420659065247
    ],
    [
      0.22111965715885162,
      0.718532383441925,
      0.06034838408231735
    ],
    [
      0.2818654477596283,
      0.5839831829071045,
      0.13415133953094482
    ],
    [
      0.16976220905780792,
      0.12919379770755768,
      0.701045036315918
    ],
    [
      0.23652766644954681,
      0.21902918815612793,
      0.5444428324699402
    ],
    [
      0.30033257603645325,
      0.04692072421312332,
      0.6527470350265503
    ],
    [
      0.1198299378156662,
      0.11909168213605881,
      0.7610790133476257
    ],
    [
      0.6369346380233765,
      0.12192657589912415,
      0.24113985896110535
    ],
    [
      0.6174243092536926,
      0.04213447868824005,
      0.34044066071510315
    ],
    [
      0.5687174797058105,
      0.26568347215652466,
      0.16560010612010956
    ],
    [
      0.19239439070224762,
      0.5677842497825623,
      0.23982156813144684
    ],
    [
      0.6322957873344421,
      0.17671896517276764,
      0.1909850537776947
    ],
    [
      0.7673763036727905,
      0.14632293581962585,
      0.08630111068487167
    ],
    [
      0.19055673480033875,
      0.7520996928215027,
      0.05734359100461006
    ],
    [
      0.5629558563232422,
      0.3799477219581604,
      0.057096272706985474
    ],
    [
      0.6132426857948303,
      0.2974545955657959,
      0.08930237591266632
    ],
    [
      0.6560521125793457,
      0.11218393594026566,
      0.231764018535614
    ],
    [
      0.14462509751319885,
      0.039276521652936935,
      0.8160980939865112
    ],
    [
      0.615123987197876,
      0.30448102951049805,
      0.0803951844573021
    ],
    [
      0.2754371166229248,
      0.08014184236526489,
      0.6444215178489685
    ],
    [
      0.7101826667785645,
      0.11910395324230194,
      0.1707141101360321
    ]
  ],