{
  "N": 112800,
  "usage": [
    0.3938957452774048,
    0.3016144931316376,
    0.30448976159095764
  ],
  "entropy_mean": 0.7274039387702942,
  "entropy_std": 0.18709632754325867,
  "top1_share": [
    0.4038829803466797,
    0.2843705713748932,
    0.3117464482784271
  ],
  "P_expert_given_class": [
    [
      0.07429835200309753,
      0.21091139316558838,
      0.7147896885871887
    ],
    [
      0.49680307507514954,
      0.04399752989411354,
      0.45919886231422424
    ],
    [
      0.687394380569458,
      0.20024485886096954,
      0.11236044764518738
    ],
    [
      0.7214766144752502,
      0.20265734195709229,
      0.07586510479450226
    ],
    [
      0.7225334644317627,
      0.1789902001619339,
      0.0984756126999855
    ],
    [
      0.18176768720149994,
      0.6486610174179077,
      0.1695718616247177
    ],
    [
      0.4599936306476593,
      0.4241381287574768,
      0.11586754769086838
    ],
    [
      0.42328426241874695,
      0.050255149602890015,
      0.5264601707458496
    ],
    [
      0.6176753044128418,
      0.3182447850704193,
      0.06408073753118515
    ],
    [
      0.6598809957504272,
      0.2528132498264313,
      0.08730591088533401
    ],
    [
      0.41036006808280945,
      0.4844718277454376,
      0.10516820102930069
    ],
    [
      0.3379765450954437,
      0.5968820452690125,
      0.06514105945825577
    ],
    [
      0.17894944548606873,
      0.46404480934143066,
      0.3570058047771454
    ],
    [
      0.14665274322032928,
      0.2045489102602005,
      0.6487987041473389
    ],
    [
      0.19697804749011993,
      0.7685908675193787,
      0.03443093225359917
    ],
    [
      0.4137015640735626,
      0.521794319152832,
      0.06450394541025162
    ],
    [
      0.29073968529701233,
      0.6573060154914856,
      0.05195511505007744
    ],
    [
      0.7835798859596252,
      0.11093803495168686,
      0.10548173636198044
    ],
    [
      0.36280226707458496,
      0.10064990818500519,
      0.5365473031997681
    ],
    [
      0.2660641074180603,
      0.24252080917358398,
      0.491415411233902
    ],
    [
      0.4895363748073578,
      0.39209309220314026,
      0.11836998164653778
    ],
    [
      0.48599106073379517,
      0.10338447242975235,
      0.4106237590312958
    ],
    [
      0.10526247322559357,
      0.07564183324575424,
      0.8190957903862
    ],
    [
      0.13771961629390717,
      0.07596755027770996,
      0.7863122820854187
    ],
    [
      0.05671963840723038,
      0.22826504707336426,
      0.7150155305862427
    ],
    [
      0.2624606192111969,
      0.6338430047035217,
      0.10369636863470078
    ],
    [
      0.14838038384914398,
      0.6762838959693909,
      0.175336092710495
    ],
    [
      0.20406070351600647,
      0.743141233921051,
      0.05279805511236191
    ],
    [
      0.26224878430366516,
      0.5836489796638489,
      0.15410299599170685
    ],
    [
      0.12953633069992065,
      0.15826952457427979,
      0.7121944427490234
    ],
    [
      0.22030581533908844,
      0.22647947072982788,
      0.5532144904136658
    ],
    [
      0.28183943033218384,
      0.049252040684223175,
      0.6689087152481079
    ],
    [
      0.12157609313726425,
      0.1219116821885109,
      0.7565125823020935
    ],
    [
      0.640474796295166,
      0.12608475983142853,
      0.2334405779838562
    ],
    [
      0.6331756114959717,
      0.040812741965055466,
      0.32601162791252136
    ],
    [
      0.5640910267829895,
      0.2598661482334137,
      0.17604312300682068
    ],
    [
      0.18959097564220428,
      0.5885908007621765,
      0.22181816399097443
    ],
    [
      0.6592020392417908,
      0.13925352692604065,
      0.20154458284378052
    ],
    [
      0.7695050835609436,
      0.1485918164253235,
      0.08190344274044037
    ],
    [
      0.18725329637527466,
      0.7569360136985779,
      0.055811576545238495
    ],
    [
      0.5748746991157532,
      0.37942400574684143,
      0.04570142552256584
    ],
    [
      0.6096168756484985,
      0.2967689335346222,
      0.0936141163110733
    ],
    [
      0.6758504509925842,
      0.10153131186962128,
      0.22261856496334076
    ],
    [
      0.12696683406829834,
      0.045210398733615875,
      0.8278223276138306
    ],
    [
      0.6024653315544128,
      0.31278830766677856,
      0.08474672585725784
    ],
    [
      0.22584055364131927,
      0.10350966453552246,
      0.6706492304801941
    ],
    [
      0.7156420946121216,
      0.12567013502120972,
      0.15868769586086273
    ]
  ],