{
  "N": 112800,
  "usage": [
    0.40154290199279785,
    0.2968740165233612,
    0.30158308148384094
  ],
  "entropy_mean": 0.7458550930023193,
  "entropy_std": 0.1823863387107849,
  "top1_share": [
    0.416604608297348,
    0.27831560373306274,
    0.30507978796958923
  ],
  "P_expert_given_class": [
    [
      0.09032828360795975,
      0.23539964854717255,
      0.6742713451385498
    ],
    [
      0.4875161349773407,
      0.036332402378320694,
      0.47615116834640503
    ],
    [
      0.6591339707374573,
      0.21866124868392944,
      0.12220405787229538
    ],
    [
      0.730826735496521,
      0.19507071375846863,
      0.07410269230604172
    ],
    [
      0.7429338693618774,
      0.1651279479265213,
      0.09193756431341171
    ],
    [
      0.2128971517086029,
      0.643679141998291,
      0.14342334866523743
    ],
    [
      0.49563562870025635,
      0.4005371630191803,
      0.10382723808288574
    ],
    [
      0.4834127426147461,
      0.039534665644168854,
      0.47705358266830444
    ],
    [
      0.6264604926109314,
      0.3074933886528015,
      0.06604541093111038
    ],
    [
      0.6963340640068054,
      0.23521678149700165,
      0.06844954937696457
    ],
    [
      0.38481631875038147,
      0.5043588280677795,
      0.1108250692486763
    ],
    [
      0.3926852345466614,
      0.5177101492881775,
      0.08960436284542084
    ],
    [
      0.1910240650177002,
      0.4964323043823242,
      0.31254342198371887
    ],
    [
      0.14718586206436157,
      0.22018612921237946,
      0.6326282620429993
    ],
    [
      0.17859551310539246,
      0.7802214026451111,
      0.0411839596927166
    ],
    [
      0.4012182056903839,
      0.5103253126144409,
      0.0884564220905304
    ],
    [
      0.3518376052379608,
      0.5869485139846802,
      0.06121399626135826
    ],
    [
      0.7355003952980042,
      0.13042128086090088,
      0.13407845795154572
    ],
    [
      0.3971937894821167,
      0.09324865788221359,
      0.5095576643943787
    ],
    [
      0.2835558354854584,
      0.25151193141937256,
      0.46493175625801086
    ],
    [
      0.4471067786216736,
      0.42549601197242737,
      0.12739749252796173
    ],
    [
      0.4829048812389374,
      0.09512639790773392,
      0.42196887731552124
    ],
    [
      0.1212601438164711,
      0.07258151471614838,
      0.806158185005188
    ],
    [
      0.13158108294010162,
      0.08019670099020004,
      0.788222074508667
    ],
    [
      0.06396456807851791,
      0.25254467129707336,
      0.6834911108016968
    ],
    [
      0.2970571517944336,
      0.5721403956413269,
      0.13080176711082458
    ],
    [
      0.18990428745746613,
      0.607799768447876,
      0.2022959589958191
    ],
    [
      0.21371446549892426,
      0.7211844325065613,
      0.06510059535503387
    ],
    [
      0.28653648495674133,
      0.5881680846214294,
      0.12529481947422028
    ],
    [
      0.18799838423728943,
      0.11297407746315002,
      0.6990268230438232
    ],
    [
      0.2369026243686676,
      0.2326323688030243,
      0.530464231967926
    ],
    [
      0.2880265712738037,
      0.04999309405684471,
      0.6619814038276672
    ],
    [
      0.11591562628746033,
      0.1272667646408081,
      0.7568180561065674
    ],
    [
      0.6362277865409851,
      0.13058556616306305,
      0.2331870198249817
    ],
    [
      0.6105301976203918,
      0.04157513380050659,
      0.3478945791721344
    ],
    [
      0.5608626008033752,
      0.275802344083786,
      0.16333436965942383
    ],
    [
      0.19209107756614685,
      0.5451783537864685,
      0.26273009181022644
    ],
    [
      0.6117202639579773,
      0.20779630541801453,
      0.18048375844955444
    ],
    [
      0.770825982093811,
      0.1428767591714859,
      0.08629772067070007
    ],
    [
      0.16523417830467224,
      0.7736249566078186,
      0.0611407533288002
    ],
    [
      0.5503027439117432,
      0.38220518827438354,
      0.06749213486909866
    ],
    [
      0.6234142184257507,
      0.2897477447986603,
      0.08683779090642929
    ],
    [
      0.6393362879753113,
      0.11971639096736908,
      0.24094699323177338
    ],
    [
      0.147913858294487,
      0.04528782144188881,
      0.8067989349365234
    ],
    [
      0.6269529461860657,
      0.293695330619812,
      0.07935123890638351
    ],
    [
      0.2814429998397827,
      0.08673688024282455,
      0.6318203806877136
    ],
    [
      0.703694760799408,
      0.11172761023044586,
      0.18457789719104767
    ]
  ],