{
  "N": 112800,
  "usage": [
    0.3767314553260803,
    0.31018388271331787,
    0.3130846917629242
  ],
  "entropy_mean": 0.7152982950210571,
  "entropy_std": 0.1971200406551361,
  "top1_share": [
    0.3907890021800995,
    0.29392731189727783,
    0.3152836859226227
  ],
  "P_expert_given_class": [
    [
      0.05853539705276489,
      0.20493148267269135,
      0.7365332841873169
    ],
    [
      0.47566840052604675,
      0.04044070094823837,
      0.48389068245887756
    ],
    [
      0.7112014293670654,
      0.17443262040615082,
      0.11436691135168076
    ],
    [
      0.7081466913223267,
      0.22080548107624054,
      0.07104858756065369
    ],
    [
      0.6984471678733826,
      0.19468718767166138,
      0.10686471313238144
    ],
    [
      0.15920540690422058,
      0.6884908080101013,
      0.1523038148880005
    ],
    [
      0.4337194263935089,
      0.4466465711593628,
      0.11963409185409546
    ],
    [
      0.4292227625846863,
      0.04571695998311043,
      0.5250603556632996
    ],
    [
      0.6120322346687317,
      0.32956716418266296,
      0.05839987471699715
    ],
    [
      0.6126964092254639,
      0.2886981964111328,
      0.09860620647668839
    ],
    [
      0.39840972423553467,
      0.492000013589859,
      0.10958985984325409
    ],
    [
      0.2830340266227722,
      0.6515691876411438,
      0.06539686769247055
    ],
    [
      0.1622239649295807,
      0.4747677743434906,
      0.36300790309906006
    ],
    [
      0.12690690159797668,
      0.21786895394325256,
      0.6552247405052185
    ],
    [
      0.17173922061920166,
      0.7920055389404297,
      0.03625545650720596
    ],
    [
      0.4008282721042633,
      0.5392821431159973,
      0.059890016913414
    ],
    [
      0.25511714816093445,
      0.6909239292144775,
      0.05395859479904175
    ],
    [
      0.775659441947937,
      0.11378344148397446,
      0.1105581670999527
    ],
    [
      0.3157311975955963,
      0.1011742576956749,
      0.5830942988395691
    ],
    [
      0.25231844186782837,
      0.258877694606781,
      0.4888041317462921
    ],
    [
      0.4768116772174835,
      0.36229202151298523,
      0.16089659929275513
    ],
    [
      0.46280553936958313,
      0.1052481085062027,
      0.4319465160369873
    ],
    [
      0.08999206125736237,
      0.07846660912036896,
      0.8315417766571045
    ],
    [
      0.1297362893819809,
      0.07831522822380066,
      0.7919481992721558
    ],
    [
      0.043667521327733994,
      0.22003115713596344,
      0.736300528049469
    ],
    [
      0.22110114991664886,
      0.66792893409729,
      0.11097029596567154
    ],
    [
      0.1302996426820755,
      0.697748601436615,
      0.1719520092010498
    ],
    [
      0.1848009079694748,
      0.7545633912086487,
      0.06063542515039444
    ],
    [
      0.22633980214595795,
      0.6230402588844299,
      0.15062017738819122
    ],
    [
      0.11865254491567612,
      0.1668211966753006,
      0.7145267724990845
    ],
    [
      0.19594421982765198,
      0.2261856645345688,
      0.5778698921203613
    ],
    [
      0.2658333480358124,
      0.04728987440466881,
      0.6868772506713867
    ],
    [
      0.10992663353681564,
      0.12119584530591965,
      0.768876850605011
    ],
    [
      0.6274570822715759,
      0.1330193728208542,
      0.2395235151052475
    ],
    [
      0.6554279923439026,
      0.03614182025194168,
      0.30843010544776917
    ],
    [
      0.5476474761962891,
      0.2499552220106125,
      0.2023971825838089
    ],
    [
      0.18549662828445435,
      0.588485836982727,
      0.22601735591888428
    ],
    [
      0.6476227045059204,
      0.1312890350818634,
      0.2210875004529953
    ],
    [
      0.7742316722869873,
      0.14010106027126312,
      0.08566620200872421
    ],
    [
      0.1581658571958542,
      0.7796241641044617,
      0.0622103251516819
    ],
    [
      0.5760053396224976,
      0.38020679354667664,
      0.04378766939043999
    ],
    [
      0.5890227556228638,
      0.3156263828277588,
      0.09535042941570282
    ],
    [
      0.6545324921607971,
      0.11312475800514221,
      0.23234201967716217
    ],
    [
      0.10684175044298172,
      0.04311884567141533,
      0.8500396609306335
    ],
    [
      0.5752731561660767,
      0.33318066596984863,
      0.09154603630304337
    ],
    [
      0.20250019431114197,
      0.09339971095323563,
      0.7041019797325134
    ],
    [
      0.709399402141571,
      0.12557129561901093,
      0.16502921283245087
    ]
  ],