{
  "N": 112800,
  "usage": [
    0.3846201002597809,
    0.2800550162792206,
    0.33532485365867615
  ],
  "entropy_mean": 0.7626538276672363,
  "entropy_std": 0.20075565576553345,
  "top1_share": [
    0.4104166626930237,
    0.2596365213394165,
    0.3299468159675598
  ],
  "P_expert_given_class": [
    [
      0.1207830011844635,
      0.22619812190532684,
      0.6530184745788574
    ],
    [
      0.3068719506263733,
      0.02218291163444519,
      0.6709463000297546
    ],
    [
      0.6067783236503601,
      0.20842356979846954,
      0.1847982555627823
    ],
    [
      0.7269800901412964,
      0.16112323105335236,
      0.11189721524715424
    ],
    [
      0.700533926486969,
      0.1485779732465744,
      0.15088854730129242
    ],
    [
      0.22934387624263763,
      0.5525800585746765,
      0.2180754393339157
    ],
    [
      0.5585078001022339,
      0.3331471085548401,
      0.10834535211324692
    ],
    [
      0.5534420013427734,
      0.037616755813360214,
      0.40894079208374023
    ],
    [
      0.5447354316711426,
      0.3795349895954132,
      0.07572945207357407
    ],
    [
      0.692412793636322,
      0.17854057252407074,
      0.12904666364192963
    ],
    [
      0.44592487812042236,
      0.3482086956501007,
      0.20586620271205902
    ],
    [
      0.39346927404403687,
      0.4887580871582031,
      0.11777253448963165
    ],
    [
      0.18676649034023285,
      0.5757327079772949,
      0.23750081658363342
    ],
    [
      0.15570907294750214,
      0.2040947824716568,
      0.6401957273483276
    ],
    [
      0.09408573806285858,
      0.8485440611839294,
      0.05737058073282242
    ],
    [
      0.32615959644317627,
      0.5413489937782288,
      0.13249088823795319
    ],
    [
      0.42769578099250793,
      0.4808467626571655,
      0.09145747125148773
    ],
    [
      0.693452000617981,
      0.10409247130155563,
      0.20245608687400818
    ],
    [
      0.2826988101005554,
      0.06722097843885422,
      0.6500807404518127
    ],
    [
      0.2942793071269989,
      0.1584082990884781,
      0.5473135113716125
    ],
    [
      0.35836076736450195,
      0.5079717040061951,
      0.13366717100143433
    ],
    [
      0.3673286437988281,
      0.0848785936832428,
      0.5477918982505798
    ],
    [
      0.1504814624786377,
      0.07842282950878143,
      0.7710940837860107
    ],
    [
      0.13644881546497345,
      0.06369628012180328,
      0.7998540997505188
    ],
    [
      0.08705826848745346,
      0.2392347753047943,
      0.6737064719200134
    ],
    [
      0.40953680872917175,
      0.40429025888442993,
      0.18617278337478638
    ],
    [
      0.2708984613418579,
      0.483955442905426,
      0.24514584243297577
    ],
    [
      0.20165663957595825,
      0.6958562731742859,
      0.10248691588640213
    ],
    [
      0.25964272022247314,
      0.5745420455932617,
      0.16581545770168304
    ],
    [
      0.2709585726261139,
      0.07587981224060059,
      0.6531606316566467
    ],
    [
      0.1989557296037674,
      0.18800844252109528,
      0.6130356788635254
    ],
    [
      0.2060968279838562,
      0.045236121863126755,
      0.7486667037010193
    ],
    [
      0.1276153326034546,
      0.11293870210647583,
      0.7594453692436218
    ],
    [
      0.5112064480781555,
      0.21706871688365936,
      0.2717251777648926
    ],
    [
      0.6201131939888,
      0.04956349357962608,
      0.33032289147377014
    ],
    [
      0.4658081531524658,
      0.2887510359287262,
      0.24544107913970947
    ],
    [
      0.20734792947769165,
      0.45320430397987366,
      0.3394482433795929
    ],
    [
      0.6442829966545105,
      0.19530436396598816,
      0.1604124903678894
    ],
    [
      0.7567460536956787,
      0.12807771563529968,
      0.11517691612243652
    ],
    [
      0.12014133483171463,
      0.7910407185554504,
      0.08881843835115433
    ],
    [
      0.4289248585700989,
      0.4623089134693146,
      0.1087663397192955
    ],
    [
      0.6033447980880737,
      0.272250771522522,
      0.12440366297960281
    ],
    [
      0.6575570106506348,
      0.13967427611351013,
      0.20276862382888794
    ],
    [
      0.14334914088249207,
      0.03795815631747246,
      0.8186922073364258
    ],
    [
      0.611295759677887,
      0.272371381521225,
      0.11633235961198807
    ],
    [
      0.28110596537590027,
      0.09881918877363205,
      0.6200743317604065
    ],
    [
      0.6402491331100464,
      0.1361035853624344,
      0.2236468493938446
    ]
  ],