{
  "N": 112800,
  "usage": [
    0.4056430160999298,
    0.2866298258304596,
    0.3077271580696106
  ],
  "entropy_mean": 0.7473524808883667,
  "entropy_std": 0.1859235316514969,
  "top1_share": [
    0.42736703157424927,
    0.26627659797668457,
    0.30635637044906616
  ],
  "P_expert_given_class": [
    [
      0.09974301606416702,
      0.24415825307369232,
      0.6560996174812317
    ],
    [
      0.4539181888103485,
      0.02436286211013794,
      0.5217190384864807
    ],
    [
      0.6576744914054871,
      0.2056337594985962,
      0.1366916447877884
    ],
    [
      0.7449562549591064,
      0.1618628203868866,
      0.09318126738071442
    ],
    [
      0.7306134700775146,
      0.16272711753845215,
      0.10665994882583618
    ],
    [
      0.2346208691596985,
      0.6161949038505554,
      0.1491837203502655
    ],
    [
      0.5094611644744873,
      0.39413055777549744,
      0.09640800952911377
    ],
    [
      0.5241122841835022,
      0.030602063983678818,
      0.44528529047966003
    ],
    [
      0.624384343624115,
      0.3064751625061035,
      0.06914056092500687
    ],
    [
      0.7133988738059998,
      0.2055690437555313,
      0.0810319036245346
    ],
    [
      0.43789342045783997,
      0.4266989529132843,
      0.13540765643119812
    ],
    [
      0.42079222202301025,
      0.4699450135231018,
      0.10926228761672974
    ],
    [
      0.1923912614583969,
      0.5678388476371765,
      0.23976989090442657
    ],
    [
      0.16095034778118134,
      0.2085539549589157,
      0.6304949522018433
    ],
    [
      0.15936948359012604,
      0.794628381729126,
      0.04600153863430023
    ],
    [
      0.40194469690322876,
      0.49887338280677795,
      0.09918206185102463
    ],
    [
      0.3926500678062439,
      0.5433259010314941,
      0.0640239268541336
    ],
    [
      0.7082390189170837,
      0.12895050644874573,
      0.1628095954656601
    ],
    [
      0.3827180564403534,
      0.08144446462392807,
      0.5358371734619141
    ],
    [
      0.29244276881217957,
      0.20704811811447144,
      0.5005088448524475
    ],
    [
      0.40526971220970154,
      0.4767598509788513,
      0.1179707944393158
    ],
    [
      0.4659982919692993,
      0.08633462339639664,
      0.44766637682914734
    ],
    [
      0.11868799477815628,
      0.08187530189752579,
      0.7994359135627747
    ],
    [
      0.12820595502853394,
      0.0709444209933281,
      0.8008498549461365
    ],
    [
      0.06600644439458847,
      0.2540307343006134,
      0.6799630522727966
    ],
    [
      0.3512653708457947,
      0.48502084612846375,
      0.16371311247348785
    ],
    [
      0.22013035416603088,
      0.5588744878768921,
      0.22099541127681732
    ],
    [
      0.2237596958875656,
      0.6964163184165955,
      0.07982434332370758
    ],
    [
      0.3024751543998718,
      0.5714589357376099,
      0.12606580555438995
    ],
    [
      0.2275700867176056,
      0.08292149007320404,
      0.6895080804824829
    ],
    [
      0.2117871791124344,
      0.22772306203842163,
      0.5604894161224365
    ],
    [
      0.24195754528045654,
      0.0518365353345871,
      0.7062060236930847
    ],
    [
      0.10464435070753098,
      0.1152692511677742,
      0.7800869941711426
    ],
    [
      0.6347512006759644,
      0.16076120734214783,
      0.2044878453016281
    ],
    [
      0.6375201344490051,
      0.041251566261053085,
      0.3212287127971649
    ],
    [
      0.5333591103553772,
      0.2839876413345337,
      0.18265266716480255
    ],
    [
      0.19553673267364502,
      0.5094132423400879,
      0.2950502634048462
    ],
    [
      0.6300511956214905,
      0.20149964094161987,
      0.16844992339611053
    ],
    [
      0.774828314781189,
      0.13676370680332184,
      0.08840759843587875
    ],
    [
      0.14703251421451569,
      0.7863289713859558,
      0.06663841754198074
    ],
    [
      0.5432565212249756,
      0.37860602140426636,
      0.07813672721385956
    ],
    [
      0.6365880370140076,
      0.27073103189468384,
      0.09268046915531158
    ],
    [
      0.6468174457550049,
      0.13798195123672485,
      0.2152004987001419
    ],
    [
      0.1522253155708313,
      0.04424465075135231,
      0.8035294413566589
    ],
    [
      0.6421918869018555,
      0.2731126546859741,
      0.084696464240551
    ],
    [
      0.29300105571746826,
      0.09768742322921753,
      0.6093113422393799
    ],
    [
      0.6880286931991577,
      0.11074037849903107,
      0.20123058557510376
    ]
  ],