{
  "N": 112800,
  "usage": [
    0.388231486082077,
    0.3061687648296356,
    0.30559974908828735
  ],
  "entropy_mean": 0.7260974049568176,
  "entropy_std": 0.18999476730823517,
  "top1_share": [
    0.4006294310092926,
    0.2882535457611084,
    0.311117023229599
  ],
  "P_expert_given_class": [
    [
      0.06894772499799728,
      0.21062418818473816,
      0.7204279899597168
    ],
    [
      0.4850050210952759,
      0.04779668152332306,
      0.46719807386398315
    ],
    [
      0.6977849006652832,
      0.19174717366695404,
      0.11046742647886276
    ],
    [
      0.7251293063163757,
      0.20945674180984497,
      0.0654134601354599
    ],
    [
      0.7057753205299377,
      0.1892545074224472,
      0.10497121512889862
    ],
    [
      0.17649337649345398,
      0.6595842242240906,
      0.16392278671264648
    ],
    [
      0.4440245032310486,
      0.44311314821243286,
      0.1128612756729126
    ],
    [
      0.42354774475097656,
      0.05756685882806778,
      0.5188857316970825
    ],
    [
      0.6107203364372253,
      0.3312881886959076,
      0.057991497218608856
    ],
    [
      0.6404154300689697,
      0.2682899236679077,
      0.0912942886352539
    ],
    [
      0.4153083860874176,
      0.4835800230503082,
      0.10111138224601746
    ],
    [
      0.3136568069458008,
      0.6244357228279114,
      0.061907585710287094
    ],
    [
      0.173861563205719,
      0.4745926558971405,
      0.3515455424785614
    ],
    [
      0.14158405363559723,
      0.21572300791740417,
      0.642693042755127
    ],
    [
      0.1934686005115509,
      0.7714301347732544,
      0.035101208835840225
    ],
    [
      0.41944825649261475,
      0.516182541847229,
      0.06436866521835327
    ],
    [
      0.271200031042099,
      0.6793747544288635,
      0.049426425248384476
    ],
    [
      0.7783267498016357,
      0.1163509264588356,
      0.10532143712043762
    ],
    [
      0.3481057584285736,
      0.10343172401189804,
      0.5484632849693298
    ],
    [
      0.26304706931114197,
      0.25404149293899536,
      0.482911080121994
    ],
    [
      0.4892455041408539,
      0.37206241488456726,
      0.1386924833059311
    ],
    [
      0.475670725107193,
      0.10882627964019775,
      0.41550248861312866
    ],
    [
      0.0958380326628685,
      0.07489493489265442,
      0.8292658925056458
    ],
    [
      0.1354493945837021,
      0.07493378221988678,
      0.789617657661438
    ],
    [
      0.051494795829057693,
      0.22683511674404144,
      0.7216691970825195
    ],
    [
      0.25416359305381775,
      0.6393465399742126,
      0.10648977011442184
    ],
    [
      0.14136797189712524,
      0.6949000954627991,
      0.1637314260005951
    ],
    [
      0.1977672278881073,
      0.7465818524360657,
      0.055651791393756866
    ],
    [
      0.24775159358978271,
      0.6008825302124023,
      0.15136653184890747
    ],
    [
      0.12411891669034958,
      0.17341794073581696,
      0.7024630904197693
    ],
    [
      0.20672674477100372,
      0.2314557582139969,
      0.5618171691894531
    ],
    [
      0.276335209608078,
      0.04962332919239998,
      0.6740409135818481
    ],
    [
      0.11528874933719635,
      0.1198585107922554,
      0.7648526430130005
    ],
    [
      0.6308431625366211,
      0.13511157035827637,
      0.23404541611671448
    ],
    [
      0.6408673524856567,
      0.03974461555480957,
      0.31938788294792175
    ],
    [
      0.569549560546875,
      0.24026817083358765,
      0.19018247723579407
    ],
    [
      0.18954811990261078,
      0.5987138748168945,
      0.21173791587352753
    ],
    [
      0.6569992899894714,
      0.13347592949867249,
      0.2095249742269516
    ],
    [
      0.7660697102546692,
      0.1556403785943985,
      0.07828948646783829
    ],
    [
      0.18499602377414703,
      0.7562416195869446,
      0.058762721717357635
    ],
    [
      0.5848135352134705,
      0.36944636702537537,
      0.04573998600244522
    ],
    [
      0.6043455600738525,
      0.30548104643821716,
      0.09017406404018402
    ],
    [
      0.6639693975448608,
      0.10474524646997452,
      0.23128539323806763
    ],
    [
      0.11754744499921799,
      0.045698460191488266,
      0.8367540240287781
    ],
    [
      0.5952128171920776,
      0.31862738728523254,
      0.08615916967391968
    ],
    [
      0.22690977156162262,
      0.09786663949489594,
      0.6752244830131531
    ],
    [
      0.7081361413002014,
      0.1273891180753708,
      0.16447411477565765
    ]
  ],