{
  "N": 112800,
  "usage": [
    0.38935983180999756,
    0.30390894412994385,
    0.3067312240600586
  ],
  "entropy_mean": 0.7289243936538696,
  "entropy_std": 0.18839064240455627,
  "top1_share": [
    0.400044322013855,
    0.2873227000236511,
    0.3126329779624939
  ],
  "P_expert_given_class": [
    [
      0.0719364807009697,
      0.210199236869812,
      0.7178633213043213
    ],
    [
      0.4889453649520874,
      0.04639624059200287,
      0.46465829014778137
    ],
    [
      0.6794381141662598,
      0.20644478499889374,
      0.11411742866039276
    ],
    [
      0.7328929901123047,
      0.19980832934379578,
      0.06729865074157715
    ],
    [
      0.7138773202896118,
      0.17709650099277496,
      0.109026238322258
    ],
    [
      0.18408198654651642,
      0.6600853204727173,
      0.15583205223083496
    ],
    [
      0.455037385225296,
      0.42569106817245483,
      0.11927192658185959
    ],
    [
      0.4246997833251953,
      0.05246629938483238,
      0.5228337049484253
    ],
    [
      0.6251482367515564,
      0.31193211674690247,
      0.06291943788528442
    ],
    [
      0.6435916423797607,
      0.25979992747306824,
      0.09660818427801132
    ],
    [
      0.3947460353374481,
      0.4969916343688965,
      0.10826253145933151
    ],
    [
      0.31663084030151367,
      0.6198911666870117,
      0.06347758322954178
    ],
    [
      0.1785520762205124,
      0.4654867649078369,
      0.3559602200984955
    ],
    [
      0.13831394910812378,
      0.21445152163505554,
      0.6472346782684326
    ],
    [
      0.18568764626979828,
      0.779516875743866,
      0.03479616343975067
    ],
    [
      0.41458359360694885,
      0.5187278389930725,
      0.06668835878372192
    ],
    [
      0.2803189158439636,
      0.6690269708633423,
      0.05065459385514259
    ],
    [
      0.7719231247901917,
      0.10997431725263596,
      0.11810241639614105
    ],
    [
      0.35586094856262207,
      0.10207925736904144,
      0.5420599579811096
    ],
    [
      0.2683328092098236,
      0.2525312304496765,
      0.47913655638694763
    ],
    [
      0.4867080748081207,
      0.3729285001754761,
      0.14036375284194946
    ],
    [
      0.4758378565311432,
      0.10629773139953613,
      0.417864590883255
    ],
    [
      0.09431298077106476,
      0.0824616402387619,
      0.8232263326644897
    ],
    [
      0.14158639311790466,
      0.07662606239318848,
      0.7817876935005188
    ],
    [
      0.054945576936006546,
      0.22717194259166718,
      0.7178824543952942
    ],
    [
      0.24780265986919403,
      0.6405128240585327,
      0.11168369650840759
    ],
    [
      0.13695861399173737,
      0.6926712989807129,
      0.1703706979751587
    ],
    [
      0.19670112431049347,
      0.7443634271621704,
      0.058935459703207016
    ],
    [
      0.25947943329811096,
      0.6004675626754761,
      0.14005331695079803
    ],
    [
      0.1251823753118515,
      0.1617298424243927,
      0.7130880355834961
    ],
    [
      0.21862635016441345,
      0.22820261120796204,
      0.5531708598136902
    ],
    [
      0.29210683703422546,
      0.047607243061065674,
      0.6602860689163208
    ],
    [
      0.12250329554080963,
      0.11963848024606705,
      0.7578579783439636
    ],
    [
      0.6243302226066589,
      0.1260594129562378,
      0.24960996210575104
    ],
    [
      0.626821756362915,
      0.039145577698946,
      0.33403247594833374
    ],
    [
      0.5643380284309387,
      0.25554198026657104,
      0.18012061715126038
    ],
    [
      0.18840353190898895,
      0.5913791656494141,
      0.22021819651126862
    ],
    [
      0.6598118543624878,
      0.13025803864002228,
      0.20992982387542725
    ],
    [
      0.7669004797935486,
      0.14628049731254578,
      0.08681967109441757
    ],
    [
      0.18449187278747559,
      0.7576459646224976,
      0.05786219239234924
    ],
    [
      0.5816928148269653,
      0.36969104409217834,
      0.04861558601260185
    ],
    [
      0.6086052656173706,
      0.29588332772254944,
      0.09551116824150085
    ],
    [
      0.6660186648368835,
      0.10068067908287048,
      0.23330116271972656
    ],
    [
      0.12251364439725876,
      0.047117531299591064,
      0.8303685784339905
    ],
    [
      0.5934411883354187,
      0.3166445791721344,
      0.08991304039955139
    ],
    [
      0.22662389278411865,
      0.10227534919977188,
      0.6711003184318542
    ],
    [
      0.7085652947425842,
      0.12584024667739868,
      0.16559401154518127
    ]
  ],