{
  "N": 112800,
  "usage": [
    0.3958872854709625,
    0.29953402280807495,
    0.30457866191864014
  ],
  "entropy_mean": 0.7320093512535095,
  "entropy_std": 0.1869567185640335,
  "top1_share": [
    0.4046719968318939,
    0.2835460901260376,
    0.3117819130420685
  ],
  "P_expert_given_class": [
    [
      0.07833615690469742,
      0.2094276398420334,
      0.712235689163208
    ],
    [
      0.48958227038383484,
      0.0471709780395031,
      0.46324634552001953
    ],
    [
      0.6777370572090149,
      0.2046787291765213,
      0.11758413910865784
    ],
    [
      0.7186856269836426,
      0.2107093334197998,
      0.07060600817203522
    ],
    [
      0.7345151305198669,
      0.16975237429141998,
      0.0957329124212265
    ],
    [
      0.18346568942070007,
      0.6525096893310547,
      0.1640242636203766
    ],
    [
      0.4572864770889282,
      0.43169966340065,
      0.11101394891738892
    ],
    [
      0.4270766079425812,
      0.049103084951639175,
      0.523820161819458
    ],
    [
      0.6204416751861572,
      0.3149770498275757,
      0.06458085030317307
    ],
    [
      0.6703581809997559,
      0.2447953075170517,
      0.0848466008901596
    ],
    [
      0.4016529619693756,
      0.49050962924957275,
      0.10783756524324417
    ],
    [
      0.34753578901290894,
      0.5822821855545044,
      0.07018135488033295
    ],
    [
      0.19504444301128387,
      0.4584706127643585,
      0.34648463129997253
    ],
    [
      0.14862576127052307,
      0.2058856189250946,
      0.6454877853393555
    ],
    [
      0.20046037435531616,
      0.7640655040740967,
      0.035475365817546844
    ],
    [
      0.41717976331710815,
      0.5073717832565308,
      0.07544822990894318
    ],
    [
      0.2967495322227478,
      0.6523512005805969,
      0.05089876428246498
    ],
    [
      0.7754144072532654,
      0.11339115351438522,
      0.11119446158409119
    ],
    [
      0.366472065448761,
      0.10151802748441696,
      0.5320097804069519
    ],
    [
      0.275012344121933,
      0.25231242179870605,
      0.4726756811141968
    ],
    [
      0.48213037848472595,
      0.39514976739883423,
      0.12272046506404877
    ],
    [
      0.4813569188117981,
      0.1042894721031189,
      0.41435277462005615
    ],
    [
      0.1081676259636879,
      0.06555968523025513,
      0.8262721300125122
    ],
    [
      0.1360459178686142,
      0.07134929299354553,
      0.7926051616668701
    ],
    [
      0.05921969562768936,
      0.22990857064723969,
      0.710870623588562
    ],
    [
      0.2764628827571869,
      0.6060628890991211,
      0.11747457087039948
    ],
    [
      0.15335044264793396,
      0.6726611256599426,
      0.1739882081747055
    ],
    [
      0.2052210420370102,
      0.7380406856536865,
      0.05673817917704582
    ],
    [
      0.26202547550201416,
      0.5917890667915344,
      0.1461849808692932
    ],
    [
      0.14171729981899261,
      0.1451694667339325,
      0.7131127715110779
    ],
    [
      0.22763626277446747,
      0.22968615591526031,
      0.5426773428916931
    ],
    [
      0.29393270611763,
      0.051957204937934875,
      0.6541100144386292
    ],
    [
      0.11790428310632706,
      0.11914240568876266,
      0.7629530429840088
    ],
    [
      0.6389822959899902,
      0.12233496457338333,
      0.23868297040462494
    ],
    [
      0.6175431609153748,
      0.04377944767475128,
      0.33867692947387695
    ],
    [
      0.5614108443260193,
      0.2582900822162628,
      0.18029943108558655
    ],
    [
      0.19114497303962708,
      0.5809500217437744,
      0.22790522873401642
    ],
    [
      0.649985134601593,
      0.1536148488521576,
      0.19640083611011505
    ],
    [
      0.7673298120498657,
      0.15174447000026703,
      0.08092503249645233
    ],
    [
      0.1973436027765274,
      0.7471384406089783,
      0.05551718920469284
    ],
    [
      0.5781126022338867,
      0.3704003095626831,
      0.05148642510175705
    ],
    [
      0.6077077984809875,
      0.29945242404937744,
      0.09284067153930664
    ],
    [
      0.6704110503196716,
      0.10409273207187653,
      0.22549599409103394
    ],
    [
      0.13281753659248352,
      0.04051985591650009,
      0.8266621828079224
    ],
    [
      0.6069667339324951,
      0.30876392126083374,
      0.08426950871944427
    ],
    [
      0.24842900037765503,
      0.09061143547296524,
      0.6609601974487305
    ],
    [
      0.7117152214050293,
      0.12265775352716446,
      0.16562674939632416
    ]
  ],