{
  "N": 112800,
  "usage": [
    0.37202543020248413,
    0.31274452805519104,
    0.31523001194000244
  ],
  "entropy_mean": 0.6948869824409485,
  "entropy_std": 0.20343755185604095,
  "top1_share": [
    0.38636523485183716,
    0.2969769537448883,
    0.31665781140327454
  ],
  "P_expert_given_class": [
    [
      0.047380801290273666,
      0.2023560255765915,
      0.7502623200416565
    ],
    [
      0.46098458766937256,
      0.02983594872057438,
      0.5091797113418579
    ],
    [
      0.7280744314193726,
      0.15867869555950165,
      0.11324691772460938
    ],
    [
      0.7404059171676636,
      0.19681429862976074,
      0.0627792626619339
    ],
    [
      0.6985957622528076,
      0.19350998103618622,
      0.10789376497268677
    ],
    [
      0.1522669792175293,
      0.7059050798416138,
      0.1418277770280838
    ],
    [
      0.4404321312904358,
      0.4483743906021118,
      0.11119382083415985
    ],
    [
      0.41093140840530396,
      0.04382019490003586,
      0.5452490448951721
    ],
    [
      0.6274856328964233,
      0.3205963671207428,
      0.05191841349005699
    ],
    [
      0.5948936343193054,
      0.3042020797729492,
      0.10090460628271103
    ],
    [
      0.40367862582206726,
      0.4857412278652191,
      0.11057975888252258
    ],
    [
      0.2678823471069336,
      0.6696641445159912,
      0.06245287507772446
    ],
    [
      0.13422946631908417,
      0.5158605575561523,
      0.3499101996421814
    ],
    [
      0.11210885643959045,
      0.21540842950344086,
      0.6724834442138672
    ],
    [
      0.15098518133163452,
      0.8136240839958191,
      0.0353909507393837
    ],
    [
      0.3850727379322052,
      0.5518648028373718,
      0.06306155771017075
    ],
    [
      0.26138588786125183,
      0.6899868845939636,
      0.048627033829689026
    ],
    [
      0.7749056220054626,
      0.10788258910179138,
      0.11721181124448776
    ],
    [
      0.3030965030193329,
      0.09408450871706009,
      0.6028187274932861
    ],
    [
      0.25532588362693787,
      0.26409852504730225,
      0.480575829744339
    ],
    [
      0.46872323751449585,
      0.36967286467552185,
      0.16160409152507782
    ],
    [
      0.4531211853027344,
      0.0981585830450058,
      0.4487204849720001
    ],
    [
      0.08370432257652283,
      0.0722401812672615,
      0.8440551161766052
    ],
    [
      0.12862896919250488,
      0.07644494622945786,
      0.7949262261390686
    ],
    [
      0.03516322001814842,
      0.21134543418884277,
      0.753491222858429
    ],
    [
      0.20083923637866974,
      0.6883232593536377,
      0.11083810031414032
    ],
    [
      0.11628346890211105,
      0.7237426042556763,
      0.1599741280078888
    ],
    [
      0.16834640502929688,
      0.7691073417663574,
      0.06254703551530838
    ],
    [
      0.22977279126644135,
      0.6269552707672119,
      0.14327207207679749
    ],
    [
      0.1041785478591919,
      0.15306039154529572,
      0.7427603006362915
    ],
    [
      0.1943187713623047,
      0.22650401294231415,
      0.5791774392127991
    ],
    [
      0.27287620306015015,
      0.0427778959274292,
      0.6843464970588684
    ],
    [
      0.11475694179534912,
      0.12817233800888062,
      0.757070779800415
    ],
    [
      0.6499815583229065,
      0.13486750423908234,
      0.21515105664730072
    ],
    [
      0.662077009677887,
      0.03191335126757622,
      0.3060096800327301
    ],
    [
      0.5539594292640686,
      0.23367539048194885,
      0.21236449480056763
    ],
    [
      0.1774006485939026,
      0.6062456965446472,
      0.2163545936346054
    ],
    [
      0.6475963592529297,
      0.12823332846164703,
      0.22417116165161133
    ],
    [
      0.7828735113143921,
      0.13286833465099335,
      0.0842585414648056
    ],
    [
      0.1286524534225464,
      0.8143572807312012,
      0.05699019879102707
    ],
    [
      0.5585474967956543,
      0.3973866403102875,
      0.04406614229083061
    ],
    [
      0.5895494818687439,
      0.3218998610973358,
      0.08855080604553223
    ],
    [
      0.6501411199569702,
      0.10825829952955246,
      0.24160028994083405
    ],
    [
      0.10433776676654816,
      0.04206688702106476,
      0.8535955548286438
    ],
    [
      0.5658824443817139,
      0.3456890881061554,
      0.08842825889587402
    ],
    [
      0.1860368251800537,
      0.08484481275081635,
      0.7291184663772583
    ],
    [
      0.7073245048522949,
      0.11787277460098267,
      0.17480222880840302
    ]
  ],