{
  "N": 112800,
  "usage": [
    0.3820665776729584,
    0.30705127120018005,
    0.3108821511268616
  ],
  "entropy_mean": 0.7197409868240356,
  "entropy_std": 0.19274818897247314,
  "top1_share": [
    0.39062055945396423,
    0.2920744717121124,
    0.31730496883392334
  ],
  "P_expert_given_class": [
    [
      0.06455244868993759,
      0.21157456934452057,
      0.7238730192184448
    ],
    [
      0.4744991958141327,
      0.048019442707300186,
      0.47748205065727234
    ],
    [
      0.7093167901039124,
      0.176885724067688,
      0.11379736661911011
    ],
    [
      0.7276039719581604,
      0.1974378526210785,
      0.07495848089456558
    ],
    [
      0.7086694836616516,
      0.18898048996925354,
      0.10235035419464111
    ],
    [
      0.16486337780952454,
      0.6688929796218872,
      0.16624395549297333
    ],
    [
      0.43786367774009705,
      0.438058078289032,
      0.12407803535461426
    ],
    [
      0.4266127943992615,
      0.04784570634365082,
      0.5255420207977295
    ],
    [
      0.6217315196990967,
      0.31767570972442627,
      0.06059252470731735
    ],
    [
      0.6300362348556519,
      0.27339059114456177,
      0.09657323360443115
    ],
    [
      0.3960567116737366,
      0.4941037893295288,
      0.10983885079622269
    ],
    [
      0.29701459407806396,
      0.6351822018623352,
      0.06780393421649933
    ],
    [
      0.1680866926908493,
      0.48569270968437195,
      0.3462201654911041
    ],
    [
      0.134460911154747,
      0.2074841409921646,
      0.6580550074577332
    ],
    [
      0.1760585904121399,
      0.7900362610816956,
      0.033905278891325
    ],
    [
      0.4093882143497467,
      0.5325628519058228,
      0.05804812163114548
    ],
    [
      0.2669144570827484,
      0.6808188557624817,
      0.05226720869541168
    ],
    [
      0.7760714292526245,
      0.11036454886198044,
      0.11356395483016968
    ],
    [
      0.3331136405467987,
      0.10583639144897461,
      0.561049222946167
    ],
    [
      0.2513914108276367,
      0.2500339150428772,
      0.49857547879219055
    ],
    [
      0.4700889587402344,
      0.37701860070228577,
      0.15289276838302612
    ],
    [
      0.4628559947013855,
      0.10970727354288101,
      0.427436888217926
    ],
    [
      0.09384709596633911,
      0.07828273624181747,
      0.8278699517250061
    ],
    [
      0.13593140244483948,
      0.07715552300214767,
      0.786912739276886
    ],
    [
      0.047433558851480484,
      0.23065991699695587,
      0.7219061851501465
    ],
    [
      0.24226117134094238,
      0.6519535183906555,
      0.10578504949808121
    ],
    [
      0.13641604781150818,
      0.6977787017822266,
      0.16580526530742645
    ],
    [
      0.1845000833272934,
      0.7576060891151428,
      0.057894960045814514
    ],
    [
      0.2376200556755066,
      0.609138548374176,
      0.15324102342128754
    ],
    [
      0.12380938231945038,
      0.16435866057872772,
      0.7118322849273682
    ],
    [
      0.19994375109672546,
      0.22369536757469177,
      0.5763599276542664
    ],
    [
      0.25593245029449463,
      0.04768674075603485,
      0.6963794827461243
    ],
    [
      0.11197734624147415,
      0.11969341337680817,
      0.7683292627334595
    ],
    [
      0.6291859149932861,
      0.1321137249469757,
      0.23870068788528442
    ],
    [
      0.6419388055801392,
      0.03630375862121582,
      0.32175740599632263
    ],
    [
      0.561601996421814,
      0.2422570288181305,
      0.1961408108472824
    ],
    [
      0.18889690935611725,
      0.5931483507156372,
      0.21795563399791718
    ],
    [
      0.6491298079490662,
      0.11874088644981384,
      0.2321297526359558
    ],
    [
      0.7787343859672546,
      0.13822993636131287,
      0.08303547650575638
    ],
    [
      0.16508550941944122,
      0.7755616307258606,
      0.05935300141572952
    ],
    [
      0.5791817903518677,
      0.3788304030895233,
      0.041988685727119446
    ],
    [
      0.6013162732124329,
      0.3062800168991089,
      0.0924035981297493
    ],
    [
      0.6492477655410767,
      0.10689143091440201,
      0.24386072158813477
    ],
    [
      0.1182936504483223,
      0.048276349902153015,
      0.8334301114082336
    ],
    [
      0.58831787109375,
      0.32501038908958435,
      0.08667163550853729
    ],
    [
      0.21547619998455048,
      0.1019657701253891,
      0.6825578212738037
    ],
    [
      0.7137997150421143,
      0.1221882626414299,
      0.16401174664497375
    ]
  ],