{
  "N": 112800,
  "usage": [
    0.3692604899406433,
    0.31126055121421814,
    0.31947898864746094
  ],
  "entropy_mean": 0.6886844635009766,
  "entropy_std": 0.20817135274410248,
  "top1_share": [
    0.3862677216529846,
    0.29520389437675476,
    0.31852835416793823
  ],
  "P_expert_given_class": [
    [
      0.04631844907999039,
      0.1935274749994278,
      0.7601531744003296
    ],
    [
      0.46860143542289734,
      0.02644590474665165,
      0.504953920841217
    ],
    [
      0.732829213142395,
      0.14897550642490387,
      0.11819511651992798
    ],
    [
      0.7260119915008545,
      0.19858971238136292,
      0.07539825141429901
    ],
    [
      0.6952381134033203,
      0.20022128522396088,
      0.10454130917787552
    ],
    [
      0.14722205698490143,
      0.7100693583488464,
      0.14270855486392975
    ],
    [
      0.4331873655319214,
      0.4563540518283844,
      0.1104581207036972
    ],
    [
      0.3913690745830536,
      0.041524823755025864,
      0.5671062469482422
    ],
    [
      0.6409480571746826,
      0.305057555437088,
      0.053994305431842804
    ],
    [
      0.582082211971283,
      0.3137565851211548,
      0.10416091233491898
    ],
    [
      0.4138234853744507,
      0.4745413661003113,
      0.11163506656885147
    ],
    [
      0.25735923647880554,
      0.6753416657447815,
      0.06729882210493088
    ],
    [
      0.13099554181098938,
      0.50201815366745,
      0.36698591709136963
    ],
    [
      0.11714379489421844,
      0.2044338881969452,
      0.6784223318099976
    ],
    [
      0.16144679486751556,
      0.8015785813331604,
      0.0369742326438427
    ],
    [
      0.3846624195575714,
      0.5552588701248169,
      0.06007826328277588
    ],
    [
      0.24739870429039001,
      0.7026325464248657,
      0.04996867850422859
    ],
    [
      0.7792688012123108,
      0.10319074988365173,
      0.11754050850868225
    ],
    [
      0.30438172817230225,
      0.09157828986644745,
      0.6040407419204712
    ],
    [
      0.25485295057296753,
      0.26796576380729675,
      0.47718068957328796
    ],
    [
      0.4792100489139557,
      0.35366684198379517,
      0.16712352633476257
    ],
    [
      0.45585423707962036,
      0.09647858887910843,
      0.4476676285266876
    ],
    [
      0.08138689398765564,
      0.06794474273920059,
      0.8506690263748169
    ],
    [
      0.12285608798265457,
      0.0706949308514595,
      0.8064488172531128
    ],
    [
      0.03546043857932091,
      0.204282745718956,
      0.7602575421333313
    ],
    [
      0.19702370464801788,
      0.6926254630088806,
      0.11035063117742538
    ],
    [
      0.10374139249324799,
      0.7384659051895142,
      0.15779250860214233
    ],
    [
      0.16810709238052368,
      0.769241213798523,
      0.06265158951282501
    ],
    [
      0.22704055905342102,
      0.6236246824264526,
      0.14933477342128754
    ],
    [
      0.09215547889471054,
      0.16399119794368744,
      0.7438533902168274
    ],
    [
      0.18519212305545807,
      0.23006287217140198,
      0.5847454071044922
    ],
    [
      0.24762481451034546,
      0.03747538849711418,
      0.7148992419242859
    ],
    [
      0.10341032594442368,
      0.13215859234333038,
      0.7644316554069519
    ],
    [
      0.6565587520599365,
      0.14190158247947693,
      0.20153947174549103
    ],
    [
      0.6528230309486389,
      0.03337666019797325,
      0.31379956007003784
    ],
    [
      0.5659818053245544,
      0.203500896692276,
      0.23051707446575165
    ],
    [
      0.1784237176179886,
      0.6133712530136108,
      0.2082044929265976
    ],
    [
      0.6460508108139038,
      0.12821350991725922,
      0.22573572397232056
    ],
    [
      0.7798793315887451,
      0.13187576830387115,
      0.08824475854635239
    ],
    [
      0.12671975791454315,
      0.8107863664627075,
      0.06249457597732544
    ],
    [
      0.5566785931587219,
      0.4008936285972595,
      0.04242750257253647
    ],
    [
      0.5855047106742859,
      0.31888681650161743,
      0.09560783207416534
    ],
    [
      0.6554380655288696,
      0.11041011661291122,
      0.23415151238441467
    ],
    [
      0.10023340582847595,
      0.033930037170648575,
      0.8658357858657837
    ],
    [
      0.560296356678009,
      0.34817636013031006,
      0.09152770042419434
    ],
    [
      0.1753196269273758,
      0.079721599817276,
      0.7449591755867004
    ],
    [
      0.7011299133300781,
      0.12042459100484848,
      0.17844544351100922
    ]
  ],