{
  "N": 112800,
  "usage": [
    0.37562549114227295,
    0.3105727732181549,
    0.31380173563957214
  ],
  "entropy_mean": 0.7041555047035217,
  "entropy_std": 0.19880852103233337,
  "top1_share": [
    0.39055851101875305,
    0.29520389437675476,
    0.3142375946044922
  ],
  "P_expert_given_class": [
    [
      0.05340883135795593,
      0.19790957868099213,
      0.7486816644668579
    ],
    [
      0.48841848969459534,
      0.02916130982339382,
      0.482420951128006
    ],
    [
      0.7169636487960815,
      0.16696536540985107,
      0.11607185006141663
    ],
    [
      0.7274169325828552,
      0.206670343875885,
      0.06591200083494186
    ],
    [
      0.6926100254058838,
      0.20102368295192719,
      0.10636613517999649
    ],
    [
      0.14991825819015503,
      0.7085716724395752,
      0.1415099948644638
    ],
    [
      0.43589964509010315,
      0.444843590259552,
      0.11925708502531052
    ],
    [
      0.41905516386032104,
      0.04267500713467598,
      0.5382699966430664
    ],
    [
      0.624174177646637,
      0.3231750726699829,
      0.05265095829963684
    ],
    [
      0.6037264466285706,
      0.29530850052833557,
      0.10096506774425507
    ],
    [
      0.4014222323894501,
      0.4874088168144226,
      0.11116831749677658
    ],
    [
      0.28313183784484863,
      0.6524604558944702,
      0.0644083097577095
    ],
    [
      0.15069255232810974,
      0.4852428734302521,
      0.36406415700912476
    ],
    [
      0.12332065403461456,
      0.21169567108154297,
      0.664983332157135
    ],
    [
      0.1695946455001831,
      0.7956912517547607,
      0.03471497446298599
    ],
    [
      0.39116761088371277,
      0.548079252243042,
      0.060753706842660904
    ],
    [
      0.25660592317581177,
      0.6925573348999023,
      0.05083710700273514
    ],
    [
      0.7731626629829407,
      0.11168551445007324,
      0.1151520162820816
    ],
    [
      0.3257608413696289,
      0.09384206682443619,
      0.5803969502449036
    ],
    [
      0.24661578238010406,
      0.2727079689502716,
      0.4806755483150482
    ],
    [
      0.47883597016334534,
      0.3653421998023987,
      0.15582174062728882
    ],
    [
      0.46981459856033325,
      0.09639901667833328,
      0.4337864816188812
    ],
    [
      0.08382204174995422,
      0.0763431042432785,
      0.8398345708847046
    ],
    [
      0.12467112392187119,
      0.07814862579107285,
      0.7971803545951843
    ],
    [
      0.040012210607528687,
      0.2127491682767868,
      0.7472386956214905
    ],
    [
      0.21348582208156586,
      0.683434247970581,
      0.10308054834604263
    ],
    [
      0.12102235108613968,
      0.7084058523178101,
      0.170572429895401
    ],
    [
      0.19450338184833527,
      0.7419529557228088,
      0.06354359537363052
    ],
    [
      0.22592292726039886,
      0.6293989419937134,
      0.14467771351337433
    ],
    [
      0.11157255619764328,
      0.15630383789539337,
      0.7321229577064514
    ],
    [
      0.19027769565582275,
      0.2341713011264801,
      0.5755509734153748
    ],
    [
      0.2539728581905365,
      0.046503711491823196,
      0.6995225548744202
    ],
    [
      0.10168827325105667,
      0.13647443056106567,
      0.7618371844291687
    ],
    [
      0.6431341171264648,
      0.1411585807800293,
      0.21570609509944916
    ],
    [
      0.6509414911270142,
      0.03655382618308067,
      0.3125040829181671
    ],
    [
      0.5585169196128845,
      0.23587247729301453,
      0.20561127364635468
    ],
    [
      0.184732124209404,
      0.5955133438110352,
      0.21975503861904144
    ],
    [
      0.6459531188011169,
      0.12731429934501648,
      0.22673296928405762
    ],
    [
      0.7726741433143616,
      0.14068584144115448,
      0.08663962036371231
    ],
    [
      0.15687644481658936,
      0.7812845706939697,
      0.06183888018131256
    ],
    [
      0.5678114891052246,
      0.3887336850166321,
      0.04345596209168434
    ],
    [
      0.5879213213920593,
      0.3198416233062744,
      0.09223577380180359
    ],
    [
      0.656328022480011,
      0.11157246679067612,
      0.23209993541240692
    ],
    [
      0.11090327054262161,
      0.041879817843437195,
      0.8472167253494263
    ],
    [
      0.5708833932876587,
      0.33899083733558655,
      0.09012529999017715
    ],
    [
      0.19795896112918854,
      0.0812702551484108,
      0.7207704782485962
    ],
    [
      0.7070918083190918,
      0.1229480504989624,
      0.1699596345424652
    ]
  ],