{
  "N": 112800,
  "usage": [
    0.3670620024204254,
    0.3149198293685913,
    0.31801819801330566
  ],
  "entropy_mean": 0.6880307197570801,
  "entropy_std": 0.20926731824874878,
  "top1_share": [
    0.3851684331893921,
    0.2990780174732208,
    0.3157535493373871
  ],
  "P_expert_given_class": [
    [
      0.04443589970469475,
      0.2161949872970581,
      0.7393689751625061
    ],
    [
      0.46892279386520386,
      0.02542823925614357,
      0.5056487917900085
    ],
    [
      0.727576494216919,
      0.15285718441009521,
      0.11956601589918137
    ],
    [
      0.7604465484619141,
      0.17849555611610413,
      0.06105799227952957
    ],
    [
      0.6843581795692444,
      0.20779699087142944,
      0.1078445315361023
    ],
    [
      0.1464770883321762,
      0.7100259065628052,
      0.14349673688411713
    ],
    [
      0.422690212726593,
      0.46231624484062195,
      0.11499384790658951
    ],
    [
      0.3986542820930481,
      0.038124796003103256,
      0.5632210969924927
    ],
    [
      0.6448982954025269,
      0.30286118388175964,
      0.05224087834358215
    ],
    [
      0.5734362006187439,
      0.3193642497062683,
      0.10719900578260422
    ],
    [
      0.4032251238822937,
      0.4843897521495819,
      0.11238497495651245
    ],
    [
      0.24688385426998138,
      0.688315212726593,
      0.0648004561662674
    ],
    [
      0.13132840394973755,
      0.5215756893157959,
      0.3470962345600128
    ],
    [
      0.11888263374567032,
      0.20587360858917236,
      0.6752446889877319
    ],
    [
      0.1535538285970688,
      0.8108476996421814,
      0.0355987623333931
    ],
    [
      0.3880079984664917,
      0.5497994422912598,
      0.062191691249608994
    ],
    [
      0.24435414373874664,
      0.7072205543518066,
      0.048425015062093735
    ],
    [
      0.7726647257804871,
      0.10861211270093918,
      0.11872345209121704
    ],
    [
      0.29868462681770325,
      0.09338334202766418,
      0.607931911945343
    ],
    [
      0.2520581781864166,
      0.26452651619911194,
      0.483416348695755
    ],
    [
      0.4691849648952484,
      0.3501746356487274,
      0.18064039945602417
    ],
    [
      0.45427870750427246,
      0.09333259612321854,
      0.45238861441612244
    ],
    [
      0.08159651607275009,
      0.07008413970470428,
      0.8483188152313232
    ],
    [
      0.11929377168416977,
      0.07452796399593353,
      0.8061782717704773
    ],
    [
      0.03305748105049133,
      0.21680223941802979,
      0.7501398324966431
    ],
    [
      0.1829133927822113,
      0.7079359292984009,
      0.10915035009384155
    ],
    [
      0.10553323477506638,
      0.7458227872848511,
      0.14864422380924225
    ],
    [
      0.15473613142967224,
      0.778513491153717,
      0.06675117462873459
    ],
    [
      0.22344830632209778,
      0.6232166886329651,
      0.1533353626728058
    ],
    [
      0.09363420307636261,
      0.16264937818050385,
      0.7437164783477783
    ],
    [
      0.17824798822402954,
      0.23600254952907562,
      0.5857499837875366
    ],
    [
      0.25614210963249207,
      0.03842075169086456,
      0.7054376006126404
    ],
    [
      0.10482752323150635,
      0.1454121470451355,
      0.7497591376304626
    ],
    [
      0.6494458913803101,
      0.14823952317237854,
      0.20231328904628754
    ],
    [
      0.6629833579063416,
      0.03636101633310318,
      0.30065563321113586
    ],
    [
      0.572081983089447,
      0.20762591063976288,
      0.22029078006744385
    ],
    [
      0.17490555346012115,
      0.6214836239814758,
      0.20361125469207764
    ],
    [
      0.6386127471923828,
      0.1199546530842781,
      0.2414327710866928
    ],
    [
      0.7759152054786682,
      0.1356648951768875,
      0.08841950446367264
    ],
    [
      0.11818988621234894,
      0.8247238397598267,
      0.05708576738834381
    ],
    [
      0.5595431923866272,
      0.3971105217933655,
      0.04334646090865135
    ],
    [
      0.5829730033874512,
      0.32074469327926636,
      0.09628307074308395
    ],
    [
      0.6496118307113647,
      0.11051110923290253,
      0.23987752199172974
    ],
    [
      0.09811560809612274,
      0.03396831825375557,
      0.8679167628288269
    ],
    [
      0.556603193283081,
      0.34984129667282104,
      0.09355572611093521
    ],
    [
      0.1697901487350464,
      0.07977403700351715,
      0.7504361867904663
    ],
    [
      0.7047056555747986,
      0.12432332336902618,
      0.1709711253643036
    ]
  ],