{
  "N": 112800,
  "usage": [
    0.3396178185939789,
    0.3865197002887726,
    0.27386245131492615
  ],
  "entropy_mean": 0.6523697972297668,
  "entropy_std": 0.2519473731517792,
  "top1_share": [
    0.3215602934360504,
    0.41789892315864563,
    0.26054078340530396
  ],
  "P_expert_given_class": [
    [
      0.1312917321920395,
      0.7757928371429443,
      0.09291505813598633
    ],
    [
      0.17673106491565704,
      0.5767269730567932,
      0.2465417981147766
    ],
    [
      0.27866116166114807,
      0.13906562328338623,
      0.5822738409042358
    ],
    [
      0.09991539269685745,
      0.020171718671917915,
      0.8799124956130981
    ],
    [
      0.14170587062835693,
      0.5823482275009155,
      0.2759460210800171
    ],
    [
      0.31805241107940674,
      0.038292046636343,
      0.6436558365821838
    ],
    [
      0.6895608305931091,
      0.28988322615623474,
      0.02055586501955986
    ],
    [
      0.06494618207216263,
      0.21929700672626495,
      0.7157566547393799
    ],
    [
      0.5039873123168945,
      0.09011335670948029,
      0.405898779630661
    ],
    [
      0.06121307983994484,
      0.45884019136428833,
      0.4799472689628601
    ],
    [
      0.247358039021492,
      0.6845386028289795,
      0.06810405850410461
    ],
    [
      0.7294784784317017,
      0.19353951513767242,
      0.07698220759630203
    ],
    [
      0.7848828434944153,
      0.1508750170469284,
      0.06424247473478317
    ],
    [
      0.12464374303817749,
      0.7236270904541016,
      0.15172965824604034
    ],
    [
      0.9234459400177002,
      0.02190943993628025,
      0.05464344844222069
    ],
    [
      0.8212465047836304,
      0.05380115658044815,
      0.1249520480632782
    ],
    [
      0.45249441266059875,
      0.4861929714679718,
      0.061312925070524216
    ],
    [
      0.10542027652263641,
      0.8436775207519531,
      0.050902411341667175
    ],
    [
      0.22405998408794403,
      0.47613316774368286,
      0.29980719089508057
    ],
    [
      0.08922004699707031,
      0.10898508876562119,
      0.8017947673797607
    ],
    [
      0.6720385551452637,
      0.28066447377204895,
      0.047296904027462006
    ],
    [
      0.3443402349948883,
      0.42922520637512207,
      0.2264338880777359
    ],
    [
      0.0375373475253582,
      0.9080922603607178,
      0.05436956509947777
    ],
    [
      0.04819466173648834,
      0.8459088206291199,
      0.10589714348316193
    ],
    [
      0.1650468409061432,
      0.7135324478149414,
      0.12142106145620346
    ],
    [
      0.7130099534988403,
      0.17167480289936066,
      0.11531464755535126
    ],
    [
      0.16391126811504364,
      0.7731120586395264,
      0.06297565996646881
    ],
    [
      0.8374287486076355,
      0.1372194141149521,
      0.02535230852663517
    ],
    [
      0.22379480302333832,
      0.02774880640208721,
      0.7484552264213562
    ],
    [
      0.11031345278024673,
      0.08660540729761124,
      0.803081750869751
    ],
    [
      0.08597167581319809,
      0.843674898147583,
      0.07035306841135025
    ],
    [
      0.0635732114315033,
      0.7765046954154968,
      0.1599227339029312
    ],
    [
      0.034352611750364304,
      0.9305330514907837,
      0.035114407539367676
    ],
    [
      0.39719799160957336,
      0.14791840314865112,
      0.4548836648464203
    ],
    [
      0.08300361782312393,
      0.2574789822101593,
      0.6595176458358765
    ],
    [
      0.49497950077056885,
      0.01863108016550541,
      0.4863898754119873
    ],
    [
      0.21460911631584167,
      0.5793929100036621,
      0.2059984654188156
    ],
    [
      0.6583952307701111,
      0.3049646317958832,
      0.03664083406329155
    ],
    [
      0.177809938788414,
      0.3636886179447174,
      0.45850056409835815
    ],
    [
      0.9195736646652222,
      0.0530046783387661,
      0.027422145009040833
    ],
    [
      0.8009569048881531,
      0.05898592621088028,
      0.14005795121192932
    ],
    [
      0.16309429705142975,
      0.2802444398403168,
      0.5566606521606445
    ],
    [
      0.3742310702800751,
      0.5957276821136475,
      0.03004172071814537
    ],
    [
      0.06408589333295822,
      0.8233075737953186,
      0.11260635405778885
    ],
    [
      0.27737903594970703,
      0.3469269871711731,
      0.3756944537162781
    ],
    [
      0.29288947582244873,
      0.38381022214889526,
      0.32329922914505005
    ],
    [
      0.5760050415992737,
      0.09403813630342484,
      0.3299575448036194
    ]
  ],