{
  "N": 112800,
  "usage": [
    0.34345191717147827,
    0.3852449953556061,
    0.27130308747291565
  ],
  "entropy_mean": 0.6449809074401855,
  "entropy_std": 0.25270363688468933,
  "top1_share": [
    0.32402482628822327,
    0.4146985709667206,
    0.26127660274505615
  ],
  "P_expert_given_class": [
    [
      0.1322224736213684,
      0.7738563418388367,
      0.09392191469669342
    ],
    [
      0.1826082170009613,
      0.6025315523147583,
      0.2148604840040207
    ],
    [
      0.29505905508995056,
      0.12660445272922516,
      0.578336775302887
    ],
    [
      0.1235746219754219,
      0.015834759920835495,
      0.8605908155441284
    ],
    [
      0.13257092237472534,
      0.591016948223114,
      0.27641239762306213
    ],
    [
      0.31573954224586487,
      0.03676177188754082,
      0.6474983096122742
    ],
    [
      0.7006178498268127,
      0.2795785963535309,
      0.01980399899184704
    ],
    [
      0.07068349421024323,
      0.20686736702919006,
      0.7224491238594055
    ],
    [
      0.5060378909111023,
      0.09425227344036102,
      0.39970916509628296
    ],
    [
      0.04954105615615845,
      0.4294862449169159,
      0.520973265171051
    ],
    [
      0.24912048876285553,
      0.6777743101119995,
      0.0731053277850151
    ],
    [
      0.7688590288162231,
      0.16461524367332458,
      0.0665263906121254
    ],
    [
      0.776598334312439,
      0.16479088366031647,
      0.0586111880838871
    ],
    [
      0.1383085995912552,
      0.7159037590026855,
      0.14578701555728912
    ],
    [
      0.9363937377929688,
      0.01843421719968319,
      0.04517292231321335
    ],
    [
      0.8354515433311462,
      0.05173850804567337,
      0.11280950158834457
    ],
    [
      0.46860504150390625,
      0.4780319631099701,
      0.053363118320703506
    ],
    [
      0.10128271579742432,
      0.8449320197105408,
      0.053785063326358795
    ],
    [
      0.22875630855560303,
      0.5017442107200623,
      0.26949942111968994
    ],
    [
      0.08587964624166489,
      0.11229508370161057,
      0.8018256425857544
    ],
    [
      0.6821262240409851,
      0.26951587200164795,
      0.048357702791690826
    ],
    [
      0.3430607318878174,
      0.4537660777568817,
      0.20317289233207703
    ],
    [
      0.04256819933652878,
      0.9050566554069519,
      0.05237548425793648
    ],
    [
      0.0513480082154274,
      0.8510075807571411,
      0.09764500707387924
    ],
    [
      0.16310061514377594,
      0.7138756513595581,
      0.12302402406930923
    ],
    [
      0.7017496228218079,
      0.18030284345149994,
      0.11794690787792206
    ],
    [
      0.1695316582918167,
      0.7666622996330261,
      0.06380542367696762
    ],
    [
      0.8488580584526062,
      0.12652148306369781,
      0.024620292708277702
    ],
    [
      0.22636599838733673,
      0.025654850527644157,
      0.7479791045188904
    ],
    [
      0.09649167209863663,
      0.09407875686883926,
      0.8094300031661987
    ],
    [
      0.08760147541761398,
      0.8470436334609985,
      0.06535587459802628
    ],
    [
      0.05966504290699959,
      0.7737961411476135,
      0.16653941571712494
    ],
    [
      0.036456141620874405,
      0.9289305806159973,
      0.034613512456417084
    ],
    [
      0.40983811020851135,
      0.1313038319349289,
      0.45885777473449707
    ],
    [
      0.08167412132024765,
      0.26321542263031006,
      0.6551098227500916
    ],
    [
      0.5343791246414185,
      0.015369165688753128,
      0.4502515196800232
    ],
    [
      0.21462875604629517,
      0.5783112049102783,
      0.20706017315387726
    ],
    [
      0.6682941913604736,
      0.29584574699401855,
      0.03586026653647423
    ],
    [
      0.17332403361797333,
      0.3687768578529358,
      0.4578993618488312
    ],
    [
      0.9246814846992493,
      0.050530243664979935,
      0.024789070710539818
    ],
    [
      0.8148970007896423,
      0.05922862887382507,
      0.12587402760982513
    ],
    [
      0.15716201066970825,
      0.2661164104938507,
      0.5767224431037903
    ],
    [
      0.3601478338241577,
      0.609082818031311,
      0.030769623816013336
    ],
    [
      0.0727946013212204,
      0.8211668133735657,
      0.10603909194469452
    ],
    [
      0.2722601890563965,
      0.3329925239086151,
      0.39474719762802124
    ],
    [
      0.2745615243911743,
      0.3916947543621063,
      0.33374395966529846
    ],
    [
      0.5767642855644226,
      0.09962178021669388,
      0.3236140012741089
    ]
  ],