{
  "N": 112800,
  "usage": [
    0.3362829387187958,
    0.38828468322753906,
    0.27543237805366516
  ],
  "entropy_mean": 0.652509331703186,
  "entropy_std": 0.253654420375824,
  "top1_share": [
    0.31684398651123047,
    0.4186258912086487,
    0.26453015208244324
  ],
  "P_expert_given_class": [
    [
      0.12341634184122086,
      0.7835006713867188,
      0.09308267384767532
    ],
    [
      0.17801694571971893,
      0.5785770416259766,
      0.2434060424566269
    ],
    [
      0.29096826910972595,
      0.12637369334697723,
      0.5826577544212341
    ],
    [
      0.10976435244083405,
      0.019139474257826805,
      0.871095597743988
    ],
    [
      0.1365099549293518,
      0.5832570195198059,
      0.2802332937717438
    ],
    [
      0.29011696577072144,
      0.04032845422625542,
      0.6695551872253418
    ],
    [
      0.6818710565567017,
      0.2978692054748535,
      0.020259926095604897
    ],
    [
      0.06749225407838821,
      0.218709334731102,
      0.7137979865074158
    ],
    [
      0.5041711330413818,
      0.09468958526849747,
      0.4011390209197998
    ],
    [
      0.06229251250624657,
      0.45166006684303284,
      0.4860479235649109
    ],
    [
      0.2448732554912567,
      0.6825575232505798,
      0.07256869226694107
    ],
    [
      0.7393079996109009,
      0.19158759713172913,
      0.06910401582717896
    ],
    [
      0.7807081341743469,
      0.15527763962745667,
      0.06401436775922775
    ],
    [
      0.1344669908285141,
      0.7047945857048035,
      0.16073809564113617
    ],
    [
      0.9327371120452881,
      0.019970716908574104,
      0.04729174077510834
    ],
    [
      0.8260204792022705,
      0.05157342553138733,
      0.1224064901471138
    ],
    [
      0.4594743251800537,
      0.48366814851760864,
      0.05685674026608467
    ],
    [
      0.0961785539984703,
      0.8487582206726074,
      0.05506283417344093
    ],
    [
      0.22457130253314972,
      0.4826693832874298,
      0.2927592992782593
    ],
    [
      0.08211223036050797,
      0.11146630346775055,
      0.8064219951629639
    ],
    [
      0.6477579474449158,
      0.3030484914779663,
      0.049194253981113434
    ],
    [
      0.34262001514434814,
      0.4339718520641327,
      0.22340835630893707
    ],
    [
      0.03802592307329178,
      0.9089676737785339,
      0.053006961941719055
    ],
    [
      0.0504845529794693,
      0.8444060683250427,
      0.10510919243097305
    ],
    [
      0.1540643274784088,
      0.7261133193969727,
      0.11982221156358719
    ],
    [
      0.6972400546073914,
      0.18139779567718506,
      0.12136247009038925
    ],
    [
      0.17233115434646606,
      0.7638767957687378,
      0.06379103660583496
    ],
    [
      0.826330840587616,
      0.1468529850244522,
      0.02681696228682995
    ],
    [
      0.2051006555557251,
      0.029843037948012352,
      0.7650564312934875
    ],
    [
      0.10672081261873245,
      0.09128919243812561,
      0.8019887208938599
    ],
    [
      0.07933438569307327,
      0.8489950895309448,
      0.07167089730501175
    ],
    [
      0.05617934465408325,
      0.7714571952819824,
      0.17236366868019104
    ],
    [
      0.0335959866642952,
      0.9303590655326843,
      0.03604504093527794
    ],
    [
      0.4055166244506836,
      0.13182318210601807,
      0.4626607298851013
    ],
    [
      0.08285560458898544,
      0.260572612285614,
      0.6565716862678528
    ],
    [
      0.502581000328064,
      0.01660725474357605,
      0.48081135749816895
    ],
    [
      0.2111571729183197,
      0.5828192830085754,
      0.20602373778820038
    ],
    [
      0.6439385414123535,
      0.31947383284568787,
      0.03658721596002579
    ],
    [
      0.1738472282886505,
      0.36544644832611084,
      0.4607066810131073
    ],
    [
      0.9193212985992432,
      0.054902032017707825,
      0.025777630507946014
    ],
    [
      0.8017230033874512,
      0.06004461273550987,
      0.13823339343070984
    ],
    [
      0.16285443305969238,
      0.27708321809768677,
      0.5600622296333313
    ],
    [
      0.33618050813674927,
      0.6307104825973511,
      0.0331086739897728
    ],
    [
      0.06781881302595139,
      0.8237271904945374,
      0.10845373570919037
    ],
    [
      0.282487154006958,
      0.3430119454860687,
      0.3745008707046509
    ],
    [
      0.28330621123313904,
      0.3755997121334076,
      0.34109386801719666
    ],
    [
      0.5568574070930481,
      0.10055030137300491,
      0.34259289503097534
    ]
  ],