{
  "N": 112800,
  "usage": [
    0.3412286937236786,
    0.39516130089759827,
    0.26361000537872314
  ],
  "entropy_mean": 0.6781037449836731,
  "entropy_std": 0.2442546933889389,
  "top1_share": [
    0.3221985697746277,
    0.4249379336833954,
    0.25286346673965454
  ],
  "P_expert_given_class": [
    [
      0.1506083905696869,
      0.7590336203575134,
      0.09035776555538177
    ],
    [
      0.15060561895370483,
      0.6545630097389221,
      0.19483143091201782
    ],
    [
      0.2754054367542267,
      0.15741290152072906,
      0.5671815872192383
    ],
    [
      0.09873678535223007,
      0.037505872547626495,
      0.8637571930885315
    ],
    [
      0.15520250797271729,
      0.5718445777893066,
      0.27295368909835815
    ],
    [
      0.32025712728500366,
      0.05945716053247452,
      0.6202858090400696
    ],
    [
      0.6641916036605835,
      0.3079110085964203,
      0.027897771447896957
    ],
    [
      0.07196220755577087,
      0.2137584388256073,
      0.7142797112464905
    ],
    [
      0.4759383499622345,
      0.12260758876800537,
      0.4014539122581482
    ],
    [
      0.07771826535463333,
      0.45736929774284363,
      0.4649127125740051
    ],
    [
      0.26751866936683655,
      0.6633551716804504,
      0.06912562251091003
    ],
    [
      0.6292327642440796,
      0.2753034234046936,
      0.09546440094709396
    ],
    [
      0.7990072965621948,
      0.1519775390625,
      0.049016233533620834
    ],
    [
      0.13836796581745148,
      0.6962921619415283,
      0.16534005105495453
    ],
    [
      0.9350157380104065,
      0.024438459426164627,
      0.04054449871182442
    ],
    [
      0.8268642425537109,
      0.06584403663873672,
      0.10729115456342697
    ],
    [
      0.4426431655883789,
      0.475677490234375,
      0.08167951554059982
    ],
    [
      0.11814948916435242,
      0.8312187194824219,
      0.050631437450647354
    ],
    [
      0.21692092716693878,
      0.5297548174858093,
      0.2533242404460907
    ],
    [
      0.11472916603088379,
      0.12770362198352814,
      0.7575677633285522
    ],
    [
      0.6674789786338806,
      0.2842634916305542,
      0.04825800284743309
    ],
    [
      0.32660844922065735,
      0.48247161507606506,
      0.19091998040676117
    ],
    [
      0.03998595476150513,
      0.9095783233642578,
      0.05043528974056244
    ],
    [
      0.056586816906929016,
      0.8301231265068054,
      0.11329101771116257
    ],
    [
      0.1691967248916626,
      0.714583158493042,
      0.11621984094381332
    ],
    [
      0.6981402039527893,
      0.19666123390197754,
      0.10519887506961823
    ],
    [
      0.18082834780216217,
      0.7495664358139038,
      0.06960541754961014
    ],
    [
      0.7926498651504517,
      0.1769610047340393,
      0.030389802530407906
    ],
    [
      0.24067234992980957,
      0.0508669838309288,
      0.7084605097770691
    ],
    [
      0.12366834282875061,
      0.10523662716150284,
      0.7710950374603271
    ],
    [
      0.08817639946937561,
      0.821303129196167,
      0.0905204564332962
    ],
    [
      0.07266111671924591,
      0.7834133505821228,
      0.1439262181520462
    ],
    [
      0.03878919780254364,
      0.9260652661323547,
      0.035145509988069534
    ],
    [
      0.3757725656032562,
      0.15643855929374695,
      0.4677886366844177
    ],
    [
      0.10143519192934036,
      0.2692112326622009,
      0.629353404045105
    ],
    [
      0.5074887871742249,
      0.0239997711032629,
      0.46851134300231934
    ],
    [
      0.20807449519634247,
      0.6015060544013977,
      0.19041967391967773
    ],
    [
      0.6640115976333618,
      0.28777173161506653,
      0.048216234892606735
    ],
    [
      0.21239060163497925,
      0.33924010396003723,
      0.4483688771724701
    ],
    [
      0.907309353351593,
      0.06568968296051025,
      0.027001233771443367
    ],
    [
      0.8037028908729553,
      0.07618790119886398,
      0.12010880559682846
    ],
    [
      0.1731356829404831,
      0.29923638701438904,
      0.5276278257369995
    ],
    [
      0.4120306968688965,
      0.5525436997413635,
      0.03542625904083252
    ],
    [
      0.06728768348693848,
      0.8282968401908875,
      0.10441432148218155
    ],
    [
      0.2758120000362396,
      0.3590624928474426,
      0.36512526869773865
    ],
    [
      0.31452295184135437,
      0.3984348475933075,
      0.28704193234443665
    ],
    [
      0.590255618095398,
      0.10084103047847748,
      0.30890271067619324
    ]
  ],