{
  "N": 112800,
  "usage": [
    0.34405580163002014,
    0.38406017422676086,
    0.2718839943408966
  ],
  "entropy_mean": 0.6534028649330139,
  "entropy_std": 0.25384533405303955,
  "top1_share": [
    0.3223138153553009,
    0.414547860622406,
    0.2631382942199707
  ],
  "P_expert_given_class": [
    [
      0.12887178361415863,
      0.767449140548706,
      0.10367833077907562
    ],
    [
      0.18471090495586395,
      0.587607204914093,
      0.2276826798915863
    ],
    [
      0.2959212362766266,
      0.12646567821502686,
      0.5776129364967346
    ],
    [
      0.1328020989894867,
      0.01675233244895935,
      0.8504460453987122
    ],
    [
      0.13571244478225708,
      0.5927109718322754,
      0.2715761661529541
    ],
    [
      0.34110695123672485,
      0.031675055623054504,
      0.6272177696228027
    ],
    [
      0.6903650164604187,
      0.2892184853553772,
      0.020416654646396637
    ],
    [
      0.07608406245708466,
      0.2137754261493683,
      0.7101408243179321
    ],
    [
      0.5059393048286438,
      0.0921502560377121,
      0.4019102156162262
    ],
    [
      0.058721791952848434,
      0.43318599462509155,
      0.50809246301651
    ],
    [
      0.25141432881355286,
      0.676289439201355,
      0.07229591906070709
    ],
    [
      0.7756734490394592,
      0.15664000809192657,
      0.06768648326396942
    ],
    [
      0.7483941912651062,
      0.18475034832954407,
      0.06685563921928406
    ],
    [
      0.13638851046562195,
      0.7061746120452881,
      0.1574375182390213
    ],
    [
      0.9368192553520203,
      0.018751010298728943,
      0.04442872479557991
    ],
    [
      0.832169771194458,
      0.046980246901512146,
      0.12085011601448059
    ],
    [
      0.47717049717903137,
      0.4757064878940582,
      0.047123122960329056
    ],
    [
      0.09326369315385818,
      0.8534129858016968,
      0.053323544561862946
    ],
    [
      0.22909802198410034,
      0.48299336433410645,
      0.287909597158432
    ],
    [
      0.08488214015960693,
      0.11254122108221054,
      0.8025755882263184
    ],
    [
      0.6797160506248474,
      0.26852095127105713,
      0.05176280438899994
    ],
    [
      0.3423311114311218,
      0.4438685476779938,
      0.21379941701889038
    ],
    [
      0.03933991491794586,
      0.9024516940116882,
      0.05820867419242859
    ],
    [
      0.0463268980383873,
      0.8566084504127502,
      0.09706457704305649
    ],
    [
      0.16324402391910553,
      0.7044049501419067,
      0.13235129415988922
    ],
    [
      0.7197650671005249,
      0.16413649916648865,
      0.11609705537557602
    ],
    [
      0.1667555421590805,
      0.7729110717773438,
      0.06033332273364067
    ],
    [
      0.8479137420654297,
      0.12628360092639923,
      0.025802714750170708
    ],
    [
      0.2545756995677948,
      0.02296072244644165,
      0.7224622964859009
    ],
    [
      0.12366275489330292,
      0.07863787561655045,
      0.7976986765861511
    ],
    [
      0.09073314815759659,
      0.8406436443328857,
      0.06862294673919678
    ],
    [
      0.060980524867773056,
      0.7645553946495056,
      0.1744641363620758
    ],
    [
      0.03241584450006485,
      0.9348999857902527,
      0.032684508711099625
    ],
    [
      0.40636077523231506,
      0.13643403351306915,
      0.45720571279525757
    ],
    [
      0.08542754501104355,
      0.2809858024120331,
      0.633587121963501
    ],
    [
      0.5189924836158752,
      0.016024302691221237,
      0.4649837613105774
    ],
    [
      0.21915262937545776,
      0.5727604627609253,
      0.20808671414852142
    ],
    [
      0.6369727849960327,
      0.3156794011592865,
      0.047347839921712875
    ],
    [
      0.1682872325181961,
      0.3685540556907654,
      0.4631584584712982
    ],
    [
      0.9161057472229004,
      0.055033646523952484,
      0.02886090986430645
    ],
    [
      0.8081492185592651,
      0.054955266416072845,
      0.13689635694026947
    ],
    [
      0.16392762959003448,
      0.2625320553779602,
      0.5735399127006531
    ],
    [
      0.3541639447212219,
      0.6135854125022888,
      0.03225042298436165
    ],
    [
      0.06949279457330704,
      0.8206943869590759,
      0.10981234163045883
    ],
    [
      0.28365465998649597,
      0.32536476850509644,
      0.390980988740921
    ],
    [
      0.2810324728488922,
      0.3865516781806946,
      0.33241623640060425
    ],
    [
      0.5756352543830872,
      0.09555831551551819,
      0.3288062810897827
    ]
  ],