{
  "N": 112800,
  "usage": [
    0.3438873291015625,
    0.3857049345970154,
    0.2704077363014221
  ],
  "entropy_mean": 0.6440225839614868,
  "entropy_std": 0.2530515193939209,
  "top1_share": [
    0.32386523485183716,
    0.41199469566345215,
    0.2641400694847107
  ],
  "P_expert_given_class": [
    [
      0.12292113155126572,
      0.7773807048797607,
      0.09969772398471832
    ],
    [
      0.18363045156002045,
      0.5956847667694092,
      0.22068484127521515
    ],
    [
      0.28594306111335754,
      0.12837430834770203,
      0.5856838226318359
    ],
    [
      0.12662474811077118,
      0.016855129972100258,
      0.8565202951431274
    ],
    [
      0.13389137387275696,
      0.5897736549377441,
      0.2763350009918213
    ],
    [
      0.34067389369010925,
      0.03364600986242294,
      0.6256793737411499
    ],
    [
      0.7032382488250732,
      0.2805403172969818,
      0.016221430152654648
    ],
    [
      0.070303775370121,
      0.21680425107479095,
      0.7128924131393433
    ],
    [
      0.5167214870452881,
      0.09820795804262161,
      0.38506993651390076
    ],
    [
      0.05190487205982208,
      0.44123753905296326,
      0.50685715675354
    ],
    [
      0.25560247898101807,
      0.6777263879776001,
      0.06667114049196243
    ],
    [
      0.7726160287857056,
      0.16547222435474396,
      0.061912115663290024
    ],
    [
      0.750734269618988,
      0.17478343844413757,
      0.07448316365480423
    ],
    [
      0.1346541941165924,
      0.7125375270843506,
      0.15280841290950775
    ],
    [
      0.9357615113258362,
      0.01882476545870304,
      0.045414626598358154
    ],
    [
      0.8466437458992004,
      0.043833177536726,
      0.10952349007129669
    ],
    [
      0.4801834523677826,
      0.4735444188117981,
      0.04627275466918945
    ],
    [
      0.09749581664800644,
      0.8492032885551453,
      0.05330071598291397
    ],
    [
      0.2234157770872116,
      0.5009022355079651,
      0.27568215131759644
    ],
    [
      0.07753124088048935,
      0.11556503176689148,
      0.8069029450416565
    ],
    [
      0.6837959885597229,
      0.26742836833000183,
      0.048775814473629
    ],
    [
      0.3490053415298462,
      0.4471920132637024,
      0.20380298793315887
    ],
    [
      0.035980258136987686,
      0.9099046587944031,
      0.05411482974886894
    ],
    [
      0.04195481166243553,
      0.8597012162208557,
      0.09834425896406174
    ],
    [
      0.15790510177612305,
      0.7128928899765015,
      0.1292026937007904
    ],
    [
      0.7176706790924072,
      0.17230936884880066,
      0.11002080142498016
    ],
    [
      0.16772675514221191,
      0.7777907252311707,
      0.054482728242874146
    ],
    [
      0.8455566763877869,
      0.1293914020061493,
      0.025052621960639954
    ],
    [
      0.25364482402801514,
      0.02562570944428444,
      0.7207291126251221
    ],
    [
      0.11473720520734787,
      0.09853939712047577,
      0.7867235541343689
    ],
    [
      0.0863446295261383,
      0.8407407402992249,
      0.07291429489850998
    ],
    [
      0.051729027181863785,
      0.7803266644477844,
      0.16794529557228088
    ],
    [
      0.029425540938973427,
      0.9375939965248108,
      0.03298095241189003
    ],
    [
      0.3999501168727875,
      0.133339062333107,
      0.466711163520813
    ],
    [
      0.07385048270225525,
      0.2670123279094696,
      0.659136950969696
    ],
    [
      0.514906644821167,
      0.014784291386604309,
      0.470307856798172
    ],
    [
      0.22005563974380493,
      0.5726212859153748,
      0.20732377469539642
    ],
    [
      0.6556046009063721,
      0.307986319065094,
      0.03640919551253319
    ],
    [
      0.17301468551158905,
      0.34404951333999634,
      0.482936292886734
    ],
    [
      0.9110435843467712,
      0.057291679084300995,
      0.03166516125202179
    ],
    [
      0.8243995904922485,
      0.05049387738108635,
      0.12510640919208527
    ],
    [
      0.16241666674613953,
      0.2682236433029175,
      0.5693597793579102
    ],
    [
      0.3601539731025696,
      0.6126236915588379,
      0.02722245454788208
    ],
    [
      0.06782841682434082,
      0.8226116895675659,
      0.10956035554409027
    ],
    [
      0.28626003861427307,
      0.33176755905151367,
      0.38197237253189087
    ],
    [
      0.2753608822822571,
      0.3805728256702423,
      0.3440661132335663
    ],
    [
      0.5918962359428406,
      0.09442339837551117,
      0.31368139386177063
    ]
  ],