{
  "N": 112800,
  "usage": [
    0.33922019600868225,
    0.40037113428115845,
    0.2604086399078369
  ],
  "entropy_mean": 0.678915798664093,
  "entropy_std": 0.24360010027885437,
  "top1_share": [
    0.3201241195201874,
    0.43132978677749634,
    0.24854609370231628
  ],
  "P_expert_given_class": [
    [
      0.14006704092025757,
      0.770431399345398,
      0.0895015299320221
    ],
    [
      0.1443302482366562,
      0.6682478785514832,
      0.1874219924211502
    ],
    [
      0.2840513288974762,
      0.1681598722934723,
      0.5477885007858276
    ],
    [
      0.10551157593727112,
      0.04004043713212013,
      0.8544478416442871
    ],
    [
      0.15749630331993103,
      0.5831505060195923,
      0.2593526840209961
    ],
    [
      0.3259005844593048,
      0.058969199657440186,
      0.6151304244995117
    ],
    [
      0.6683257222175598,
      0.3027909994125366,
      0.02888399362564087
    ],
    [
      0.07243386656045914,
      0.20605048537254333,
      0.7215160727500916
    ],
    [
      0.480550080537796,
      0.1279793530702591,
      0.3914702832698822
    ],
    [
      0.07618280500173569,
      0.46428564190864563,
      0.4595315456390381
    ],
    [
      0.2584719955921173,
      0.6723424196243286,
      0.0691850483417511
    ],
    [
      0.611741840839386,
      0.2921273410320282,
      0.09613092988729477
    ],
    [
      0.7950128316879272,
      0.1571938544511795,
      0.04779376834630966
    ],
    [
      0.13494688272476196,
      0.7052367925643921,
      0.15981583297252655
    ],
    [
      0.9374654293060303,
      0.020774779841303825,
      0.041759975254535675
    ],
    [
      0.8217133283615112,
      0.07239951938390732,
      0.10588669776916504
    ],
    [
      0.4262966513633728,
      0.49237513542175293,
      0.08132825791835785
    ],
    [
      0.12190995365381241,
      0.830324113368988,
      0.04776579514145851
    ],
    [
      0.21442754566669464,
      0.5450753569602966,
      0.24049700796604156
    ],
    [
      0.12028371542692184,
      0.1356932669878006,
      0.7440229058265686
    ],
    [
      0.660889744758606,
      0.2799285650253296,
      0.059181589633226395
    ],
    [
      0.3232261538505554,
      0.4898670017719269,
      0.1869068592786789
    ],
    [
      0.0383869931101799,
      0.9144715666770935,
      0.047141317278146744
    ],
    [
      0.05596884340047836,
      0.8305183053016663,
      0.11351215094327927
    ],
    [
      0.16222527623176575,
      0.7280831336975098,
      0.10969170928001404
    ],
    [
      0.6841446757316589,
      0.2071034014225006,
      0.10875190794467926
    ],
    [
      0.18217021226882935,
      0.7491593956947327,
      0.06866968423128128
    ],
    [
      0.7641547918319702,
      0.20037724077701569,
      0.03546760976314545
    ],
    [
      0.2671113610267639,
      0.048715125769376755,
      0.684173047542572
    ],
    [
      0.12221309542655945,
      0.09555700421333313,
      0.7822306156158447
    ],
    [
      0.08992312103509903,
      0.820319652557373,
      0.08975709974765778
    ],
    [
      0.0721149668097496,
      0.7978668808937073,
      0.13001713156700134
    ],
    [
      0.040423937141895294,
      0.9250829219818115,
      0.034493543207645416
    ],
    [
      0.3661513328552246,
      0.15924090147018433,
      0.4746079444885254
    ],
    [
      0.10325542092323303,
      0.2619837820529938,
      0.6347612738609314
    ],
    [
      0.5167498588562012,
      0.02390262670814991,
      0.459347128868103
    ],
    [
      0.20880356431007385,
      0.612950325012207,
      0.17824622988700867
    ],
    [
      0.661726713180542,
      0.28665781021118164,
      0.05161617323756218
    ],
    [
      0.2226312756538391,
      0.34247729182243347,
      0.43489161133766174
    ],
    [
      0.903386652469635,
      0.069132000207901,
      0.02748234197497368
    ],
    [
      0.7984276413917542,
      0.08655677735805511,
      0.11501605063676834
    ],
    [
      0.17333923280239105,
      0.3110194206237793,
      0.5156411528587341
    ],
    [
      0.4195114076137543,
      0.5425984263420105,
      0.037889108061790466
    ],
    [
      0.06025730073451996,
      0.8382077813148499,
      0.10153454542160034
    ],
    [
      0.2599111497402191,
      0.36984384059906006,
      0.37024492025375366
    ],
    [
      0.2997792661190033,
      0.40783318877220154,
      0.2923869788646698
    ],
    [
      0.5893480181694031,
      0.104335255920887,
      0.3063162863254547
    ]
  ],