{
  "N": 112800,
  "usage": [
    0.34279659390449524,
    0.38638144731521606,
    0.2708219885826111
  ],
  "entropy_mean": 0.6426929831504822,
  "entropy_std": 0.2557177245616913,
  "top1_share": [
    0.3216223418712616,
    0.41855496168136597,
    0.25982269644737244
  ],
  "P_expert_given_class": [
    [
      0.1346314251422882,
      0.7649288773536682,
      0.10043968260288239
    ],
    [
      0.2020270824432373,
      0.592896580696106,
      0.2050759345293045
    ],
    [
      0.28095465898513794,
      0.12306877225637436,
      0.5959762334823608
    ],
    [
      0.12631626427173615,
      0.015622262842953205,
      0.8580613136291504
    ],
    [
      0.13042329251766205,
      0.5971634387969971,
      0.27241358160972595
    ],
    [
      0.3496186137199402,
      0.03120669722557068,
      0.6191740036010742
    ],
    [
      0.681963324546814,
      0.29964080452919006,
      0.018395809456706047
    ],
    [
      0.07555609196424484,
      0.19409626722335815,
      0.7303489446640015
    ],
    [
      0.5170924663543701,
      0.09133397787809372,
      0.3915734887123108
    ],
    [
      0.04900554195046425,
      0.4427837133407593,
      0.5082104206085205
    ],
    [
      0.24817970395088196,
      0.6816888451576233,
      0.07013153284788132
    ],
    [
      0.768961489200592,
      0.1614755541086197,
      0.06956338882446289
    ],
    [
      0.7600575685501099,
      0.17510341107845306,
      0.06483910977840424
    ],
    [
      0.13902653753757477,
      0.7050661444664001,
      0.15590795874595642
    ],
    [
      0.9396607279777527,
      0.016773715615272522,
      0.04356450214982033
    ],
    [
      0.8426870107650757,
      0.044354621320962906,
      0.1129579022526741
    ],
    [
      0.4776993691921234,
      0.46717947721481323,
      0.05512046813964844
    ],
    [
      0.08883561193943024,
      0.857155978679657,
      0.05400870740413666
    ],
    [
      0.23391003906726837,
      0.5029213428497314,
      0.2631688714027405
    ],
    [
      0.08044316619634628,
      0.11735349148511887,
      0.8022029995918274
    ],
    [
      0.678209662437439,
      0.26743680238723755,
      0.05435251072049141
    ],
    [
      0.3576522469520569,
      0.4532584249973297,
      0.18908943235874176
    ],
    [
      0.03261847794055939,
      0.9119125604629517,
      0.05546930432319641
    ],
    [
      0.041226234287023544,
      0.8605064749717712,
      0.0982671007514
    ],
    [
      0.16849765181541443,
      0.7090407013893127,
      0.12246173620223999
    ],
    [
      0.6994014382362366,
      0.17617306113243103,
      0.12442642450332642
    ],
    [
      0.16618619859218597,
      0.7765003442764282,
      0.05731356143951416
    ],
    [
      0.8490957021713257,
      0.12202820181846619,
      0.028876295313239098
    ],
    [
      0.25359880924224854,
      0.02182900719344616,
      0.724572479724884
    ],
    [
      0.10192439705133438,
      0.0865587666630745,
      0.811517059803009
    ],
    [
      0.08334196358919144,
      0.8514083027839661,
      0.06524958461523056
    ],
    [
      0.06408443301916122,
      0.7729713916778564,
      0.16294442117214203
    ],
    [
      0.02898595482110977,
      0.9401801824569702,
      0.030834265053272247
    ],
    [
      0.40377557277679443,
      0.12951906025409698,
      0.4667060375213623
    ],
    [
      0.08788661658763885,
      0.25258317589759827,
      0.6595304012298584
    ],
    [
      0.5311052799224854,
      0.01345432735979557,
      0.4554406702518463
    ],
    [
      0.21469230949878693,
      0.5801728367805481,
      0.20513521134853363
    ],
    [
      0.6153746843338013,
      0.3429058790206909,
      0.04171936586499214
    ],
    [
      0.17277643084526062,
      0.34836286306381226,
      0.47886061668395996
    ],
    [
      0.9197593927383423,
      0.05154915526509285,
      0.028692835941910744
    ],
    [
      0.8189007639884949,
      0.050434425473213196,
      0.13066530227661133
    ],
    [
      0.15774130821228027,
      0.26651114225387573,
      0.5757479071617126
    ],
    [
      0.3330487608909607,
      0.636168897151947,
      0.030781351029872894
    ],
    [
      0.06691031157970428,
      0.8249962329864502,
      0.10809425264596939
    ],
    [
      0.28465521335601807,
      0.33681878447532654,
      0.3785257041454315
    ],
    [
      0.2616031765937805,
      0.3970792591571808,
      0.3413175344467163
    ],
    [
      0.5913361310958862,
      0.09775464981794357,
      0.3109079897403717
    ]
  ],