{
  "N": 112800,
  "usage": [
    0.3176705241203308,
    0.43890589475631714,
    0.24342355132102966
  ],
  "entropy_mean": 0.7141942381858826,
  "entropy_std": 0.24278143048286438,
  "top1_share": [
    0.29352837800979614,
    0.4843617081642151,
    0.22210992872714996
  ],
  "P_expert_given_class": [
    [
      0.13304871320724487,
      0.7632893919944763,
      0.10366203635931015
    ],
    [
      0.14881134033203125,
      0.700050413608551,
      0.1511383205652237
    ],
    [
      0.27452021837234497,
      0.24211011826992035,
      0.48336929082870483
    ],
    [
      0.0815071314573288,
      0.0834137350320816,
      0.8350790143013
    ],
    [
      0.16459156572818756,
      0.6479354500770569,
      0.18747279047966003
    ],
    [
      0.3505324721336365,
      0.1185617595911026,
      0.53090500831604
    ],
    [
      0.5078904628753662,
      0.4398987889289856,
      0.05221099033951759
    ],
    [
      0.088621586561203,
      0.1662578284740448,
      0.7451218962669373
    ],
    [
      0.3811124563217163,
      0.2519557774066925,
      0.36693114042282104
    ],
    [
      0.09967662394046783,
      0.5434566736221313,
      0.3568674325942993
    ],
    [
      0.2382120043039322,
      0.6868731379508972,
      0.07491502165794373
    ],
    [
      0.5253707766532898,
      0.36083054542541504,
      0.1137981191277504
    ],
    [
      0.7658883929252625,
      0.18155480921268463,
      0.05255678668618202
    ],
    [
      0.16105398535728455,
      0.6466463208198547,
      0.19229917228221893
    ],
    [
      0.9312804341316223,
      0.03723614290356636,
      0.03148454427719116
    ],
    [
      0.7771469354629517,
      0.13921360671520233,
      0.08363961428403854
    ],
    [
      0.3646535277366638,
      0.5440022945404053,
      0.09134486317634583
    ],
    [
      0.12703223526477814,
      0.8225132822990417,
      0.050453782081604004
    ],
    [
      0.21444565057754517,
      0.5750548243522644,
      0.21049973368644714
    ],
    [
      0.1631055325269699,
      0.15612098574638367,
      0.6807745099067688
    ],
    [
      0.6521396636962891,
      0.29125407338142395,
      0.0566057525575161
    ],
    [
      0.3313770294189453,
      0.5109020471572876,
      0.1577206701040268
    ],
    [
      0.03977499157190323,
      0.9153770208358765,
      0.0448470264673233
    ],
    [
      0.07511216402053833,
      0.8171683549880981,
      0.10771861672401428
    ],
    [
      0.14120443165302277,
      0.7252539396286011,
      0.13354142010211945
    ],
    [
      0.6481848359107971,
      0.25615450739860535,
      0.09566084295511246
    ],
    [
      0.14010095596313477,
      0.7741404175758362,
      0.08575901389122009
    ],
    [
      0.737922728061676,
      0.21273578703403473,
      0.04934145510196686
    ],
    [
      0.2781393826007843,
      0.10899513214826584,
      0.6128664016723633
    ],
    [
      0.09235268086194992,
      0.10849373042583466,
      0.7991532683372498
    ],
    [
      0.10426288098096848,
      0.7759777307510376,
      0.11975986510515213
    ],
    [
      0.07509247958660126,
      0.8339565992355347,
      0.09095146507024765
    ],
    [
      0.0489201694726944,
      0.9094401001930237,
      0.04163963720202446
    ],
    [
      0.283063679933548,
      0.26050513982772827,
      0.4564305245876312
    ],
    [
      0.10500504076480865,
      0.36715683341026306,
      0.527837872505188
    ],
    [
      0.4850453734397888,
      0.04901476576924324,
      0.46594029664993286
    ],
    [
      0.17037545144557953,
      0.6371830701828003,
      0.19244231283664703
    ],
    [
      0.5691051483154297,
      0.3608366847038269,
      0.07005827873945236
    ],
    [
      0.20054350793361664,
      0.45076319575309753,
      0.3486934006214142
    ],
    [
      0.8640303611755371,
      0.09918473660945892,
      0.036786094307899475
    ],
    [
      0.7469331622123718,
      0.1603536307811737,
      0.09271211177110672
    ],
    [
      0.16064362227916718,
      0.41386935114860535,
      0.4254869222640991
    ],
    [
      0.440794974565506,
      0.5067474246025085,
      0.05245743319392204
    ],
    [
      0.048305392265319824,
      0.8478931784629822,
      0.10380111634731293
    ],
    [
      0.21360710263252258,
      0.467674195766449,
      0.31871888041496277
    ],
    [
      0.21534013748168945,
      0.481144517660141,
      0.3035154342651367
    ],
    [
      0.5646353363990784,
      0.1794258952140808,
      0.2559383511543274
    ]
  ],