{
  "N": 112800,
  "usage": [
    0.34097620844841003,
    0.39060163497924805,
    0.2684221565723419
  ],
  "entropy_mean": 0.6675964593887329,
  "entropy_std": 0.24752329289913177,
  "top1_share": [
    0.3229875862598419,
    0.42173758149147034,
    0.25527483224868774
  ],
  "P_expert_given_class": [
    [
      0.1446918547153473,
      0.7669597268104553,
      0.08834914118051529
    ],
    [
      0.1631249636411667,
      0.6222767233848572,
      0.21459810435771942
    ],
    [
      0.2908523380756378,
      0.1465488076210022,
      0.5625989437103271
    ],
    [
      0.10569358617067337,
      0.02953425422310829,
      0.8647720217704773
    ],
    [
      0.14829787611961365,
      0.5726680755615234,
      0.27903491258621216
    ],
    [
      0.3112785816192627,
      0.0490458719432354,
      0.6396751403808594
    ],
    [
      0.673032283782959,
      0.30130431056022644,
      0.025663547217845917
    ],
    [
      0.07068910449743271,
      0.19782882928848267,
      0.7314811944961548
    ],
    [
      0.47531479597091675,
      0.11457367241382599,
      0.4101116359233856
    ],
    [
      0.07221982628107071,
      0.46174418926239014,
      0.4660356640815735
    ],
    [
      0.2669179439544678,
      0.6662842035293579,
      0.06679671257734299
    ],
    [
      0.6415771245956421,
      0.26456642150878906,
      0.09385691583156586
    ],
    [
      0.8014669418334961,
      0.14168523252010345,
      0.056848444044589996
    ],
    [
      0.13193096220493317,
      0.7028847932815552,
      0.16518451273441315
    ],
    [
      0.9318191409111023,
      0.023062581196427345,
      0.045118026435375214
    ],
    [
      0.831311821937561,
      0.06093275547027588,
      0.10775485634803772
    ],
    [
      0.4420972764492035,
      0.48210409283638,
      0.07579893618822098
    ],
    [
      0.11378362029790878,
      0.8355822563171387,
      0.050633158534765244
    ],
    [
      0.2231302410364151,
      0.5060036182403564,
      0.27086642384529114
    ],
    [
      0.10454151034355164,
      0.11604069918394089,
      0.7794191837310791
    ],
    [
      0.6727979779243469,
      0.2796148359775543,
      0.04758748039603233
    ],
    [
      0.3357125520706177,
      0.45730820298194885,
      0.20697911083698273
    ],
    [
      0.038461606949567795,
      0.9086159467697144,
      0.05292272940278053
    ],
    [
      0.05084914341568947,
      0.8377311825752258,
      0.11141951382160187
    ],
    [
      0.1706800013780594,
      0.7197110652923584,
      0.10960859805345535
    ],
    [
      0.696989119052887,
      0.19035951793193817,
      0.11265275627374649
    ],
    [
      0.17904597520828247,
      0.7565208077430725,
      0.0644327774643898
    ],
    [
      0.8032151460647583,
      0.16601775586605072,
      0.030766788870096207
    ],
    [
      0.23371458053588867,
      0.04029277339577675,
      0.7259926795959473
    ],
    [
      0.10195507109165192,
      0.08957125246524811,
      0.8084743022918701
    ],
    [
      0.08485741913318634,
      0.834553599357605,
      0.0805893987417221
    ],
    [
      0.06759919971227646,
      0.7830818295478821,
      0.14931868016719818
    ],
    [
      0.03639989718794823,
      0.9283296465873718,
      0.03527035564184189
    ],
    [
      0.39633676409721375,
      0.14526714384555817,
      0.458395779132843
    ],
    [
      0.0920877680182457,
      0.2555305063724518,
      0.6523824334144592
    ],
    [
      0.5150308609008789,
      0.01954806223511696,
      0.4654209315776825
    ],
    [
      0.2165568321943283,
      0.5943531394004822,
      0.18908941745758057
    ],
    [
      0.6733703017234802,
      0.28363409638404846,
      0.04299507662653923
    ],
    [
      0.21134968101978302,
      0.33773380517959595,
      0.4509163498878479
    ],
    [
      0.9096412062644958,
      0.06057242676615715,
      0.029785919934511185
    ],
    [
      0.8113610744476318,
      0.0721716657280922,
      0.11646751314401627
    ],
    [
      0.16847553849220276,
      0.2982264757156372,
      0.5332982540130615
    ],
    [
      0.41420695185661316,
      0.5529637336730957,
      0.032828815281391144
    ],
    [
      0.06397577375173569,
      0.8240198493003845,
      0.11200530081987381
    ],
    [
      0.2716805636882782,
      0.361726850271225,
      0.3665925860404968
    ],
    [
      0.2830260097980499,
      0.39769741892814636,
      0.31927624344825745
    ],
    [
      0.5827333331108093,
      0.10149134695529938,
      0.3157753646373749
    ]
  ],