{
  "N": 112800,
  "usage": [
    0.30532073974609375,
    0.4564600884914398,
    0.23821912705898285
  ],
  "entropy_mean": 0.7344530820846558,
  "entropy_std": 0.23905593156814575,
  "top1_share": [
    0.28012412786483765,
    0.51382976770401,
    0.20604610443115234
  ],
  "P_expert_given_class": [
    [
      0.12214606255292892,
      0.7774159908294678,
      0.10043776035308838
    ],
    [
      0.14874109625816345,
      0.6934332847595215,
      0.15782524645328522
    ],
    [
      0.2918456494808197,
      0.262812077999115,
      0.44534245133399963
    ],
    [
      0.09762436896562576,
      0.10458218306303024,
      0.7977941036224365
    ],
    [
      0.16230224072933197,
      0.6547176241874695,
      0.18298083543777466
    ],
    [
      0.3530028462409973,
      0.14037923514842987,
      0.5066186785697937
    ],
    [
      0.4706297218799591,
      0.4658127427101135,
      0.06355731189250946
    ],
    [
      0.08674918860197067,
      0.16608500480651855,
      0.747166097164154
    ],
    [
      0.33356937766075134,
      0.3273824453353882,
      0.33904775977134705
    ],
    [
      0.10386954993009567,
      0.5693013668060303,
      0.32682791352272034
    ],
    [
      0.20251968502998352,
      0.7182775139808655,
      0.07920388132333755
    ],
    [
      0.49201613664627075,
      0.38741329312324524,
      0.12057103216648102
    ],
    [
      0.7360103130340576,
      0.19505968689918518,
      0.06893005222082138
    ],
    [
      0.17285142838954926,
      0.6406725645065308,
      0.18647658824920654
    ],
    [
      0.9250832200050354,
      0.042071033269166946,
      0.03284607082605362
    ],
    [
      0.7439070343971252,
      0.16482537984848022,
      0.09126761555671692
    ],
    [
      0.342385470867157,
      0.559167742729187,
      0.0984472930431366
    ],
    [
      0.1218302771449089,
      0.8232607841491699,
      0.05490902066230774
    ],
    [
      0.21519149839878082,
      0.5538361668586731,
      0.2309720814228058
    ],
    [
      0.18104851245880127,
      0.17162646353244781,
      0.6473251581192017
    ],
    [
      0.6232748627662659,
      0.3171655535697937,
      0.05955895781517029
    ],
    [
      0.31916266679763794,
      0.5148322582244873,
      0.16600553691387177
    ],
    [
      0.03950716555118561,
      0.9153817892074585,
      0.04510980471968651
    ],
    [
      0.07752742618322372,
      0.8198984861373901,
      0.10257387161254883
    ],
    [
      0.13447129726409912,
      0.7341809868812561,
      0.13134869933128357
    ],
    [
      0.6008406281471252,
      0.2955678701400757,
      0.10359317809343338
    ],
    [
      0.12358982115983963,
      0.7845087647438049,
      0.0919017568230629
    ],
    [
      0.6921625137329102,
      0.24465082585811615,
      0.06318613141775131
    ],
    [
      0.2782525420188904,
      0.13808372616767883,
      0.5836638808250427
    ],
    [
      0.08580829948186874,
      0.11282537132501602,
      0.8013656139373779
    ],
    [
      0.09879374504089355,
      0.7814401388168335,
      0.11976591497659683
    ],
    [
      0.08240329474210739,
      0.8281250596046448,
      0.0894717127084732
    ],
    [
      0.04954329878091812,
      0.9090322852134705,
      0.04142375662922859
    ],
    [
      0.26941460371017456,
      0.3052188754081726,
      0.42536619305610657
    ],
    [
      0.11371644586324692,
      0.40494394302368164,
      0.48133909702301025
    ],
    [
      0.5059991478919983,
      0.058974552899599075,
      0.43502625823020935
    ],
    [
      0.15827754139900208,
      0.6570197939872742,
      0.18470260500907898
    ],
    [
      0.5313213467597961,
      0.3883070647716522,
      0.08037091791629791
    ],
    [
      0.1757514327764511,
      0.5085121989250183,
      0.31573572754859924
    ],
    [
      0.8390503525733948,
      0.11206924170255661,
      0.04888063669204712
    ],
    [
      0.6988312005996704,
      0.19729620218276978,
      0.10387232154607773
    ],
    [
      0.15520238876342773,
      0.4475911557674408,
      0.3972063958644867
    ],
    [
      0.4036065340042114,
      0.5255506634712219,
      0.07084211707115173
    ],
    [
      0.04879279062151909,
      0.8319545984268188,
      0.11925314366817474
    ],
    [
      0.19846296310424805,
      0.4992094039916992,
      0.3023272156715393
    ],
    [
      0.21521128714084625,
      0.4872284531593323,
      0.2975602149963379
    ],
    [
      0.5277769565582275,
      0.21592198312282562,
      0.2563015818595886
    ]
  ],