{
  "N": 112800,
  "usage": [
    0.3363248109817505,
    0.4018374979496002,
    0.2618376910686493
  ],
  "entropy_mean": 0.6894499659538269,
  "entropy_std": 0.24125592410564423,
  "top1_share": [
    0.3163386583328247,
    0.4353812038898468,
    0.2482801377773285
  ],
  "P_expert_given_class": [
    [
      0.14430132508277893,
      0.7578070759773254,
      0.09789172559976578
    ],
    [
      0.14197476208209991,
      0.6541180610656738,
      0.20390670001506805
    ],
    [
      0.2636718451976776,
      0.1793968379497528,
      0.556931734085083
    ],
    [
      0.09178099781274796,
      0.043658528476953506,
      0.8645603656768799
    ],
    [
      0.16445253789424896,
      0.5864204168319702,
      0.2491270750761032
    ],
    [
      0.31796082854270935,
      0.062422096729278564,
      0.6196174621582031
    ],
    [
      0.6496161818504333,
      0.3197751045227051,
      0.030609481036663055
    ],
    [
      0.07269305735826492,
      0.21121443808078766,
      0.7160931825637817
    ],
    [
      0.4674758315086365,
      0.14068138599395752,
      0.3918426036834717
    ],
    [
      0.07887883484363556,
      0.47753921151161194,
      0.4435817003250122
    ],
    [
      0.2535302937030792,
      0.6712329387664795,
      0.07523676007986069
    ],
    [
      0.6149419546127319,
      0.28094691038131714,
      0.1041109710931778
    ],
    [
      0.7961317300796509,
      0.16091369092464447,
      0.04295450076460838
    ],
    [
      0.13901406526565552,
      0.679681122303009,
      0.18130436539649963
    ],
    [
      0.939009428024292,
      0.025274671614170074,
      0.03571619465947151
    ],
    [
      0.8165357112884521,
      0.08083081245422363,
      0.10263359546661377
    ],
    [
      0.4267106056213379,
      0.48685359954833984,
      0.08643519878387451
    ],
    [
      0.11580551415681839,
      0.8303233981132507,
      0.05387178435921669
    ],
    [
      0.2100486010313034,
      0.5466501116752625,
      0.24330143630504608
    ],
    [
      0.13087943196296692,
      0.134280264377594,
      0.7348402738571167
    ],
    [
      0.6724278330802917,
      0.2766322195529938,
      0.05094028264284134
    ],
    [
      0.3249368667602539,
      0.4819263815879822,
      0.19313643872737885
    ],
    [
      0.0373806394636631,
      0.9086649417877197,
      0.053953830152750015
    ],
    [
      0.05763104930520058,
      0.8165126442909241,
      0.1258562058210373
    ],
    [
      0.16021159291267395,
      0.7184433937072754,
      0.12134455144405365
    ],
    [
      0.6754488348960876,
      0.21527157723903656,
      0.10927997529506683
    ],
    [
      0.17509885132312775,
      0.7463768720626831,
      0.07852400094270706
    ],
    [
      0.762652575969696,
      0.1980600208044052,
      0.0392870232462883
    ],
    [
      0.25069281458854675,
      0.056519947946071625,
      0.6927867531776428
    ],
    [
      0.1409522294998169,
      0.1040809229016304,
      0.7549669146537781
    ],
    [
      0.09533468633890152,
      0.8050550222396851,
      0.09960982948541641
    ],
    [
      0.07184208929538727,
      0.7962952852249146,
      0.13186271488666534
    ],
    [
      0.042525388300418854,
      0.9183916449546814,
      0.039083145558834076
    ],
    [
      0.36010751128196716,
      0.16210705041885376,
      0.47778528928756714
    ],
    [
      0.10397590696811676,
      0.28360867500305176,
      0.6124151349067688
    ],
    [
      0.4697971045970917,
      0.02673095092177391,
      0.5034729242324829
    ],
    [
      0.19359265267848969,
      0.6145512461662292,
      0.19185641407966614
    ],
    [
      0.6629227995872498,
      0.28219547867774963,
      0.0548810139298439
    ],
    [
      0.229566752910614,
      0.3489122688770294,
      0.42152073979377747
    ],
    [
      0.8980525732040405,
      0.07532347738742828,
      0.026624226942658424
    ],
    [
      0.7953550219535828,
      0.09358225762844086,
      0.11106277257204056
    ],
    [
      0.16663724184036255,
      0.3237649202346802,
      0.5095983147621155
    ],
    [
      0.4171786606311798,
      0.5421352386474609,
      0.040685418993234634
    ],
    [
      0.05924295261502266,
      0.8265650272369385,
      0.11419155448675156
    ],
    [
      0.2549416720867157,
      0.3830198347568512,
      0.36203867197036743
    ],
    [
      0.29913529753685,
      0.4375644326210022,
      0.2633002996444702
    ],
    [
      0.5942095518112183,
      0.11404703557491302,
      0.2917427122592926
    ]
  ],