{
  "N": 112800,
  "usage": [
    0.25979575514793396,
    0.5435287952423096,
    0.19667544960975647
  ],
  "entropy_mean": 0.7164545655250549,
  "entropy_std": 0.24425578117370605,
  "top1_share": [
    0.2081560343503952,
    0.6392287015914917,
    0.1526152491569519
  ],
  "P_expert_given_class": [
    [
      0.09712471812963486,
      0.8489957451820374,
      0.05387981981039047
    ],
    [
      0.14772289991378784,
      0.737770676612854,
      0.11450585722923279
    ],
    [
      0.31990885734558105,
      0.33212828636169434,
      0.3479636609554291
    ],
    [
      0.0884096696972847,
      0.18216443061828613,
      0.7294262647628784
    ],
    [
      0.1653672754764557,
      0.7154489755630493,
      0.11918380856513977
    ],
    [
      0.29639479517936707,
      0.18442362546920776,
      0.5191816687583923
    ],
    [
      0.3281180262565613,
      0.6211712956428528,
      0.05071169510483742
    ],
    [
      0.0736413225531578,
      0.2264280766248703,
      0.6999304890632629
    ],
    [
      0.2296878844499588,
      0.5398537516593933,
      0.230457603931427
    ],
    [
      0.09564414620399475,
      0.6343624591827393,
      0.26999327540397644
    ],
    [
      0.15286268293857574,
      0.7511768341064453,
      0.095960833132267
    ],
    [
      0.31262728571891785,
      0.5234248638153076,
      0.16394837200641632
    ],
    [
      0.6413861513137817,
      0.29369330406188965,
      0.06492139399051666
    ],
    [
      0.1418333500623703,
      0.7035778164863586,
      0.15458863973617554
    ],
    [
      0.8605709671974182,
      0.08930005133152008,
      0.050129976123571396
    ],
    [
      0.6521430015563965,
      0.23524262011051178,
      0.1126142367720604
    ],
    [
      0.2895176112651825,
      0.6006232500076294,
      0.10985776036977768
    ],
    [
      0.11364121735095978,
      0.8424227237701416,
      0.0439344197511673
    ],
    [
      0.21203665435314178,
      0.6169180274009705,
      0.17104452848434448
    ],
    [
      0.18889282643795013,
      0.27474188804626465,
      0.5363646745681763
    ],
    [
      0.5087108016014099,
      0.4383067190647125,
      0.0529828742146492
    ],
    [
      0.2808484137058258,
      0.603338360786438,
      0.1158134937286377
    ],
    [
      0.039587680250406265,
      0.9106625318527222,
      0.04974919185042381
    ],
    [
      0.05988094210624695,
      0.8841050267219543,
      0.05601374804973602
    ],
    [
      0.11171019077301025,
      0.8205693364143372,
      0.06772052496671677
    ],
    [
      0.45625001192092896,
      0.41272464394569397,
      0.13102561235427856
    ],
    [
      0.10740861296653748,
      0.812822699546814,
      0.07976924628019333
    ],
    [
      0.5565364956855774,
      0.3571597635746002,
      0.08630388230085373
    ],
    [
      0.26925283670425415,
      0.1959214210510254,
      0.5348262190818787
    ],
    [
      0.10152372717857361,
      0.16989752650260925,
      0.7285791039466858
    ],
    [
      0.06790618598461151,
      0.8862811326980591,
      0.045813195407390594
    ],
    [
      0.08798276633024216,
      0.8640641570091248,
      0.04795217886567116
    ],
    [
      0.04953409358859062,
      0.920008659362793,
      0.03045816160738468
    ],
    [
      0.2026093751192093,
      0.47645750641822815,
      0.3209328055381775
    ],
    [
      0.11805235594511032,
      0.5969825983047485,
      0.28496456146240234
    ],
    [
      0.5795368552207947,
      0.10894748568534851,
      0.31151583790779114
    ],
    [
      0.13631998002529144,
      0.7508902549743652,
      0.11279001832008362
    ],
    [
      0.32641056180000305,
      0.5925420522689819,
      0.08104784041643143
    ],
    [
      0.12455441802740097,
      0.7072516083717346,
      0.168193519115448
    ],
    [
      0.7789198160171509,
      0.1675775945186615,
      0.05350188538432121
    ],
    [
      0.6034556031227112,
      0.27929598093032837,
      0.11724881827831268
    ],
    [
      0.14130297303199768,
      0.5427462458610535,
      0.3159503638744354
    ],
    [
      0.2666948139667511,
      0.6628640294075012,
      0.07044165581464767
    ],
    [
      0.046330682933330536,
      0.8446506857872009,
      0.10901855677366257
    ],
    [
      0.17162580788135529,
      0.5839098691940308,
      0.2444644719362259
    ],
    [
      0.20147587358951569,
      0.6075803637504578,
      0.19094358384609222
    ],
    [
      0.40844959020614624,
      0.3944258689880371,
      0.19712479412555695
    ]
  ],