{
  "N": 112800,
  "usage": [
    0.33385610580444336,
    0.414328396320343,
    0.2518154978752136
  ],
  "entropy_mean": 0.6899244785308838,
  "entropy_std": 0.2433651089668274,
  "top1_share": [
    0.31396275758743286,
    0.4535106420516968,
    0.23252660036087036
  ],
  "P_expert_given_class": [
    [
      0.13085058331489563,
      0.7664929032325745,
      0.10265599936246872
    ],
    [
      0.16393961012363434,
      0.6635797023773193,
      0.17248067259788513
    ],
    [
      0.2740047574043274,
      0.18816770613193512,
      0.5378277897834778
    ],
    [
      0.07968925684690475,
      0.05301610380411148,
      0.8672946095466614
    ],
    [
      0.16041813790798187,
      0.6205636262893677,
      0.2190181016921997
    ],
    [
      0.33835092186927795,
      0.07996613532304764,
      0.5816830396652222
    ],
    [
      0.5959516167640686,
      0.3668421804904938,
      0.03720558062195778
    ],
    [
      0.08282728493213654,
      0.18220607936382294,
      0.7349662780761719
    ],
    [
      0.4804389476776123,
      0.14781086146831512,
      0.3717503249645233
    ],
    [
      0.08528874069452286,
      0.5119901299476624,
      0.4027213156223297
    ],
    [
      0.2545563280582428,
      0.6738591194152832,
      0.07158522307872772
    ],
    [
      0.5887012481689453,
      0.3064567446708679,
      0.10484226793050766
    ],
    [
      0.781863808631897,
      0.1756822019815445,
      0.04245362430810928
    ],
    [
      0.14775048196315765,
      0.6710142493247986,
      0.18123535811901093
    ],
    [
      0.9447653293609619,
      0.027313951402902603,
      0.027920659631490707
    ],
    [
      0.8126997351646423,
      0.09870602935552597,
      0.08859474211931229
    ],
    [
      0.40199902653694153,
      0.5153335332870483,
      0.08266691863536835
    ],
    [
      0.12354525178670883,
      0.8261329531669617,
      0.0503222718834877
    ],
    [
      0.22221651673316956,
      0.5596481561660767,
      0.218135267496109
    ],
    [
      0.13722138106822968,
      0.1500280201435089,
      0.7127503752708435
    ],
    [
      0.682986319065094,
      0.26456815004348755,
      0.052446916699409485
    ],
    [
      0.34337857365608215,
      0.4895005226135254,
      0.16712002456188202
    ],
    [
      0.038949236273765564,
      0.9077945947647095,
      0.05325587838888168
    ],
    [
      0.062239132821559906,
      0.8111999034881592,
      0.126560777425766
    ],
    [
      0.13869290053844452,
      0.7289305329322815,
      0.13237638771533966
    ],
    [
      0.6863185167312622,
      0.22864557802677155,
      0.08503648638725281
    ],
    [
      0.16912730038166046,
      0.7517852783203125,
      0.07908762246370316
    ],
    [
      0.763393759727478,
      0.1968233734369278,
      0.03978220745921135
    ],
    [
      0.27185916900634766,
      0.06877528876066208,
      0.6593653559684753
    ],
    [
      0.1201326847076416,
      0.10789496451616287,
      0.7719725370407104
    ],
    [
      0.09091746062040329,
      0.7939292192459106,
      0.11515402793884277
    ],
    [
      0.06771615892648697,
      0.8164035081863403,
      0.11588053405284882
    ],
    [
      0.0444178469479084,
      0.9124628901481628,
      0.04311872646212578
    ],
    [
      0.3385832607746124,
      0.19445018470287323,
      0.4669666588306427
    ],
    [
      0.10004106163978577,
      0.3241763412952423,
      0.5757831335067749
    ],
    [
      0.4892619848251343,
      0.03180050104856491,
      0.47893741726875305
    ],
    [
      0.1765972077846527,
      0.6270097494125366,
      0.19639253616333008
    ],
    [
      0.6354077458381653,
      0.3083866834640503,
      0.056205157190561295
    ],
    [
      0.22556261718273163,
      0.3804221749305725,
      0.394014835357666
    ],
    [
      0.9016484618186951,
      0.07333899289369583,
      0.025013279169797897
    ],
    [
      0.78532475233078,
      0.11817323416471481,
      0.0965026319026947
    ],
    [
      0.16775532066822052,
      0.3558928072452545,
      0.47635209560394287
    ],
    [
      0.4339762330055237,
      0.5266165137290955,
      0.039407096803188324
    ],
    [
      0.05156685411930084,
      0.843675434589386,
      0.10475806891918182
    ],
    [
      0.2436196208000183,
      0.4161148965358734,
      0.3402652442455292
    ],
    [
      0.2611159086227417,
      0.47156697511672974,
      0.26731735467910767
    ],
    [
      0.5935701727867126,
      0.1382843255996704,
      0.26814574003219604
    ]
  ],