{
  "N": 112800,
  "usage": [
    0.19482895731925964,
    0.6474383473396301,
    0.15773269534111023
  ],
  "entropy_mean": 0.6110789775848389,
  "entropy_std": 0.32284316420555115,
  "top1_share": [
    0.12927305698394775,
    0.749237596988678,
    0.12148936092853546
  ],
  "P_expert_given_class": [
    [
      0.19839027523994446,
      0.7287294268608093,
      0.07287993282079697
    ],
    [
      0.08184759318828583,
      0.8556629419326782,
      0.06248976290225983
    ],
    [
      0.27514949440956116,
      0.492051899433136,
      0.23279917240142822
    ],
    [
      0.16672900319099426,
      0.26837676763534546,
      0.5648943781852722
    ],
    [
      0.09670896083116531,
      0.839932382106781,
      0.06335968524217606
    ],
    [
      0.34046271443367004,
      0.21429213881492615,
      0.445245623588562
    ],
    [
      0.21122825145721436,
      0.7361847162246704,
      0.052587173879146576
    ],
    [
      0.07101946324110031,
      0.3484556972980499,
      0.5805251002311707
    ],
    [
      0.17145228385925293,
      0.6822675466537476,
      0.1462809294462204
    ],
    [
      0.07514245063066483,
      0.6777946352958679,
      0.24706268310546875
    ],
    [
      0.0740809515118599,
      0.8532096147537231,
      0.07270965725183487
    ],
    [
      0.20769940316677094,
      0.6134986281394958,
      0.1788020133972168
    ],
    [
      0.5720735788345337,
      0.3488919734954834,
      0.07903506606817245
    ],
    [
      0.19234539568424225,
      0.6831663250923157,
      0.12448853999376297
    ],
    [
      0.6742038130760193,
      0.2213095873594284,
      0.104486383497715
    ],
    [
      0.353261798620224,
      0.48107069730758667,
      0.16566726565361023
    ],
    [
      0.3140016198158264,
      0.5370529890060425,
      0.14894570410251617
    ],
    [
      0.06471671164035797,
      0.8952211737632751,
      0.04006187617778778
    ],
    [
      0.1292722225189209,
      0.7745552062988281,
      0.09617315232753754
    ],
    [
      0.22935117781162262,
      0.39238423109054565,
      0.37826481461524963
    ],
    [
      0.20347510278224945,
      0.7573986053466797,
      0.03912639990448952
    ],
    [
      0.1564895510673523,
      0.7811219692230225,
      0.06238849088549614
    ],
    [
      0.05636315047740936,
      0.8736661672592163,
      0.06997162848711014
    ],
    [
      0.05374382063746452,
      0.9149156808853149,
      0.03134077042341232
    ],
    [
      0.2191445380449295,
      0.711061954498291,
      0.06979350745677948
    ],
    [
      0.15745989978313446,
      0.7050233483314514,
      0.13751688599586487
    ],
    [
      0.19439537823200226,
      0.7049044966697693,
      0.1007004827260971
    ],
    [
      0.21784159541130066,
      0.7090486884117126,
      0.07310976088047028
    ],
    [
      0.34132120013237,
      0.21255314350128174,
      0.4461252987384796
    ],
    [
      0.11369139701128006,
      0.21432490646839142,
      0.6719834804534912
    ],
    [
      0.08181695640087128,
      0.8803552389144897,
      0.03782705217599869
    ],
    [
      0.07248543202877045,
      0.896601140499115,
      0.030914049595594406
    ],
    [
      0.06784272193908691,
      0.9022693634033203,
      0.02988891676068306
    ],
    [
      0.10711871832609177,
      0.8414957523345947,
      0.051385547965765
    ],
    [
      0.0873805433511734,
      0.8296051621437073,
      0.08301427960395813
    ],
    [
      0.5179072022438049,
      0.23929531872272491,
      0.242798313498497
    ],
    [
      0.17507575452327728,
      0.7379398345947266,
      0.08698441088199615
    ],
    [
      0.15156866610050201,
      0.784593403339386,
      0.06383846700191498
    ],
    [
      0.10821009427309036,
      0.804740309715271,
      0.08704911917448044
    ],
    [
      0.5786460041999817,
      0.3433007299900055,
      0.0780530795454979
    ],
    [
      0.2984201908111572,
      0.5575856566429138,
      0.14399367570877075
    ],
    [
      0.12291368097066879,
      0.6157533526420593,
      0.2613327205181122
    ],
    [
      0.08866370469331741,
      0.8705726265907288,
      0.04076352342963219
    ],
    [
      0.048863258212804794,
      0.8575888872146606,
      0.09354842454195023
    ],
    [
      0.10960951447486877,
      0.7028297781944275,
      0.18756161630153656
    ],
    [
      0.11317586153745651,
      0.6876049637794495,
      0.1992201805114746
    ],
    [
      0.21420079469680786,
      0.6493507623672485,
      0.1364477574825287
    ]
  ],