{
  "N": 112800,
  "usage": [
    0.32925450801849365,
    0.4260105788707733,
    0.24473494291305542
  ],
  "entropy_mean": 0.699190616607666,
  "entropy_std": 0.24557892978191376,
  "top1_share": [
    0.30678191781044006,
    0.4687943160533905,
    0.22442376613616943
  ],
  "P_expert_given_class": [
    [
      0.14035645127296448,
      0.7654619812965393,
      0.09418239444494247
    ],
    [
      0.17693592607975006,
      0.670139491558075,
      0.15292440354824066
    ],
    [
      0.2829088270664215,
      0.21334587037563324,
      0.5037450194358826
    ],
    [
      0.08227415382862091,
      0.06193557754158974,
      0.8557910323143005
    ],
    [
      0.15598368644714355,
      0.6449518203735352,
      0.19906502962112427
    ],
    [
      0.34024035930633545,
      0.08961425721645355,
      0.5701456069946289
    ],
    [
      0.5421556830406189,
      0.41437551379203796,
      0.04346847161650658
    ],
    [
      0.0854652151465416,
      0.18233446776866913,
      0.732200026512146
    ],
    [
      0.4458667039871216,
      0.18538488447666168,
      0.3687489330768585
    ],
    [
      0.09373945742845535,
      0.5348524451255798,
      0.3714086711406708
    ],
    [
      0.2378145307302475,
      0.6906741857528687,
      0.07151193916797638
    ],
    [
      0.5598593950271606,
      0.3272353708744049,
      0.11290573328733444
    ],
    [
      0.7769114375114441,
      0.17727088928222656,
      0.04581718146800995
    ],
    [
      0.1565876603126526,
      0.660639226436615,
      0.18277277052402496
    ],
    [
      0.9391190409660339,
      0.030356964096426964,
      0.030523989349603653
    ],
    [
      0.7972708940505981,
      0.11147966980934143,
      0.09124951809644699
    ],
    [
      0.384842187166214,
      0.5237359404563904,
      0.09142125397920609
    ],
    [
      0.12235013395547867,
      0.8299345970153809,
      0.047715283930301666
    ],
    [
      0.2272990345954895,
      0.5669337511062622,
      0.20576733350753784
    ],
    [
      0.15196384489536285,
      0.14658135175704956,
      0.7014553546905518
    ],
    [
      0.6829465627670288,
      0.263651043176651,
      0.05340331420302391
    ],
    [
      0.35279354453086853,
      0.49193111062049866,
      0.1552753746509552
    ],
    [
      0.04135508090257645,
      0.9144965410232544,
      0.04414855316281319
    ],
    [
      0.07296399027109146,
      0.8169404864311218,
      0.11009582877159119
    ],
    [
      0.14967606961727142,
      0.7259363532066345,
      0.12438765168190002
    ],
    [
      0.6641376614570618,
      0.2491396814584732,
      0.08672312647104263
    ],
    [
      0.1612687110900879,
      0.7576852440834045,
      0.08104557543992996
    ],
    [
      0.7570250034332275,
      0.2016298621892929,
      0.04134460911154747
    ],
    [
      0.2821814715862274,
      0.07844825088977814,
      0.6393704414367676
    ],
    [
      0.10753259062767029,
      0.10602951049804688,
      0.7864381074905396
    ],
    [
      0.09789922833442688,
      0.793580949306488,
      0.10852021723985672
    ],
    [
      0.07026586681604385,
      0.8303449153900146,
      0.09938903898000717
    ],
    [
      0.047576695680618286,
      0.9158857464790344,
      0.03653738275170326
    ],
    [
      0.31072545051574707,
      0.2238917499780655,
      0.46538248658180237
    ],
    [
      0.10241059213876724,
      0.3569619357585907,
      0.5406273603439331
    ],
    [
      0.5018115639686584,
      0.036517783999443054,
      0.4616702198982239
    ],
    [
      0.17753499746322632,
      0.6346995234489441,
      0.18776464462280273
    ],
    [
      0.6040024757385254,
      0.33380281925201416,
      0.06219470500946045
    ],
    [
      0.22427134215831757,
      0.4165267050266266,
      0.3592014014720917
    ],
    [
      0.8908749222755432,
      0.08159361779689789,
      0.027530720457434654
    ],
    [
      0.7688495516777039,
      0.13095614314079285,
      0.1001945286989212
    ],
    [
      0.1666608452796936,
      0.38362762331962585,
      0.44971176981925964
    ],
    [
      0.4470718502998352,
      0.5075265169143677,
      0.04540226608514786
    ],
    [
      0.04975030943751335,
      0.8525642156600952,
      0.09768541902303696
    ],
    [
      0.23311956226825714,
      0.4429554343223572,
      0.3239253759384155
    ],
    [
      0.2328774333000183,
      0.4903634786605835,
      0.27675920724868774
    ],
    [
      0.5774328112602234,
      0.15757371485233307,
      0.26499229669570923
    ]
  ],