{
  "N": 112800,
  "usage": [
    0.33372077345848083,
    0.4068509042263031,
    0.25942835211753845
  ],
  "entropy_mean": 0.6903407573699951,
  "entropy_std": 0.2418825328350067,
  "top1_share": [
    0.31396275758743286,
    0.4440957307815552,
    0.24194149672985077
  ],
  "P_expert_given_class": [
    [
      0.14195063710212708,
      0.761536717414856,
      0.0965123400092125
    ],
    [
      0.1413213163614273,
      0.6660594940185547,
      0.19261860847473145
    ],
    [
      0.2624448835849762,
      0.19374558329582214,
      0.543810248374939
    ],
    [
      0.07984708249568939,
      0.04853372275829315,
      0.8716187477111816
    ],
    [
      0.16375014185905457,
      0.6068503260612488,
      0.2293991595506668
    ],
    [
      0.30453306436538696,
      0.06946830451488495,
      0.6259980797767639
    ],
    [
      0.625225841999054,
      0.3408610224723816,
      0.03391292691230774
    ],
    [
      0.07796952873468399,
      0.1910778284072876,
      0.7309528589248657
    ],
    [
      0.4757203757762909,
      0.1429109126329422,
      0.3813684284687042
    ],
    [
      0.08708293735980988,
      0.49310821294784546,
      0.4198084771633148
    ],
    [
      0.26321592926979065,
      0.6640982031822205,
      0.07268571853637695
    ],
    [
      0.6006259322166443,
      0.2929616868495941,
      0.10641172528266907
    ],
    [
      0.7954394817352295,
      0.16304852068424225,
      0.04151318967342377
    ],
    [
      0.14763778448104858,
      0.6706070899963379,
      0.18175578117370605
    ],
    [
      0.9408657550811768,
      0.024284105747938156,
      0.034850575029850006
    ],
    [
      0.8172491192817688,
      0.08432622998952866,
      0.09842391312122345
    ],
    [
      0.4179997146129608,
      0.5010012984275818,
      0.08100035041570663
    ],
    [
      0.12362649291753769,
      0.8236399292945862,
      0.05273328348994255
    ],
    [
      0.20930910110473633,
      0.5554810762405396,
      0.23520983755588531
    ],
    [
      0.12535512447357178,
      0.1385013908147812,
      0.7361434698104858
    ],
    [
      0.6689395308494568,
      0.271797239780426,
      0.05926256254315376
    ],
    [
      0.32211628556251526,
      0.49278876185417175,
      0.18509438633918762
    ],
    [
      0.04139016941189766,
      0.9066063165664673,
      0.05200381577014923
    ],
    [
      0.06474072486162186,
      0.8089247345924377,
      0.12633389234542847
    ],
    [
      0.1526770293712616,
      0.722744345664978,
      0.12457849085330963
    ],
    [
      0.6906926035881042,
      0.20959697663784027,
      0.09971009939908981
    ],
    [
      0.17764230072498322,
      0.7492332458496094,
      0.07312379032373428
    ],
    [
      0.7629150152206421,
      0.19458700716495514,
      0.042498476803302765
    ],
    [
      0.24334518611431122,
      0.06206513196229935,
      0.694589376449585
    ],
    [
      0.13876034319400787,
      0.09094231575727463,
      0.7702968120574951
    ],
    [
      0.09349235147237778,
      0.7989482283592224,
      0.10755882412195206
    ],
    [
      0.07092604041099548,
      0.7996925115585327,
      0.12938201427459717
    ],
    [
      0.045216720551252365,
      0.9137862920761108,
      0.04099779948592186
    ],
    [
      0.326843798160553,
      0.19333621859550476,
      0.47981980443000793
    ],
    [
      0.09779389947652817,
      0.30507737398147583,
      0.5971277356147766
    ],
    [
      0.4717523157596588,
      0.030139990150928497,
      0.4981081783771515
    ],
    [
      0.18953585624694824,
      0.6199650168418884,
      0.19049909710884094
    ],
    [
      0.6456030011177063,
      0.2974190413951874,
      0.05697770416736603
    ],
    [
      0.2236648052930832,
      0.37037771940231323,
      0.4059579372406006
    ],
    [
      0.8986135721206665,
      0.07422920316457748,
      0.027156954631209373
    ],
    [
      0.7914292812347412,
      0.10070490837097168,
      0.10786617547273636
    ],
    [
      0.16783185303211212,
      0.34320369362831116,
      0.4889642298221588
    ],
    [
      0.4288098216056824,
      0.5274881720542908,
      0.04370233044028282
    ],
    [
      0.057312171906232834,
      0.8307385444641113,
      0.11194891482591629
    ],
    [
      0.25045639276504517,
      0.40276551246643066,
      0.34677833318710327
    ],
    [
      0.28023576736450195,
      0.44410088658332825,
      0.275663286447525
    ],
    [
      0.5809666514396667,
      0.12862727046012878,
      0.2904064357280731
    ]
  ],