{
  "N": 112800,
  "usage": [
    0.33878809213638306,
    0.3880627453327179,
    0.27314913272857666
  ],
  "entropy_mean": 0.6593015789985657,
  "entropy_std": 0.25121670961380005,
  "top1_share": [
    0.3222872316837311,
    0.41676416993141174,
    0.2609485685825348
  ],
  "P_expert_given_class": [
    [
      0.12973187863826752,
      0.779110848903656,
      0.09115732461214066
    ],
    [
      0.16927386820316315,
      0.592151939868927,
      0.23857487738132477
    ],
    [
      0.288065642118454,
      0.13404807448387146,
      0.5778861045837402
    ],
    [
      0.10003850609064102,
      0.024847352877259254,
      0.8751142621040344
    ],
    [
      0.1425754576921463,
      0.5788624882698059,
      0.2785617411136627
    ],
    [
      0.3043867349624634,
      0.042772892862558365,
      0.6528405547142029
    ],
    [
      0.6862611770629883,
      0.29001978039741516,
      0.023719312623143196
    ],
    [
      0.06602441519498825,
      0.21369682252407074,
      0.7202790379524231
    ],
    [
      0.4769696593284607,
      0.10576730966567993,
      0.41726255416870117
    ],
    [
      0.06531528383493423,
      0.459196001291275,
      0.47548919916152954
    ],
    [
      0.25965046882629395,
      0.677537202835083,
      0.062812440097332
    ],
    [
      0.6964699029922485,
      0.21707214415073395,
      0.08645752817392349
    ],
    [
      0.7881996035575867,
      0.1547524780035019,
      0.05704766511917114
    ],
    [
      0.12449552863836288,
      0.7176799178123474,
      0.15782451629638672
    ],
    [
      0.9284685254096985,
      0.023380419239401817,
      0.04815027490258217
    ],
    [
      0.8148314952850342,
      0.06185073032975197,
      0.12331869453191757
    ],
    [
      0.4423421621322632,
      0.4879261255264282,
      0.06973117589950562
    ],
    [
      0.10857008397579193,
      0.8424056172370911,
      0.04902435094118118
    ],
    [
      0.22385121881961823,
      0.49589401483535767,
      0.28025415539741516
    ],
    [
      0.09775026142597198,
      0.1049647107720375,
      0.7972854375839233
    ],
    [
      0.6809794902801514,
      0.2740699350833893,
      0.04495030641555786
    ],
    [
      0.33839964866638184,
      0.4383898377418518,
      0.22321046888828278
    ],
    [
      0.039361968636512756,
      0.9082687497138977,
      0.05236972123384476
    ],
    [
      0.049998339265584946,
      0.8425467610359192,
      0.10745532810688019
    ],
    [
      0.16116301715373993,
      0.723454475402832,
      0.1153825893998146
    ],
    [
      0.693264365196228,
      0.17632217705249786,
      0.13041311502456665
    ],
    [
      0.16588068008422852,
      0.7667825222015381,
      0.06733686476945877
    ],
    [
      0.8343454003334045,
      0.13883373141288757,
      0.02682078629732132
    ],
    [
      0.215372696518898,
      0.03475130349397659,
      0.7498760223388672
    ],
    [
      0.10669389367103577,
      0.09691154211759567,
      0.7963948845863342
    ],
    [
      0.08688235282897949,
      0.8396896719932556,
      0.07342853397130966
    ],
    [
      0.06565947085618973,
      0.7799667119979858,
      0.15437370538711548
    ],
    [
      0.036958903074264526,
      0.9273022413253784,
      0.035739872604608536
    ],
    [
      0.3904460370540619,
      0.14757780730724335,
      0.461976021528244
    ],
    [
      0.08743993937969208,
      0.2518208622932434,
      0.6607393622398376
    ],
    [
      0.5223820209503174,
      0.01940320059657097,
      0.4582143723964691
    ],
    [
      0.21535833179950714,
      0.585321843624115,
      0.19931945204734802
    ],
    [
      0.6832603216171265,
      0.27624985575675964,
      0.040490034967660904
    ],
    [
      0.19607017934322357,
      0.3351764678955078,
      0.46875330805778503
    ],
    [
      0.9067620038986206,
      0.06280306726694107,
      0.03043532744050026
    ],
    [
      0.7945180535316467,
      0.06831435859203339,
      0.1371680051088333
    ],
    [
      0.1633947193622589,
      0.28607460856437683,
      0.550531268119812
    ],
    [
      0.38245344161987305,
      0.5870527625083923,
      0.030494239181280136
    ],
    [
      0.06634614616632462,
      0.8255117535591125,
      0.10814175009727478
    ],
    [
      0.2765645384788513,
      0.35067063570022583,
      0.37276458740234375
    ],
    [
      0.29058122634887695,
      0.3856194317340851,
      0.3237997889518738
    ],
    [
      0.5592299103736877,
      0.10612931847572327,
      0.3346404731273651
    ]
  ],