{
  "N": 112800,
  "usage": [
    0.33549565076828003,
    0.3930596113204956,
    0.27144473791122437
  ],
  "entropy_mean": 0.6674226522445679,
  "entropy_std": 0.2486184984445572,
  "top1_share": [
    0.3187943398952484,
    0.4225531816482544,
    0.2586524784564972
  ],
  "P_expert_given_class": [
    [
      0.13380314409732819,
      0.7757146954536438,
      0.09048284590244293
    ],
    [
      0.14738450944423676,
      0.6243847608566284,
      0.22823035717010498
    ],
    [
      0.28279516100883484,
      0.1477825939655304,
      0.5694221258163452
    ],
    [
      0.09739892184734344,
      0.02837551385164261,
      0.8742262721061707
    ],
    [
      0.145311638712883,
      0.5751749277114868,
      0.2795141041278839
    ],
    [
      0.3060126006603241,
      0.051449019461870193,
      0.6425381898880005
    ],
    [
      0.6672762632369995,
      0.3072994351387024,
      0.025423696264624596
    ],
    [
      0.06736179441213608,
      0.21531446278095245,
      0.7173238396644592
    ],
    [
      0.4721570909023285,
      0.11230318993330002,
      0.415539413690567
    ],
    [
      0.06969152390956879,
      0.45454156398773193,
      0.47576725482940674
    ],
    [
      0.2622976303100586,
      0.6686343550682068,
      0.06906771659851074
    ],
    [
      0.6562501192092896,
      0.24877803027629852,
      0.09497173875570297
    ],
    [
      0.7913334965705872,
      0.1512889713048935,
      0.05737724155187607
    ],
    [
      0.1250218152999878,
      0.7070569396018982,
      0.1679214984178543
    ],
    [
      0.9276126027107239,
      0.023726610466837883,
      0.04866049066185951
    ],
    [
      0.826529324054718,
      0.06093360111117363,
      0.11253733187913895
    ],
    [
      0.4417029321193695,
      0.4889265298843384,
      0.06937053799629211
    ],
    [
      0.10333216190338135,
      0.8432518243789673,
      0.05341571196913719
    ],
    [
      0.21585331857204437,
      0.5014384984970093,
      0.2827087640762329
    ],
    [
      0.09966482222080231,
      0.11614637076854706,
      0.7841892242431641
    ],
    [
      0.6527286171913147,
      0.2973123788833618,
      0.04995860904455185
    ],
    [
      0.32278740406036377,
      0.46424809098243713,
      0.21296435594558716
    ],
    [
      0.036977529525756836,
      0.905735969543457,
      0.057285990566015244
    ],
    [
      0.04764184355735779,
      0.8414632678031921,
      0.1108957901597023
    ],
    [
      0.16007354855537415,
      0.7263747453689575,
      0.1135515496134758
    ],
    [
      0.6791274547576904,
      0.18552266061306,
      0.13534986972808838
    ],
    [
      0.16930121183395386,
      0.7578993439674377,
      0.07279966026544571
    ],
    [
      0.8125194311141968,
      0.15574821829795837,
      0.03173244372010231
    ],
    [
      0.2207164317369461,
      0.04224592447280884,
      0.737037718296051
    ],
    [
      0.11075658351182938,
      0.09140715003013611,
      0.7978366017341614
    ],
    [
      0.08166372030973434,
      0.8390252590179443,
      0.07931080460548401
    ],
    [
      0.06408130377531052,
      0.7821610569953918,
      0.15375687181949615
    ],
    [
      0.03305879607796669,
      0.9296814203262329,
      0.03726024180650711
    ],
    [
      0.3934682607650757,
      0.1524239033460617,
      0.45410823822021484
    ],
    [
      0.0921381413936615,
      0.25570419430732727,
      0.652157187461853
    ],
    [
      0.529184103012085,
      0.01972905732691288,
      0.45108601450920105
    ],
    [
      0.21248240768909454,
      0.5867820978164673,
      0.20073555409908295
    ],
    [
      0.6537411212921143,
      0.30617979168891907,
      0.0400785431265831
    ],
    [
      0.20839539170265198,
      0.3370338976383209,
      0.4545706808567047
    ],
    [
      0.9074298143386841,
      0.06345953792333603,
      0.029110953211784363
    ],
    [
      0.8069007396697998,
      0.06919901818037033,
      0.12389998137950897
    ],
    [
      0.16790877282619476,
      0.288128525018692,
      0.5439627170562744
    ],
    [
      0.3613201677799225,
      0.6068078279495239,
      0.031871695071458817
    ],
    [
      0.06171204149723053,
      0.8242976069450378,
      0.1139899343252182
    ],
    [
      0.27260544896125793,
      0.35182932019233704,
      0.37556523084640503
    ],
    [
      0.29302123188972473,
      0.3868751525878906,
      0.3201037347316742
    ],
    [
      0.5777604579925537,
      0.10400693118572235,
      0.31823211908340454
    ]
  ],