{
  "N": 112800,
  "usage": [
    0.48397377133369446,
    0.22425614297389984,
    0.2917700409889221
  ],
  "entropy_mean": 0.6814472675323486,
  "entropy_std": 0.23001797497272491,
  "top1_share": [
    0.5606648921966553,
    0.19365248084068298,
    0.24568262696266174
  ],
  "P_expert_given_class": [
    [
      0.5080926418304443,
      0.11965204775333405,
      0.37225496768951416
    ],
    [
      0.06847749650478363,
      0.06428688019514084,
      0.8672367334365845
    ],
    [
      0.16493649780750275,
      0.7250375151634216,
      0.11002624779939651
    ],
    [
      0.06331610679626465,
      0.8621217608451843,
      0.07456180453300476
    ],
    [
      0.8062393069267273,
      0.07801264524459839,
      0.11574840545654297
    ],
    [
      0.09923791140317917,
      0.6780954599380493,
      0.22266650199890137
    ],
    [
      0.13293789327144623,
      0.1002964898943901,
      0.7667650580406189
    ],
    [
      0.7486181855201721,
      0.2049214392900467,
      0.04646095633506775
    ],
    [
      0.4027068018913269,
      0.4278046190738678,
      0.16948775947093964
    ],
    [
      0.7836249470710754,
      0.1881425976753235,
      0.028232265263795853
    ],
    [
      0.8334288001060486,
      0.04291396960616112,
      0.12365720421075821
    ],
    [
      0.4438447952270508,
      0.24569231271743774,
      0.3104635179042816
    ],
    [
      0.46943598985671997,
      0.33508145809173584,
      0.19548191130161285
    ],
    [
      0.4164924621582031,
      0.13700103759765625,
      0.44650620222091675
    ],
    [
      0.40061476826667786,
      0.22708870470523834,
      0.3722960352897644
    ],
    [
      0.6653329133987427,
      0.23372220993041992,
      0.10094520449638367
    ],
    [
      0.3102847635746002,
      0.3471299707889557,
      0.3425848186016083
    ],
    [
      0.8113255500793457,
      0.014073972590267658,
      0.1746012568473816
    ],
    [
      0.08991295844316483,
      0.1548897624015808,
      0.7551978826522827
    ],
    [
      0.11869640648365021,
      0.4889604151248932,
      0.3923432528972626
    ],
    [
      0.7095474004745483,
      0.022709406912326813,
      0.2677428424358368
    ],
    [
      0.0909438356757164,
      0.1026303619146347,
      0.8064261078834534
    ],
    [
      0.9077158570289612,
      0.006610262207686901,
      0.08567444980144501
    ],
    [
      0.668768584728241,
      0.010372130200266838,
      0.3208587169647217
    ],
    [
      0.4966033399105072,
      0.12892892956733704,
      0.3744681477546692
    ],
    [
      0.8343967199325562,
      0.09544508904218674,
      0.07015785574913025
    ],
    [
      0.6691315770149231,
      0.19981132447719574,
      0.13105638325214386
    ],
    [
      0.7881519794464111,
      0.09666551649570465,
      0.11518234014511108
    ],
    [
      0.08140829205513,
      0.753074049949646,
      0.16551721096038818
    ],
    [
      0.7760168313980103,
      0.1859123557806015,
      0.03807121515274048
    ],
    [
      0.3677690327167511,
      0.031013861298561096,
      0.6012164354324341
    ],
    [
      0.24744723737239838,
      0.011311573907732964,
      0.7412407398223877
    ],
    [
      0.6005318760871887,
      0.013353322632610798,
      0.3861143887042999
    ],
    [
      0.8553203344345093,
      0.028914187103509903,
      0.11576554924249649
    ],
    [
      0.6533980965614319,
      0.058998819440603256,
      0.2876032590866089
    ],
    [
      0.13677087426185608,
      0.7659702897071838,
      0.09725877642631531
    ],
    [
      0.5297901630401611,
      0.29894185066223145,
      0.1712687611579895
    ],
    [
      0.09304649382829666,
      0.07481202483177185,
      0.8321406245231628
    ],
    [
      0.146653413772583,
      0.30540215969085693,
      0.5479453206062317
    ],
    [
      0.5588852167129517,
      0.31685730814933777,
      0.12425731867551804
    ],
    [
      0.5891351699829102,
      0.3049018681049347,
      0.10596315562725067
    ],
    [
      0.5305669903755188,
      0.3894868493080139,
      0.07994631677865982
    ],
    [
      0.32230937480926514,
      0.037712499499320984,
      0.6399790048599243
    ],
    [
      0.7293351888656616,
      0.016820253804326057,
      0.25384438037872314
    ],
    [
      0.666913628578186,
      0.26971814036369324,
      0.06336848437786102
    ],
    [
      0.7868402004241943,
      0.0321771539747715,
      0.1809830665588379
    ],
    [
      0.57181316614151,
      0.30656111240386963,
      0.12162557244300842
    ]
  ],