{
  "N": 112800,
  "usage": [
    0.4727492928504944,
    0.23812146484851837,
    0.28912922739982605
  ],
  "entropy_mean": 0.6849400997161865,
  "entropy_std": 0.22944006323814392,
  "top1_share": [
    0.5424113273620605,
    0.2130851000547409,
    0.24450354278087616
  ],
  "P_expert_given_class": [
    [
      0.518061637878418,
      0.11128675192594528,
      0.3706519603729248
    ],
    [
      0.07681462913751602,
      0.0843622237443924,
      0.8388225436210632
    ],
    [
      0.14564993977546692,
      0.7483925819396973,
      0.10595835745334625
    ],
    [
      0.051596131175756454,
      0.8793413043022156,
      0.0690622553229332
    ],
    [
      0.8088042736053467,
      0.07572904229164124,
      0.11546683311462402
    ],
    [
      0.09304501116275787,
      0.6977360248565674,
      0.20921829342842102
    ],
    [
      0.11717992275953293,
      0.1003660038113594,
      0.7824533581733704
    ],
    [
      0.7627248167991638,
      0.18983669579029083,
      0.047438591718673706
    ],
    [
      0.36470797657966614,
      0.46626654267311096,
      0.1690252423286438
    ],
    [
      0.7782222032546997,
      0.1943400502204895,
      0.02743733488023281
    ],
    [
      0.8266048431396484,
      0.053140394389629364,
      0.12025446444749832
    ],
    [
      0.40279778838157654,
      0.28347501158714294,
      0.3137272298336029
    ],
    [
      0.4757019579410553,
      0.3241545557975769,
      0.20014309883117676
    ],
    [
      0.4019223749637604,
      0.15441179275512695,
      0.44366586208343506
    ],
    [
      0.3661189377307892,
      0.2920823395252228,
      0.3417985737323761
    ],
    [
      0.6344930529594421,
      0.2732119858264923,
      0.0922943502664566
    ],
    [
      0.30776476860046387,
      0.3496253788471222,
      0.3426102101802826
    ],
    [
      0.8115487694740295,
      0.016736166551709175,
      0.17171554267406464
    ],
    [
      0.09265311062335968,
      0.1819080114364624,
      0.7254394292831421
    ],
    [
      0.10599381476640701,
      0.5121085047721863,
      0.3818974196910858
    ],
    [
      0.6839182376861572,
      0.030146809294819832,
      0.28593504428863525
    ],
    [
      0.09169823676347733,
      0.12673911452293396,
      0.7815621495246887
    ],
    [
      0.9152397513389587,
      0.007943950593471527,
      0.07681722939014435
    ],
    [
      0.6465083360671997,
      0.014570816420018673,
      0.33892104029655457
    ],
    [
      0.500436007976532,
      0.11940279603004456,
      0.38016071915626526
    ],
    [
      0.8152982592582703,
      0.11615362763404846,
      0.06854863464832306
    ],
    [
      0.6755172610282898,
      0.19024540483951569,
      0.13423678278923035
    ],
    [
      0.7467435002326965,
      0.1317611038684845,
      0.1214955523610115
    ],
    [
      0.0781206414103508,
      0.7722092866897583,
      0.14967080950737
    ],
    [
      0.7974686622619629,
      0.16543419659137726,
      0.037096116691827774
    ],
    [
      0.35445359349250793,
      0.03131981939077377,
      0.6142265200614929
    ],
    [
      0.23779624700546265,
      0.010682635009288788,
      0.7515214085578918
    ],
    [
      0.5957213044166565,
      0.014151910319924355,
      0.3901267945766449
    ],
    [
      0.8366008400917053,
      0.032726239413022995,
      0.13067221641540527
    ],
    [
      0.6507406830787659,
      0.060047294944524765,
      0.2892109453678131
    ],
    [
      0.11729299277067184,
      0.7889745235443115,
      0.09373217821121216
    ],
    [
      0.5350161194801331,
      0.2977556884288788,
      0.16722847521305084
    ],
    [
      0.07712485641241074,
      0.0802391842007637,
      0.8426356911659241
    ],
    [
      0.13147930800914764,
      0.3403935134410858,
      0.5281269550323486
    ],
    [
      0.4908106029033661,
      0.3857540190219879,
      0.12343550473451614
    ],
    [
      0.5399855375289917,
      0.362588495016098,
      0.0974261686205864
    ],
    [
      0.5128200054168701,
      0.4091690480709076,
      0.07801058143377304
    ],
    [
      0.30588680505752563,
      0.050802722573280334,
      0.6433095932006836
    ],
    [
      0.7331162095069885,
      0.018040433526039124,
      0.24884246289730072
    ],
    [
      0.6569152474403381,
      0.27924373745918274,
      0.06384088844060898
    ],
    [
      0.8001735806465149,
      0.033081598579883575,
      0.16674451529979706
    ],
    [
      0.5499264001846313,
      0.3336186408996582,
      0.1164558157324791
    ]
  ],