{
  "N": 112800,
  "usage": [
    0.49847766757011414,
    0.2095889151096344,
    0.29193341732025146
  ],
  "entropy_mean": 0.6709313988685608,
  "entropy_std": 0.23369887471199036,
  "top1_share": [
    0.5826418399810791,
    0.17541666328907013,
    0.24194149672985077
  ],
  "P_expert_given_class": [
    [
      0.5273393988609314,
      0.1175345852971077,
      0.3551255166530609
    ],
    [
      0.06131235882639885,
      0.04687916114926338,
      0.8918086886405945
    ],
    [
      0.190265491604805,
      0.6972529292106628,
      0.11248192936182022
    ],
    [
      0.08025451749563217,
      0.8423505425453186,
      0.07739481329917908
    ],
    [
      0.8130748867988586,
      0.07291313260793686,
      0.11401145905256271
    ],
    [
      0.10939761996269226,
      0.6666465997695923,
      0.2239554524421692
    ],
    [
      0.15451578795909882,
      0.08937785774469376,
      0.7561067342758179
    ],
    [
      0.7342709898948669,
      0.22068969905376434,
      0.045039404183626175
    ],
    [
      0.46112191677093506,
      0.37686625123023987,
      0.16201145946979523
    ],
    [
      0.7831544876098633,
      0.18520618975162506,
      0.03163925185799599
    ],
    [
      0.8392037749290466,
      0.03740615025162697,
      0.1233905628323555
    ],
    [
      0.504241943359375,
      0.19198109209537506,
      0.30377715826034546
    ],
    [
      0.5143269300460815,
      0.31546565890312195,
      0.17020802199840546
    ],
    [
      0.44101446866989136,
      0.12328711152076721,
      0.4356979429721832
    ],
    [
      0.4433673620223999,
      0.18998213112354279,
      0.36665016412734985
    ],
    [
      0.6910006999969482,
      0.2048410177230835,
      0.10415837913751602
    ],
    [
      0.32888263463974,
      0.31982696056365967,
      0.35129019618034363
    ],
    [
      0.8209774494171143,
      0.012062795460224152,
      0.16695943474769592
    ],
    [
      0.08149254322052002,
      0.13463126122951508,
      0.7838755249977112
    ],
    [
      0.13752330839633942,
      0.466154009103775,
      0.3963228762149811
    ],
    [
      0.733886182308197,
      0.018952636048197746,
      0.24716031551361084
    ],
    [
      0.09245516359806061,
      0.08059234917163849,
      0.8269525766372681
    ],
    [
      0.8874721527099609,
      0.007293729577213526,
      0.10523434728384018
    ],
    [
      0.6761832237243652,
      0.009327879175543785,
      0.31448909640312195
    ],
    [
      0.5193669199943542,
      0.13149654865264893,
      0.3491373062133789
    ],
    [
      0.8611441254615784,
      0.06920607388019562,
      0.0696503072977066
    ],
    [
      0.6847847104072571,
      0.18375183641910553,
      0.1314639002084732
    ],
    [
      0.8299279808998108,
      0.06927147507667542,
      0.10080046951770782
    ],
    [
      0.09160419553518295,
      0.7267730236053467,
      0.18162237107753754
    ],
    [
      0.7474758625030518,
      0.21565407514572144,
      0.03686904162168503
    ],
    [
      0.3454107940196991,
      0.03451354056596756,
      0.6200764179229736
    ],
    [
      0.2441892772912979,
      0.01295129582285881,
      0.7428592443466187
    ],
    [
      0.5767709016799927,
      0.014157441444694996,
      0.40907251834869385
    ],
    [
      0.8589939475059509,
      0.03457712382078171,
      0.10642953962087631
    ],
    [
      0.6485444903373718,
      0.062265027314424515,
      0.28919026255607605
    ],
    [
      0.1611803025007248,
      0.7469169497489929,
      0.09190243482589722
    ],
    [
      0.5316675901412964,
      0.2925094664096832,
      0.1758231371641159
    ],
    [
      0.11430562287569046,
      0.061335399746894836,
      0.8243592381477356
    ],
    [
      0.1597486436367035,
      0.2800935208797455,
      0.5601581931114197
    ],
    [
      0.6325047016143799,
      0.2492288500070572,
      0.11826677620410919
    ],
    [
      0.6319255828857422,
      0.2587698996067047,
      0.10930401086807251
    ],
    [
      0.5503177046775818,
      0.3675040304660797,
      0.082177072763443
    ],
    [
      0.32231807708740234,
      0.027941010892391205,
      0.6497401595115662
    ],
    [
      0.7435290217399597,
      0.0173175111413002,
      0.23915298283100128
    ],
    [
      0.6786664128303528,
      0.2590491771697998,
      0.06228446960449219
    ],
    [
      0.7882833480834961,
      0.03201933950185776,
      0.17969651520252228
    ],
    [
      0.5990524888038635,
      0.27585336565971375,
      0.12509356439113617
    ]
  ],