{
  "N": 112800,
  "usage": [
    0.4000200927257538,
    0.3086080849170685,
    0.29137182235717773
  ],
  "entropy_mean": 0.6608100533485413,
  "entropy_std": 0.259541392326355,
  "top1_share": [
    0.43251773715019226,
    0.29392731189727783,
    0.2735549509525299
  ],
  "P_expert_given_class": [
    [
      0.31458932161331177,
      0.16578888893127441,
      0.5196218490600586
    ],
    [
      0.057333458214998245,
      0.09588009864091873,
      0.8467856645584106
    ],
    [
      0.07959750294685364,
      0.8556102514266968,
      0.06479201465845108
    ],
    [
      0.013457873836159706,
      0.9484115839004517,
      0.038132090121507645
    ],
    [
      0.818906307220459,
      0.0709332823753357,
      0.11016058921813965
    ],
    [
      0.03609181195497513,
      0.8421497344970703,
      0.12175725400447845
    ],
    [
      0.05933304503560066,
      0.10699228942394257,
      0.8336747288703918
    ],
    [
      0.8187373280525208,
      0.14002901315689087,
      0.04123309999704361
    ],
    [
      0.16682010889053345,
      0.7187480330467224,
      0.11443246155977249
    ],
    [
      0.7998207807540894,
      0.1800442487001419,
      0.02013496682047844
    ],
    [
      0.7934829592704773,
      0.1117355078458786,
      0.09478222578763962
    ],
    [
      0.16369780898094177,
      0.5091869831085205,
      0.32711508870124817
    ],
    [
      0.4569510817527771,
      0.2379591315984726,
      0.3050902783870697
    ],
    [
      0.24870610237121582,
      0.3124474585056305,
      0.43884629011154175
    ],
    [
      0.221595898270607,
      0.5156362652778625,
      0.26276695728302
    ],
    [
      0.5434386134147644,
      0.39429378509521484,
      0.06226818636059761
    ],
    [
      0.24280336499214172,
      0.3747047185897827,
      0.3824924826622009
    ],
    [
      0.8416196703910828,
      0.02757604606449604,
      0.13080477714538574
    ],
    [
      0.06073557585477829,
      0.21540194749832153,
      0.7238627076148987
    ],
    [
      0.031585775315761566,
      0.6315106749534607,
      0.3369041085243225
    ],
    [
      0.6614425182342529,
      0.10240894556045532,
      0.236148864030838
    ],
    [
      0.05705703794956207,
      0.1263933926820755,
      0.8165494799613953
    ],
    [
      0.9364804029464722,
      0.020831981673836708,
      0.042686983942985535
    ],
    [
      0.4662754237651825,
      0.058919940143823624,
      0.4748047888278961
    ],
    [
      0.2883438766002655,
      0.19076402485370636,
      0.520892858505249
    ],
    [
      0.7588670253753662,
      0.2031736820936203,
      0.03795962035655975
    ],
    [
      0.6048712730407715,
      0.1963808685541153,
      0.19874781370162964
    ],
    [
      0.5660347938537598,
      0.3284739553928375,
      0.10549057275056839
    ],
    [
      0.019823281094431877,
      0.8837233185768127,
      0.09645277261734009
    ],
    [
      0.8127500414848328,
      0.16062502562999725,
      0.026623981073498726
    ],
    [
      0.308048278093338,
      0.02714628539979458,
      0.6648051142692566
    ],
    [
      0.21931526064872742,
      0.025431357324123383,
      0.7552526593208313
    ],
    [
      0.5277644991874695,
      0.025584470480680466,
      0.4466519057750702
    ],
    [
      0.5994864702224731,
      0.1802310049533844,
      0.22028261423110962
    ],
    [
      0.5800889134407043,
      0.1261943280696869,
      0.29371699690818787
    ],
    [
      0.06940450519323349,
      0.8613813519477844,
      0.0692138597369194
    ],
    [
      0.5050801634788513,
      0.2923612594604492,
      0.20255905389785767
    ],
    [
      0.040076591074466705,
      0.13155581057071686,
      0.8283679485321045
    ],
    [
      0.06344754993915558,
      0.5117011666297913,
      0.4248512089252472
    ],
    [
      0.3367638885974884,
      0.5697189569473267,
      0.09351685643196106
    ],
    [
      0.4027078151702881,
      0.5367106795310974,
      0.06058138608932495
    ],
    [
      0.38480979204177856,
      0.54527747631073,
      0.06991258263587952
    ],
    [
      0.2402176409959793,
      0.08937107771635056,
      0.670412003993988
    ],
    [
      0.7195550799369812,
      0.04370454326272011,
      0.23673877120018005
    ],
    [
      0.6113332509994507,
      0.3257322311401367,
      0.06293530017137527
    ],
    [
      0.7995361089706421,
      0.065571628510952,
      0.13489332795143127
    ],
    [
      0.45205652713775635,
      0.4201717972755432,
      0.1277712732553482
    ]
  ],