{
  "N": 112800,
  "usage": [
    0.44338515400886536,
    0.2724541425704956,
    0.28416070342063904
  ],
  "entropy_mean": 0.7096600532531738,
  "entropy_std": 0.22738514840602875,
  "top1_share": [
    0.4984840452671051,
    0.24443262815475464,
    0.25708332657814026
  ],
  "P_expert_given_class": [
    [
      0.42666095495224,
      0.1413707286119461,
      0.4319687783718109
    ],
    [
      0.08920007199048996,
      0.12521666288375854,
      0.7855829000473022
    ],
    [
      0.12124324589967728,
      0.774719774723053,
      0.104035884141922
    ],
    [
      0.03497745841741562,
      0.909567654132843,
      0.05545511096715927
    ],
    [
      0.8055137395858765,
      0.08338886499404907,
      0.1110978052020073
    ],
    [
      0.07368533313274384,
      0.7432513236999512,
      0.18306411802768707
    ],
    [
      0.09732165932655334,
      0.10747452825307846,
      0.7952027320861816
    ],
    [
      0.7868582606315613,
      0.16008296608924866,
      0.0530577190220356
    ],
    [
      0.2778935730457306,
      0.5677785277366638,
      0.15432825684547424
    ],
    [
      0.7609571218490601,
      0.20871928334236145,
      0.030324719846248627
    ],
    [
      0.8006438612937927,
      0.09104205667972565,
      0.10831411927938461
    ],
    [
      0.28784245252609253,
      0.36567410826683044,
      0.346483439207077
    ],
    [
      0.48720645904541016,
      0.26621484756469727,
      0.24657897651195526
    ],
    [
      0.29472532868385315,
      0.24680303037166595,
      0.45847153663635254
    ],
    [
      0.3251270353794098,
      0.37930724024772644,
      0.2955660820007324
    ],
    [
      0.5826254487037659,
      0.34033647179603577,
      0.07703748345375061
    ],
    [
      0.3131045997142792,
      0.3412458598613739,
      0.3456496000289917
    ],
    [
      0.819766640663147,
      0.028443440794944763,
      0.15178963541984558
    ],
    [
      0.0953938439488411,
      0.24184323847293854,
      0.6627629995346069
    ],
    [
      0.07803281396627426,
      0.5474146604537964,
      0.3745526373386383
    ],
    [
      0.6883093118667603,
      0.05952473357319832,
      0.25216665863990784
    ],
    [
      0.0886278972029686,
      0.1630459725856781,
      0.7483267188072205
    ],
    [
      0.9172815084457397,
      0.023706506937742233,
      0.059013139456510544
    ],
    [
      0.5792375206947327,
      0.0478515550494194,
      0.37291082739830017
    ],
    [
      0.3974359929561615,
      0.1563669890165329,
      0.4461964964866638
    ],
    [
      0.7706855535507202,
      0.17167754471302032,
      0.05763745680451393
    ],
    [
      0.6478988528251648,
      0.2026919722557068,
      0.14940917491912842
    ],
    [
      0.6663338541984558,
      0.21827489137649536,
      0.11539158970117569
    ],
    [
      0.05870398133993149,
      0.7923550605773926,
      0.1489398181438446
    ],
    [
      0.8148428797721863,
      0.1460517942905426,
      0.03910578787326813
    ],
    [
      0.36133986711502075,
      0.03998627886176109,
      0.5986740589141846
    ],
    [
      0.23575171828269958,
      0.02391277812421322,
      0.7403349280357361
    ],
    [
      0.5834407210350037,
      0.029678048565983772,
      0.38688093423843384
    ],
    [
      0.7774650454521179,
      0.08265692740678787,
      0.13987793028354645
    ],
    [
      0.5971466302871704,
      0.10139118134975433,
      0.30146318674087524
    ],
    [
      0.09399363398551941,
      0.8116583824157715,
      0.09434735029935837
    ],
    [
      0.5313048362731934,
      0.28959307074546814,
      0.17910116910934448
    ],
    [
      0.06782697141170502,
      0.11341264098882675,
      0.8187597990036011
    ],
    [
      0.08626993745565414,
      0.4519274830818176,
      0.4618021249771118
    ],
    [
      0.4483696520328522,
      0.4363863170146942,
      0.11524387449026108
    ],
    [
      0.4644846022129059,
      0.4540993273258209,
      0.08141645789146423
    ],
    [
      0.45576217770576477,
      0.4654610753059387,
      0.07877729833126068
    ],
    [
      0.29355356097221375,
      0.07106707990169525,
      0.6353798508644104
    ],
    [
      0.7154775857925415,
      0.043649815022945404,
      0.24087247252464294
    ],
    [
      0.6232633590698242,
      0.3072277009487152,
      0.06950805336236954
    ],
    [
      0.798965573310852,
      0.06272115558385849,
      0.13831286132335663
    ],
    [
      0.5165519118309021,
      0.3690716028213501,
      0.11437670141458511
    ]
  ],