{
  "N": 112800,
  "usage": [
    0.522588849067688,
    0.1903029829263687,
    0.2871081531047821
  ],
  "entropy_mean": 0.6501482129096985,
  "entropy_std": 0.24674831330776215,
  "top1_share": [
    0.6055053472518921,
    0.15899822115898132,
    0.23549644649028778
  ],
  "P_expert_given_class": [
    [
      0.546904981136322,
      0.1113690584897995,
      0.34172624349594116
    ],
    [
      0.05234823375940323,
      0.030434222891926765,
      0.9172173142433167
    ],
    [
      0.21976208686828613,
      0.6643005609512329,
      0.11593770235776901
    ],
    [
      0.11638900637626648,
      0.8051860928535461,
      0.07842475920915604
    ],
    [
      0.8264535665512085,
      0.0679546594619751,
      0.10559118539094925
    ],
    [
      0.13359884917736053,
      0.6629701852798462,
      0.20343053340911865
    ],
    [
      0.16231364011764526,
      0.09052511304616928,
      0.7471612095832825
    ],
    [
      0.7505820989608765,
      0.20518559217453003,
      0.04423220083117485
    ],
    [
      0.5408185124397278,
      0.3132130205631256,
      0.14596804976463318
    ],
    [
      0.8206888437271118,
      0.14452530443668365,
      0.03478638827800751
    ],
    [
      0.8457375168800354,
      0.03521865978837013,
      0.11904356628656387
    ],
    [
      0.584852397441864,
      0.14883434772491455,
      0.26631319522857666
    ],
    [
      0.5848168730735779,
      0.2597464919090271,
      0.15543672442436218
    ],
    [
      0.45691537857055664,
      0.11014294624328613,
      0.43294113874435425
    ],
    [
      0.4833979904651642,
      0.1515388935804367,
      0.36506417393684387
    ],
    [
      0.716599702835083,
      0.17074166238307953,
      0.11265875399112701
    ],
    [
      0.33997684717178345,
      0.30763301253318787,
      0.352390855550766
    ],
    [
      0.8340270519256592,
      0.0131055423989892,
      0.15286748111248016
    ],
    [
      0.0743245780467987,
      0.11300408840179443,
      0.8126722574234009
    ],
    [
      0.1672910451889038,
      0.43808236718177795,
      0.3946269750595093
    ],
    [
      0.7827431559562683,
      0.018509339541196823,
      0.19874820113182068
    ],
    [
      0.0906861424446106,
      0.06802305579185486,
      0.8412904143333435
    ],
    [
      0.8620667457580566,
      0.006607526447623968,
      0.131325364112854
    ],
    [
      0.6786165833473206,
      0.011706686578691006,
      0.3096764087677002
    ],
    [
      0.5398414134979248,
      0.12454195320606232,
      0.33561718463897705
    ],
    [
      0.8905088305473328,
      0.04266170412302017,
      0.06682862341403961
    ],
    [
      0.687256395816803,
      0.16280540823936462,
      0.14993754029273987
    ],
    [
      0.8679684400558472,
      0.04968380555510521,
      0.08234711736440659
    ],
    [
      0.10545187443494797,
      0.7042277455329895,
      0.1903202384710312
    ],
    [
      0.7726430296897888,
      0.18825262784957886,
      0.03910493478178978
    ],
    [
      0.31005534529685974,
      0.04534386470913887,
      0.6446008086204529
    ],
    [
      0.24129389226436615,
      0.014094104990363121,
      0.7446116209030151
    ],
    [
      0.5058398246765137,
      0.016042150557041168,
      0.4781183898448944
    ],
    [
      0.8743653297424316,
      0.037418268620967865,
      0.08821642398834229
    ],
    [
      0.7024458646774292,
      0.05533653870224953,
      0.24221722781658173
    ],
    [
      0.1918095201253891,
      0.7108575701713562,
      0.09733276069164276
    ],
    [
      0.5323015451431274,
      0.2747517228126526,
      0.1929468810558319
    ],
    [
      0.1593872457742691,
      0.06015648692846298,
      0.7804561853408813
    ],
    [
      0.17688092589378357,
      0.30404040217399597,
      0.519078254699707
    ],
    [
      0.7300761938095093,
      0.1588362157344818,
      0.11108767241239548
    ],
    [
      0.6638679504394531,
      0.21858716011047363,
      0.11754496395587921
    ],
    [
      0.6009642481803894,
      0.3152226209640503,
      0.08381307125091553
    ],
    [
      0.3613891005516052,
      0.029071064665913582,
      0.6095396876335144
    ],
    [
      0.7862206101417542,
      0.01541480515152216,
      0.19836455583572388
    ],
    [
      0.7138517498970032,
      0.22206830978393555,
      0.06407911330461502
    ],
    [
      0.8283486366271973,
      0.025510599836707115,
      0.14614064991474152
    ],
    [
      0.6469950675964355,
      0.22075656056404114,
      0.13224858045578003
    ]
  ],