{
  "N": 112800,
  "usage": [
    0.4011074900627136,
    0.30943241715431213,
    0.28946006298065186
  ],
  "entropy_mean": 0.6688181757926941,
  "entropy_std": 0.2551787793636322,
  "top1_share": [
    0.43590426445007324,
    0.2955939769744873,
    0.26850175857543945
  ],
  "P_expert_given_class": [
    [
      0.3238757252693176,
      0.16743133962154388,
      0.5086934566497803
    ],
    [
      0.06183268874883652,
      0.1055603101849556,
      0.8326070308685303
    ],
    [
      0.07897993177175522,
      0.8499736785888672,
      0.07104634493589401
    ],
    [
      0.01422464195638895,
      0.9467276930809021,
      0.039047807455062866
    ],
    [
      0.8168562054634094,
      0.07015052437782288,
      0.11299262940883636
    ],
    [
      0.040497034788131714,
      0.8381232023239136,
      0.12137915194034576
    ],
    [
      0.05719190463423729,
      0.11270598322153091,
      0.8301014304161072
    ],
    [
      0.8171342015266418,
      0.13922980427742004,
      0.04363561049103737
    ],
    [
      0.16702157258987427,
      0.716694712638855,
      0.11628329008817673
    ],
    [
      0.8006709814071655,
      0.17740635573863983,
      0.021923135966062546
    ],
    [
      0.7860687375068665,
      0.11653988063335419,
      0.09739129990339279
    ],
    [
      0.16823521256446838,
      0.5127916932106018,
      0.3189724385738373
    ],
    [
      0.45163166522979736,
      0.23153503239154816,
      0.3168334364891052
    ],
    [
      0.24405674636363983,
      0.324928879737854,
      0.4310142397880554
    ],
    [
      0.22094036638736725,
      0.5193096995353699,
      0.2597503960132599
    ],
    [
      0.5371008515357971,
      0.40162113308906555,
      0.061278361827135086
    ],
    [
      0.23422974348068237,
      0.3849644660949707,
      0.3808053135871887
    ],
    [
      0.8312296271324158,
      0.02906917966902256,
      0.1397012174129486
    ],
    [
      0.06299814581871033,
      0.22493520379066467,
      0.712066113948822
    ],
    [
      0.030782226473093033,
      0.6398523449897766,
      0.32936522364616394
    ],
    [
      0.6559762358665466,
      0.10383007675409317,
      0.24019381403923035
    ],
    [
      0.0595119334757328,
      0.13751333951950073,
      0.8029751777648926
    ],
    [
      0.9289836883544922,
      0.024559414014220238,
      0.046455416828393936
    ],
    [
      0.47306951880455017,
      0.062008604407310486,
      0.46492141485214233
    ],
    [
      0.29551175236701965,
      0.19169415533542633,
      0.5127942562103271
    ],
    [
      0.7552973031997681,
      0.2019023895263672,
      0.042800117284059525
    ],
    [
      0.6146276593208313,
      0.18375054001808167,
      0.20162160694599152
    ],
    [
      0.5746151208877563,
      0.3181871175765991,
      0.10719695687294006
    ],
    [
      0.02315523847937584,
      0.8802213668823242,
      0.09662353247404099
    ],
    [
      0.8044852018356323,
      0.1682504415512085,
      0.02726432867348194
    ],
    [
      0.31052348017692566,
      0.029257701709866524,
      0.660219132900238
    ],
    [
      0.22617243230342865,
      0.02930062636733055,
      0.7445271015167236
    ],
    [
      0.5188587307929993,
      0.02609729953110218,
      0.455043226480484
    ],
    [
      0.6081341505050659,
      0.18294896185398102,
      0.20891743898391724
    ],
    [
      0.589385986328125,
      0.12752847373485565,
      0.2830854654312134
    ],
    [
      0.06590072065591812,
      0.8578720092773438,
      0.07622737437486649
    ],
    [
      0.514167070388794,
      0.28805074095726013,
      0.19778254628181458
    ],
    [
      0.04154520109295845,
      0.13061799108982086,
      0.8278369903564453
    ],
    [
      0.0655035600066185,
      0.5293595790863037,
      0.40513724088668823
    ],
    [
      0.3670152425765991,
      0.5306154489517212,
      0.10236953943967819
    ],
    [
      0.39812517166137695,
      0.5424836874008179,
      0.05939176678657532
    ],
    [
      0.3894536793231964,
      0.5380163788795471,
      0.07252992689609528
    ],
    [
      0.2322462499141693,
      0.0948830172419548,
      0.6728708744049072
    ],
    [
      0.7254197597503662,
      0.04724852368235588,
      0.2273324579000473
    ],
    [
      0.6180355548858643,
      0.3178982436656952,
      0.0640668198466301
    ],
    [
      0.7970799803733826,
      0.06874494254589081,
      0.1341756135225296
    ],
    [
      0.4536914527416229,
      0.42093294858932495,
      0.12537595629692078
    ]
  ],