{
  "N": 112800,
  "usage": [
    0.4072456657886505,
    0.3032676875591278,
    0.28948667645454407
  ],
  "entropy_mean": 0.6782432794570923,
  "entropy_std": 0.2511892020702362,
  "top1_share": [
    0.4474290907382965,
    0.28193262219429016,
    0.27063828706741333
  ],
  "P_expert_given_class": [
    [
      0.3216996192932129,
      0.16812379658222198,
      0.5101761221885681
    ],
    [
      0.06198631972074509,
      0.09807462245225906,
      0.8399381637573242
    ],
    [
      0.0800192803144455,
      0.849857747554779,
      0.0701230987906456
    ],
    [
      0.017599118873476982,
      0.9435178637504578,
      0.03888348117470741
    ],
    [
      0.8160993456840515,
      0.07735305279493332,
      0.10654714703559875
    ],
    [
      0.05182351917028427,
      0.8143073320388794,
      0.13386964797973633
    ],
    [
      0.06494079530239105,
      0.1070493534207344,
      0.828010082244873
    ],
    [
      0.794594943523407,
      0.16602744162082672,
      0.03937793895602226
    ],
    [
      0.16977402567863464,
      0.7113803029060364,
      0.11884568631649017
    ],
    [
      0.7764895558357239,
      0.1994607150554657,
      0.024049999192357063
    ],
    [
      0.7853344082832336,
      0.11750829964876175,
      0.09715771675109863
    ],
    [
      0.1806448996067047,
      0.486378937959671,
      0.33297666907310486
    ],
    [
      0.4858340322971344,
      0.22455045580863953,
      0.28961557149887085
    ],
    [
      0.2551300525665283,
      0.30890294909477234,
      0.4359671473503113
    ],
    [
      0.25869134068489075,
      0.44772475957870483,
      0.29358339309692383
    ],
    [
      0.5543473362922668,
      0.37864789366722107,
      0.06700381636619568
    ],
    [
      0.25394371151924133,
      0.37165775895118713,
      0.3743981122970581
    ],
    [
      0.8354222774505615,
      0.030791625380516052,
      0.1337844729423523
    ],
    [
      0.06518799811601639,
      0.2195701152086258,
      0.7152424454689026
    ],
    [
      0.04151541739702225,
      0.6324955821037292,
      0.3259887397289276
    ],
    [
      0.6680431365966797,
      0.0931248590350151,
      0.23883217573165894
    ],
    [
      0.059323471039533615,
      0.13714751601219177,
      0.8035298585891724
    ],
    [
      0.9299434423446655,
      0.027287667617201805,
      0.04276847839355469
    ],
    [
      0.4952811598777771,
      0.06304574012756348,
      0.4416733682155609
    ],
    [
      0.30085065960884094,
      0.19140945374965668,
      0.5077399611473083
    ],
    [
      0.7519930601119995,
      0.2035321742296219,
      0.044473446905612946
    ],
    [
      0.5964221358299255,
      0.1960427165031433,
      0.2075352519750595
    ],
    [
      0.5836905837059021,
      0.30511441826820374,
      0.11119493842124939
    ],
    [
      0.03296458721160889,
      0.8518155217170715,
      0.11522018164396286
    ],
    [
      0.7939902544021606,
      0.18118591606616974,
      0.024823490530252457
    ],
    [
      0.31550589203834534,
      0.032734036445617676,
      0.6517611742019653
    ],
    [
      0.2151275873184204,
      0.026521848514676094,
      0.758350133895874
    ],
    [
      0.5339862704277039,
      0.028729183599352837,
      0.43728479743003845
    ],
    [
      0.647490918636322,
      0.16371379792690277,
      0.18879516422748566
    ],
    [
      0.5958448648452759,
      0.13019947707653046,
      0.27395522594451904
    ],
    [
      0.06859791278839111,
      0.8584765791893005,
      0.07292580604553223
    ],
    [
      0.5204597115516663,
      0.28701692819595337,
      0.19252406060695648
    ],
    [
      0.050568416714668274,
      0.1279808133840561,
      0.8214517831802368
    ],
    [
      0.06934436410665512,
      0.5092296600341797,
      0.42142683267593384
    ],
    [
      0.39406248927116394,
      0.49490103125572205,
      0.11103649437427521
    ],
    [
      0.4130045175552368,
      0.5195781588554382,
      0.06741822510957718
    ],
    [
      0.39344069361686707,
      0.5338070392608643,
      0.0727527067065239
    ],
    [
      0.2515994608402252,
      0.08475429564714432,
      0.6636462211608887
    ],
    [
      0.7126767635345459,
      0.05218576639890671,
      0.23513823747634888
    ],
    [
      0.6072147488594055,
      0.3285049796104431,
      0.06427934765815735
    ],
    [
      0.7914281487464905,
      0.07019997388124466,
      0.13837197422981262
    ],
    [
      0.4766094386577606,
      0.4019632935523987,
      0.12142679840326309
    ]
  ],