{
  "N": 112800,
  "usage": [
    0.4174327552318573,
    0.29835543036460876,
    0.2842118442058563
  ],
  "entropy_mean": 0.6862286925315857,
  "entropy_std": 0.2449745237827301,
  "top1_share": [
    0.4604964554309845,
    0.27622339129447937,
    0.26328015327453613
  ],
  "P_expert_given_class": [
    [
      0.34328192472457886,
      0.16582955420017242,
      0.4908885657787323
    ],
    [
      0.078059621155262,
      0.09992171078920364,
      0.8220182657241821
    ],
    [
      0.08004546910524368,
      0.8451708555221558,
      0.0747838169336319
    ],
    [
      0.018062124028801918,
      0.9439237713813782,
      0.03801471367478371
    ],
    [
      0.8192512392997742,
      0.07559166848659515,
      0.10515636205673218
    ],
    [
      0.059384554624557495,
      0.8030480742454529,
      0.13756848871707916
    ],
    [
      0.08176003396511078,
      0.10558412224054337,
      0.8126547336578369
    ],
    [
      0.7760900855064392,
      0.17892514169216156,
      0.0449841171503067
    ],
    [
      0.20844028890132904,
      0.6674759387969971,
      0.12408456206321716
    ],
    [
      0.774052083492279,
      0.20299972593784332,
      0.022948596626520157
    ],
    [
      0.7858801484107971,
      0.1162661761045456,
      0.09785385429859161
    ],
    [
      0.22435536980628967,
      0.4493214786052704,
      0.3263229429721832
    ],
    [
      0.4921486973762512,
      0.22184079885482788,
      0.28601133823394775
    ],
    [
      0.2672823965549469,
      0.30325183272361755,
      0.42946532368659973
    ],
    [
      0.285363107919693,
      0.448800653219223,
      0.26583626866340637
    ],
    [
      0.5456176996231079,
      0.3867555260658264,
      0.06762632727622986
    ],
    [
      0.2764791250228882,
      0.35608750581741333,
      0.3674333989620209
    ],
    [
      0.8280487060546875,
      0.029855670407414436,
      0.14209599792957306
    ],
    [
      0.079027459025383,
      0.22035689651966095,
      0.7006158232688904
    ],
    [
      0.049961403012275696,
      0.6092528700828552,
      0.340785950422287
    ],
    [
      0.6810104846954346,
      0.0876196026802063,
      0.2313699871301651
    ],
    [
      0.07039909064769745,
      0.13631868362426758,
      0.7932824492454529
    ],
    [
      0.9247036576271057,
      0.028490254655480385,
      0.04680577665567398
    ],
    [
      0.5081703066825867,
      0.06393774598836899,
      0.42789214849472046
    ],
    [
      0.31890708208084106,
      0.18764176964759827,
      0.49345096945762634
    ],
    [
      0.7453659772872925,
      0.20676296949386597,
      0.0478719025850296
    ],
    [
      0.6019109487533569,
      0.20509026944637299,
      0.19299854338169098
    ],
    [
      0.6090284585952759,
      0.2881361246109009,
      0.10283568501472473
    ],
    [
      0.03858150541782379,
      0.847443163394928,
      0.11397501826286316
    ],
    [
      0.7991628646850586,
      0.17180165648460388,
      0.02903594635426998
    ],
    [
      0.34268420934677124,
      0.03395703807473183,
      0.6233595013618469
    ],
    [
      0.23182545602321625,
      0.022926101461052895,
      0.7452491521835327
    ],
    [
      0.5499929785728455,
      0.029789511114358902,
      0.4202168881893158
    ],
    [
      0.7042300701141357,
      0.12819546461105347,
      0.1675739735364914
    ],
    [
      0.6104569435119629,
      0.11674501746892929,
      0.2727983295917511
    ],
    [
      0.06819182634353638,
      0.8587003350257874,
      0.07310751080513
    ],
    [
      0.5198329091072083,
      0.28923454880714417,
      0.19093258678913116
    ],
    [
      0.06712993234395981,
      0.12748852372169495,
      0.8053812384605408
    ],
    [
      0.06560711562633514,
      0.5117071866989136,
      0.4226847290992737
    ],
    [
      0.41596052050590515,
      0.4767158627510071,
      0.10732414573431015
    ],
    [
      0.41521143913269043,
      0.5201322436332703,
      0.06465718895196915
    ],
    [
      0.4021872580051422,
      0.5286015272140503,
      0.06921137124300003
    ],
    [
      0.26550477743148804,
      0.07408005744218826,
      0.6604143381118774
    ],
    [
      0.7099685668945312,
      0.051537420600652695,
      0.23849353194236755
    ],
    [
      0.6185449957847595,
      0.3197404742240906,
      0.061713531613349915
    ],
    [
      0.784205973148346,
      0.0719551146030426,
      0.14383980631828308
    ],
    [
      0.4779725670814514,
      0.40769708156585693,
      0.11433065682649612
    ]
  ],