{
  "N": 112800,
  "usage": [
    0.43236640095710754,
    0.28342244029045105,
    0.2842111885547638
  ],
  "entropy_mean": 0.7033172845840454,
  "entropy_std": 0.23175525665283203,
  "top1_share": [
    0.48435282707214355,
    0.25948581099510193,
    0.2561613619327545
  ],
  "P_expert_given_class": [
    [
      0.38570722937583923,
      0.1487204134464264,
      0.46557193994522095
    ],
    [
      0.08611961454153061,
      0.10134871304035187,
      0.8125320672988892
    ],
    [
      0.1058710440993309,
      0.8045578002929688,
      0.0895705297589302
    ],
    [
      0.023882977664470673,
      0.926664412021637,
      0.04945248365402222
    ],
    [
      0.8189674019813538,
      0.07550247013568878,
      0.10553038865327835
    ],
    [
      0.06495028734207153,
      0.7762262225151062,
      0.15882374346256256
    ],
    [
      0.086246557533741,
      0.10905642062425613,
      0.8046972751617432
    ],
    [
      0.7776246070861816,
      0.1655341386795044,
      0.05684131756424904
    ],
    [
      0.2335965931415558,
      0.6198757886886597,
      0.1465275138616562
    ],
    [
      0.7540733218193054,
      0.21150493621826172,
      0.034421566873788834
    ],
    [
      0.7911008596420288,
      0.09860479086637497,
      0.11029427498579025
    ],
    [
      0.25389108061790466,
      0.4076600968837738,
      0.3384481370449066
    ],
    [
      0.5021430253982544,
      0.23423263430595398,
      0.26362401247024536
    ],
    [
      0.2729131877422333,
      0.28909221291542053,
      0.4379945993423462
    ],
    [
      0.3102109432220459,
      0.40876322984695435,
      0.2810267210006714
    ],
    [
      0.5625227093696594,
      0.362414687871933,
      0.07506316155195236
    ],
    [
      0.30269119143486023,
      0.3408150374889374,
      0.3564927577972412
    ],
    [
      0.8259578943252563,
      0.028117017820477486,
      0.14592446386814117
    ],
    [
      0.08971205353736877,
      0.22233599424362183,
      0.6879523992538452
    ],
    [
      0.06564296036958694,
      0.580662727355957,
      0.3536941409111023
    ],
    [
      0.6992505788803101,
      0.06910737603902817,
      0.2316412329673767
    ],
    [
      0.0858582854270935,
      0.14379534125328064,
      0.7703447341918945
    ],
    [
      0.919197678565979,
      0.026017991825938225,
      0.05478602275252342
    ],
    [
      0.547836184501648,
      0.056220367550849915,
      0.39594313502311707
    ],
    [
      0.35579168796539307,
      0.16569213569164276,
      0.4785160422325134
    ],
    [
      0.7463905215263367,
      0.19259865581989288,
      0.061010584235191345
    ],
    [
      0.6199194192886353,
      0.2025948166847229,
      0.17748568952083588
    ],
    [
      0.6387342810630798,
      0.2481529265642166,
      0.11311246454715729
    ],
    [
      0.04744599014520645,
      0.809156060218811,
      0.1433977335691452
    ],
    [
      0.8058815598487854,
      0.1540541797876358,
      0.04006349667906761
    ],
    [
      0.3624199628829956,
      0.03648702800273895,
      0.6010941863059998
    ],
    [
      0.24927538633346558,
      0.021562308073043823,
      0.7291625738143921
    ],
    [
      0.5703303813934326,
      0.03025955520570278,
      0.3994106948375702
    ],
    [
      0.7729859948158264,
      0.09192560613155365,
      0.13508747518062592
    ],
    [
      0.6186434030532837,
      0.10210467129945755,
      0.2792510688304901
    ],
    [
      0.08443669974803925,
      0.8301590085029602,
      0.08540534228086472
    ],
    [
      0.5275669693946838,
      0.28880682587623596,
      0.18362733721733093
    ],
    [
      0.06311105936765671,
      0.14283226430416107,
      0.7940571308135986
    ],
    [
      0.07352900505065918,
      0.5012174844741821,
      0.4252528250217438
    ],
    [
      0.4436967074871063,
      0.4326438903808594,
      0.12365895509719849
    ],
    [
      0.44495484232902527,
      0.4788169264793396,
      0.07622803002595901
    ],
    [
      0.4193496108055115,
      0.4971492886543274,
      0.08350090682506561
    ],
    [
      0.2846161425113678,
      0.07814495265483856,
      0.6372385621070862
    ],
    [
      0.7130333185195923,
      0.04694536328315735,
      0.24002057313919067
    ],
    [
      0.607067346572876,
      0.3169054687023163,
      0.07602689415216446
    ],
    [
      0.7959315180778503,
      0.0686069205403328,
      0.1354617178440094
    ],
    [
      0.5101368427276611,
      0.37720784544944763,
      0.11265505105257034
    ]
  ],