{
  "N": 112800,
  "usage": [
    0.4153308868408203,
    0.2990461587905884,
    0.2856229841709137
  ],
  "entropy_mean": 0.6812863349914551,
  "entropy_std": 0.24817736446857452,
  "top1_share": [
    0.4579344093799591,
    0.2750709354877472,
    0.2669946849346161
  ],
  "P_expert_given_class": [
    [
      0.3330017328262329,
      0.16022001206874847,
      0.5067774653434753
    ],
    [
      0.08181212842464447,
      0.10267236828804016,
      0.8155162930488586
    ],
    [
      0.07120805233716965,
      0.8580418825149536,
      0.07075025886297226
    ],
    [
      0.014919060282409191,
      0.9461407661437988,
      0.03894083946943283
    ],
    [
      0.8131054043769836,
      0.07946930825710297,
      0.10742481052875519
    ],
    [
      0.05188768729567528,
      0.8189297914505005,
      0.12918251752853394
    ],
    [
      0.07206527143716812,
      0.10171772539615631,
      0.8262176513671875
    ],
    [
      0.7842839360237122,
      0.17013907432556152,
      0.045577455312013626
    ],
    [
      0.19683165848255157,
      0.6787006258964539,
      0.1244678720831871
    ],
    [
      0.7824537754058838,
      0.19400061666965485,
      0.02354559488594532
    ],
    [
      0.79000324010849,
      0.11270051449537277,
      0.09729531407356262
    ],
    [
      0.21439819037914276,
      0.4428095519542694,
      0.34279200434684753
    ],
    [
      0.48013627529144287,
      0.21853414177894592,
      0.3013301193714142
    ],
    [
      0.2673482596874237,
      0.2918979227542877,
      0.44075387716293335
    ],
    [
      0.2836426794528961,
      0.4342876672744751,
      0.282069593667984
    ],
    [
      0.5553355813026428,
      0.37937748432159424,
      0.06528642028570175
    ],
    [
      0.2688068151473999,
      0.3549720346927643,
      0.37622150778770447
    ],
    [
      0.8292791843414307,
      0.029636221006512642,
      0.14108450710773468
    ],
    [
      0.08092768490314484,
      0.2233126014471054,
      0.6957589387893677
    ],
    [
      0.04211708530783653,
      0.6298151016235352,
      0.32806718349456787
    ],
    [
      0.6798903346061707,
      0.08425536751747131,
      0.23585334420204163
    ],
    [
      0.07568873465061188,
      0.14324723184108734,
      0.7810642123222351
    ],
    [
      0.924287736415863,
      0.026841402053833008,
      0.04887014254927635
    ],
    [
      0.5040387511253357,
      0.06182504817843437,
      0.43413639068603516
    ],
    [
      0.3125128149986267,
      0.1820971965789795,
      0.5053893327713013
    ],
    [
      0.7580026388168335,
      0.1940651834011078,
      0.047932740300893784
    ],
    [
      0.6055368781089783,
      0.20165890455245972,
      0.1928042769432068
    ],
    [
      0.6149487495422363,
      0.27905210852622986,
      0.10599866509437561
    ],
    [
      0.03036986105144024,
      0.8674048781394958,
      0.10222464799880981
    ],
    [
      0.794087290763855,
      0.17784100770950317,
      0.028071146458387375
    ],
    [
      0.3349176049232483,
      0.035211313515901566,
      0.6298715472221375
    ],
    [
      0.2302606999874115,
      0.023627271875739098,
      0.7461124062538147
    ],
    [
      0.5416966676712036,
      0.030074317008256912,
      0.42822834849357605
    ],
    [
      0.6839306950569153,
      0.13806293904781342,
      0.1780051440000534
    ],
    [
      0.5970597267150879,
      0.12416274100542068,
      0.278777152299881
    ],
    [
      0.06098344177007675,
      0.8680704832077026,
      0.07094673812389374
    ],
    [
      0.5165399312973022,
      0.2955588400363922,
      0.18790093064308167
    ],
    [
      0.06139509379863739,
      0.1175539419054985,
      0.8210511207580566
    ],
    [
      0.06994982063770294,
      0.5231481194496155,
      0.4069015383720398
    ],
    [
      0.3934743106365204,
      0.5008407235145569,
      0.1056852638721466
    ],
    [
      0.42099860310554504,
      0.5155394077301025,
      0.06346124410629272
    ],
    [
      0.3979744613170624,
      0.5322121977806091,
      0.0698138177394867
    ],
    [
      0.2823092043399811,
      0.076735720038414,
      0.6409552693367004
    ],
    [
      0.7169196009635925,
      0.048353444784879684,
      0.2347281128168106
    ],
    [
      0.6253126263618469,
      0.31170088052749634,
      0.06298639625310898
    ],
    [
      0.7926416993141174,
      0.06671182066202164,
      0.14064642786979675
    ],
    [
      0.48125767707824707,
      0.4019397497177124,
      0.11680220067501068
    ]
  ],