{
  "N": 112800,
  "usage": [
    0.5655966997146606,
    0.16324107348918915,
    0.2711622416973114
  ],
  "entropy_mean": 0.6202243566513062,
  "entropy_std": 0.2700076699256897,
  "top1_share": [
    0.6468085050582886,
    0.14175531268119812,
    0.2114361673593521
  ],
  "P_expert_given_class": [
    [
      0.5883176326751709,
      0.1126456931233406,
      0.29903656244277954
    ],
    [
      0.0526115782558918,
      0.015364556573331356,
      0.9320244193077087
    ],
    [
      0.2822030186653137,
      0.5676164031028748,
      0.1501799374818802
    ],
    [
      0.2067275047302246,
      0.7168498635292053,
      0.07642234116792679
    ],
    [
      0.8450996279716492,
      0.06178370118141174,
      0.09311702847480774
    ],
    [
      0.21635890007019043,
      0.6075690388679504,
      0.17607134580612183
    ],
    [
      0.20959952473640442,
      0.09239619970321655,
      0.6980045437812805
    ],
    [
      0.7925034165382385,
      0.15647809207439423,
      0.05101851746439934
    ],
    [
      0.6697511672973633,
      0.20969469845294952,
      0.120554119348526
    ],
    [
      0.8573258519172668,
      0.10553652793169022,
      0.03713729977607727
    ],
    [
      0.8599494695663452,
      0.034550026059150696,
      0.10550087690353394
    ],
    [
      0.697681725025177,
      0.11886486411094666,
      0.1834532469511032
    ],
    [
      0.6515522003173828,
      0.1740933358669281,
      0.17435520887374878
    ],
    [
      0.4809968173503876,
      0.11807146668434143,
      0.4009314775466919
    ],
    [
      0.5619251728057861,
      0.13122114539146423,
      0.30685368180274963
    ],
    [
      0.7609528303146362,
      0.1150737777352333,
      0.12397348135709763
    ],
    [
      0.35727831721305847,
      0.3149257004261017,
      0.32779598236083984
    ],
    [
      0.8525497317314148,
      0.016251862049102783,
      0.1311977654695511
    ],
    [
      0.08563664555549622,
      0.08477035909891129,
      0.8295931816101074
    ],
    [
      0.2030414193868637,
      0.3890846073627472,
      0.40787437558174133
    ],
    [
      0.8500939011573792,
      0.013687565922737122,
      0.13621793687343597
    ],
    [
      0.09572214633226395,
      0.04830610007047653,
      0.855972170829773
    ],
    [
      0.849283754825592,
      0.007412470877170563,
      0.14330382645130157
    ],
    [
      0.6921026110649109,
      0.012977087870240211,
      0.2949203848838806
    ],
    [
      0.58564692735672,
      0.12930506467819214,
      0.28504788875579834
    ],
    [
      0.9069098830223083,
      0.029772061854600906,
      0.06331764161586761
    ],
    [
      0.6532458662986755,
      0.1679137796163559,
      0.17883971333503723
    ],
    [
      0.9004218578338623,
      0.03127661347389221,
      0.0683009922504425
    ],
    [
      0.1684151291847229,
      0.6582542657852173,
      0.17333053052425385
    ],
    [
      0.7804746627807617,
      0.161677747964859,
      0.057847749441862106
    ],
    [
      0.2653241753578186,
      0.04578067362308502,
      0.6888956427574158
    ],
    [
      0.24474096298217773,
      0.01122325286269188,
      0.7440346479415894
    ],
    [
      0.44165369868278503,
      0.02103927917778492,
      0.5373074412345886
    ],
    [
      0.9052024483680725,
      0.030185289680957794,
      0.06461141258478165
    ],
    [
      0.7590638995170593,
      0.040598563849925995,
      0.20033782720565796
    ],
    [
      0.24611704051494598,
      0.6281700730323792,
      0.12571321427822113
    ],
    [
      0.5544407963752747,
      0.25520914793014526,
      0.1903507560491562
    ],
    [
      0.26511499285697937,
      0.05591827258467674,
      0.6789659857749939
    ],
    [
      0.24903477728366852,
      0.3427485525608063,
      0.4082169234752655
    ],
    [
      0.7967398762702942,
      0.10125183314085007,
      0.10200928896665573
    ],
    [
      0.7270104885101318,
      0.1441931277513504,
      0.1287967711687088
    ],
    [
      0.682931661605835,
      0.23762455582618713,
      0.0794437974691391
    ],
    [
      0.49074000120162964,
      0.02206530049443245,
      0.4871954321861267
    ],
    [
      0.8429268598556519,
      0.01219093520194292,
      0.14488212764263153
    ],
    [
      0.7790929675102234,
      0.16124962270259857,
      0.0596567802131176
    ],
    [
      0.8744305372238159,
      0.016314905136823654,
      0.10925424098968506
    ],
    [
      0.7440981268882751,
      0.1431419849395752,
      0.11276097595691681
    ]
  ],