{
  "N": 112800,
  "usage": [
    0.46085241436958313,
    0.24761268496513367,
    0.2915349304676056
  ],
  "entropy_mean": 0.6993291974067688,
  "entropy_std": 0.22500260174274445,
  "top1_share": [
    0.5258687734603882,
    0.22484928369522095,
    0.24928191304206848
  ],
  "P_expert_given_class": [
    [
      0.4959166944026947,
      0.1152791827917099,
      0.38880425691604614
    ],
    [
      0.08363430947065353,
      0.0978526845574379,
      0.8185128569602966
    ],
    [
      0.13507607579231262,
      0.7575834393501282,
      0.10734129697084427
    ],
    [
      0.05057854205369949,
      0.8826030492782593,
      0.06681787967681885
    ],
    [
      0.8003813624382019,
      0.07748212665319443,
      0.12213687598705292
    ],
    [
      0.09460780769586563,
      0.7002730965614319,
      0.20511898398399353
    ],
    [
      0.10025107860565186,
      0.10038522630929947,
      0.7993638515472412
    ],
    [
      0.7589473724365234,
      0.18220777809619904,
      0.05884602293372154
    ],
    [
      0.34287771582603455,
      0.4859890341758728,
      0.17113295197486877
    ],
    [
      0.7575744986534119,
      0.21166862547397614,
      0.030757563188672066
    ],
    [
      0.812671422958374,
      0.06252087652683258,
      0.12480843812227249
    ],
    [
      0.3653988540172577,
      0.30870336294174194,
      0.32589781284332275
    ],
    [
      0.47874632477760315,
      0.30375126004219055,
      0.21750251948833466
    ],
    [
      0.3681826591491699,
      0.1738939732313156,
      0.4579239785671234
    ],
    [
      0.34203052520751953,
      0.34517768025398254,
      0.3127918243408203
    ],
    [
      0.608184278011322,
      0.303936243057251,
      0.08787957578897476
    ],
    [
      0.31740984320640564,
      0.3390377461910248,
      0.34355273842811584
    ],
    [
      0.8071708679199219,
      0.018586771562695503,
      0.17424190044403076
    ],
    [
      0.10029066354036331,
      0.19790080189704895,
      0.7018091082572937
    ],
    [
      0.105707548558712,
      0.5132728219032288,
      0.38101980090141296
    ],
    [
      0.6760345697402954,
      0.035165999084711075,
      0.28879961371421814
    ],
    [
      0.09238409996032715,
      0.13960757851600647,
      0.7680081129074097
    ],
    [
      0.9168797731399536,
      0.011652379296720028,
      0.07146789878606796
    ],
    [
      0.6258871555328369,
      0.021916735917329788,
      0.35219672322273254
    ],
    [
      0.4753197729587555,
      0.12182623893022537,
      0.40285417437553406
    ],
    [
      0.7943400144577026,
      0.13751083612442017,
      0.06814981251955032
    ],
    [
      0.6636641621589661,
      0.20201288163661957,
      0.1343231350183487
    ],
    [
      0.717260479927063,
      0.15972554683685303,
      0.12301421910524368
    ],
    [
      0.078384168446064,
      0.770435631275177,
      0.15117961168289185
    ],
    [
      0.807677686214447,
      0.14994150400161743,
      0.04238087311387062
    ],
    [
      0.3526720702648163,
      0.03614179790019989,
      0.6111855506896973
    ],
    [
      0.23456153273582458,
      0.01426662877202034,
      0.7511721253395081
    ],
    [
      0.5847777724266052,
      0.018022628501057625,
      0.39720019698143005
    ],
    [
      0.8158698678016663,
      0.04280583932995796,
      0.14132404327392578
    ],
    [
      0.6154060959815979,
      0.06975076347589493,
      0.31484299898147583
    ],
    [
      0.11057603359222412,
      0.7912009358406067,
      0.09822327643632889
    ],
    [
      0.5423469543457031,
      0.2839677333831787,
      0.17368610203266144
    ],
    [
      0.06753602623939514,
      0.08438416570425034,
      0.8480808138847351
    ],
    [
      0.11611437797546387,
      0.372999370098114,
      0.510886013507843
    ],
    [
      0.4630132019519806,
      0.4129653871059418,
      0.12402172386646271
    ],
    [
      0.5091382265090942,
      0.39834049344062805,
      0.09252171218395233
    ],
    [
      0.4908688962459564,
      0.4279089868068695,
      0.08122125267982483
    ],
    [
      0.2984910011291504,
      0.05717207118868828,
      0.6443374156951904
    ],
    [
      0.7135250568389893,
      0.02330392599105835,
      0.26317107677459717
    ],
    [
      0.6376996040344238,
      0.2946043908596039,
      0.06769497692584991
    ],
    [
      0.7971422672271729,
      0.037917159497737885,
      0.1649404615163803
    ],
    [
      0.5368574857711792,
      0.34414273500442505,
      0.11899971961975098
    ]
  ],