{
  "N": 112800,
  "usage": [
    0.437592476606369,
    0.27951580286026,
    0.28289178013801575
  ],
  "entropy_mean": 0.7049735188484192,
  "entropy_std": 0.2316947877407074,
  "top1_share": [
    0.49156028032302856,
    0.2555585205554962,
    0.2528811991214752
  ],
  "P_expert_given_class": [
    [
      0.40958887338638306,
      0.14723725616931915,
      0.4431740343570709
    ],
    [
      0.08766763657331467,
      0.11496059596538544,
      0.7973718643188477
    ],
    [
      0.11282403022050858,
      0.7884492874145508,
      0.09872633963823318
    ],
    [
      0.03016369417309761,
      0.9173328876495361,
      0.05250323563814163
    ],
    [
      0.8201313018798828,
      0.07567547261714935,
      0.10419289022684097
    ],
    [
      0.06917604804039001,
      0.7662801742553711,
      0.1645435392856598
    ],
    [
      0.09559594839811325,
      0.1025773212313652,
      0.8018274307250977
    ],
    [
      0.7698881030082703,
      0.17547836899757385,
      0.0546327643096447
    ],
    [
      0.2550906240940094,
      0.5946581959724426,
      0.1502513438463211
    ],
    [
      0.7587756514549255,
      0.20868484675884247,
      0.032538916915655136
    ],
    [
      0.800055205821991,
      0.09212397783994675,
      0.10782139003276825
    ],
    [
      0.2798646092414856,
      0.3808879256248474,
      0.339246928691864
    ],
    [
      0.47594740986824036,
      0.27240312099456787,
      0.25164905190467834
    ],
    [
      0.2824125289916992,
      0.2693465054035187,
      0.4482412338256836
    ],
    [
      0.32443714141845703,
      0.3906198740005493,
      0.28494322299957275
    ],
    [
      0.5735683441162109,
      0.35169947147369385,
      0.07473210245370865
    ],
    [
      0.3113963007926941,
      0.3445602357387543,
      0.3440435528755188
    ],
    [
      0.8310156464576721,
      0.027027057483792305,
      0.14195722341537476
    ],
    [
      0.09011314809322357,
      0.23059727251529694,
      0.6792899966239929
    ],
    [
      0.06432793289422989,
      0.5800294280052185,
      0.35564282536506653
    ],
    [
      0.6891767382621765,
      0.06300793588161469,
      0.24781623482704163
    ],
    [
      0.08765092492103577,
      0.15547791123390198,
      0.7568718791007996
    ],
    [
      0.9215943217277527,
      0.02353590726852417,
      0.05486946180462837
    ],
    [
      0.5607420206069946,
      0.051527295261621475,
      0.38773104548454285
    ],
    [
      0.3759121000766754,
      0.16291730105876923,
      0.4611705541610718
    ],
    [
      0.7583668231964111,
      0.18260207772254944,
      0.05903078243136406
    ],
    [
      0.6256587505340576,
      0.21103450655937195,
      0.16330577433109283
    ],
    [
      0.6480964422225952,
      0.23492363095283508,
      0.11698048561811447
    ],
    [
      0.05484582856297493,
      0.8018094301223755,
      0.14334411919116974
    ],
    [
      0.7958225011825562,
      0.16536997258663177,
      0.03880743682384491
    ],
    [
      0.36483389139175415,
      0.036947112530469894,
      0.5982193946838379
    ],
    [
      0.242437943816185,
      0.02429734729230404,
      0.7332639694213867
    ],
    [
      0.5788319110870361,
      0.02983037382364273,
      0.39133724570274353
    ],
    [
      0.7747229933738708,
      0.08399774134159088,
      0.14127983152866364
    ],
    [
      0.6167465448379517,
      0.10882247984409332,
      0.2744300067424774
    ],
    [
      0.08689533174037933,
      0.8229542970657349,
      0.09014976769685745
    ],
    [
      0.5244114398956299,
      0.2888074517250061,
      0.18678060173988342
    ],
    [
      0.07008393108844757,
      0.11460327357053757,
      0.8153120279312134
    ],
    [
      0.08247493952512741,
      0.4833422303199768,
      0.4341832995414734
    ],
    [
      0.4334774911403656,
      0.44817912578582764,
      0.11834344267845154
    ],
    [
      0.4530071020126343,
      0.4688602089881897,
      0.0781327337026596
    ],
    [
      0.4325920045375824,
      0.485659122467041,
      0.08174911141395569
    ],
    [
      0.2929176688194275,
      0.06750128418207169,
      0.6395815014839172
    ],
    [
      0.7225738763809204,
      0.0433034785091877,
      0.23412275314331055
    ],
    [
      0.6140367388725281,
      0.31087008118629456,
      0.07509298622608185
    ],
    [
      0.7995791435241699,
      0.06522071361541748,
      0.13519997894763947
    ],
    [
      0.5173120498657227,
      0.3712102472782135,
      0.11147885769605637
    ]
  ],