{
  "N": 112800,
  "usage": [
    0.42407113313674927,
    0.29330888390541077,
    0.28262001276016235
  ],
  "entropy_mean": 0.6975639462471008,
  "entropy_std": 0.23803147673606873,
  "top1_share": [
    0.47462767362594604,
    0.2693617045879364,
    0.25601065158843994
  ],
  "P_expert_given_class": [
    [
      0.3792298436164856,
      0.15511441230773926,
      0.4656561315059662
    ],
    [
      0.07929973304271698,
      0.1117955669760704,
      0.8089046478271484
    ],
    [
      0.09358227998018265,
      0.821060061454773,
      0.08535744994878769
    ],
    [
      0.019349148496985435,
      0.9353296160697937,
      0.0453207828104496
    ],
    [
      0.8096755743026733,
      0.07789523154497147,
      0.11242997646331787
    ],
    [
      0.054500311613082886,
      0.7999009490013123,
      0.14559903740882874
    ],
    [
      0.08025657385587692,
      0.11349515616893768,
      0.806248128414154
    ],
    [
      0.7720813155174255,
      0.17672321200370789,
      0.051194723695516586
    ],
    [
      0.21197263896465302,
      0.6430832147598267,
      0.14494380354881287
    ],
    [
      0.7570432424545288,
      0.21303993463516235,
      0.029917344450950623
    ],
    [
      0.7888455986976624,
      0.10510173439979553,
      0.10605251789093018
    ],
    [
      0.24296537041664124,
      0.4220099151134491,
      0.3350236415863037
    ],
    [
      0.5018585324287415,
      0.23341478407382965,
      0.2647274136543274
    ],
    [
      0.27486225962638855,
      0.2880289852619171,
      0.4371086657047272
    ],
    [
      0.3029111623764038,
      0.4209476113319397,
      0.27614057064056396
    ],
    [
      0.5545629262924194,
      0.37468862533569336,
      0.07074856758117676
    ],
    [
      0.28808706998825073,
      0.3593657314777374,
      0.3525477349758148
    ],
    [
      0.8178359270095825,
      0.029184404760599136,
      0.15297892689704895
    ],
    [
      0.0789915919303894,
      0.2302924394607544,
      0.690716028213501
    ],
    [
      0.05466813966631889,
      0.5954203009605408,
      0.3499106466770172
    ],
    [
      0.6862134337425232,
      0.0788281112909317,
      0.2349579632282257
    ],
    [
      0.07642490416765213,
      0.15248294174671173,
      0.7710914015769958
    ],
    [
      0.9207566380500793,
      0.028165187686681747,
      0.051078084856271744
    ],
    [
      0.5346434116363525,
      0.0639713704586029,
      0.40138575434684753
    ],
    [
      0.35243937373161316,
      0.17676769196987152,
      0.4707935154438019
    ],
    [
      0.7454527020454407,
      0.20059849321842194,
      0.05394943803548813
    ],
    [
      0.6069965362548828,
      0.21124833822250366,
      0.1817546933889389
    ],
    [
      0.619047224521637,
      0.2703374922275543,
      0.11061462759971619
    ],
    [
      0.038044095039367676,
      0.8345401287078857,
      0.12741641700267792
    ],
    [
      0.807468056678772,
      0.15832705795764923,
      0.03420400246977806
    ],
    [
      0.35302966833114624,
      0.03831987455487251,
      0.6086512207984924
    ],
    [
      0.24168971180915833,
      0.024671845138072968,
      0.733638346195221
    ],
    [
      0.5744564533233643,
      0.03218452259898186,
      0.39335915446281433
    ],
    [
      0.738605260848999,
      0.11121728271245956,
      0.15017816424369812
    ],
    [
      0.5968244671821594,
      0.11299451440572739,
      0.29018092155456543
    ],
    [
      0.0711049810051918,
      0.8467943072319031,
      0.0821002945303917
    ],
    [
      0.5284668207168579,
      0.28961291909217834,
      0.1819198578596115
    ],
    [
      0.06193359196186066,
      0.14257171750068665,
      0.7954941391944885
    ],
    [
      0.06662683188915253,
      0.5044357776641846,
      0.4289376735687256
    ],
    [
      0.4205888509750366,
      0.4672955274581909,
      0.11211501061916351
    ],
    [
      0.4246261417865753,
      0.5036138892173767,
      0.07176060974597931
    ],
    [
      0.411306232213974,
      0.5098777413368225,
      0.07881571352481842
    ],
    [
      0.27451208233833313,
      0.08166126161813736,
      0.6438255906105042
    ],
    [
      0.7263247966766357,
      0.050196725875139236,
      0.22347860038280487
    ],
    [
      0.6070352792739868,
      0.3225940763950348,
      0.0703710988163948
    ],
    [
      0.7948143482208252,
      0.06953761726617813,
      0.13564760982990265
    ],
    [
      0.4893300235271454,
      0.396777868270874,
      0.11389166861772537
    ]
  ],