{
  "N": 112800,
  "usage": [
    0.6001117825508118,
    0.14515987038612366,
    0.25472840666770935
  ],
  "entropy_mean": 0.6534442901611328,
  "entropy_std": 0.28917989134788513,
  "top1_share": [
    0.6959308385848999,
    0.06429964303970337,
    0.23976950347423553
  ],
  "P_expert_given_class": [
    [
      0.6195334792137146,
      0.10228528082370758,
      0.2781813442707062
    ],
    [
      0.12441140413284302,
      0.03040633536875248,
      0.8451818823814392
    ],
    [
      0.4834628701210022,
      0.3199390470981598,
      0.19659827649593353
    ],
    [
      0.47182056307792664,
      0.4421932101249695,
      0.08598609268665314
    ],
    [
      0.7833887338638306,
      0.10573281347751617,
      0.11087872833013535
    ],
    [
      0.5116730332374573,
      0.35683417320251465,
      0.13149286806583405
    ],
    [
      0.37597009539604187,
      0.11193408817052841,
      0.512096107006073
    ],
    [
      0.6988207697868347,
      0.16679638624191284,
      0.13438324630260468
    ],
    [
      0.7313703298568726,
      0.14991705119609833,
      0.11871328949928284
    ],
    [
      0.7659032344818115,
      0.16002915799617767,
      0.07406740635633469
    ],
    [
      0.8284116387367249,
      0.07966490834951401,
      0.09192372113466263
    ],
    [
      0.7524613738059998,
      0.1263061761856079,
      0.12123285979032516
    ],
    [
      0.6311045289039612,
      0.14059409499168396,
      0.22830159962177277
    ],
    [
      0.5196033120155334,
      0.12434051185846329,
      0.35605543851852417
    ],
    [
      0.6967278122901917,
      0.11782717704772949,
      0.18544496595859528
    ],
    [
      0.7433969378471375,
      0.10727564245462418,
      0.14932766556739807
    ],
    [
      0.46754053235054016,
      0.28840741515159607,
      0.2440522015094757
    ],
    [
      0.8171490430831909,
      0.06401288509368896,
      0.11883881688117981
    ],
    [
      0.19457478821277618,
      0.06396598368883133,
      0.7414586544036865
    ],
    [
      0.37277108430862427,
      0.25748515129089355,
      0.3697448968887329
    ],
    [
      0.7934290170669556,
      0.051806431263685226,
      0.154764324426651
    ],
    [
      0.18135228753089905,
      0.05463261902332306,
      0.7640150785446167
    ],
    [
      0.779782235622406,
      0.06739427894353867,
      0.1528233289718628
    ],
    [
      0.7012155652046204,
      0.049644872546195984,
      0.24914003908634186
    ],
    [
      0.6348621249198914,
      0.11716022342443466,
      0.24797703325748444
    ],
    [
      0.7938485145568848,
      0.06463298201560974,
      0.14151917397975922
    ],
    [
      0.565139889717102,
      0.2344004362821579,
      0.2004600167274475
    ],
    [
      0.8265429735183716,
      0.07053335756063461,
      0.10292277485132217
    ],
    [
      0.43821796774864197,
      0.42712825536727905,
      0.13465382158756256
    ],
    [
      0.669135570526123,
      0.21823562681674957,
      0.11262837797403336
    ],
    [
      0.3486073613166809,
      0.06730327010154724,
      0.5840891003608704
    ],
    [
      0.2359953373670578,
      0.04216831550002098,
      0.7218372821807861
    ],
    [
      0.4666910171508789,
      0.07414763420820236,
      0.45916152000427246
    ],
    [
      0.8003969192504883,
      0.07388217002153397,
      0.12572188675403595
    ],
    [
      0.6653338074684143,
      0.08828761428594589,
      0.2463783323764801
    ],
    [
      0.4564359486103058,
      0.38381245732307434,
      0.1597510725259781
    ],
    [
      0.6056786179542542,
      0.2296568602323532,
      0.16466458141803741
    ],
    [
      0.45210301876068115,
      0.07085558772087097,
      0.4770423471927643
    ],
    [
      0.4643414318561554,
      0.24560371041297913,
      0.2900547981262207
    ],
    [
      0.7782347798347473,
      0.12684550881385803,
      0.09492010623216629
    ],
    [
      0.7327708005905151,
      0.12089155614376068,
      0.14633725583553314
    ],
    [
      0.7005496621131897,
      0.2043914943933487,
      0.09505860507488251
    ],
    [
      0.5694078803062439,
      0.04356124997138977,
      0.38703039288520813
    ],
    [
      0.7246036529541016,
      0.045625943690538406,
      0.22977007925510406
    ],
    [
      0.7486135959625244,
      0.16559042036533356,
      0.08579607307910919
    ],
    [
      0.7097829580307007,
      0.04311744123697281,
      0.2470998913049698
    ],
    [
      0.7720859050750732,
      0.12525570392608643,
      0.1026587262749672
    ]
  ],